"geo","name","year","cild_mortality","life_expectancy","Co2_emissions","population","child_per_woman"
"afg","Afghanistan","1915",471.43,37.41,NA,NA,NA
"afg","Afghanistan","1916",470.29,37.56,NA,NA,NA
"afg","Afghanistan","1917",469.15,37.7,NA,NA,NA
"afg","Afghanistan","1918",468.01,9.88,NA,NA,NA
"afg","Afghanistan","1919",466.87,38,NA,NA,NA
"afg","Afghanistan","1920",465.74,38.14,NA,NA,NA
"afg","Afghanistan","1921",464.6,38.29,NA,NA,NA
"afg","Afghanistan","1922",463.46,38.43,NA,NA,NA
"afg","Afghanistan","1923",462.32,38.58,NA,NA,NA
"afg","Afghanistan","1924",462.57,38.72,NA,NA,NA
"afg","Afghanistan","1925",461.43,38.87,NA,NA,NA
"afg","Afghanistan","1926",460.28,39.01,NA,NA,NA
"afg","Afghanistan","1927",459.14,39.16,NA,NA,NA
"afg","Afghanistan","1928",458,39.3,NA,NA,NA
"afg","Afghanistan","1929",456.85,39.44,NA,NA,NA
"afg","Afghanistan","1930",455.71,39.59,NA,NA,NA
"afg","Afghanistan","1931",453.77,39.73,NA,NA,NA
"afg","Afghanistan","1932",451.83,39.88,NA,NA,NA
"afg","Afghanistan","1933",451.26,40.02,NA,NA,NA
"afg","Afghanistan","1934",449.33,40.16,NA,NA,NA
"afg","Afghanistan","1935",447.4,40.31,NA,NA,NA
"afg","Afghanistan","1936",445.47,40.45,NA,NA,NA
"afg","Afghanistan","1937",443.56,40.59,NA,NA,NA
"afg","Afghanistan","1938",441.64,40.74,NA,NA,NA
"afg","Afghanistan","1939",439.73,40.88,NA,NA,NA
"afg","Afghanistan","1940",437.82,41.02,NA,NA,NA
"afg","Afghanistan","1941",435.92,41.2,NA,NA,NA
"afg","Afghanistan","1942",434.01,41.37,NA,NA,NA
"afg","Afghanistan","1943",433.41,41.53,NA,NA,NA
"afg","Afghanistan","1944",431.52,41.7,NA,NA,NA
"afg","Afghanistan","1945",429.62,41.88,NA,NA,NA
"afg","Afghanistan","1946",427.73,42.04,NA,NA,NA
"afg","Afghanistan","1947",425.85,42.21,NA,NA,NA
"afg","Afghanistan","1948",423.97,42.37,NA,NA,NA
"afg","Afghanistan","1949",422.09,42.54,NA,NA,NA
"afg","Afghanistan","1950",420.21,42.72,NA,NA,NA
"afg","Afghanistan","1951",417.11,42.92,NA,NA,NA
"afg","Afghanistan","1952",410.66,43.14,NA,NA,NA
"afg","Afghanistan","1953",404.14,43.45,NA,NA,NA
"afg","Afghanistan","1954",398.58,43.34,NA,NA,NA
"afg","Afghanistan","1955",391.02,43.88,NA,NA,NA
"afg","Afghanistan","1956",384.58,44.07,NA,NA,NA
"afg","Afghanistan","1957",377.84,44.29,NA,NA,NA
"afg","Afghanistan","1958",370.9,44.5,NA,NA,NA
"afg","Afghanistan","1959",364.41,44.73,NA,NA,NA
"afg","Afghanistan","1960",358.21,45.03,NA,NA,NA
"afg","Afghanistan","1961",352.21,45.28,NA,NA,NA
"afg","Afghanistan","1962",346.31,45.51,NA,NA,NA
"afg","Afghanistan","1963",340.65,45.69,NA,NA,NA
"afg","Afghanistan","1964",335.12,45.91,NA,NA,NA
"afg","Afghanistan","1965",329.78,46.13,NA,NA,NA
"afg","Afghanistan","1966",324.45,46.3,NA,NA,NA
"afg","Afghanistan","1967",318.8,46.48,NA,NA,NA
"afg","Afghanistan","1968",313.26,46.68,NA,NA,NA
"afg","Afghanistan","1969",307.87,46.87,NA,NA,NA
"afg","Afghanistan","1970",302.11,47.08,NA,NA,NA
"afg","Afghanistan","1971",296.62,47.26,NA,NA,NA
"afg","Afghanistan","1972",291.01,47.27,NA,NA,NA
"afg","Afghanistan","1973",285.39,47.33,NA,NA,NA
"afg","Afghanistan","1974",279.63,47.41,NA,NA,NA
"afg","Afghanistan","1975",273.82,47.55,NA,NA,NA
"afg","Afghanistan","1976",267.98,47.72,NA,NA,NA
"afg","Afghanistan","1977",262.14,47.87,NA,NA,NA
"afg","Afghanistan","1978",256.04,46.42,NA,NA,NA
"afg","Afghanistan","1979",249.73,44.68,NA,NA,NA
"afg","Afghanistan","1980",243.58,43.68,NA,NA,NA
"afg","Afghanistan","1981",237.2,44.34,NA,NA,NA
"afg","Afghanistan","1982",230.7,44.06,NA,NA,NA
"afg","Afghanistan","1983",224.19,42.27,NA,NA,NA
"afg","Afghanistan","1984",217.49,39.9,NA,NA,NA
"afg","Afghanistan","1985",210.91,42.03,NA,NA,NA
"afg","Afghanistan","1986",204.36,43.27,NA,NA,NA
"afg","Afghanistan","1987",197.71,45.88,NA,NA,NA
"afg","Afghanistan","1988",191.2,48.51,NA,NA,NA
"afg","Afghanistan","1989",184.66,52.73,NA,NA,NA
"afg","Afghanistan","1990",178.39,53.83,NA,NA,NA
"afg","Afghanistan","1991",172.22,53.76,NA,NA,NA
"afg","Afghanistan","1992",166.32,54.24,NA,NA,NA
"afg","Afghanistan","1993",160.72,54.4,NA,NA,NA
"afg","Afghanistan","1994",155.47,53.89,NA,NA,NA
"afg","Afghanistan","1995",150.6,54.33,NA,NA,NA
"afg","Afghanistan","1996",145.95,54.69,NA,NA,NA
"afg","Afghanistan","1997",141.5,54.46,NA,NA,NA
"afg","Afghanistan","1998",137.29,53.34,NA,NA,NA
"afg","Afghanistan","1999",133.23,54.73,NA,NA,NA
"afg","Afghanistan","2000",129.18,54.73,NA,NA,NA
"afg","Afghanistan","2001",125.19,54.83,NA,NA,NA
"afg","Afghanistan","2002",121.06,55.54,NA,NA,NA
"afg","Afghanistan","2003",116.91,56.5,NA,NA,NA
"afg","Afghanistan","2004",112.63,57.14,NA,NA,NA
"afg","Afghanistan","2005",108.38,57.63,NA,NA,NA
"afg","Afghanistan","2006",104.12,58,NA,NA,NA
"afg","Afghanistan","2007",99.89,58.5,NA,NA,NA
"afg","Afghanistan","2008",95.72,59.18,NA,NA,NA
"afg","Afghanistan","2009",91.68,59.9,NA,NA,NA
"afg","Afghanistan","2010",87.76,60.46,NA,NA,NA
"afg","Afghanistan","2011",83.97,61.02,NA,NA,NA
"afg","Afghanistan","2012",80.34,61.43,NA,NA,NA
"afg","Afghanistan","2013",76.87,61.93,NA,NA,NA
"afg","Afghanistan","2014",73.6,61.93,NA,NA,NA
"afg","Afghanistan","2015",70.45,61.91,NA,NA,NA
"afg","Afghanistan","2016",67.49,62.03,NA,NA,NA
"afg","Afghanistan","2017",64.83,62.9,NA,NA,NA
"afg","Afghanistan","2018",62.34,62.73,NA,NA,NA
"afg","Afghanistan","2019",60.14,63.33,NA,NA,NA
"afg","Afghanistan","2020",59.08,62.34,NA,NA,NA
"afg","Afghanistan","2021",57.58,61.75,NA,NA,NA
"afg","Afghanistan","2022",52.52,62.64,NA,NA,NA
"afg","Afghanistan","2023",48.57,63.99,NA,NA,NA
"afg","Afghanistan","2024",47.74,64.81,NA,NA,NA
"afg","Afghanistan","2025",49.76,65.11,NA,NA,NA
"ago","Angola","1915",471.43,35.48,NA,NA,NA
"ago","Angola","1916",470.29,35.61,NA,NA,NA
"ago","Angola","1917",469.15,35.74,NA,NA,NA
"ago","Angola","1918",468.01,13.87,NA,NA,NA
"ago","Angola","1919",466.87,36,NA,NA,NA
"ago","Angola","1920",465.74,36.13,NA,NA,NA
"ago","Angola","1921",464.6,36.26,NA,NA,NA
"ago","Angola","1922",463.46,36.39,NA,NA,NA
"ago","Angola","1923",462.32,36.52,NA,NA,NA
"ago","Angola","1924",461.18,36.65,NA,NA,NA
"ago","Angola","1925",460.04,36.78,NA,NA,NA
"ago","Angola","1926",458.9,36.91,NA,NA,NA
"ago","Angola","1927",457.76,37.04,NA,NA,NA
"ago","Angola","1928",456.62,37.17,NA,NA,NA
"ago","Angola","1929",455.48,37.31,NA,NA,NA
"ago","Angola","1930",454.34,37.44,NA,NA,NA
"ago","Angola","1931",448.93,37.57,NA,NA,NA
"ago","Angola","1932",443.54,37.7,NA,NA,NA
"ago","Angola","1933",438.18,37.83,NA,NA,NA
"ago","Angola","1934",432.83,37.96,NA,NA,NA
"ago","Angola","1935",427.51,38.09,NA,NA,NA
"ago","Angola","1936",422.2,38.22,NA,NA,NA
"ago","Angola","1937",416.92,38.35,NA,NA,NA
"ago","Angola","1938",411.66,38.48,NA,NA,NA
"ago","Angola","1939",406.43,38.61,NA,NA,NA
"ago","Angola","1940",401.21,38.74,NA,NA,NA
"ago","Angola","1941",393.68,39.41,NA,NA,NA
"ago","Angola","1942",386.24,40.09,NA,NA,NA
"ago","Angola","1943",378.88,40.76,NA,NA,NA
"ago","Angola","1944",370.47,41.43,NA,NA,NA
"ago","Angola","1945",363.32,42.11,NA,NA,NA
"ago","Angola","1946",356.26,42.79,NA,NA,NA
"ago","Angola","1947",349.29,43.48,NA,NA,NA
"ago","Angola","1948",341.36,44.17,NA,NA,NA
"ago","Angola","1949",334.56,44.88,NA,NA,NA
"ago","Angola","1950",327.88,45.57,NA,NA,NA
"ago","Angola","1951",326.95,45.57,NA,NA,NA
"ago","Angola","1952",325.11,45.57,NA,NA,NA
"ago","Angola","1953",323.12,45.56,NA,NA,NA
"ago","Angola","1954",321.01,45.56,NA,NA,NA
"ago","Angola","1955",318.66,45.54,NA,NA,NA
"ago","Angola","1956",316.24,45.68,NA,NA,NA
"ago","Angola","1957",313.66,45.8,NA,NA,NA
"ago","Angola","1958",310.91,45.88,NA,NA,NA
"ago","Angola","1959",307.95,46.06,NA,NA,NA
"ago","Angola","1960",304.8,46.25,NA,NA,NA
"ago","Angola","1961",301.51,44.81,NA,NA,NA
"ago","Angola","1962",298.08,44.99,NA,NA,NA
"ago","Angola","1963",294.47,45.17,NA,NA,NA
"ago","Angola","1964",290.71,45.37,NA,NA,NA
"ago","Angola","1965",286.85,45.58,NA,NA,NA
"ago","Angola","1966",282.89,45.78,NA,NA,NA
"ago","Angola","1967",278.99,45.98,NA,NA,NA
"ago","Angola","1968",274.98,46.19,NA,NA,NA
"ago","Angola","1969",270.96,46.39,NA,NA,NA
"ago","Angola","1970",266.96,46.57,NA,NA,NA
"ago","Angola","1971",262.98,46.79,NA,NA,NA
"ago","Angola","1972",258.95,46.95,NA,NA,NA
"ago","Angola","1973",255.11,47.16,NA,NA,NA
"ago","Angola","1974",251.38,47.36,NA,NA,NA
"ago","Angola","1975",251.03,47.46,NA,NA,NA
"ago","Angola","1976",249.19,47.54,NA,NA,NA
"ago","Angola","1977",245.92,47.66,NA,NA,NA
"ago","Angola","1978",242.82,47.82,NA,NA,NA
"ago","Angola","1979",239.97,47.97,NA,NA,NA
"ago","Angola","1980",237.35,48.13,NA,NA,NA
"ago","Angola","1981",234.62,48.21,NA,NA,NA
"ago","Angola","1982",232.1,48.24,NA,NA,NA
"ago","Angola","1983",229.89,48.22,NA,NA,NA
"ago","Angola","1984",227.92,48.38,NA,NA,NA
"ago","Angola","1985",226.05,48.56,NA,NA,NA
"ago","Angola","1986",224.57,48.56,NA,NA,NA
"ago","Angola","1987",223.77,48.65,NA,NA,NA
"ago","Angola","1988",223.31,48.59,NA,NA,NA
"ago","Angola","1989",222.87,49.37,NA,NA,NA
"ago","Angola","1990",222.79,49.67,NA,NA,NA
"ago","Angola","1991",222.65,50.31,NA,NA,NA
"ago","Angola","1992",222.73,50.34,NA,NA,NA
"ago","Angola","1993",222.67,48.98,NA,NA,NA
"ago","Angola","1994",222.48,50.33,NA,NA,NA
"ago","Angola","1995",221.66,51.16,NA,NA,NA
"ago","Angola","1996",220,51.66,NA,NA,NA
"ago","Angola","1997",217.4,51.65,NA,NA,NA
"ago","Angola","1998",213.81,50.62,NA,NA,NA
"ago","Angola","1999",209.58,51.92,NA,NA,NA
"ago","Angola","2000",204.36,52.78,NA,NA,NA
"ago","Angola","2001",198.38,53.44,NA,NA,NA
"ago","Angola","2002",191.55,54.48,NA,NA,NA
"ago","Angola","2003",183.84,55.09,NA,NA,NA
"ago","Angola","2004",175.09,55.53,NA,NA,NA
"ago","Angola","2005",166.07,56.35,NA,NA,NA
"ago","Angola","2006",156.4,56.96,NA,NA,NA
"ago","Angola","2007",147.02,57.95,NA,NA,NA
"ago","Angola","2008",137.69,58.76,NA,NA,NA
"ago","Angola","2009",128.71,59.49,NA,NA,NA
"ago","Angola","2010",120.36,60.21,NA,NA,NA
"ago","Angola","2011",112.51,60.84,NA,NA,NA
"ago","Angola","2012",105.08,61.44,NA,NA,NA
"ago","Angola","2013",98.53,62.13,NA,NA,NA
"ago","Angola","2014",92.87,63.01,NA,NA,NA
"ago","Angola","2015",88.05,63.52,NA,NA,NA
"ago","Angola","2016",84.08,63.87,NA,NA,NA
"ago","Angola","2017",80.63,64.24,NA,NA,NA
"ago","Angola","2018",77.32,64.63,NA,NA,NA
"ago","Angola","2019",74.22,65.08,NA,NA,NA
"ago","Angola","2020",71.44,64.88,NA,NA,NA
"ago","Angola","2021",68.91,64.24,NA,NA,NA
"ago","Angola","2022",69.33,64.53,NA,NA,NA
"ago","Angola","2023",68.88,65.9,NA,NA,NA
"ago","Angola","2024",67.67,66.1,NA,NA,NA
"ago","Angola","2025",66.49,66.3,NA,NA,NA
"alb","Albania","1915",364.2,34.44,NA,NA,NA
"alb","Albania","1916",363.32,34.43,NA,NA,NA
"alb","Albania","1917",362.43,34.41,NA,NA,NA
"alb","Albania","1918",361.55,18.88,NA,NA,NA
"alb","Albania","1919",360.67,34.38,NA,NA,NA
"alb","Albania","1920",359.79,34.37,NA,NA,NA
"alb","Albania","1921",358.91,34.35,NA,NA,NA
"alb","Albania","1922",358.03,34.34,NA,NA,NA
"alb","Albania","1923",357.15,34.32,NA,NA,NA
"alb","Albania","1924",356.27,34.31,NA,NA,NA
"alb","Albania","1925",355.39,34.29,NA,NA,NA
"alb","Albania","1926",354.51,34.28,NA,NA,NA
"alb","Albania","1927",353.63,34.26,NA,NA,NA
"alb","Albania","1928",352.75,34.25,NA,NA,NA
"alb","Albania","1929",351.87,34.23,NA,NA,NA
"alb","Albania","1930",348.06,35.08,NA,NA,NA
"alb","Albania","1931",344.3,35.93,NA,NA,NA
"alb","Albania","1932",340.57,36.78,NA,NA,NA
"alb","Albania","1933",336.89,37.63,NA,NA,NA
"alb","Albania","1934",333.24,38.47,NA,NA,NA
"alb","Albania","1935",329.63,39.33,NA,NA,NA
"alb","Albania","1936",326.07,40.17,NA,NA,NA
"alb","Albania","1937",322.54,41.02,NA,NA,NA
"alb","Albania","1938",319.05,41.86,NA,NA,NA
"alb","Albania","1939",315.6,41.4,NA,NA,NA
"alb","Albania","1940",312.18,40.42,NA,NA,NA
"alb","Albania","1941",308.8,39.95,NA,NA,NA
"alb","Albania","1942",305.46,38.52,NA,NA,NA
"alb","Albania","1943",302.16,35.65,NA,NA,NA
"alb","Albania","1944",298.89,32.78,NA,NA,NA
"alb","Albania","1945",295.65,45.28,NA,NA,NA
"alb","Albania","1946",292.45,48.17,NA,NA,NA
"alb","Albania","1947",289.29,49.62,NA,NA,NA
"alb","Albania","1948",286.16,50.48,NA,NA,NA
"alb","Albania","1949",283.06,51.35,NA,NA,NA
"alb","Albania","1950",280,52.21,NA,NA,NA
"alb","Albania","1951",268.99,53.58,NA,NA,NA
"alb","Albania","1952",258.42,54.48,NA,NA,NA
"alb","Albania","1953",248.26,55.35,NA,NA,NA
"alb","Albania","1954",238.5,56.15,NA,NA,NA
"alb","Albania","1955",229.13,56.27,NA,NA,NA
"alb","Albania","1956",220.12,58.04,NA,NA,NA
"alb","Albania","1957",211.47,59.26,NA,NA,NA
"alb","Albania","1958",203.16,60.96,NA,NA,NA
"alb","Albania","1959",195.17,61.74,NA,NA,NA
"alb","Albania","1960",187.5,62.55,NA,NA,NA
"alb","Albania","1961",180.13,63.28,NA,NA,NA
"alb","Albania","1962",173.05,63.32,NA,NA,NA
"alb","Albania","1963",166.25,63.78,NA,NA,NA
"alb","Albania","1964",159.71,64.37,NA,NA,NA
"alb","Albania","1965",153.43,64.79,NA,NA,NA
"alb","Albania","1966",147.4,65.55,NA,NA,NA
"alb","Albania","1967",141.61,66.07,NA,NA,NA
"alb","Albania","1968",136.04,66.55,NA,NA,NA
"alb","Albania","1969",130.7,67.1,NA,NA,NA
"alb","Albania","1970",125.56,67.79,NA,NA,NA
"alb","Albania","1971",120.62,68.34,NA,NA,NA
"alb","Albania","1972",115.88,68.84,NA,NA,NA
"alb","Albania","1973",111.33,69.31,NA,NA,NA
"alb","Albania","1974",106.95,69.75,NA,NA,NA
"alb","Albania","1975",104.98,70.19,NA,NA,NA
"alb","Albania","1976",102.22,70.66,NA,NA,NA
"alb","Albania","1977",99.44,71.13,NA,NA,NA
"alb","Albania","1978",97.2,71.7,NA,NA,NA
"alb","Albania","1979",89.29,71.35,NA,NA,NA
"alb","Albania","1980",82.13,71.25,NA,NA,NA
"alb","Albania","1981",75.52,71.32,NA,NA,NA
"alb","Albania","1982",69.53,71.41,NA,NA,NA
"alb","Albania","1983",64.19,71.23,NA,NA,NA
"alb","Albania","1984",59.37,71.41,NA,NA,NA
"alb","Albania","1985",55.09,71.89,NA,NA,NA
"alb","Albania","1986",51.4,72.27,NA,NA,NA
"alb","Albania","1987",48.2,72.21,NA,NA,NA
"alb","Albania","1988",45.44,72.38,NA,NA,NA
"alb","Albania","1989",43.05,72.47,NA,NA,NA
"alb","Albania","1990",41.01,72.76,NA,NA,NA
"alb","Albania","1991",39.29,72.64,NA,NA,NA
"alb","Albania","1992",37.78,73.23,NA,NA,NA
"alb","Albania","1993",36.41,73.83,NA,NA,NA
"alb","Albania","1994",35.11,74.59,NA,NA,NA
"alb","Albania","1995",33.86,74.61,NA,NA,NA
"alb","Albania","1996",32.6,74.55,NA,NA,NA
"alb","Albania","1997",31.29,72.91,NA,NA,NA
"alb","Albania","1998",29.95,74.83,NA,NA,NA
"alb","Albania","1999",28.59,75.07,NA,NA,NA
"alb","Albania","2000",27.22,75.39,NA,NA,NA
"alb","Albania","2001",25.83,76.02,NA,NA,NA
"alb","Albania","2002",24.42,75.93,NA,NA,NA
"alb","Albania","2003",22.96,75.62,NA,NA,NA
"alb","Albania","2004",21.46,75.77,NA,NA,NA
"alb","Albania","2005",19.98,76.2,NA,NA,NA
"alb","Albania","2006",18.53,76.9,NA,NA,NA
"alb","Albania","2007",17.12,77.5,NA,NA,NA
"alb","Albania","2008",15.76,77.57,NA,NA,NA
"alb","Albania","2009",14.47,77.97,NA,NA,NA
"alb","Albania","2010",13.26,78.13,NA,NA,NA
"alb","Albania","2011",12.15,78.13,NA,NA,NA
"alb","Albania","2012",11.18,78.22,NA,NA,NA
"alb","Albania","2013",10.42,78.28,NA,NA,NA
"alb","Albania","2014",9.89,78.21,NA,NA,NA
"alb","Albania","2015",9.56,78.14,NA,NA,NA
"alb","Albania","2016",9.42,78.23,NA,NA,NA
"alb","Albania","2017",9.42,78.33,NA,NA,NA
"alb","Albania","2018",9.53,78.44,NA,NA,NA
"alb","Albania","2019",9.69,78.5,NA,NA,NA
"alb","Albania","2020",9.75,76.23,NA,NA,NA
"alb","Albania","2021",9.88,75.71,NA,NA,NA
"alb","Albania","2022",9.06,76.07,NA,NA,NA
"alb","Albania","2023",8.84,77.29,NA,NA,NA
"alb","Albania","2024",7.49,79.48,NA,NA,NA
"alb","Albania","2025",7.24,79.67,NA,NA,NA
"and","Andorra","1915",NA,NA,NA,NA,NA
"and","Andorra","1916",NA,NA,NA,NA,NA
"and","Andorra","1917",NA,NA,NA,NA,NA
"and","Andorra","1918",NA,NA,NA,NA,NA
"and","Andorra","1919",NA,NA,NA,NA,NA
"and","Andorra","1920",NA,NA,NA,NA,NA
"and","Andorra","1921",NA,NA,NA,NA,NA
"and","Andorra","1922",NA,NA,NA,NA,NA
"and","Andorra","1923",NA,NA,NA,NA,NA
"and","Andorra","1924",NA,NA,NA,NA,NA
"and","Andorra","1925",NA,NA,NA,NA,NA
"and","Andorra","1926",NA,NA,NA,NA,NA
"and","Andorra","1927",NA,NA,NA,NA,NA
"and","Andorra","1928",NA,NA,NA,NA,NA
"and","Andorra","1929",NA,NA,NA,NA,NA
"and","Andorra","1930",NA,NA,NA,NA,NA
"and","Andorra","1931",NA,NA,NA,NA,NA
"and","Andorra","1932",NA,NA,NA,NA,NA
"and","Andorra","1933",NA,NA,NA,NA,NA
"and","Andorra","1934",NA,NA,NA,NA,NA
"and","Andorra","1935",NA,NA,NA,NA,NA
"and","Andorra","1936",NA,NA,NA,NA,NA
"and","Andorra","1937",NA,NA,NA,NA,NA
"and","Andorra","1938",NA,NA,NA,NA,NA
"and","Andorra","1939",NA,NA,NA,NA,NA
"and","Andorra","1940",NA,NA,NA,NA,NA
"and","Andorra","1941",NA,NA,NA,NA,NA
"and","Andorra","1942",NA,NA,NA,NA,NA
"and","Andorra","1943",NA,NA,NA,NA,NA
"and","Andorra","1944",NA,NA,NA,NA,NA
"and","Andorra","1945",NA,NA,NA,NA,NA
"and","Andorra","1946",NA,NA,NA,NA,NA
"and","Andorra","1947",NA,NA,NA,NA,NA
"and","Andorra","1948",NA,NA,NA,NA,NA
"and","Andorra","1949",NA,NA,NA,NA,NA
"and","Andorra","1950",108.57,74.62,NA,NA,NA
"and","Andorra","1951",112.22,74.72,NA,NA,NA
"and","Andorra","1952",79.92,74.83,NA,NA,NA
"and","Andorra","1953",72.52,74.95,NA,NA,NA
"and","Andorra","1954",62.24,75.08,NA,NA,NA
"and","Andorra","1955",64.03,75.21,NA,NA,NA
"and","Andorra","1956",63.54,75.32,NA,NA,NA
"and","Andorra","1957",64.99,75.43,NA,NA,NA
"and","Andorra","1958",48.63,75.51,NA,NA,NA
"and","Andorra","1959",49.46,75.63,NA,NA,NA
"and","Andorra","1960",44.4,75.74,NA,NA,NA
"and","Andorra","1961",43.92,75.83,NA,NA,NA
"and","Andorra","1962",42.09,75.94,NA,NA,NA
"and","Andorra","1963",43.5,76.04,NA,NA,NA
"and","Andorra","1964",39.81,76.18,NA,NA,NA
"and","Andorra","1965",36.79,76.3,NA,NA,NA
"and","Andorra","1966",36.54,76.41,NA,NA,NA
"and","Andorra","1967",36.89,76.55,NA,NA,NA
"and","Andorra","1968",35.57,76.67,NA,NA,NA
"and","Andorra","1969",38.44,76.83,NA,NA,NA
"and","Andorra","1970",31.93,76.97,NA,NA,NA
"and","Andorra","1971",34.48,77.08,NA,NA,NA
"and","Andorra","1972",29.07,77.22,NA,NA,NA
"and","Andorra","1973",30.32,77.37,NA,NA,NA
"and","Andorra","1974",29.1,77.55,NA,NA,NA
"and","Andorra","1975",28.29,77.7,NA,NA,NA
"and","Andorra","1976",27.36,77.82,NA,NA,NA
"and","Andorra","1977",25.92,77.95,NA,NA,NA
"and","Andorra","1978",25.52,78.08,NA,NA,NA
"and","Andorra","1979",24.06,78.23,NA,NA,NA
"and","Andorra","1980",22.61,78.34,NA,NA,NA
"and","Andorra","1981",22.17,78.41,NA,NA,NA
"and","Andorra","1982",20.57,78.48,NA,NA,NA
"and","Andorra","1983",21.34,78.52,NA,NA,NA
"and","Andorra","1984",20.55,78.61,NA,NA,NA
"and","Andorra","1985",20.83,78.71,NA,NA,NA
"and","Andorra","1986",19.62,78.78,NA,NA,NA
"and","Andorra","1987",18.41,78.84,NA,NA,NA
"and","Andorra","1988",17.22,78.89,NA,NA,NA
"and","Andorra","1989",16.07,78.96,NA,NA,NA
"and","Andorra","1990",15.09,79.03,NA,NA,NA
"and","Andorra","1991",14.16,79.12,NA,NA,NA
"and","Andorra","1992",13.26,79.16,NA,NA,NA
"and","Andorra","1993",12.44,79.35,NA,NA,NA
"and","Andorra","1994",11.68,79.51,NA,NA,NA
"and","Andorra","1995",11,79.75,NA,NA,NA
"and","Andorra","1996",10.36,79.96,NA,NA,NA
"and","Andorra","1997",9.74,80.2,NA,NA,NA
"and","Andorra","1998",9.17,80.41,NA,NA,NA
"and","Andorra","1999",8.63,80.6,NA,NA,NA
"and","Andorra","2000",8.16,80.76,NA,NA,NA
"and","Andorra","2001",7.7,80.92,NA,NA,NA
"and","Andorra","2002",7.27,81.09,NA,NA,NA
"and","Andorra","2003",6.87,81.22,NA,NA,NA
"and","Andorra","2004",6.49,81.26,NA,NA,NA
"and","Andorra","2005",6.12,81.4,NA,NA,NA
"and","Andorra","2006",5.77,81.49,NA,NA,NA
"and","Andorra","2007",5.43,81.66,NA,NA,NA
"and","Andorra","2008",5.1,81.75,NA,NA,NA
"and","Andorra","2009",4.78,81.78,NA,NA,NA
"and","Andorra","2010",4.5,81.85,NA,NA,NA
"and","Andorra","2011",4.24,81.91,NA,NA,NA
"and","Andorra","2012",3.99,81.94,NA,NA,NA
"and","Andorra","2013",3.76,81.95,NA,NA,NA
"and","Andorra","2014",3.54,81.97,NA,NA,NA
"and","Andorra","2015",3.34,82.01,NA,NA,NA
"and","Andorra","2016",3.15,82.06,NA,NA,NA
"and","Andorra","2017",2.97,82.11,NA,NA,NA
"and","Andorra","2018",2.81,82.14,NA,NA,NA
"and","Andorra","2019",2.66,82.19,NA,NA,NA
"and","Andorra","2020",2.66,78.25,NA,NA,NA
"and","Andorra","2021",2.6,79.58,NA,NA,NA
"and","Andorra","2022",2.41,82.73,NA,NA,NA
"and","Andorra","2023",2.34,82.89,NA,NA,NA
"and","Andorra","2024",2.27,83.04,NA,NA,NA
"and","Andorra","2025",2.21,83.19,NA,NA,NA
"are","UAE","1915",421.72,39.02,NA,NA,NA
"are","UAE","1916",420.7,39.14,NA,NA,NA
"are","UAE","1917",419.68,39.27,NA,NA,NA
"are","UAE","1918",418.66,32.66,NA,NA,NA
"are","UAE","1919",417.64,39.53,NA,NA,NA
"are","UAE","1920",416.62,39.66,NA,NA,NA
"are","UAE","1921",415.6,39.78,NA,NA,NA
"are","UAE","1922",414.58,39.91,NA,NA,NA
"are","UAE","1923",413.56,40.04,NA,NA,NA
"are","UAE","1924",412.54,40.17,NA,NA,NA
"are","UAE","1925",411.52,40.3,NA,NA,NA
"are","UAE","1926",410.5,40.42,NA,NA,NA
"are","UAE","1927",409.48,40.55,NA,NA,NA
"are","UAE","1928",408.46,40.68,NA,NA,NA
"are","UAE","1929",407.44,40.81,NA,NA,NA
"are","UAE","1930",406.42,40.94,NA,NA,NA
"are","UAE","1931",405.4,41.06,NA,NA,NA
"are","UAE","1932",404.38,41.19,NA,NA,NA
"are","UAE","1933",403.36,41.32,NA,NA,NA
"are","UAE","1934",402.35,41.45,NA,NA,NA
"are","UAE","1935",401.33,41.58,NA,NA,NA
"are","UAE","1936",400.31,41.7,NA,NA,NA
"are","UAE","1937",399.29,41.83,NA,NA,NA
"are","UAE","1938",398.27,41.96,NA,NA,NA
"are","UAE","1939",397.25,42.09,NA,NA,NA
"are","UAE","1940",396.23,42.22,NA,NA,NA
"are","UAE","1941",395.21,42.32,NA,NA,NA
"are","UAE","1942",394.19,42.42,NA,NA,NA
"are","UAE","1943",393.17,42.53,NA,NA,NA
"are","UAE","1944",392.15,42.63,NA,NA,NA
"are","UAE","1945",391.13,42.73,NA,NA,NA
"are","UAE","1946",365.67,45.83,NA,NA,NA
"are","UAE","1947",340.31,48.97,NA,NA,NA
"are","UAE","1948",317.21,52.1,NA,NA,NA
"are","UAE","1949",294.12,55.25,NA,NA,NA
"are","UAE","1950",273,58.41,NA,NA,NA
"are","UAE","1951",265.19,58.5,NA,NA,NA
"are","UAE","1952",257.6,58.6,NA,NA,NA
"are","UAE","1953",250.22,58.72,NA,NA,NA
"are","UAE","1954",243.06,58.8,NA,NA,NA
"are","UAE","1955",236.11,58.86,NA,NA,NA
"are","UAE","1956",230.96,58.75,NA,NA,NA
"are","UAE","1957",224.75,59.27,NA,NA,NA
"are","UAE","1958",217.26,59.59,NA,NA,NA
"are","UAE","1959",208.42,59.7,NA,NA,NA
"are","UAE","1960",198.04,60.34,NA,NA,NA
"are","UAE","1961",188.04,60.81,NA,NA,NA
"are","UAE","1962",178.15,61.26,NA,NA,NA
"are","UAE","1963",168.24,61.62,NA,NA,NA
"are","UAE","1964",157.97,62.12,NA,NA,NA
"are","UAE","1965",147.72,62.59,NA,NA,NA
"are","UAE","1966",137.33,63.04,NA,NA,NA
"are","UAE","1967",127.07,63.38,NA,NA,NA
"are","UAE","1968",116.79,63.77,NA,NA,NA
"are","UAE","1969",106.9,64.2,NA,NA,NA
"are","UAE","1970",97.35,64.04,NA,NA,NA
"are","UAE","1971",88.4,64.89,NA,NA,NA
"are","UAE","1972",80.15,65.11,NA,NA,NA
"are","UAE","1973",72.58,65.39,NA,NA,NA
"are","UAE","1974",65.66,65.66,NA,NA,NA
"are","UAE","1975",59.36,65.99,NA,NA,NA
"are","UAE","1976",53.6,66.31,NA,NA,NA
"are","UAE","1977",48.32,66.64,NA,NA,NA
"are","UAE","1978",43.51,66.95,NA,NA,NA
"are","UAE","1979",39.2,67.31,NA,NA,NA
"are","UAE","1980",35.35,67.62,NA,NA,NA
"are","UAE","1981",32,67.96,NA,NA,NA
"are","UAE","1982",29.13,68.13,NA,NA,NA
"are","UAE","1983",26.66,67.91,NA,NA,NA
"are","UAE","1984",24.57,68.4,NA,NA,NA
"are","UAE","1985",22.75,68.47,NA,NA,NA
"are","UAE","1986",21.16,68.48,NA,NA,NA
"are","UAE","1987",19.8,68.5,NA,NA,NA
"are","UAE","1988",18.56,68.53,NA,NA,NA
"are","UAE","1989",17.48,68.58,NA,NA,NA
"are","UAE","1990",16.51,68.66,NA,NA,NA
"are","UAE","1991",15.65,68.73,NA,NA,NA
"are","UAE","1992",14.89,68.78,NA,NA,NA
"are","UAE","1993",14.22,68.83,NA,NA,NA
"are","UAE","1994",13.61,68.68,NA,NA,NA
"are","UAE","1995",13.09,68.81,NA,NA,NA
"are","UAE","1996",12.62,68.91,NA,NA,NA
"are","UAE","1997",12.19,68.97,NA,NA,NA
"are","UAE","1998",11.81,69.16,NA,NA,NA
"are","UAE","1999",11.47,69.21,NA,NA,NA
"are","UAE","2000",11.15,69.11,NA,NA,NA
"are","UAE","2001",10.86,69.24,NA,NA,NA
"are","UAE","2002",10.58,69.37,NA,NA,NA
"are","UAE","2003",10.32,69.28,NA,NA,NA
"are","UAE","2004",10.06,69.07,NA,NA,NA
"are","UAE","2005",9.83,69.24,NA,NA,NA
"are","UAE","2006",9.61,69.49,NA,NA,NA
"are","UAE","2007",9.4,70.04,NA,NA,NA
"are","UAE","2008",9.17,70.4,NA,NA,NA
"are","UAE","2009",8.92,70.57,NA,NA,NA
"are","UAE","2010",8.66,70.77,NA,NA,NA
"are","UAE","2011",8.41,70.96,NA,NA,NA
"are","UAE","2012",8.18,71.15,NA,NA,NA
"are","UAE","2013",7.97,71.64,NA,NA,NA
"are","UAE","2014",7.78,73.01,NA,NA,NA
"are","UAE","2015",7.6,73.18,NA,NA,NA
"are","UAE","2016",7.41,73.36,NA,NA,NA
"are","UAE","2017",7.2,73.53,NA,NA,NA
"are","UAE","2018",6.99,73.72,NA,NA,NA
"are","UAE","2019",6.78,73.9,NA,NA,NA
"are","UAE","2020",6.58,73.18,NA,NA,NA
"are","UAE","2021",6.37,72.96,NA,NA,NA
"are","UAE","2022",6.1,73.41,NA,NA,NA
"are","UAE","2023",5.82,74.58,NA,NA,NA
"are","UAE","2024",5.6,74.76,NA,NA,NA
"are","UAE","2025",5.39,74.94,NA,NA,NA
"arg","Argentina","1915",194.09,47.02,NA,NA,NA
"arg","Argentina","1916",194.09,47.85,NA,NA,NA
"arg","Argentina","1917",201.61,48.68,NA,NA,NA
"arg","Argentina","1918",220.33,42.54,NA,NA,NA
"arg","Argentina","1919",212.85,50.33,NA,NA,NA
"arg","Argentina","1920",199.73,51.16,NA,NA,NA
"arg","Argentina","1921",179.05,51.66,NA,NA,NA
"arg","Argentina","1922",171.55,52.17,NA,NA,NA
"arg","Argentina","1923",171.55,52.67,NA,NA,NA
"arg","Argentina","1924",179.05,53.18,NA,NA,NA
"arg","Argentina","1925",188.45,53.68,NA,NA,NA
"arg","Argentina","1926",184.69,54.04,NA,NA,NA
"arg","Argentina","1927",197.85,54.4,NA,NA,NA
"arg","Argentina","1928",173.43,54.76,NA,NA,NA
"arg","Argentina","1929",162.22,55.13,NA,NA,NA
"arg","Argentina","1930",149.27,55.49,NA,NA,NA
"arg","Argentina","1931",149.27,55.5,NA,NA,NA
"arg","Argentina","1932",140.16,55.52,NA,NA,NA
"arg","Argentina","1933",125.89,55.53,NA,NA,NA
"arg","Argentina","1934",143.79,55.55,NA,NA,NA
"arg","Argentina","1935",160.37,55.56,NA,NA,NA
"arg","Argentina","1936",143.79,56.56,NA,NA,NA
"arg","Argentina","1937",140.16,57.56,NA,NA,NA
"arg","Argentina","1938",154.8,58.56,NA,NA,NA
"arg","Argentina","1939",131.19,59.56,NA,NA,NA
"arg","Argentina","1940",131.19,60.56,NA,NA,NA
"arg","Argentina","1941",122.37,61.19,NA,NA,NA
"arg","Argentina","1942",124.13,61.82,NA,NA,NA
"arg","Argentina","1943",113.71,62.45,NA,NA,NA
"arg","Argentina","1944",115.43,63.07,NA,NA,NA
"arg","Argentina","1945",117.16,63.7,NA,NA,NA
"arg","Argentina","1946",103.53,63.62,NA,NA,NA
"arg","Argentina","1947",110.29,63.54,NA,NA,NA
"arg","Argentina","1948",95.24,63.46,NA,NA,NA
"arg","Argentina","1949",91.99,63.37,NA,NA,NA
"arg","Argentina","1950",93.6,63.3,NA,NA,NA
"arg","Argentina","1951",91.99,63.54,NA,NA,NA
"arg","Argentina","1952",88.79,64.19,NA,NA,NA
"arg","Argentina","1953",85.73,64.12,NA,NA,NA
"arg","Argentina","1954",81.22,64.71,NA,NA,NA
"arg","Argentina","1955",84.24,64.51,NA,NA,NA
"arg","Argentina","1956",76.57,65.18,NA,NA,NA
"arg","Argentina","1957",93.6,65.15,NA,NA,NA
"arg","Argentina","1958",82.73,65.4,NA,NA,NA
"arg","Argentina","1959",77.86,65.4,NA,NA,NA
"arg","Argentina","1960",73.28,65.26,NA,NA,NA
"arg","Argentina","1961",68.97,65.74,NA,NA,NA
"arg","Argentina","1962",64.91,65.75,NA,NA,NA
"arg","Argentina","1963",61.09,65.75,NA,NA,NA
"arg","Argentina","1964",57.5,65.82,NA,NA,NA
"arg","Argentina","1965",57.5,66.13,NA,NA,NA
"arg","Argentina","1966",58.7,66.58,NA,NA,NA
"arg","Argentina","1967",58.6,66.55,NA,NA,NA
"arg","Argentina","1968",62.6,65.99,NA,NA,NA
"arg","Argentina","1969",70.05,65.93,NA,NA,NA
"arg","Argentina","1970",69,66.13,NA,NA,NA
"arg","Argentina","1971",40,66.89,NA,NA,NA
"arg","Argentina","1972",69.74,67.33,NA,NA,NA
"arg","Argentina","1973",40,67.73,NA,NA,NA
"arg","Argentina","1974",66.12,67.91,NA,NA,NA
"arg","Argentina","1975",63.33,68.03,NA,NA,NA
"arg","Argentina","1976",41,66.99,NA,NA,NA
"arg","Argentina","1977",58.14,67.69,NA,NA,NA
"arg","Argentina","1978",49,69.04,NA,NA,NA
"arg","Argentina","1979",47.34,69.84,NA,NA,NA
"arg","Argentina","1980",42,70.23,NA,NA,NA
"arg","Argentina","1981",39,70.32,NA,NA,NA
"arg","Argentina","1982",37.69,70.92,NA,NA,NA
"arg","Argentina","1983",36.12,70.71,NA,NA,NA
"arg","Argentina","1984",32.8,70.82,NA,NA,NA
"arg","Argentina","1985",27.98,71.73,NA,NA,NA
"arg","Argentina","1986",29.68,71.95,NA,NA,NA
"arg","Argentina","1987",28.19,72.06,NA,NA,NA
"arg","Argentina","1988",29.24,72.13,NA,NA,NA
"arg","Argentina","1989",29.13,72.34,NA,NA,NA
"arg","Argentina","1990",30,72.47,NA,NA,NA
"arg","Argentina","1991",28.9,72.69,NA,NA,NA
"arg","Argentina","1992",27.46,72.75,NA,NA,NA
"arg","Argentina","1993",25.85,73.03,NA,NA,NA
"arg","Argentina","1994",24.62,73.36,NA,NA,NA
"arg","Argentina","1995",24.27,73.44,NA,NA,NA
"arg","Argentina","1996",23.58,73.49,NA,NA,NA
"arg","Argentina","1997",21.39,73.6,NA,NA,NA
"arg","Argentina","1998",21.78,73.65,NA,NA,NA
"arg","Argentina","1999",20.12,73.79,NA,NA,NA
"arg","Argentina","2000",20,74.22,NA,NA,NA
"arg","Argentina","2001",18.4,74.33,NA,NA,NA
"arg","Argentina","2002",19.07,74.28,NA,NA,NA
"arg","Argentina","2003",18.38,74.43,NA,NA,NA
"arg","Argentina","2004",16.67,74.92,NA,NA,NA
"arg","Argentina","2005",16.2,75.28,NA,NA,NA
"arg","Argentina","2006",15.64,75.41,NA,NA,NA
"arg","Argentina","2007",15.78,75.32,NA,NA,NA
"arg","Argentina","2008",15.57,75.68,NA,NA,NA
"arg","Argentina","2009",14.97,75.85,NA,NA,NA
"arg","Argentina","2010",14.57,75.94,NA,NA,NA
"arg","Argentina","2011",14.46,76.04,NA,NA,NA
"arg","Argentina","2012",12.77,76.17,NA,NA,NA
"arg","Argentina","2013",12.46,76.27,NA,NA,NA
"arg","Argentina","2014",12.23,76.47,NA,NA,NA
"arg","Argentina","2015",11.29,76.5,NA,NA,NA
"arg","Argentina","2016",11.18,76.24,NA,NA,NA
"arg","Argentina","2017",10.32,76.28,NA,NA,NA
"arg","Argentina","2018",9.73,76.48,NA,NA,NA
"arg","Argentina","2019",8.98,76.58,NA,NA,NA
"arg","Argentina","2020",8.74,75.2,NA,NA,NA
"arg","Argentina","2021",8.52,74.7,NA,NA,NA
"arg","Argentina","2022",8.12,75.37,NA,NA,NA
"arg","Argentina","2023",7.76,77.27,NA,NA,NA
"arg","Argentina","2024",7.53,77.43,NA,NA,NA
"arg","Argentina","2025",7.35,77.6,NA,NA,NA
"arm","Armenia","1915",272.2,33.07,NA,NA,NA
"arm","Armenia","1916",268.97,32.98,NA,NA,NA
"arm","Armenia","1917",265.77,30.35,NA,NA,NA
"arm","Armenia","1918",262.61,22.83,NA,NA,NA
"arm","Armenia","1919",259.49,31.2,NA,NA,NA
"arm","Armenia","1920",256.4,23.55,NA,NA,NA
"arm","Armenia","1921",253.35,31.87,NA,NA,NA
"arm","Armenia","1922",250.34,32.62,NA,NA,NA
"arm","Armenia","1923",247.37,33.26,NA,NA,NA
"arm","Armenia","1924",244.43,35.24,NA,NA,NA
"arm","Armenia","1925",241.52,34.4,NA,NA,NA
"arm","Armenia","1926",238.65,36.95,NA,NA,NA
"arm","Armenia","1927",235.81,36.3,NA,NA,NA
"arm","Armenia","1928",233.01,37.44,NA,NA,NA
"arm","Armenia","1929",230.24,36.32,NA,NA,NA
"arm","Armenia","1930",227.5,35.66,NA,NA,NA
"arm","Armenia","1931",219.04,34.27,NA,NA,NA
"arm","Armenia","1932",210.9,32.14,NA,NA,NA
"arm","Armenia","1933",203.06,26.77,NA,NA,NA
"arm","Armenia","1934",195.51,37.18,NA,NA,NA
"arm","Armenia","1935",188.24,38.32,NA,NA,NA
"arm","Armenia","1936",181.24,39.56,NA,NA,NA
"arm","Armenia","1937",174.5,38.65,NA,NA,NA
"arm","Armenia","1938",168.01,39.9,NA,NA,NA
"arm","Armenia","1939",161.76,41.7,NA,NA,NA
"arm","Armenia","1940",155.74,39.61,NA,NA,NA
"arm","Armenia","1941",149.95,22.24,NA,NA,NA
"arm","Armenia","1942",144.37,19.45,NA,NA,NA
"arm","Armenia","1943",139,17.85,NA,NA,NA
"arm","Armenia","1944",133.83,23.73,NA,NA,NA
"arm","Armenia","1945",128.85,31.14,NA,NA,NA
"arm","Armenia","1946",124.06,44.62,NA,NA,NA
"arm","Armenia","1947",119.44,38.28,NA,NA,NA
"arm","Armenia","1948",115,44.48,NA,NA,NA
"arm","Armenia","1949",110.72,46.55,NA,NA,NA
"arm","Armenia","1950",106.6,48.23,NA,NA,NA
"arm","Armenia","1951",105.67,49.02,NA,NA,NA
"arm","Armenia","1952",103.81,50.04,NA,NA,NA
"arm","Armenia","1953",101.96,51.06,NA,NA,NA
"arm","Armenia","1954",100.13,52.14,NA,NA,NA
"arm","Armenia","1955",98.32,53.28,NA,NA,NA
"arm","Armenia","1956",96.53,54.5,NA,NA,NA
"arm","Armenia","1957",94.75,55.66,NA,NA,NA
"arm","Armenia","1958",93,56.55,NA,NA,NA
"arm","Armenia","1959",91.26,57.98,NA,NA,NA
"arm","Armenia","1960",89.54,59.22,NA,NA,NA
"arm","Armenia","1961",87.83,60.37,NA,NA,NA
"arm","Armenia","1962",86.13,61.36,NA,NA,NA
"arm","Armenia","1963",84.45,62.03,NA,NA,NA
"arm","Armenia","1964",82.79,62.86,NA,NA,NA
"arm","Armenia","1965",81.14,63.59,NA,NA,NA
"arm","Armenia","1966",79.52,64.2,NA,NA,NA
"arm","Armenia","1967",77.92,64.68,NA,NA,NA
"arm","Armenia","1968",76.36,65.07,NA,NA,NA
"arm","Armenia","1969",74.84,65.25,NA,NA,NA
"arm","Armenia","1970",73.39,65.86,NA,NA,NA
"arm","Armenia","1971",72,66.36,NA,NA,NA
"arm","Armenia","1972",55.86,66.78,NA,NA,NA
"arm","Armenia","1973",54.9,67.22,NA,NA,NA
"arm","Armenia","1974",54,67.9,NA,NA,NA
"arm","Armenia","1975",88.57,68.23,NA,NA,NA
"arm","Armenia","1976",87.14,68.96,NA,NA,NA
"arm","Armenia","1977",83.56,69.52,NA,NA,NA
"arm","Armenia","1978",54,69.66,NA,NA,NA
"arm","Armenia","1979",76.88,70.18,NA,NA,NA
"arm","Armenia","1980",73.74,70.2,NA,NA,NA
"arm","Armenia","1981",55,70.46,NA,NA,NA
"arm","Armenia","1982",67.91,70.76,NA,NA,NA
"arm","Armenia","1983",65.25,70.8,NA,NA,NA
"arm","Armenia","1984",49,71.09,NA,NA,NA
"arm","Armenia","1985",60.18,71.27,NA,NA,NA
"arm","Armenia","1986",57.82,71.66,NA,NA,NA
"arm","Armenia","1987",54,71.81,NA,NA,NA
"arm","Armenia","1988",92.69,55.29,NA,NA,NA
"arm","Armenia","1989",51.18,71.04,NA,NA,NA
"arm","Armenia","1990",49.06,70.58,NA,NA,NA
"arm","Armenia","1991",46.97,70.32,NA,NA,NA
"arm","Armenia","1992",44.9,69.37,NA,NA,NA
"arm","Armenia","1993",42.88,68.96,NA,NA,NA
"arm","Armenia","1994",40.91,69.47,NA,NA,NA
"arm","Armenia","1995",39,70.08,NA,NA,NA
"arm","Armenia","1996",37.2,70.42,NA,NA,NA
"arm","Armenia","1997",35.44,71.14,NA,NA,NA
"arm","Armenia","1998",33.76,71.6,NA,NA,NA
"arm","Armenia","1999",32.15,71.9,NA,NA,NA
"arm","Armenia","2000",30.6,72.38,NA,NA,NA
"arm","Armenia","2001",29.09,72.5,NA,NA,NA
"arm","Armenia","2002",27.67,72.71,NA,NA,NA
"arm","Armenia","2003",26.3,72.78,NA,NA,NA
"arm","Armenia","2004",24.99,72.99,NA,NA,NA
"arm","Armenia","2005",23.71,73.05,NA,NA,NA
"arm","Armenia","2006",22.51,73.1,NA,NA,NA
"arm","Armenia","2007",21.35,73.45,NA,NA,NA
"arm","Armenia","2008",20.27,73.46,NA,NA,NA
"arm","Armenia","2009",19.24,73.64,NA,NA,NA
"arm","Armenia","2010",18.27,73.91,NA,NA,NA
"arm","Armenia","2011",17.33,74.2,NA,NA,NA
"arm","Armenia","2012",16.45,74.57,NA,NA,NA
"arm","Armenia","2013",15.62,75.06,NA,NA,NA
"arm","Armenia","2014",14.84,75.19,NA,NA,NA
"arm","Armenia","2015",14.09,75.11,NA,NA,NA
"arm","Armenia","2016",13.39,75.26,NA,NA,NA
"arm","Armenia","2017",12.71,75.54,NA,NA,NA
"arm","Armenia","2018",12.08,75.63,NA,NA,NA
"arm","Armenia","2019",11.49,75.73,NA,NA,NA
"arm","Armenia","2020",10.93,72.45,NA,NA,NA
"arm","Armenia","2021",10.41,72.32,NA,NA,NA
"arm","Armenia","2022",9.01,73.66,NA,NA,NA
"arm","Armenia","2023",10.24,76.53,NA,NA,NA
"arm","Armenia","2024",9.96,76.7,NA,NA,NA
"arm","Armenia","2025",9.69,76.87,NA,NA,NA
"atg","Antigua and Barbuda","1915",186.17,33.6,NA,NA,NA
"atg","Antigua and Barbuda","1916",184.67,33.6,NA,NA,NA
"atg","Antigua and Barbuda","1917",183.17,33.6,NA,NA,NA
"atg","Antigua and Barbuda","1918",181.69,21.79,NA,NA,NA
"atg","Antigua and Barbuda","1919",180.22,33.61,NA,NA,NA
"atg","Antigua and Barbuda","1920",178.76,33.61,NA,NA,NA
"atg","Antigua and Barbuda","1921",177.32,33.61,NA,NA,NA
"atg","Antigua and Barbuda","1922",175.89,34.43,NA,NA,NA
"atg","Antigua and Barbuda","1923",174.46,35.26,NA,NA,NA
"atg","Antigua and Barbuda","1924",173.05,36.1,NA,NA,NA
"atg","Antigua and Barbuda","1925",171.65,36.93,NA,NA,NA
"atg","Antigua and Barbuda","1926",170.27,37.75,NA,NA,NA
"atg","Antigua and Barbuda","1927",168.89,38.58,NA,NA,NA
"atg","Antigua and Barbuda","1928",167.52,39.42,NA,NA,NA
"atg","Antigua and Barbuda","1929",166.17,40.25,NA,NA,NA
"atg","Antigua and Barbuda","1930",164.82,41.07,NA,NA,NA
"atg","Antigua and Barbuda","1931",162.26,41.91,NA,NA,NA
"atg","Antigua and Barbuda","1932",159.72,42.74,NA,NA,NA
"atg","Antigua and Barbuda","1933",157.22,43.57,NA,NA,NA
"atg","Antigua and Barbuda","1934",154.75,44.4,NA,NA,NA
"atg","Antigua and Barbuda","1935",152.3,45.23,NA,NA,NA
"atg","Antigua and Barbuda","1936",149.89,46.06,NA,NA,NA
"atg","Antigua and Barbuda","1937",147.5,46.89,NA,NA,NA
"atg","Antigua and Barbuda","1938",145.14,47.72,NA,NA,NA
"atg","Antigua and Barbuda","1939",142.81,48.55,NA,NA,NA
"atg","Antigua and Barbuda","1940",140.51,49.39,NA,NA,NA
"atg","Antigua and Barbuda","1941",138.24,50.26,NA,NA,NA
"atg","Antigua and Barbuda","1942",135.99,51.14,NA,NA,NA
"atg","Antigua and Barbuda","1943",133.78,52.01,NA,NA,NA
"atg","Antigua and Barbuda","1944",131.59,52.88,NA,NA,NA
"atg","Antigua and Barbuda","1945",129.42,53.76,NA,NA,NA
"atg","Antigua and Barbuda","1946",127.28,54.64,NA,NA,NA
"atg","Antigua and Barbuda","1947",125.17,55.5,NA,NA,NA
"atg","Antigua and Barbuda","1948",123.09,56.38,NA,NA,NA
"atg","Antigua and Barbuda","1949",121.03,57.26,NA,NA,NA
"atg","Antigua and Barbuda","1950",118.99,58.13,NA,NA,NA
"atg","Antigua and Barbuda","1951",116.6,58.72,NA,NA,NA
"atg","Antigua and Barbuda","1952",114.03,59.28,NA,NA,NA
"atg","Antigua and Barbuda","1953",111.38,59.82,NA,NA,NA
"atg","Antigua and Barbuda","1954",108.61,60.32,NA,NA,NA
"atg","Antigua and Barbuda","1955",105.65,60.93,NA,NA,NA
"atg","Antigua and Barbuda","1956",102.56,61.52,NA,NA,NA
"atg","Antigua and Barbuda","1957",99.38,61.93,NA,NA,NA
"atg","Antigua and Barbuda","1958",95.8,62.56,NA,NA,NA
"atg","Antigua and Barbuda","1959",91.49,63.29,NA,NA,NA
"atg","Antigua and Barbuda","1960",86.25,63.83,NA,NA,NA
"atg","Antigua and Barbuda","1961",80.33,64.76,NA,NA,NA
"atg","Antigua and Barbuda","1962",73.94,65.49,NA,NA,NA
"atg","Antigua and Barbuda","1963",67.33,65.79,NA,NA,NA
"atg","Antigua and Barbuda","1964",60.76,66.1,NA,NA,NA
"atg","Antigua and Barbuda","1965",54.45,66.73,NA,NA,NA
"atg","Antigua and Barbuda","1966",48.6,67.1,NA,NA,NA
"atg","Antigua and Barbuda","1967",43.38,67.23,NA,NA,NA
"atg","Antigua and Barbuda","1968",38.81,67.62,NA,NA,NA
"atg","Antigua and Barbuda","1969",34.93,68,NA,NA,NA
"atg","Antigua and Barbuda","1970",31.71,68.32,NA,NA,NA
"atg","Antigua and Barbuda","1971",29.05,68.87,NA,NA,NA
"atg","Antigua and Barbuda","1972",26.86,69.4,NA,NA,NA
"atg","Antigua and Barbuda","1973",25.05,69.82,NA,NA,NA
"atg","Antigua and Barbuda","1974",23.48,70.05,NA,NA,NA
"atg","Antigua and Barbuda","1975",22.07,70.23,NA,NA,NA
"atg","Antigua and Barbuda","1976",20.76,70.35,NA,NA,NA
"atg","Antigua and Barbuda","1977",19.52,70.59,NA,NA,NA
"atg","Antigua and Barbuda","1978",18.34,71.02,NA,NA,NA
"atg","Antigua and Barbuda","1979",17.26,71.61,NA,NA,NA
"atg","Antigua and Barbuda","1980",16.31,72.09,NA,NA,NA
"atg","Antigua and Barbuda","1981",15.49,72.61,NA,NA,NA
"atg","Antigua and Barbuda","1982",14.83,73.24,NA,NA,NA
"atg","Antigua and Barbuda","1983",14.31,73.75,NA,NA,NA
"atg","Antigua and Barbuda","1984",13.94,73.48,NA,NA,NA
"atg","Antigua and Barbuda","1985",13.68,73.77,NA,NA,NA
"atg","Antigua and Barbuda","1986",13.56,74,NA,NA,NA
"atg","Antigua and Barbuda","1987",13.52,74.19,NA,NA,NA
"atg","Antigua and Barbuda","1988",13.59,74.32,NA,NA,NA
"atg","Antigua and Barbuda","1989",13.74,74.26,NA,NA,NA
"atg","Antigua and Barbuda","1990",13.97,74.04,NA,NA,NA
"atg","Antigua and Barbuda","1991",14.26,74.02,NA,NA,NA
"atg","Antigua and Barbuda","1992",14.6,73.97,NA,NA,NA
"atg","Antigua and Barbuda","1993",14.96,73.38,NA,NA,NA
"atg","Antigua and Barbuda","1994",15.32,73.35,NA,NA,NA
"atg","Antigua and Barbuda","1995",15.63,73.26,NA,NA,NA
"atg","Antigua and Barbuda","1996",15.86,73.96,NA,NA,NA
"atg","Antigua and Barbuda","1997",15.97,73.46,NA,NA,NA
"atg","Antigua and Barbuda","1998",15.94,74.53,NA,NA,NA
"atg","Antigua and Barbuda","1999",15.77,74.66,NA,NA,NA
"atg","Antigua and Barbuda","2000",15.47,74.83,NA,NA,NA
"atg","Antigua and Barbuda","2001",15.07,75.09,NA,NA,NA
"atg","Antigua and Barbuda","2002",14.59,75.36,NA,NA,NA
"atg","Antigua and Barbuda","2003",14.05,75.6,NA,NA,NA
"atg","Antigua and Barbuda","2004",13.49,75.72,NA,NA,NA
"atg","Antigua and Barbuda","2005",12.9,75.9,NA,NA,NA
"atg","Antigua and Barbuda","2006",12.3,75.89,NA,NA,NA
"atg","Antigua and Barbuda","2007",11.71,75.08,NA,NA,NA
"atg","Antigua and Barbuda","2008",11.13,75.19,NA,NA,NA
"atg","Antigua and Barbuda","2009",10.57,75.84,NA,NA,NA
"atg","Antigua and Barbuda","2010",10.02,75.92,NA,NA,NA
"atg","Antigua and Barbuda","2011",9.5,75.95,NA,NA,NA
"atg","Antigua and Barbuda","2012",9,76.02,NA,NA,NA
"atg","Antigua and Barbuda","2013",8.54,76.11,NA,NA,NA
"atg","Antigua and Barbuda","2014",8.11,75.97,NA,NA,NA
"atg","Antigua and Barbuda","2015",7.75,75.97,NA,NA,NA
"atg","Antigua and Barbuda","2016",7.43,76.02,NA,NA,NA
"atg","Antigua and Barbuda","2017",7.12,76.09,NA,NA,NA
"atg","Antigua and Barbuda","2018",6.86,76.21,NA,NA,NA
"atg","Antigua and Barbuda","2019",6.61,76.29,NA,NA,NA
"atg","Antigua and Barbuda","2020",6.45,76.43,NA,NA,NA
"atg","Antigua and Barbuda","2021",6.19,76.1,NA,NA,NA
"atg","Antigua and Barbuda","2022",6.13,76.82,NA,NA,NA
"atg","Antigua and Barbuda","2023",5.96,76.99,NA,NA,NA
"atg","Antigua and Barbuda","2024",5.79,77.17,NA,NA,NA
"atg","Antigua and Barbuda","2025",5.62,77.34,NA,NA,NA
"aus","Australia","1915",93.6,58.07,NA,NA,NA
"aus","Australia","1916",96.88,58.61,NA,NA,NA
"aus","Australia","1917",75.01,59.14,NA,NA,NA
"aus","Australia","1918",79.68,55.01,NA,NA,NA
"aus","Australia","1919",95.24,60.21,NA,NA,NA
"aus","Australia","1920",95.24,60.75,NA,NA,NA
"aus","Australia","1921",89.08,61.28,NA,NA,NA
"aus","Australia","1922",70.99,63.15,NA,NA,NA
"aus","Australia","1923",79.48,61.98,NA,NA,NA
"aus","Australia","1924",76.05,62.79,NA,NA,NA
"aus","Australia","1925",69.76,63.49,NA,NA,NA
"aus","Australia","1926",70.23,63.21,NA,NA,NA
"aus","Australia","1927",72.27,63.18,NA,NA,NA
"aus","Australia","1928",71.57,63.24,NA,NA,NA
"aus","Australia","1929",68.14,63.43,NA,NA,NA
"aus","Australia","1930",63.78,65.25,NA,NA,NA
"aus","Australia","1931",54.35,65.69,NA,NA,NA
"aus","Australia","1932",53.64,65.99,NA,NA,NA
"aus","Australia","1933",53.3,65.83,NA,NA,NA
"aus","Australia","1934",58.03,65.19,NA,NA,NA
"aus","Australia","1935",53.59,65.46,NA,NA,NA
"aus","Australia","1936",55.8,65.59,NA,NA,NA
"aus","Australia","1937",50.66,66.15,NA,NA,NA
"aus","Australia","1938",50.44,66.2,NA,NA,NA
"aus","Australia","1939",50.46,66.15,NA,NA,NA
"aus","Australia","1940",50.16,66.6,NA,NA,NA
"aus","Australia","1941",52.48,66.48,NA,NA,NA
"aus","Australia","1942",51.48,66.22,NA,NA,NA
"aus","Australia","1943",50.26,66.75,NA,NA,NA
"aus","Australia","1944",41.41,68.39,NA,NA,NA
"aus","Australia","1945",37.92,68.83,NA,NA,NA
"aus","Australia","1946",38.51,68.34,NA,NA,NA
"aus","Australia","1947",35.77,68.96,NA,NA,NA
"aus","Australia","1948",33.92,68.88,NA,NA,NA
"aus","Australia","1949",31.5,69.51,NA,NA,NA
"aus","Australia","1950",31.59,69.4,NA,NA,NA
"aus","Australia","1951",30.97,69.22,NA,NA,NA
"aus","Australia","1952",30.26,69.5,NA,NA,NA
"aus","Australia","1953",29.5,69.92,NA,NA,NA
"aus","Australia","1954",28.72,70.16,NA,NA,NA
"aus","Australia","1955",27.96,70.34,NA,NA,NA
"aus","Australia","1956",27.27,70.42,NA,NA,NA
"aus","Australia","1957",26.62,70.62,NA,NA,NA
"aus","Australia","1958",26.02,70.95,NA,NA,NA
"aus","Australia","1959",25.43,70.86,NA,NA,NA
"aus","Australia","1960",24.86,71.11,NA,NA,NA
"aus","Australia","1961",24.28,71.29,NA,NA,NA
"aus","Australia","1962",23.71,71.21,NA,NA,NA
"aus","Australia","1963",23.18,71.18,NA,NA,NA
"aus","Australia","1964",22.71,71.02,NA,NA,NA
"aus","Australia","1965",22.35,71.1,NA,NA,NA
"aus","Australia","1966",22.09,71.12,NA,NA,NA
"aus","Australia","1967",21.96,71.1,NA,NA,NA
"aus","Australia","1968",21.88,71.04,NA,NA,NA
"aus","Australia","1969",21.74,71.15,NA,NA,NA
"aus","Australia","1970",21.45,71.15,NA,NA,NA
"aus","Australia","1971",20.98,71.44,NA,NA,NA
"aus","Australia","1972",20.3,71.78,NA,NA,NA
"aus","Australia","1973",19.43,71.93,NA,NA,NA
"aus","Australia","1974",18.41,71.95,NA,NA,NA
"aus","Australia","1975",17.31,72.51,NA,NA,NA
"aus","Australia","1976",16.22,72.85,NA,NA,NA
"aus","Australia","1977",15.23,73.28,NA,NA,NA
"aus","Australia","1978",14.36,73.76,NA,NA,NA
"aus","Australia","1979",13.63,74.22,NA,NA,NA
"aus","Australia","1980",13.03,74.51,NA,NA,NA
"aus","Australia","1981",12.55,74.8,NA,NA,NA
"aus","Australia","1982",12.17,74.91,NA,NA,NA
"aus","Australia","1983",11.86,75.32,NA,NA,NA
"aus","Australia","1984",11.58,75.5,NA,NA,NA
"aus","Australia","1985",11.29,75.59,NA,NA,NA
"aus","Australia","1986",10.97,76.05,NA,NA,NA
"aus","Australia","1987",10.61,76.22,NA,NA,NA
"aus","Australia","1988",10.19,76.36,NA,NA,NA
"aus","Australia","1989",9.71,76.46,NA,NA,NA
"aus","Australia","1990",9.19,77,NA,NA,NA
"aus","Australia","1991",8.66,77.43,NA,NA,NA
"aus","Australia","1992",8.15,77.62,NA,NA,NA
"aus","Australia","1993",7.7,77.93,NA,NA,NA
"aus","Australia","1994",7.31,78.01,NA,NA,NA
"aus","Australia","1995",7.01,78.29,NA,NA,NA
"aus","Australia","1996",6.78,78.47,NA,NA,NA
"aus","Australia","1997",6.59,78.77,NA,NA,NA
"aus","Australia","1998",6.45,79.09,NA,NA,NA
"aus","Australia","1999",6.31,79.4,NA,NA,NA
"aus","Australia","2000",6.19,79.72,NA,NA,NA
"aus","Australia","2001",6.07,80.06,NA,NA,NA
"aus","Australia","2002",5.98,80.27,NA,NA,NA
"aus","Australia","2003",5.91,80.59,NA,NA,NA
"aus","Australia","2004",5.83,80.92,NA,NA,NA
"aus","Australia","2005",5.72,81.24,NA,NA,NA
"aus","Australia","2006",5.59,81.48,NA,NA,NA
"aus","Australia","2007",5.42,81.55,NA,NA,NA
"aus","Australia","2008",5.22,81.65,NA,NA,NA
"aus","Australia","2009",5,81.87,NA,NA,NA
"aus","Australia","2010",4.77,82.12,NA,NA,NA
"aus","Australia","2011",4.54,82.28,NA,NA,NA
"aus","Australia","2012",4.32,82.56,NA,NA,NA
"aus","Australia","2013",4.13,82.71,NA,NA,NA
"aus","Australia","2014",3.98,82.72,NA,NA,NA
"aus","Australia","2015",3.87,82.73,NA,NA,NA
"aus","Australia","2016",3.81,82.95,NA,NA,NA
"aus","Australia","2017",3.76,83,NA,NA,NA
"aus","Australia","2018",3.74,82.9,NA,NA,NA
"aus","Australia","2019",3.72,82.89,NA,NA,NA
"aus","Australia","2020",3.63,84.11,NA,NA,NA
"aus","Australia","2021",3.55,84.31,NA,NA,NA
"aus","Australia","2022",3.55,83.36,NA,NA,NA
"aus","Australia","2023",3.46,83.51,NA,NA,NA
"aus","Australia","2024",3.37,83.66,NA,NA,NA
"aus","Australia","2025",3.3,83.79,NA,NA,NA
"aut","Austria","1915",354.43,47.34,NA,NA,NA
"aut","Austria","1916",312.26,47.91,NA,NA,NA
"aut","Austria","1917",302.43,48.48,NA,NA,NA
"aut","Austria","1918",313.89,32.41,NA,NA,NA
"aut","Austria","1919",253.24,49.6,NA,NA,NA
"aut","Austria","1920",253.24,50.17,NA,NA,NA
"aut","Austria","1921",253.24,50.74,NA,NA,NA
"aut","Austria","1922",253.24,51.3,NA,NA,NA
"aut","Austria","1923",227.77,51.87,NA,NA,NA
"aut","Austria","1924",201.61,52.44,NA,NA,NA
"aut","Austria","1925",184.69,53.01,NA,NA,NA
"aut","Austria","1926",192.21,53.57,NA,NA,NA
"aut","Austria","1927",195.97,54.14,NA,NA,NA
"aut","Austria","1928",186.57,54.7,NA,NA,NA
"aut","Austria","1929",173.43,55.27,NA,NA,NA
"aut","Austria","1930",156.65,55.83,NA,NA,NA
"aut","Austria","1931",155.64,56.4,NA,NA,NA
"aut","Austria","1932",162.1,56.71,NA,NA,NA
"aut","Austria","1933",140.6,57.01,NA,NA,NA
"aut","Austria","1934",137.68,57.31,NA,NA,NA
"aut","Austria","1935",151.41,57.62,NA,NA,NA
"aut","Austria","1936",140.98,57.92,NA,NA,NA
"aut","Austria","1937",139.86,58.22,NA,NA,NA
"aut","Austria","1938",118.62,58.52,NA,NA,NA
"aut","Austria","1939",106.8,58.04,NA,NA,NA
"aut","Austria","1940",109.12,57.74,NA,NA,NA
"aut","Austria","1941",102.63,56.44,NA,NA,NA
"aut","Austria","1942",110.23,54.05,NA,NA,NA
"aut","Austria","1943",119.86,50.15,NA,NA,NA
"aut","Austria","1944",137.29,39.05,NA,NA,NA
"aut","Austria","1945",284.87,31.36,NA,NA,NA
"aut","Austria","1946",125.39,55.93,NA,NA,NA
"aut","Austria","1947",114.09,61.24,NA,NA,NA
"aut","Austria","1948",101.03,63.16,NA,NA,NA
"aut","Austria","1949",95.78,63.35,NA,NA,NA
"aut","Austria","1950",83.45,64.8,NA,NA,NA
"aut","Austria","1951",73.77,65.48,NA,NA,NA
"aut","Austria","1952",66.12,66.68,NA,NA,NA
"aut","Austria","1953",60.32,67.23,NA,NA,NA
"aut","Austria","1954",56.22,67.32,NA,NA,NA
"aut","Austria","1955",53.5,67.68,NA,NA,NA
"aut","Austria","1956",51.52,67.78,NA,NA,NA
"aut","Austria","1957",49.74,67.79,NA,NA,NA
"aut","Austria","1958",47.8,68.38,NA,NA,NA
"aut","Austria","1959",45.51,68.54,NA,NA,NA
"aut","Austria","1960",42.86,68.96,NA,NA,NA
"aut","Austria","1961",40.22,69.58,NA,NA,NA
"aut","Austria","1962",37.89,69.65,NA,NA,NA
"aut","Austria","1963",35.89,69.78,NA,NA,NA
"aut","Austria","1964",34.2,70.04,NA,NA,NA
"aut","Austria","1965",32.73,70.09,NA,NA,NA
"aut","Austria","1966",31.5,70.22,NA,NA,NA
"aut","Austria","1967",30.49,70.23,NA,NA,NA
"aut","Austria","1968",29.73,70.27,NA,NA,NA
"aut","Austria","1969",29.28,70.16,NA,NA,NA
"aut","Austria","1970",29.04,70.21,NA,NA,NA
"aut","Austria","1971",28.74,70.38,NA,NA,NA
"aut","Austria","1972",28.08,70.66,NA,NA,NA
"aut","Austria","1973",26.91,71.09,NA,NA,NA
"aut","Austria","1974",25.18,71.21,NA,NA,NA
"aut","Austria","1975",23.06,71.44,NA,NA,NA
"aut","Austria","1976",21.01,71.85,NA,NA,NA
"aut","Austria","1977",19.35,72.15,NA,NA,NA
"aut","Austria","1978",18.08,72.37,NA,NA,NA
"aut","Austria","1979",17.08,72.62,NA,NA,NA
"aut","Austria","1980",16.25,72.84,NA,NA,NA
"aut","Austria","1981",15.5,73.1,NA,NA,NA
"aut","Austria","1982",14.77,73.27,NA,NA,NA
"aut","Austria","1983",14.05,73.49,NA,NA,NA
"aut","Austria","1984",13.33,73.87,NA,NA,NA
"aut","Austria","1985",12.6,74.26,NA,NA,NA
"aut","Austria","1986",11.87,74.69,NA,NA,NA
"aut","Austria","1987",11.15,75.12,NA,NA,NA
"aut","Austria","1988",10.49,75.52,NA,NA,NA
"aut","Austria","1989",9.95,75.7,NA,NA,NA
"aut","Austria","1990",9.52,75.97,NA,NA,NA
"aut","Austria","1991",9.08,76.09,NA,NA,NA
"aut","Austria","1992",8.56,76.26,NA,NA,NA
"aut","Austria","1993",7.97,76.46,NA,NA,NA
"aut","Austria","1994",7.37,76.74,NA,NA,NA
"aut","Austria","1995",6.8,77.03,NA,NA,NA
"aut","Austria","1996",6.33,77.28,NA,NA,NA
"aut","Austria","1997",5.98,77.65,NA,NA,NA
"aut","Austria","1998",5.75,77.91,NA,NA,NA
"aut","Austria","1999",5.6,78.17,NA,NA,NA
"aut","Austria","2000",5.5,78.49,NA,NA,NA
"aut","Austria","2001",5.42,78.86,NA,NA,NA
"aut","Austria","2002",5.33,79.02,NA,NA,NA
"aut","Austria","2003",5.21,79.14,NA,NA,NA
"aut","Austria","2004",5.06,79.49,NA,NA,NA
"aut","Austria","2005",4.9,79.75,NA,NA,NA
"aut","Austria","2006",4.75,80.11,NA,NA,NA
"aut","Austria","2007",4.64,80.29,NA,NA,NA
"aut","Austria","2008",4.55,80.5,NA,NA,NA
"aut","Austria","2009",4.45,80.55,NA,NA,NA
"aut","Austria","2010",4.34,80.79,NA,NA,NA
"aut","Austria","2011",4.2,81,NA,NA,NA
"aut","Austria","2012",4.04,81.15,NA,NA,NA
"aut","Austria","2013",3.89,81.33,NA,NA,NA
"aut","Austria","2014",3.76,81.51,NA,NA,NA
"aut","Austria","2015",3.67,81.57,NA,NA,NA
"aut","Austria","2016",3.61,81.78,NA,NA,NA
"aut","Austria","2017",3.57,82,NA,NA,NA
"aut","Austria","2018",3.56,82.12,NA,NA,NA
"aut","Austria","2019",3.58,82.16,NA,NA,NA
"aut","Austria","2020",3.51,81.76,NA,NA,NA
"aut","Austria","2021",3.43,81.84,NA,NA,NA
"aut","Austria","2022",2.91,82.67,NA,NA,NA
"aut","Austria","2023",2.81,82.83,NA,NA,NA
"aut","Austria","2024",2.71,83,NA,NA,NA
"aut","Austria","2025",2.61,83.17,NA,NA,NA
"aze","Azerbaijan","1915",270.3,26.45,NA,NA,NA
"aze","Azerbaijan","1916",267.68,26.34,NA,NA,NA
"aze","Azerbaijan","1917",265.08,23.91,NA,NA,NA
"aze","Azerbaijan","1918",262.5,16.91,NA,NA,NA
"aze","Azerbaijan","1919",259.95,24.48,NA,NA,NA
"aze","Azerbaijan","1920",257.43,22.85,NA,NA,NA
"aze","Azerbaijan","1921",254.93,25.02,NA,NA,NA
"aze","Azerbaijan","1922",252.45,25.67,NA,NA,NA
"aze","Azerbaijan","1923",250,26.33,NA,NA,NA
"aze","Azerbaijan","1924",247.57,28.08,NA,NA,NA
"aze","Azerbaijan","1925",245.17,27.29,NA,NA,NA
"aze","Azerbaijan","1926",242.79,29.53,NA,NA,NA
"aze","Azerbaijan","1927",240.43,28.9,NA,NA,NA
"aze","Azerbaijan","1928",238.09,29.88,NA,NA,NA
"aze","Azerbaijan","1929",235.78,28.83,NA,NA,NA
"aze","Azerbaijan","1930",233.49,28.2,NA,NA,NA
"aze","Azerbaijan","1931",226.64,26.8,NA,NA,NA
"aze","Azerbaijan","1932",219.99,24.87,NA,NA,NA
"aze","Azerbaijan","1933",213.53,19.37,NA,NA,NA
"aze","Azerbaijan","1934",207.25,29.36,NA,NA,NA
"aze","Azerbaijan","1935",201.15,30.32,NA,NA,NA
"aze","Azerbaijan","1936",195.22,31.36,NA,NA,NA
"aze","Azerbaijan","1937",189.46,30.51,NA,NA,NA
"aze","Azerbaijan","1938",183.87,31.55,NA,NA,NA
"aze","Azerbaijan","1939",178.44,33.07,NA,NA,NA
"aze","Azerbaijan","1940",173.16,31.19,NA,NA,NA
"aze","Azerbaijan","1941",168.03,20.92,NA,NA,NA
"aze","Azerbaijan","1942",163.05,18.43,NA,NA,NA
"aze","Azerbaijan","1943",158.22,16.98,NA,NA,NA
"aze","Azerbaijan","1944",153.52,21.8,NA,NA,NA
"aze","Azerbaijan","1945",148.95,28.47,NA,NA,NA
"aze","Azerbaijan","1946",144.52,35.05,NA,NA,NA
"aze","Azerbaijan","1947",140.22,29.52,NA,NA,NA
"aze","Azerbaijan","1948",136.03,34.76,NA,NA,NA
"aze","Azerbaijan","1949",131.97,36.45,NA,NA,NA
"aze","Azerbaijan","1950",128.03,37.79,NA,NA,NA
"aze","Azerbaijan","1951",126.92,38.37,NA,NA,NA
"aze","Azerbaijan","1952",124.77,39.35,NA,NA,NA
"aze","Azerbaijan","1953",122.68,40.27,NA,NA,NA
"aze","Azerbaijan","1954",120.6,41.12,NA,NA,NA
"aze","Azerbaijan","1955",118.55,42.22,NA,NA,NA
"aze","Azerbaijan","1956",116.54,43.46,NA,NA,NA
"aze","Azerbaijan","1957",114.54,44.46,NA,NA,NA
"aze","Azerbaijan","1958",112.57,45.26,NA,NA,NA
"aze","Azerbaijan","1959",110.62,46.93,NA,NA,NA
"aze","Azerbaijan","1960",108.68,48.6,NA,NA,NA
"aze","Azerbaijan","1961",106.76,50.16,NA,NA,NA
"aze","Azerbaijan","1962",104.84,51.7,NA,NA,NA
"aze","Azerbaijan","1963",102.93,53.1,NA,NA,NA
"aze","Azerbaijan","1964",101.05,54.41,NA,NA,NA
"aze","Azerbaijan","1965",99.19,55.57,NA,NA,NA
"aze","Azerbaijan","1966",97.36,56.59,NA,NA,NA
"aze","Azerbaijan","1967",95.57,57.48,NA,NA,NA
"aze","Azerbaijan","1968",93.84,58.19,NA,NA,NA
"aze","Azerbaijan","1969",92.22,58.38,NA,NA,NA
"aze","Azerbaijan","1970",90.75,59.88,NA,NA,NA
"aze","Azerbaijan","1971",89.48,61,NA,NA,NA
"aze","Azerbaijan","1972",88.44,61.92,NA,NA,NA
"aze","Azerbaijan","1973",87.62,62.84,NA,NA,NA
"aze","Azerbaijan","1974",87,63.67,NA,NA,NA
"aze","Azerbaijan","1975",83.56,64.32,NA,NA,NA
"aze","Azerbaijan","1976",83.26,65.24,NA,NA,NA
"aze","Azerbaijan","1977",83,65.25,NA,NA,NA
"aze","Azerbaijan","1978",85.73,64.81,NA,NA,NA
"aze","Azerbaijan","1979",85.42,65.59,NA,NA,NA
"aze","Azerbaijan","1980",85,66.24,NA,NA,NA
"aze","Azerbaijan","1981",62.26,66.27,NA,NA,NA
"aze","Azerbaijan","1982",56.23,66.64,NA,NA,NA
"aze","Azerbaijan","1983",86,66.8,NA,NA,NA
"aze","Azerbaijan","1984",51.75,66.75,NA,NA,NA
"aze","Azerbaijan","1985",87,66.93,NA,NA,NA
"aze","Azerbaijan","1986",52.55,66.87,NA,NA,NA
"aze","Azerbaijan","1987",90,66.77,NA,NA,NA
"aze","Azerbaijan","1988",50.41,66.75,NA,NA,NA
"aze","Azerbaijan","1989",46.1,67,NA,NA,NA
"aze","Azerbaijan","1990",40.98,66.87,NA,NA,NA
"aze","Azerbaijan","1991",40.86,66.33,NA,NA,NA
"aze","Azerbaijan","1992",40.36,64.5,NA,NA,NA
"aze","Azerbaijan","1993",42.88,64.27,NA,NA,NA
"aze","Azerbaijan","1994",41.75,63.8,NA,NA,NA
"aze","Azerbaijan","1995",38.22,64.69,NA,NA,NA
"aze","Azerbaijan","1996",32.49,65.32,NA,NA,NA
"aze","Azerbaijan","1997",31.42,65.71,NA,NA,NA
"aze","Azerbaijan","1998",24.82,65.98,NA,NA,NA
"aze","Azerbaijan","1999",22.44,66.24,NA,NA,NA
"aze","Azerbaijan","2000",26.1,66.55,NA,NA,NA
"aze","Azerbaijan","2001",26.08,67.06,NA,NA,NA
"aze","Azerbaijan","2002",24.87,67.18,NA,NA,NA
"aze","Azerbaijan","2003",21.11,67.11,NA,NA,NA
"aze","Azerbaijan","2004",21.56,67.21,NA,NA,NA
"aze","Azerbaijan","2005",17,67.31,NA,NA,NA
"aze","Azerbaijan","2006",18.27,67.74,NA,NA,NA
"aze","Azerbaijan","2007",16.65,68.23,NA,NA,NA
"aze","Azerbaijan","2008",14.99,68.46,NA,NA,NA
"aze","Azerbaijan","2009",14.97,68.76,NA,NA,NA
"aze","Azerbaijan","2010",14.94,68.98,NA,NA,NA
"aze","Azerbaijan","2011",13.86,69.24,NA,NA,NA
"aze","Azerbaijan","2012",13.01,69.5,NA,NA,NA
"aze","Azerbaijan","2013",12.91,69.74,NA,NA,NA
"aze","Azerbaijan","2014",12.19,69.93,NA,NA,NA
"aze","Azerbaijan","2015",14.07,70.15,NA,NA,NA
"aze","Azerbaijan","2016",12.63,70.3,NA,NA,NA
"aze","Azerbaijan","2017",13.23,70.43,NA,NA,NA
"aze","Azerbaijan","2018",12.55,70.77,NA,NA,NA
"aze","Azerbaijan","2019",12.81,71,NA,NA,NA
"aze","Azerbaijan","2020",12.58,64.94,NA,NA,NA
"aze","Azerbaijan","2021",11.65,67.37,NA,NA,NA
"aze","Azerbaijan","2022",11.74,71.37,NA,NA,NA
"aze","Azerbaijan","2023",11.47,71.5,NA,NA,NA
"aze","Azerbaijan","2024",11.21,71.61,NA,NA,NA
"aze","Azerbaijan","2025",10.98,71.73,NA,NA,NA
"bdi","Burundi","1915",411.51,32.65,NA,NA,NA
"bdi","Burundi","1916",410.52,32.66,NA,NA,NA
"bdi","Burundi","1917",409.52,32.68,NA,NA,NA
"bdi","Burundi","1918",408.53,12.64,NA,NA,NA
"bdi","Burundi","1919",407.53,32.72,NA,NA,NA
"bdi","Burundi","1920",406.54,32.73,NA,NA,NA
"bdi","Burundi","1921",405.54,29.11,NA,NA,NA
"bdi","Burundi","1922",404.55,25.49,NA,NA,NA
"bdi","Burundi","1923",403.55,32.79,NA,NA,NA
"bdi","Burundi","1924",402.56,32.8,NA,NA,NA
"bdi","Burundi","1925",401.56,29.18,NA,NA,NA
"bdi","Burundi","1926",400.57,27.11,NA,NA,NA
"bdi","Burundi","1927",399.57,25.56,NA,NA,NA
"bdi","Burundi","1928",398.58,27.13,NA,NA,NA
"bdi","Burundi","1929",397.58,27.15,NA,NA,NA
"bdi","Burundi","1930",396.59,32.91,NA,NA,NA
"bdi","Burundi","1931",395.56,32.93,NA,NA,NA
"bdi","Burundi","1932",394.53,32.95,NA,NA,NA
"bdi","Burundi","1933",393.51,32.96,NA,NA,NA
"bdi","Burundi","1934",392.47,32.98,NA,NA,NA
"bdi","Burundi","1935",391.45,33,NA,NA,NA
"bdi","Burundi","1936",390.41,33.02,NA,NA,NA
"bdi","Burundi","1937",389.39,33.03,NA,NA,NA
"bdi","Burundi","1938",388.35,33.05,NA,NA,NA
"bdi","Burundi","1939",387.33,33.07,NA,NA,NA
"bdi","Burundi","1940",386.3,33.09,NA,NA,NA
"bdi","Burundi","1941",385.27,33.06,NA,NA,NA
"bdi","Burundi","1942",384.24,33.05,NA,NA,NA
"bdi","Burundi","1943",383.22,31.55,NA,NA,NA
"bdi","Burundi","1944",382.19,18.27,NA,NA,NA
"bdi","Burundi","1945",381.16,32.98,NA,NA,NA
"bdi","Burundi","1946",364,34.44,NA,NA,NA
"bdi","Burundi","1947",347.45,35.87,NA,NA,NA
"bdi","Burundi","1948",331.4,37.32,NA,NA,NA
"bdi","Burundi","1949",316.87,38.75,NA,NA,NA
"bdi","Burundi","1950",309.4,40.2,NA,NA,NA
"bdi","Burundi","1951",307.37,40.51,NA,NA,NA
"bdi","Burundi","1952",303.93,40.75,NA,NA,NA
"bdi","Burundi","1953",300.32,41,NA,NA,NA
"bdi","Burundi","1954",297.09,41.47,NA,NA,NA
"bdi","Burundi","1955",293.68,41.87,NA,NA,NA
"bdi","Burundi","1956",290.41,42.24,NA,NA,NA
"bdi","Burundi","1957",287.11,42.6,NA,NA,NA
"bdi","Burundi","1958",283.77,43.06,NA,NA,NA
"bdi","Burundi","1959",281,43.5,NA,NA,NA
"bdi","Burundi","1960",263.92,43.92,NA,NA,NA
"bdi","Burundi","1961",261,44.16,NA,NA,NA
"bdi","Burundi","1962",246.13,44.43,NA,NA,NA
"bdi","Burundi","1963",243,44.72,NA,NA,NA
"bdi","Burundi","1964",240.73,45.04,NA,NA,NA
"bdi","Burundi","1965",239,45.31,NA,NA,NA
"bdi","Burundi","1966",223,45.4,NA,NA,NA
"bdi","Burundi","1967",150,45.57,NA,NA,NA
"bdi","Burundi","1968",248.69,45.7,NA,NA,NA
"bdi","Burundi","1969",250.14,45.72,NA,NA,NA
"bdi","Burundi","1970",251.28,45.96,NA,NA,NA
"bdi","Burundi","1971",251.63,46.17,NA,NA,NA
"bdi","Burundi","1972",317.35,17.15,NA,NA,NA
"bdi","Burundi","1973",252.11,46.77,NA,NA,NA
"bdi","Burundi","1974",252.09,47.01,NA,NA,NA
"bdi","Burundi","1975",251.74,47.19,NA,NA,NA
"bdi","Burundi","1976",250.36,47.44,NA,NA,NA
"bdi","Burundi","1977",247.02,47.78,NA,NA,NA
"bdi","Burundi","1978",241.57,48.07,NA,NA,NA
"bdi","Burundi","1979",234.05,48.33,NA,NA,NA
"bdi","Burundi","1980",224.89,48.49,NA,NA,NA
"bdi","Burundi","1981",214.31,48.74,NA,NA,NA
"bdi","Burundi","1982",203.56,48.93,NA,NA,NA
"bdi","Burundi","1983",192.86,49.11,NA,NA,NA
"bdi","Burundi","1984",183.28,49.24,NA,NA,NA
"bdi","Burundi","1985",176.12,49.33,NA,NA,NA
"bdi","Burundi","1986",171.28,49.43,NA,NA,NA
"bdi","Burundi","1987",168.71,49.43,NA,NA,NA
"bdi","Burundi","1988",168.06,49.33,NA,NA,NA
"bdi","Burundi","1989",168.8,49.04,NA,NA,NA
"bdi","Burundi","1990",170.08,48.72,NA,NA,NA
"bdi","Burundi","1991",171.31,48.09,NA,NA,NA
"bdi","Burundi","1992",172.42,47.45,NA,NA,NA
"bdi","Burundi","1993",193.83,47.38,NA,NA,NA
"bdi","Burundi","1994",172.72,43.92,NA,NA,NA
"bdi","Burundi","1995",171.96,43.35,NA,NA,NA
"bdi","Burundi","1996",170.15,43,NA,NA,NA
"bdi","Burundi","1997",167.55,43.01,NA,NA,NA
"bdi","Burundi","1998",163.8,43.86,NA,NA,NA
"bdi","Burundi","1999",159.34,44.34,NA,NA,NA
"bdi","Burundi","2000",154.47,44.69,NA,NA,NA
"bdi","Burundi","2001",149.35,45.79,NA,NA,NA
"bdi","Burundi","2002",143.85,46.86,NA,NA,NA
"bdi","Burundi","2003",138.05,47.87,NA,NA,NA
"bdi","Burundi","2004",131.89,49.18,NA,NA,NA
"bdi","Burundi","2005",124.89,50.3,NA,NA,NA
"bdi","Burundi","2006",117.64,54.54,NA,NA,NA
"bdi","Burundi","2007",110.48,55.74,NA,NA,NA
"bdi","Burundi","2008",103.63,56.8,NA,NA,NA
"bdi","Burundi","2009",97.12,57.71,NA,NA,NA
"bdi","Burundi","2010",91.05,58.55,NA,NA,NA
"bdi","Burundi","2011",85.53,59.35,NA,NA,NA
"bdi","Burundi","2012",80.31,60.17,NA,NA,NA
"bdi","Burundi","2013",75.53,60.84,NA,NA,NA
"bdi","Burundi","2014",71.26,61.39,NA,NA,NA
"bdi","Burundi","2015",67.62,61.75,NA,NA,NA
"bdi","Burundi","2016",64.4,62.37,NA,NA,NA
"bdi","Burundi","2017",61.49,62.95,NA,NA,NA
"bdi","Burundi","2018",59,63.4,NA,NA,NA
"bdi","Burundi","2019",56.6,63.83,NA,NA,NA
"bdi","Burundi","2020",54.34,63.03,NA,NA,NA
"bdi","Burundi","2021",52.35,63.13,NA,NA,NA
"bdi","Burundi","2022",50.77,63.45,NA,NA,NA
"bdi","Burundi","2023",52.06,63.99,NA,NA,NA
"bdi","Burundi","2024",52.31,64.77,NA,NA,NA
"bdi","Burundi","2025",51.6,64.95,NA,NA,NA
"bel","Belgium","1915",195.97,40.12,NA,NA,NA
"bel","Belgium","1916",179.05,42.13,NA,NA,NA
"bel","Belgium","1917",224.05,43.13,NA,NA,NA
"bel","Belgium","1918",212.85,35.05,NA,NA,NA
"bel","Belgium","1919",183.19,50.02,NA,NA,NA
"bel","Belgium","1920",160.18,53.83,NA,NA,NA
"bel","Belgium","1921",157.54,54.93,NA,NA,NA
"bel","Belgium","1922",146.28,55.33,NA,NA,NA
"bel","Belgium","1923",130.14,56.96,NA,NA,NA
"bel","Belgium","1924",120.2,57.7,NA,NA,NA
"bel","Belgium","1925",129.53,57.35,NA,NA,NA
"bel","Belgium","1926",131.97,57.17,NA,NA,NA
"bel","Belgium","1927",125.78,57.4,NA,NA,NA
"bel","Belgium","1928",120.8,57.73,NA,NA,NA
"bel","Belgium","1929",140.3,55.27,NA,NA,NA
"bel","Belgium","1930",129.29,57.38,NA,NA,NA
"bel","Belgium","1931",109.46,58.73,NA,NA,NA
"bel","Belgium","1932",114.27,58.81,NA,NA,NA
"bel","Belgium","1933",110.68,58.98,NA,NA,NA
"bel","Belgium","1934",98.77,60.65,NA,NA,NA
"bel","Belgium","1935",100.46,60.24,NA,NA,NA
"bel","Belgium","1936",102.66,60.24,NA,NA,NA
"bel","Belgium","1937",99.98,60.24,NA,NA,NA
"bel","Belgium","1938",98.89,60.39,NA,NA,NA
"bel","Belgium","1939",96.53,60.25,NA,NA,NA
"bel","Belgium","1940",102.47,56.19,NA,NA,NA
"bel","Belgium","1941",99.06,59.19,NA,NA,NA
"bel","Belgium","1942",98.57,59.44,NA,NA,NA
"bel","Belgium","1943",92.59,60.63,NA,NA,NA
"bel","Belgium","1944",96.17,57.17,NA,NA,NA
"bel","Belgium","1945",111.11,58.63,NA,NA,NA
"bel","Belgium","1946",88,62.17,NA,NA,NA
"bel","Belgium","1947",72.56,63.72,NA,NA,NA
"bel","Belgium","1948",62.88,65.25,NA,NA,NA
"bel","Belgium","1949",58.9,65.74,NA,NA,NA
"bel","Belgium","1950",54.58,66.62,NA,NA,NA
"bel","Belgium","1951",54.35,67.11,NA,NA,NA
"bel","Belgium","1952",53.44,68.03,NA,NA,NA
"bel","Belgium","1953",51.65,68.47,NA,NA,NA
"bel","Belgium","1954",49.18,68.67,NA,NA,NA
"bel","Belgium","1955",46.26,68.8,NA,NA,NA
"bel","Belgium","1956",43.18,68.97,NA,NA,NA
"bel","Belgium","1957",40.25,69.45,NA,NA,NA
"bel","Belgium","1958",37.65,69.96,NA,NA,NA
"bel","Belgium","1959",35.48,70.24,NA,NA,NA
"bel","Belgium","1960",33.77,70.07,NA,NA,NA
"bel","Belgium","1961",32.4,70.39,NA,NA,NA
"bel","Belgium","1962",31.17,70.42,NA,NA,NA
"bel","Belgium","1963",30.01,70.4,NA,NA,NA
"bel","Belgium","1964",28.9,70.69,NA,NA,NA
"bel","Belgium","1965",27.87,70.76,NA,NA,NA
"bel","Belgium","1966",26.96,70.81,NA,NA,NA
"bel","Belgium","1967",26.18,70.79,NA,NA,NA
"bel","Belgium","1968",25.52,70.85,NA,NA,NA
"bel","Belgium","1969",24.85,70.88,NA,NA,NA
"bel","Belgium","1970",24.04,71.1,NA,NA,NA
"bel","Belgium","1971",23.09,71.27,NA,NA,NA
"bel","Belgium","1972",21.98,71.52,NA,NA,NA
"bel","Belgium","1973",20.78,71.78,NA,NA,NA
"bel","Belgium","1974",19.6,72.01,NA,NA,NA
"bel","Belgium","1975",18.52,72.15,NA,NA,NA
"bel","Belgium","1976",17.55,72.36,NA,NA,NA
"bel","Belgium","1977",16.69,72.76,NA,NA,NA
"bel","Belgium","1978",15.93,72.91,NA,NA,NA
"bel","Belgium","1979",15.23,73.21,NA,NA,NA
"bel","Belgium","1980",14.56,73.33,NA,NA,NA
"bel","Belgium","1981",13.91,73.61,NA,NA,NA
"bel","Belgium","1982",13.28,73.81,NA,NA,NA
"bel","Belgium","1983",12.69,73.97,NA,NA,NA
"bel","Belgium","1984",12.15,74.31,NA,NA,NA
"bel","Belgium","1985",11.72,74.61,NA,NA,NA
"bel","Belgium","1986",11.36,74.91,NA,NA,NA
"bel","Belgium","1987",11.02,75.31,NA,NA,NA
"bel","Belgium","1988",10.66,75.66,NA,NA,NA
"bel","Belgium","1989",10.32,75.86,NA,NA,NA
"bel","Belgium","1990",10.01,76.15,NA,NA,NA
"bel","Belgium","1991",9.69,76.36,NA,NA,NA
"bel","Belgium","1992",9.29,76.48,NA,NA,NA
"bel","Belgium","1993",8.79,76.58,NA,NA,NA
"bel","Belgium","1994",8.22,76.79,NA,NA,NA
"bel","Belgium","1995",7.64,77.01,NA,NA,NA
"bel","Belgium","1996",7.09,77.31,NA,NA,NA
"bel","Belgium","1997",6.64,77.52,NA,NA,NA
"bel","Belgium","1998",6.3,77.67,NA,NA,NA
"bel","Belgium","1999",6.03,77.84,NA,NA,NA
"bel","Belgium","2000",5.8,78.04,NA,NA,NA
"bel","Belgium","2001",5.6,78.3,NA,NA,NA
"bel","Belgium","2002",5.41,78.45,NA,NA,NA
"bel","Belgium","2003",5.22,78.68,NA,NA,NA
"bel","Belgium","2004",5.06,79.08,NA,NA,NA
"bel","Belgium","2005",4.93,79.32,NA,NA,NA
"bel","Belgium","2006",4.83,79.64,NA,NA,NA
"bel","Belgium","2007",4.73,79.76,NA,NA,NA
"bel","Belgium","2008",4.63,79.88,NA,NA,NA
"bel","Belgium","2009",4.54,80.04,NA,NA,NA
"bel","Belgium","2010",4.45,80.23,NA,NA,NA
"bel","Belgium","2011",4.36,80.4,NA,NA,NA
"bel","Belgium","2012",4.27,80.48,NA,NA,NA
"bel","Belgium","2013",4.18,80.67,NA,NA,NA
"bel","Belgium","2014",4.11,81.03,NA,NA,NA
"bel","Belgium","2015",4.07,81.09,NA,NA,NA
"bel","Belgium","2016",4.07,81.31,NA,NA,NA
"bel","Belgium","2017",4.1,81.38,NA,NA,NA
"bel","Belgium","2018",4.16,81.4,NA,NA,NA
"bel","Belgium","2019",4.22,81.41,NA,NA,NA
"bel","Belgium","2020",3.72,80.37,NA,NA,NA
"bel","Belgium","2021",4.03,81.45,NA,NA,NA
"bel","Belgium","2022",3.47,81.87,NA,NA,NA
"bel","Belgium","2023",3.36,82.03,NA,NA,NA
"bel","Belgium","2024",3.27,82.18,NA,NA,NA
"bel","Belgium","2025",3.17,82.33,NA,NA,NA
"ben","Benin","1915",417.83,37.3,NA,NA,NA
"ben","Benin","1916",416.82,37.4,NA,NA,NA
"ben","Benin","1917",415.81,37.5,NA,NA,NA
"ben","Benin","1918",414.8,14.54,NA,NA,NA
"ben","Benin","1919",413.79,37.69,NA,NA,NA
"ben","Benin","1920",412.78,37.79,NA,NA,NA
"ben","Benin","1921",411.77,37.88,NA,NA,NA
"ben","Benin","1922",410.76,37.98,NA,NA,NA
"ben","Benin","1923",409.75,38.08,NA,NA,NA
"ben","Benin","1924",408.74,38.17,NA,NA,NA
"ben","Benin","1925",407.73,38.27,NA,NA,NA
"ben","Benin","1926",406.72,38.37,NA,NA,NA
"ben","Benin","1927",405.71,38.47,NA,NA,NA
"ben","Benin","1928",404.7,38.56,NA,NA,NA
"ben","Benin","1929",403.69,38.66,NA,NA,NA
"ben","Benin","1930",402.68,38.76,NA,NA,NA
"ben","Benin","1931",402.25,38.85,NA,NA,NA
"ben","Benin","1932",401.82,38.95,NA,NA,NA
"ben","Benin","1933",401.38,39.05,NA,NA,NA
"ben","Benin","1934",400.94,39.14,NA,NA,NA
"ben","Benin","1935",400.5,39.24,NA,NA,NA
"ben","Benin","1936",400.06,39.34,NA,NA,NA
"ben","Benin","1937",399.61,39.44,NA,NA,NA
"ben","Benin","1938",399.16,39.53,NA,NA,NA
"ben","Benin","1939",398.71,39.63,NA,NA,NA
"ben","Benin","1940",398.25,39.73,NA,NA,NA
"ben","Benin","1941",393.47,39.89,NA,NA,NA
"ben","Benin","1942",388.75,40.05,NA,NA,NA
"ben","Benin","1943",384.08,40.21,NA,NA,NA
"ben","Benin","1944",379.47,40.39,NA,NA,NA
"ben","Benin","1945",374.91,40.91,NA,NA,NA
"ben","Benin","1946",370.4,41.45,NA,NA,NA
"ben","Benin","1947",365.95,41.98,NA,NA,NA
"ben","Benin","1948",361.55,42.51,NA,NA,NA
"ben","Benin","1949",357.21,43.05,NA,NA,NA
"ben","Benin","1950",352.91,43.61,NA,NA,NA
"ben","Benin","1951",348.67,43.67,NA,NA,NA
"ben","Benin","1952",344.41,43.8,NA,NA,NA
"ben","Benin","1953",340.36,43.89,NA,NA,NA
"ben","Benin","1954",336.32,44.02,NA,NA,NA
"ben","Benin","1955",332.24,44.1,NA,NA,NA
"ben","Benin","1956",328.02,44.2,NA,NA,NA
"ben","Benin","1957",323.59,44.24,NA,NA,NA
"ben","Benin","1958",319.17,44.4,NA,NA,NA
"ben","Benin","1959",314.58,44.54,NA,NA,NA
"ben","Benin","1960",309.89,44.78,NA,NA,NA
"ben","Benin","1961",304.92,45.05,NA,NA,NA
"ben","Benin","1962",299.83,45.32,NA,NA,NA
"ben","Benin","1963",294.75,45.8,NA,NA,NA
"ben","Benin","1964",289.56,46.25,NA,NA,NA
"ben","Benin","1965",284.22,46.76,NA,NA,NA
"ben","Benin","1966",279.2,47.2,NA,NA,NA
"ben","Benin","1967",274.34,47.61,NA,NA,NA
"ben","Benin","1968",269.7,47.96,NA,NA,NA
"ben","Benin","1969",265.07,48.2,NA,NA,NA
"ben","Benin","1970",260.55,48.54,NA,NA,NA
"ben","Benin","1971",256.09,48.8,NA,NA,NA
"ben","Benin","1972",251.43,49.32,NA,NA,NA
"ben","Benin","1973",246.63,49.87,NA,NA,NA
"ben","Benin","1974",241.68,50.4,NA,NA,NA
"ben","Benin","1975",236.69,50.76,NA,NA,NA
"ben","Benin","1976",231.55,51.18,NA,NA,NA
"ben","Benin","1977",226.54,51.57,NA,NA,NA
"ben","Benin","1978",221.73,51.97,NA,NA,NA
"ben","Benin","1979",217.11,52.37,NA,NA,NA
"ben","Benin","1980",212.7,52.71,NA,NA,NA
"ben","Benin","1981",208.51,53.01,NA,NA,NA
"ben","Benin","1982",204.46,53.24,NA,NA,NA
"ben","Benin","1983",200.53,53.43,NA,NA,NA
"ben","Benin","1984",196.69,53.63,NA,NA,NA
"ben","Benin","1985",192.83,53.94,NA,NA,NA
"ben","Benin","1986",188.89,54.34,NA,NA,NA
"ben","Benin","1987",185,54.73,NA,NA,NA
"ben","Benin","1988",181,55.18,NA,NA,NA
"ben","Benin","1989",176.94,55.34,NA,NA,NA
"ben","Benin","1990",172.9,55.73,NA,NA,NA
"ben","Benin","1991",168.86,55.98,NA,NA,NA
"ben","Benin","1992",164.82,56.39,NA,NA,NA
"ben","Benin","1993",160.87,56.7,NA,NA,NA
"ben","Benin","1994",157.06,56.77,NA,NA,NA
"ben","Benin","1995",153.43,56.89,NA,NA,NA
"ben","Benin","1996",150,56.86,NA,NA,NA
"ben","Benin","1997",146.65,57.07,NA,NA,NA
"ben","Benin","1998",143.35,57.17,NA,NA,NA
"ben","Benin","1999",140.1,57.34,NA,NA,NA
"ben","Benin","2000",136.84,57.39,NA,NA,NA
"ben","Benin","2001",133.65,57.58,NA,NA,NA
"ben","Benin","2002",130.48,57.88,NA,NA,NA
"ben","Benin","2003",127.39,58.12,NA,NA,NA
"ben","Benin","2004",124.4,58.46,NA,NA,NA
"ben","Benin","2005",121.49,58.81,NA,NA,NA
"ben","Benin","2006",118.76,59.13,NA,NA,NA
"ben","Benin","2007",116.19,59.5,NA,NA,NA
"ben","Benin","2008",113.67,60.14,NA,NA,NA
"ben","Benin","2009",111.31,60.73,NA,NA,NA
"ben","Benin","2010",109,61.1,NA,NA,NA
"ben","Benin","2011",106.67,61.41,NA,NA,NA
"ben","Benin","2012",104.37,61.72,NA,NA,NA
"ben","Benin","2013",102.09,62.02,NA,NA,NA
"ben","Benin","2014",99.82,62.32,NA,NA,NA
"ben","Benin","2015",97.63,62.64,NA,NA,NA
"ben","Benin","2016",95.38,63.02,NA,NA,NA
"ben","Benin","2017",93.17,63.41,NA,NA,NA
"ben","Benin","2018",90.88,63.96,NA,NA,NA
"ben","Benin","2019",88.42,64.49,NA,NA,NA
"ben","Benin","2020",85.91,64.1,NA,NA,NA
"ben","Benin","2021",83.27,63.82,NA,NA,NA
"ben","Benin","2022",82.39,63.96,NA,NA,NA
"ben","Benin","2023",83.62,64.49,NA,NA,NA
"ben","Benin","2024",82.35,65.51,NA,NA,NA
"ben","Benin","2025",81.17,65.71,NA,NA,NA
"bfa","Burkina Faso","1915",441.35,32.76,NA,NA,NA
"bfa","Burkina Faso","1916",440.28,32.81,NA,NA,NA
"bfa","Burkina Faso","1917",439.22,32.87,NA,NA,NA
"bfa","Burkina Faso","1918",438.15,12.73,NA,NA,NA
"bfa","Burkina Faso","1919",437.08,32.98,NA,NA,NA
"bfa","Burkina Faso","1920",436.02,33.03,NA,NA,NA
"bfa","Burkina Faso","1921",434.95,33.09,NA,NA,NA
"bfa","Burkina Faso","1922",433.88,33.14,NA,NA,NA
"bfa","Burkina Faso","1923",432.82,33.2,NA,NA,NA
"bfa","Burkina Faso","1924",431.75,33.25,NA,NA,NA
"bfa","Burkina Faso","1925",430.68,33.31,NA,NA,NA
"bfa","Burkina Faso","1926",429.62,33.36,NA,NA,NA
"bfa","Burkina Faso","1927",428.55,33.41,NA,NA,NA
"bfa","Burkina Faso","1928",427.48,33.47,NA,NA,NA
"bfa","Burkina Faso","1929",426.41,33.52,NA,NA,NA
"bfa","Burkina Faso","1930",425.35,33.58,NA,NA,NA
"bfa","Burkina Faso","1931",423.98,33.63,NA,NA,NA
"bfa","Burkina Faso","1932",422.61,33.69,NA,NA,NA
"bfa","Burkina Faso","1933",421.26,33.74,NA,NA,NA
"bfa","Burkina Faso","1934",419.9,33.8,NA,NA,NA
"bfa","Burkina Faso","1935",418.53,33.85,NA,NA,NA
"bfa","Burkina Faso","1936",417.18,33.91,NA,NA,NA
"bfa","Burkina Faso","1937",415.82,33.96,NA,NA,NA
"bfa","Burkina Faso","1938",414.46,34.02,NA,NA,NA
"bfa","Burkina Faso","1939",413.11,34.07,NA,NA,NA
"bfa","Burkina Faso","1940",411.76,34.13,NA,NA,NA
"bfa","Burkina Faso","1941",408.73,34.23,NA,NA,NA
"bfa","Burkina Faso","1942",405.73,34.33,NA,NA,NA
"bfa","Burkina Faso","1943",402.74,34.43,NA,NA,NA
"bfa","Burkina Faso","1944",399.78,34.53,NA,NA,NA
"bfa","Burkina Faso","1945",396.84,34.64,NA,NA,NA
"bfa","Burkina Faso","1946",393.91,34.91,NA,NA,NA
"bfa","Burkina Faso","1947",391.02,35.19,NA,NA,NA
"bfa","Burkina Faso","1948",388.14,35.49,NA,NA,NA
"bfa","Burkina Faso","1949",385.28,35.78,NA,NA,NA
"bfa","Burkina Faso","1950",382.44,36.06,NA,NA,NA
"bfa","Burkina Faso","1951",379.3,36.41,NA,NA,NA
"bfa","Burkina Faso","1952",376.63,36.73,NA,NA,NA
"bfa","Burkina Faso","1953",373.07,37.07,NA,NA,NA
"bfa","Burkina Faso","1954",369.22,37.39,NA,NA,NA
"bfa","Burkina Faso","1955",365.32,37.72,NA,NA,NA
"bfa","Burkina Faso","1956",361.49,38.06,NA,NA,NA
"bfa","Burkina Faso","1957",357.47,38.4,NA,NA,NA
"bfa","Burkina Faso","1958",353.54,38.74,NA,NA,NA
"bfa","Burkina Faso","1959",349.42,39.11,NA,NA,NA
"bfa","Burkina Faso","1960",345.5,39.54,NA,NA,NA
"bfa","Burkina Faso","1961",341.58,39.87,NA,NA,NA
"bfa","Burkina Faso","1962",338.16,40.42,NA,NA,NA
"bfa","Burkina Faso","1963",335.08,40.91,NA,NA,NA
"bfa","Burkina Faso","1964",331.94,41.42,NA,NA,NA
"bfa","Burkina Faso","1965",328.9,41.95,NA,NA,NA
"bfa","Burkina Faso","1966",326.16,42.51,NA,NA,NA
"bfa","Burkina Faso","1967",323.84,42.8,NA,NA,NA
"bfa","Burkina Faso","1968",321.5,43.22,NA,NA,NA
"bfa","Burkina Faso","1969",319.2,43.57,NA,NA,NA
"bfa","Burkina Faso","1970",316.51,44.06,NA,NA,NA
"bfa","Burkina Faso","1971",313.35,44.25,NA,NA,NA
"bfa","Burkina Faso","1972",308.9,44.77,NA,NA,NA
"bfa","Burkina Faso","1973",302.71,45.05,NA,NA,NA
"bfa","Burkina Faso","1974",294.74,45.5,NA,NA,NA
"bfa","Burkina Faso","1975",285.22,46.04,NA,NA,NA
"bfa","Burkina Faso","1976",274.71,46.48,NA,NA,NA
"bfa","Burkina Faso","1977",264.42,46.9,NA,NA,NA
"bfa","Burkina Faso","1978",255.02,47.47,NA,NA,NA
"bfa","Burkina Faso","1979",246.82,48.03,NA,NA,NA
"bfa","Burkina Faso","1980",239.87,48.64,NA,NA,NA
"bfa","Burkina Faso","1981",234.15,48.86,NA,NA,NA
"bfa","Burkina Faso","1982",229.09,49.5,NA,NA,NA
"bfa","Burkina Faso","1983",224.36,49.86,NA,NA,NA
"bfa","Burkina Faso","1984",219.91,50.25,NA,NA,NA
"bfa","Burkina Faso","1985",215.32,50.64,NA,NA,NA
"bfa","Burkina Faso","1986",210.59,50.87,NA,NA,NA
"bfa","Burkina Faso","1987",206.37,50.93,NA,NA,NA
"bfa","Burkina Faso","1988",202.89,50.81,NA,NA,NA
"bfa","Burkina Faso","1989",200.48,50.86,NA,NA,NA
"bfa","Burkina Faso","1990",199.09,50.67,NA,NA,NA
"bfa","Burkina Faso","1991",198.45,50.62,NA,NA,NA
"bfa","Burkina Faso","1992",198.17,50.51,NA,NA,NA
"bfa","Burkina Faso","1993",197.7,50.53,NA,NA,NA
"bfa","Burkina Faso","1994",196.82,50.57,NA,NA,NA
"bfa","Burkina Faso","1995",195.12,50.66,NA,NA,NA
"bfa","Burkina Faso","1996",192.5,49.95,NA,NA,NA
"bfa","Burkina Faso","1997",189.36,50.76,NA,NA,NA
"bfa","Burkina Faso","1998",186.13,51.63,NA,NA,NA
"bfa","Burkina Faso","1999",182.61,52.08,NA,NA,NA
"bfa","Burkina Faso","2000",178.92,52.48,NA,NA,NA
"bfa","Burkina Faso","2001",174.9,52.88,NA,NA,NA
"bfa","Burkina Faso","2002",170.44,53.42,NA,NA,NA
"bfa","Burkina Faso","2003",165.3,54,NA,NA,NA
"bfa","Burkina Faso","2004",159.49,54.63,NA,NA,NA
"bfa","Burkina Faso","2005",153.1,55.3,NA,NA,NA
"bfa","Burkina Faso","2006",146.34,55.98,NA,NA,NA
"bfa","Burkina Faso","2007",139.49,56.49,NA,NA,NA
"bfa","Burkina Faso","2008",132.89,57.13,NA,NA,NA
"bfa","Burkina Faso","2009",126.89,57.57,NA,NA,NA
"bfa","Burkina Faso","2010",121.52,57.94,NA,NA,NA
"bfa","Burkina Faso","2011",116.87,58.31,NA,NA,NA
"bfa","Burkina Faso","2012",112.47,58.6,NA,NA,NA
"bfa","Burkina Faso","2013",108.34,58.94,NA,NA,NA
"bfa","Burkina Faso","2014",104.53,59.43,NA,NA,NA
"bfa","Burkina Faso","2015",100.89,59.9,NA,NA,NA
"bfa","Burkina Faso","2016",97.45,60.34,NA,NA,NA
"bfa","Burkina Faso","2017",94.06,60.83,NA,NA,NA
"bfa","Burkina Faso","2018",90.83,61.29,NA,NA,NA
"bfa","Burkina Faso","2019",87.82,61.67,NA,NA,NA
"bfa","Burkina Faso","2020",84.9,61.36,NA,NA,NA
"bfa","Burkina Faso","2021",82.06,60.88,NA,NA,NA
"bfa","Burkina Faso","2022",78.7,61.39,NA,NA,NA
"bfa","Burkina Faso","2023",76.89,62.21,NA,NA,NA
"bfa","Burkina Faso","2024",77.23,62.74,NA,NA,NA
"bfa","Burkina Faso","2025",79.47,62.97,NA,NA,NA
"bgd","Bangladesh","1915",530.77,22.05,NA,NA,NA
"bgd","Bangladesh","1916",526.4,22.2,NA,NA,NA
"bgd","Bangladesh","1917",522.05,22.34,NA,NA,NA
"bgd","Bangladesh","1918",519.25,12.47,NA,NA,NA
"bgd","Bangladesh","1919",514.92,22.64,NA,NA,NA
"bgd","Bangladesh","1920",510.61,22.78,NA,NA,NA
"bgd","Bangladesh","1921",506.36,22.93,NA,NA,NA
"bgd","Bangladesh","1922",503.64,23.08,NA,NA,NA
"bgd","Bangladesh","1923",499.46,23.22,NA,NA,NA
"bgd","Bangladesh","1924",495.29,23.37,NA,NA,NA
"bgd","Bangladesh","1925",492.6,23.51,NA,NA,NA
"bgd","Bangladesh","1926",488.46,23.66,NA,NA,NA
"bgd","Bangladesh","1927",477.26,24.35,NA,NA,NA
"bgd","Bangladesh","1928",464.89,25.05,NA,NA,NA
"bgd","Bangladesh","1929",454.14,25.73,NA,NA,NA
"bgd","Bangladesh","1930",442.3,26.43,NA,NA,NA
"bgd","Bangladesh","1931",431.7,27.12,NA,NA,NA
"bgd","Bangladesh","1932",420.04,27.81,NA,NA,NA
"bgd","Bangladesh","1933",409.86,28.49,NA,NA,NA
"bgd","Bangladesh","1934",398.67,29.18,NA,NA,NA
"bgd","Bangladesh","1935",388.93,29.87,NA,NA,NA
"bgd","Bangladesh","1936",378.19,30.55,NA,NA,NA
"bgd","Bangladesh","1937",368.81,31.23,NA,NA,NA
"bgd","Bangladesh","1938",358.49,31.91,NA,NA,NA
"bgd","Bangladesh","1939",349.51,32.6,NA,NA,NA
"bgd","Bangladesh","1940",339.58,33.28,NA,NA,NA
"bgd","Bangladesh","1941",330.92,33.92,NA,NA,NA
"bgd","Bangladesh","1942",332.67,31.69,NA,NA,NA
"bgd","Bangladesh","1943",334.44,21.99,NA,NA,NA
"bgd","Bangladesh","1944",336.21,24.23,NA,NA,NA
"bgd","Bangladesh","1945",338,34.57,NA,NA,NA
"bgd","Bangladesh","1946",339.79,40.06,NA,NA,NA
"bgd","Bangladesh","1947",341.59,34.44,NA,NA,NA
"bgd","Bangladesh","1948",343.4,35.77,NA,NA,NA
"bgd","Bangladesh","1949",345.22,38.92,NA,NA,NA
"bgd","Bangladesh","1950",347.05,39.67,NA,NA,NA
"bgd","Bangladesh","1951",336.93,39.91,NA,NA,NA
"bgd","Bangladesh","1952",326.95,40.41,NA,NA,NA
"bgd","Bangladesh","1953",317.55,40.89,NA,NA,NA
"bgd","Bangladesh","1954",308.54,41.46,NA,NA,NA
"bgd","Bangladesh","1955",299.97,41.87,NA,NA,NA
"bgd","Bangladesh","1956",291.61,42.39,NA,NA,NA
"bgd","Bangladesh","1957",283.86,42.89,NA,NA,NA
"bgd","Bangladesh","1958",276.35,42.88,NA,NA,NA
"bgd","Bangladesh","1959",269.23,43.86,NA,NA,NA
"bgd","Bangladesh","1960",262.62,43.82,NA,NA,NA
"bgd","Bangladesh","1961",256.23,44.56,NA,NA,NA
"bgd","Bangladesh","1962",250.4,45.49,NA,NA,NA
"bgd","Bangladesh","1963",245.15,45.43,NA,NA,NA
"bgd","Bangladesh","1964",240.49,46.72,NA,NA,NA
"bgd","Bangladesh","1965",236.47,45.87,NA,NA,NA
"bgd","Bangladesh","1966",233.52,47.73,NA,NA,NA
"bgd","Bangladesh","1967",231.26,48.04,NA,NA,NA
"bgd","Bangladesh","1968",229.72,48.37,NA,NA,NA
"bgd","Bangladesh","1969",228.74,48.68,NA,NA,NA
"bgd","Bangladesh","1970",273.8,42.2,NA,NA,NA
"bgd","Bangladesh","1971",371.33,42.35,NA,NA,NA
"bgd","Bangladesh","1972",227.67,49.39,NA,NA,NA
"bgd","Bangladesh","1973",227.06,49.91,NA,NA,NA
"bgd","Bangladesh","1974",225.94,49.57,NA,NA,NA
"bgd","Bangladesh","1975",224.19,50.62,NA,NA,NA
"bgd","Bangladesh","1976",221.79,51.24,NA,NA,NA
"bgd","Bangladesh","1977",218.64,51.57,NA,NA,NA
"bgd","Bangladesh","1978",214.9,52.11,NA,NA,NA
"bgd","Bangladesh","1979",210.52,52.86,NA,NA,NA
"bgd","Bangladesh","1980",205.72,53.22,NA,NA,NA
"bgd","Bangladesh","1981",200.67,53.38,NA,NA,NA
"bgd","Bangladesh","1982",195.31,53.65,NA,NA,NA
"bgd","Bangladesh","1983",189.74,53.08,NA,NA,NA
"bgd","Bangladesh","1984",183.87,53.57,NA,NA,NA
"bgd","Bangladesh","1985",177.77,53.75,NA,NA,NA
"bgd","Bangladesh","1986",171.53,54.95,NA,NA,NA
"bgd","Bangladesh","1987",165.11,55.79,NA,NA,NA
"bgd","Bangladesh","1988",158.75,56.48,NA,NA,NA
"bgd","Bangladesh","1989",152.43,57.68,NA,NA,NA
"bgd","Bangladesh","1990",146.15,58.19,NA,NA,NA
"bgd","Bangladesh","1991",139.84,56.79,NA,NA,NA
"bgd","Bangladesh","1992",133.51,60.24,NA,NA,NA
"bgd","Bangladesh","1993",127.18,61.03,NA,NA,NA
"bgd","Bangladesh","1994",120.92,61.79,NA,NA,NA
"bgd","Bangladesh","1995",114.7,62.24,NA,NA,NA
"bgd","Bangladesh","1996",108.58,63.08,NA,NA,NA
"bgd","Bangladesh","1997",102.58,63.84,NA,NA,NA
"bgd","Bangladesh","1998",96.83,64.52,NA,NA,NA
"bgd","Bangladesh","1999",91.28,65.11,NA,NA,NA
"bgd","Bangladesh","2000",86.04,65.47,NA,NA,NA
"bgd","Bangladesh","2001",81.13,65.99,NA,NA,NA
"bgd","Bangladesh","2002",76.53,66.34,NA,NA,NA
"bgd","Bangladesh","2003",72.26,66.66,NA,NA,NA
"bgd","Bangladesh","2004",68.28,67.12,NA,NA,NA
"bgd","Bangladesh","2005",64.55,67.44,NA,NA,NA
"bgd","Bangladesh","2006",61.04,67.79,NA,NA,NA
"bgd","Bangladesh","2007",57.75,68.22,NA,NA,NA
"bgd","Bangladesh","2008",54.66,68.98,NA,NA,NA
"bgd","Bangladesh","2009",51.8,69.58,NA,NA,NA
"bgd","Bangladesh","2010",49.15,70.04,NA,NA,NA
"bgd","Bangladesh","2011",46.68,71.14,NA,NA,NA
"bgd","Bangladesh","2012",44.37,72.26,NA,NA,NA
"bgd","Bangladesh","2013",42.18,72.81,NA,NA,NA
"bgd","Bangladesh","2014",40.09,73.05,NA,NA,NA
"bgd","Bangladesh","2015",38.07,73.59,NA,NA,NA
"bgd","Bangladesh","2016",36.11,73.91,NA,NA,NA
"bgd","Bangladesh","2017",34.22,73.9,NA,NA,NA
"bgd","Bangladesh","2018",32.4,74.24,NA,NA,NA
"bgd","Bangladesh","2019",30.67,74.55,NA,NA,NA
"bgd","Bangladesh","2020",29.1,73.7,NA,NA,NA
"bgd","Bangladesh","2021",27.66,74.12,NA,NA,NA
"bgd","Bangladesh","2022",25.21,75.47,NA,NA,NA
"bgd","Bangladesh","2023",24.03,75.76,NA,NA,NA
"bgd","Bangladesh","2024",22.88,76.05,NA,NA,NA
"bgd","Bangladesh","2025",21.83,76.33,NA,NA,NA
"bgr","Bulgaria","1915",271.85,43.85,NA,NA,NA
"bgr","Bulgaria","1916",270.22,43.91,NA,NA,NA
"bgr","Bulgaria","1917",268.58,43.99,NA,NA,NA
"bgr","Bulgaria","1918",267.93,33.58,NA,NA,NA
"bgr","Bulgaria","1919",266.31,44.13,NA,NA,NA
"bgr","Bulgaria","1920",264.69,44.19,NA,NA,NA
"bgr","Bulgaria","1921",263.07,44.27,NA,NA,NA
"bgr","Bulgaria","1922",262.43,44.34,NA,NA,NA
"bgr","Bulgaria","1923",260.82,44.4,NA,NA,NA
"bgr","Bulgaria","1924",258.26,44.63,NA,NA,NA
"bgr","Bulgaria","1925",254.76,44.87,NA,NA,NA
"bgr","Bulgaria","1926",252.26,45.09,NA,NA,NA
"bgr","Bulgaria","1927",244.15,45.84,NA,NA,NA
"bgr","Bulgaria","1928",237.13,46.58,NA,NA,NA
"bgr","Bulgaria","1929",229.31,47.32,NA,NA,NA
"bgr","Bulgaria","1930",222.51,48.07,NA,NA,NA
"bgr","Bulgaria","1931",217.55,48.56,NA,NA,NA
"bgr","Bulgaria","1932",212.67,49.06,NA,NA,NA
"bgr","Bulgaria","1933",207.84,49.55,NA,NA,NA
"bgr","Bulgaria","1934",203.08,50.05,NA,NA,NA
"bgr","Bulgaria","1935",198.37,50.54,NA,NA,NA
"bgr","Bulgaria","1936",193.73,51.03,NA,NA,NA
"bgr","Bulgaria","1937",189.14,51.53,NA,NA,NA
"bgr","Bulgaria","1938",191.75,51.75,NA,NA,NA
"bgr","Bulgaria","1939",194.39,51.98,NA,NA,NA
"bgr","Bulgaria","1940",197.06,52.2,NA,NA,NA
"bgr","Bulgaria","1941",199.78,52.42,NA,NA,NA
"bgr","Bulgaria","1942",202.53,51.71,NA,NA,NA
"bgr","Bulgaria","1943",205.32,51.22,NA,NA,NA
"bgr","Bulgaria","1944",208.15,49.73,NA,NA,NA
"bgr","Bulgaria","1945",211.02,51.71,NA,NA,NA
"bgr","Bulgaria","1946",213.92,53.3,NA,NA,NA
"bgr","Bulgaria","1947",216.87,53.77,NA,NA,NA
"bgr","Bulgaria","1948",200.12,55.47,NA,NA,NA
"bgr","Bulgaria","1949",178.99,57.59,NA,NA,NA
"bgr","Bulgaria","1950",148.18,61.04,NA,NA,NA
"bgr","Bulgaria","1951",155.76,60.2,NA,NA,NA
"bgr","Bulgaria","1952",156.13,60.07,NA,NA,NA
"bgr","Bulgaria","1953",121.1,64.04,NA,NA,NA
"bgr","Bulgaria","1954",125.6,64.57,NA,NA,NA
"bgr","Bulgaria","1955",126.94,64.92,NA,NA,NA
"bgr","Bulgaria","1956",109.17,65.67,NA,NA,NA
"bgr","Bulgaria","1957",100.1,66.82,NA,NA,NA
"bgr","Bulgaria","1958",79.27,68.69,NA,NA,NA
"bgr","Bulgaria","1959",83.17,67.17,NA,NA,NA
"bgr","Bulgaria","1960",66.8,69.39,NA,NA,NA
"bgr","Bulgaria","1961",55.34,70.28,NA,NA,NA
"bgr","Bulgaria","1962",53.12,70,NA,NA,NA
"bgr","Bulgaria","1963",44.53,70.55,NA,NA,NA
"bgr","Bulgaria","1964",41.05,71.34,NA,NA,NA
"bgr","Bulgaria","1965",37.68,71.52,NA,NA,NA
"bgr","Bulgaria","1966",37.02,71.36,NA,NA,NA
"bgr","Bulgaria","1967",36.37,70.94,NA,NA,NA
"bgr","Bulgaria","1968",35.46,71.38,NA,NA,NA
"bgr","Bulgaria","1969",34.14,70.72,NA,NA,NA
"bgr","Bulgaria","1970",32.51,71.47,NA,NA,NA
"bgr","Bulgaria","1971",31.01,71,NA,NA,NA
"bgr","Bulgaria","1972",30.05,71.14,NA,NA,NA
"bgr","Bulgaria","1973",29.53,71.51,NA,NA,NA
"bgr","Bulgaria","1974",29.15,71.28,NA,NA,NA
"bgr","Bulgaria","1975",28.7,71.26,NA,NA,NA
"bgr","Bulgaria","1976",28.06,71.42,NA,NA,NA
"bgr","Bulgaria","1977",27.13,70.95,NA,NA,NA
"bgr","Bulgaria","1978",26.01,71.16,NA,NA,NA
"bgr","Bulgaria","1979",24.88,71.14,NA,NA,NA
"bgr","Bulgaria","1980",23.85,71.22,NA,NA,NA
"bgr","Bulgaria","1981",22.96,71.31,NA,NA,NA
"bgr","Bulgaria","1982",22.23,70.96,NA,NA,NA
"bgr","Bulgaria","1983",21.53,70.88,NA,NA,NA
"bgr","Bulgaria","1984",20.68,70.55,NA,NA,NA
"bgr","Bulgaria","1985",19.67,70.36,NA,NA,NA
"bgr","Bulgaria","1986",18.72,70.38,NA,NA,NA
"bgr","Bulgaria","1987",18.04,70.29,NA,NA,NA
"bgr","Bulgaria","1988",17.73,70.09,NA,NA,NA
"bgr","Bulgaria","1989",17.86,70.08,NA,NA,NA
"bgr","Bulgaria","1990",18.39,70.08,NA,NA,NA
"bgr","Bulgaria","1991",18.96,70.12,NA,NA,NA
"bgr","Bulgaria","1992",19.19,69.85,NA,NA,NA
"bgr","Bulgaria","1993",19.16,69.72,NA,NA,NA
"bgr","Bulgaria","1994",19.15,69.3,NA,NA,NA
"bgr","Bulgaria","1995",19.29,69.42,NA,NA,NA
"bgr","Bulgaria","1996",19.39,69.31,NA,NA,NA
"bgr","Bulgaria","1997",19.25,68.91,NA,NA,NA
"bgr","Bulgaria","1998",18.85,69.44,NA,NA,NA
"bgr","Bulgaria","1999",18.25,69.96,NA,NA,NA
"bgr","Bulgaria","2000",17.52,70.16,NA,NA,NA
"bgr","Bulgaria","2001",16.73,70.43,NA,NA,NA
"bgr","Bulgaria","2002",15.95,70.71,NA,NA,NA
"bgr","Bulgaria","2003",15.13,70.93,NA,NA,NA
"bgr","Bulgaria","2004",14.23,71.05,NA,NA,NA
"bgr","Bulgaria","2005",13.26,71.12,NA,NA,NA
"bgr","Bulgaria","2006",12.41,71.21,NA,NA,NA
"bgr","Bulgaria","2007",11.82,71.55,NA,NA,NA
"bgr","Bulgaria","2008",11.43,71.87,NA,NA,NA
"bgr","Bulgaria","2009",11.11,72.11,NA,NA,NA
"bgr","Bulgaria","2010",10.78,72.34,NA,NA,NA
"bgr","Bulgaria","2011",10.37,72.65,NA,NA,NA
"bgr","Bulgaria","2012",9.84,73,NA,NA,NA
"bgr","Bulgaria","2013",9.25,73.27,NA,NA,NA
"bgr","Bulgaria","2014",8.69,73.04,NA,NA,NA
"bgr","Bulgaria","2015",8.18,73.24,NA,NA,NA
"bgr","Bulgaria","2016",7.74,73.31,NA,NA,NA
"bgr","Bulgaria","2017",7.34,73.34,NA,NA,NA
"bgr","Bulgaria","2018",6.96,73.3,NA,NA,NA
"bgr","Bulgaria","2019",6.56,73.35,NA,NA,NA
"bgr","Bulgaria","2020",6.31,71.96,NA,NA,NA
"bgr","Bulgaria","2021",6.07,70.16,NA,NA,NA
"bgr","Bulgaria","2022",6.23,69.9,NA,NA,NA
"bgr","Bulgaria","2023",6.51,71.18,NA,NA,NA
"bgr","Bulgaria","2024",5.72,74.17,NA,NA,NA
"bgr","Bulgaria","2025",5.54,74.33,NA,NA,NA
"bhr","Bahrain","1915",426.89,34.95,NA,NA,NA
"bhr","Bahrain","1916",425.86,35.03,NA,NA,NA
"bhr","Bahrain","1917",424.83,35.1,NA,NA,NA
"bhr","Bahrain","1918",423.79,29.16,NA,NA,NA
"bhr","Bahrain","1919",422.76,35.24,NA,NA,NA
"bhr","Bahrain","1920",421.73,35.31,NA,NA,NA
"bhr","Bahrain","1921",420.7,35.38,NA,NA,NA
"bhr","Bahrain","1922",419.67,35.46,NA,NA,NA
"bhr","Bahrain","1923",418.63,35.53,NA,NA,NA
"bhr","Bahrain","1924",417.6,35.6,NA,NA,NA
"bhr","Bahrain","1925",416.57,35.67,NA,NA,NA
"bhr","Bahrain","1926",415.54,35.74,NA,NA,NA
"bhr","Bahrain","1927",414.51,35.81,NA,NA,NA
"bhr","Bahrain","1928",413.47,35.89,NA,NA,NA
"bhr","Bahrain","1929",412.44,35.96,NA,NA,NA
"bhr","Bahrain","1930",411.41,36.03,NA,NA,NA
"bhr","Bahrain","1931",395.61,36.1,NA,NA,NA
"bhr","Bahrain","1932",379.88,36.17,NA,NA,NA
"bhr","Bahrain","1933",364.22,36.24,NA,NA,NA
"bhr","Bahrain","1934",348.64,36.31,NA,NA,NA
"bhr","Bahrain","1935",333.13,36.39,NA,NA,NA
"bhr","Bahrain","1936",310.96,37.32,NA,NA,NA
"bhr","Bahrain","1937",289.66,38.28,NA,NA,NA
"bhr","Bahrain","1938",268.3,39.22,NA,NA,NA
"bhr","Bahrain","1939",248.61,40.18,NA,NA,NA
"bhr","Bahrain","1940",229.66,41.13,NA,NA,NA
"bhr","Bahrain","1941",211.48,42.09,NA,NA,NA
"bhr","Bahrain","1942",193.37,43.04,NA,NA,NA
"bhr","Bahrain","1943",176.63,43.99,NA,NA,NA
"bhr","Bahrain","1944",160.57,44.94,NA,NA,NA
"bhr","Bahrain","1945",145.17,45.89,NA,NA,NA
"bhr","Bahrain","1946",129.98,46.87,NA,NA,NA
"bhr","Bahrain","1947",118.95,47.83,NA,NA,NA
"bhr","Bahrain","1948",107.92,48.81,NA,NA,NA
"bhr","Bahrain","1949",96.89,49.78,NA,NA,NA
"bhr","Bahrain","1950",85.85,50.74,NA,NA,NA
"bhr","Bahrain","1951",85.3,51.04,NA,NA,NA
"bhr","Bahrain","1952",84,51.07,NA,NA,NA
"bhr","Bahrain","1953",98.52,52.12,NA,NA,NA
"bhr","Bahrain","1954",96,52.82,NA,NA,NA
"bhr","Bahrain","1955",302.38,53.41,NA,NA,NA
"bhr","Bahrain","1956",105,53.76,NA,NA,NA
"bhr","Bahrain","1957",255.61,54.87,NA,NA,NA
"bhr","Bahrain","1958",114,55.7,NA,NA,NA
"bhr","Bahrain","1959",215.88,56.38,NA,NA,NA
"bhr","Bahrain","1960",99,57.27,NA,NA,NA
"bhr","Bahrain","1961",181.16,58.06,NA,NA,NA
"bhr","Bahrain","1962",165.59,58.79,NA,NA,NA
"bhr","Bahrain","1963",151.13,59.51,NA,NA,NA
"bhr","Bahrain","1964",137.74,60.22,NA,NA,NA
"bhr","Bahrain","1965",125.4,60.86,NA,NA,NA
"bhr","Bahrain","1966",113.95,61.53,NA,NA,NA
"bhr","Bahrain","1967",103.27,62.14,NA,NA,NA
"bhr","Bahrain","1968",93.52,62.86,NA,NA,NA
"bhr","Bahrain","1969",84.49,63.52,NA,NA,NA
"bhr","Bahrain","1970",76.32,64.18,NA,NA,NA
"bhr","Bahrain","1971",68.91,64.9,NA,NA,NA
"bhr","Bahrain","1972",62.35,65.4,NA,NA,NA
"bhr","Bahrain","1973",56.52,65.99,NA,NA,NA
"bhr","Bahrain","1974",51.47,66.44,NA,NA,NA
"bhr","Bahrain","1975",47.04,66.84,NA,NA,NA
"bhr","Bahrain","1976",43.21,67.17,NA,NA,NA
"bhr","Bahrain","1977",39.88,67.53,NA,NA,NA
"bhr","Bahrain","1978",36.96,66.92,NA,NA,NA
"bhr","Bahrain","1979",34.43,68.16,NA,NA,NA
"bhr","Bahrain","1980",32.23,68.36,NA,NA,NA
"bhr","Bahrain","1981",30.34,68.73,NA,NA,NA
"bhr","Bahrain","1982",28.73,68.98,NA,NA,NA
"bhr","Bahrain","1983",27.32,69.16,NA,NA,NA
"bhr","Bahrain","1984",26.06,69.22,NA,NA,NA
"bhr","Bahrain","1985",25.02,69.43,NA,NA,NA
"bhr","Bahrain","1986",24.23,69.02,NA,NA,NA
"bhr","Bahrain","1987",23.69,69.39,NA,NA,NA
"bhr","Bahrain","1988",23.36,69.43,NA,NA,NA
"bhr","Bahrain","1989",23.18,69.5,NA,NA,NA
"bhr","Bahrain","1990",22.99,69.53,NA,NA,NA
"bhr","Bahrain","1991",22.67,69.55,NA,NA,NA
"bhr","Bahrain","1992",22.06,69.75,NA,NA,NA
"bhr","Bahrain","1993",21.06,70.08,NA,NA,NA
"bhr","Bahrain","1994",19.69,70.35,NA,NA,NA
"bhr","Bahrain","1995",18.15,70.55,NA,NA,NA
"bhr","Bahrain","1996",16.6,70.68,NA,NA,NA
"bhr","Bahrain","1997",15.2,70.92,NA,NA,NA
"bhr","Bahrain","1998",14.04,71.05,NA,NA,NA
"bhr","Bahrain","1999",13.15,71.2,NA,NA,NA
"bhr","Bahrain","2000",12.48,71.68,NA,NA,NA
"bhr","Bahrain","2001",11.97,73.41,NA,NA,NA
"bhr","Bahrain","2002",11.59,72.68,NA,NA,NA
"bhr","Bahrain","2003",11.27,72.15,NA,NA,NA
"bhr","Bahrain","2004",10.96,72.31,NA,NA,NA
"bhr","Bahrain","2005",10.62,72.66,NA,NA,NA
"bhr","Bahrain","2006",10.23,72.95,NA,NA,NA
"bhr","Bahrain","2007",9.8,73.59,NA,NA,NA
"bhr","Bahrain","2008",9.34,74.01,NA,NA,NA
"bhr","Bahrain","2009",8.9,74.49,NA,NA,NA
"bhr","Bahrain","2010",8.51,74.96,NA,NA,NA
"bhr","Bahrain","2011",8.21,75.32,NA,NA,NA
"bhr","Bahrain","2012",7.98,75.73,NA,NA,NA
"bhr","Bahrain","2013",7.81,76.16,NA,NA,NA
"bhr","Bahrain","2014",7.69,76.57,NA,NA,NA
"bhr","Bahrain","2015",7.58,76.75,NA,NA,NA
"bhr","Bahrain","2016",7.46,76.8,NA,NA,NA
"bhr","Bahrain","2017",7.31,76.76,NA,NA,NA
"bhr","Bahrain","2018",7.14,76.98,NA,NA,NA
"bhr","Bahrain","2019",6.96,77.03,NA,NA,NA
"bhr","Bahrain","2020",6.76,76.22,NA,NA,NA
"bhr","Bahrain","2021",6.57,75.82,NA,NA,NA
"bhr","Bahrain","2022",6.34,76.29,NA,NA,NA
"bhr","Bahrain","2023",6.09,77.68,NA,NA,NA
"bhr","Bahrain","2024",5.9,77.83,NA,NA,NA
"bhr","Bahrain","2025",5.73,77.98,NA,NA,NA
"bhs","Bahamas","1915",173.74,34.91,NA,NA,NA
"bhs","Bahamas","1916",172.24,34.91,NA,NA,NA
"bhs","Bahamas","1917",170.75,34.9,NA,NA,NA
"bhs","Bahamas","1918",169.27,22.64,NA,NA,NA
"bhs","Bahamas","1919",167.81,34.89,NA,NA,NA
"bhs","Bahamas","1920",166.36,34.89,NA,NA,NA
"bhs","Bahamas","1921",164.93,34.89,NA,NA,NA
"bhs","Bahamas","1922",163.5,35.71,NA,NA,NA
"bhs","Bahamas","1923",162.09,36.51,NA,NA,NA
"bhs","Bahamas","1924",160.69,37.33,NA,NA,NA
"bhs","Bahamas","1925",159.3,38.15,NA,NA,NA
"bhs","Bahamas","1926",157.93,38.97,NA,NA,NA
"bhs","Bahamas","1927",156.56,39.78,NA,NA,NA
"bhs","Bahamas","1928",155.21,40.59,NA,NA,NA
"bhs","Bahamas","1929",153.87,41.41,NA,NA,NA
"bhs","Bahamas","1930",152.54,42.23,NA,NA,NA
"bhs","Bahamas","1931",146.51,43.04,NA,NA,NA
"bhs","Bahamas","1932",140.57,43.85,NA,NA,NA
"bhs","Bahamas","1933",134.73,44.67,NA,NA,NA
"bhs","Bahamas","1934",128.97,45.49,NA,NA,NA
"bhs","Bahamas","1935",123.31,46.3,NA,NA,NA
"bhs","Bahamas","1936",117.73,47.11,NA,NA,NA
"bhs","Bahamas","1937",112.24,47.92,NA,NA,NA
"bhs","Bahamas","1938",106.83,48.74,NA,NA,NA
"bhs","Bahamas","1939",101.51,49.56,NA,NA,NA
"bhs","Bahamas","1940",96.28,50.36,NA,NA,NA
"bhs","Bahamas","1941",91.13,51.14,NA,NA,NA
"bhs","Bahamas","1942",86.05,51.9,NA,NA,NA
"bhs","Bahamas","1943",81.06,52.68,NA,NA,NA
"bhs","Bahamas","1944",76.15,53.43,NA,NA,NA
"bhs","Bahamas","1945",71.32,54.21,NA,NA,NA
"bhs","Bahamas","1946",66.57,54.97,NA,NA,NA
"bhs","Bahamas","1947",61.89,55.75,NA,NA,NA
"bhs","Bahamas","1948",57.29,56.51,NA,NA,NA
"bhs","Bahamas","1949",52.76,57.28,NA,NA,NA
"bhs","Bahamas","1950",48.31,58.05,NA,NA,NA
"bhs","Bahamas","1951",47.25,58.46,NA,NA,NA
"bhs","Bahamas","1952",46.21,58.85,NA,NA,NA
"bhs","Bahamas","1953",45.18,59.24,NA,NA,NA
"bhs","Bahamas","1954",44.13,59.63,NA,NA,NA
"bhs","Bahamas","1955",43.11,60.03,NA,NA,NA
"bhs","Bahamas","1956",42.08,60.42,NA,NA,NA
"bhs","Bahamas","1957",41.1,60.79,NA,NA,NA
"bhs","Bahamas","1958",40.17,61.15,NA,NA,NA
"bhs","Bahamas","1959",39.19,61.53,NA,NA,NA
"bhs","Bahamas","1960",38.15,61.93,NA,NA,NA
"bhs","Bahamas","1961",37.11,62.66,NA,NA,NA
"bhs","Bahamas","1962",36.08,63.12,NA,NA,NA
"bhs","Bahamas","1963",35.06,63.56,NA,NA,NA
"bhs","Bahamas","1964",34,64.43,NA,NA,NA
"bhs","Bahamas","1965",32.99,63.28,NA,NA,NA
"bhs","Bahamas","1966",32.12,64.56,NA,NA,NA
"bhs","Bahamas","1967",30.84,64.44,NA,NA,NA
"bhs","Bahamas","1968",29.43,64.73,NA,NA,NA
"bhs","Bahamas","1969",29.95,65.09,NA,NA,NA
"bhs","Bahamas","1970",30.45,65.4,NA,NA,NA
"bhs","Bahamas","1971",30.92,65.75,NA,NA,NA
"bhs","Bahamas","1972",31.3,66.29,NA,NA,NA
"bhs","Bahamas","1973",31.54,66.79,NA,NA,NA
"bhs","Bahamas","1974",31.6,67.49,NA,NA,NA
"bhs","Bahamas","1975",31.48,68.21,NA,NA,NA
"bhs","Bahamas","1976",31.23,68.43,NA,NA,NA
"bhs","Bahamas","1977",30.86,68.4,NA,NA,NA
"bhs","Bahamas","1978",30.41,68.5,NA,NA,NA
"bhs","Bahamas","1979",29.92,68.57,NA,NA,NA
"bhs","Bahamas","1980",29.44,68.62,NA,NA,NA
"bhs","Bahamas","1981",29.01,68.74,NA,NA,NA
"bhs","Bahamas","1982",28.67,69.38,NA,NA,NA
"bhs","Bahamas","1983",28.39,70.05,NA,NA,NA
"bhs","Bahamas","1984",28.12,70.35,NA,NA,NA
"bhs","Bahamas","1985",27.82,70.21,NA,NA,NA
"bhs","Bahamas","1986",27.32,70.04,NA,NA,NA
"bhs","Bahamas","1987",26.58,70.16,NA,NA,NA
"bhs","Bahamas","1988",25.63,70.44,NA,NA,NA
"bhs","Bahamas","1989",24.57,70.6,NA,NA,NA
"bhs","Bahamas","1990",23.46,70.86,NA,NA,NA
"bhs","Bahamas","1991",22.38,71.04,NA,NA,NA
"bhs","Bahamas","1992",21.33,71.01,NA,NA,NA
"bhs","Bahamas","1993",20.32,70.72,NA,NA,NA
"bhs","Bahamas","1994",19.36,70.54,NA,NA,NA
"bhs","Bahamas","1995",18.47,70.77,NA,NA,NA
"bhs","Bahamas","1996",17.67,70.4,NA,NA,NA
"bhs","Bahamas","1997",17.01,71.1,NA,NA,NA
"bhs","Bahamas","1998",16.54,71.41,NA,NA,NA
"bhs","Bahamas","1999",16.3,70.77,NA,NA,NA
"bhs","Bahamas","2000",16.25,71.25,NA,NA,NA
"bhs","Bahamas","2001",16.35,71.26,NA,NA,NA
"bhs","Bahamas","2002",16.52,71.9,NA,NA,NA
"bhs","Bahamas","2003",16.71,72.41,NA,NA,NA
"bhs","Bahamas","2004",16.83,72.42,NA,NA,NA
"bhs","Bahamas","2005",16.84,73.18,NA,NA,NA
"bhs","Bahamas","2006",16.73,73.01,NA,NA,NA
"bhs","Bahamas","2007",16.51,73.61,NA,NA,NA
"bhs","Bahamas","2008",16.22,73.49,NA,NA,NA
"bhs","Bahamas","2009",15.89,73.2,NA,NA,NA
"bhs","Bahamas","2010",15.55,73.24,NA,NA,NA
"bhs","Bahamas","2011",15.21,73.22,NA,NA,NA
"bhs","Bahamas","2012",14.89,73.3,NA,NA,NA
"bhs","Bahamas","2013",14.58,73.5,NA,NA,NA
"bhs","Bahamas","2014",14.28,73.59,NA,NA,NA
"bhs","Bahamas","2015",13.99,73.35,NA,NA,NA
"bhs","Bahamas","2016",13.68,73.68,NA,NA,NA
"bhs","Bahamas","2017",13.34,73.77,NA,NA,NA
"bhs","Bahamas","2018",12.99,73.84,NA,NA,NA
"bhs","Bahamas","2019",22.45,73.36,NA,NA,NA
"bhs","Bahamas","2020",11.71,74.88,NA,NA,NA
"bhs","Bahamas","2021",11.34,73.77,NA,NA,NA
"bhs","Bahamas","2022",11.37,76.61,NA,NA,NA
"bhs","Bahamas","2023",11.13,76.75,NA,NA,NA
"bhs","Bahamas","2024",10.89,76.89,NA,NA,NA
"bhs","Bahamas","2025",10.65,77.04,NA,NA,NA
"bih","Bosnia and Herzegovina","1915",367.68,34.47,NA,NA,NA
"bih","Bosnia and Herzegovina","1916",366.8,34.46,NA,NA,NA
"bih","Bosnia and Herzegovina","1917",365.91,34.45,NA,NA,NA
"bih","Bosnia and Herzegovina","1918",365.02,18.9,NA,NA,NA
"bih","Bosnia and Herzegovina","1919",364.13,34.43,NA,NA,NA
"bih","Bosnia and Herzegovina","1920",363.24,34.42,NA,NA,NA
"bih","Bosnia and Herzegovina","1921",356.62,34.94,NA,NA,NA
"bih","Bosnia and Herzegovina","1922",348.93,35.47,NA,NA,NA
"bih","Bosnia and Herzegovina","1923",342.49,35.99,NA,NA,NA
"bih","Bosnia and Herzegovina","1924",335.02,36.51,NA,NA,NA
"bih","Bosnia and Herzegovina","1925",328.74,37.03,NA,NA,NA
"bih","Bosnia and Herzegovina","1926",321.49,37.55,NA,NA,NA
"bih","Bosnia and Herzegovina","1927",315.37,38.08,NA,NA,NA
"bih","Bosnia and Herzegovina","1928",308.31,38.6,NA,NA,NA
"bih","Bosnia and Herzegovina","1929",302.35,39.12,NA,NA,NA
"bih","Bosnia and Herzegovina","1930",296.5,39.64,NA,NA,NA
"bih","Bosnia and Herzegovina","1931",289.84,40.16,NA,NA,NA
"bih","Bosnia and Herzegovina","1932",284.58,40.68,NA,NA,NA
"bih","Bosnia and Herzegovina","1933",278.67,41.2,NA,NA,NA
"bih","Bosnia and Herzegovina","1934",274.07,41.72,NA,NA,NA
"bih","Bosnia and Herzegovina","1935",268.81,42.24,NA,NA,NA
"bih","Bosnia and Herzegovina","1936",264.82,42.76,NA,NA,NA
"bih","Bosnia and Herzegovina","1937",261.1,43.28,NA,NA,NA
"bih","Bosnia and Herzegovina","1938",256.67,43.79,NA,NA,NA
"bih","Bosnia and Herzegovina","1939",253.45,44.32,NA,NA,NA
"bih","Bosnia and Herzegovina","1940",249.48,44.83,NA,NA,NA
"bih","Bosnia and Herzegovina","1941",246.7,30.69,NA,NA,NA
"bih","Bosnia and Herzegovina","1942",243.14,27.03,NA,NA,NA
"bih","Bosnia and Herzegovina","1943",240.73,23.52,NA,NA,NA
"bih","Bosnia and Herzegovina","1944",237.52,21.64,NA,NA,NA
"bih","Bosnia and Herzegovina","1945",235.4,25.75,NA,NA,NA
"bih","Bosnia and Herzegovina","1946",233.42,40.55,NA,NA,NA
"bih","Bosnia and Herzegovina","1947",230.62,48.43,NA,NA,NA
"bih","Bosnia and Herzegovina","1948",228.88,49.5,NA,NA,NA
"bih","Bosnia and Herzegovina","1949",226.28,50.27,NA,NA,NA
"bih","Bosnia and Herzegovina","1950",224.74,51.06,NA,NA,NA
"bih","Bosnia and Herzegovina","1951",221.41,49.18,NA,NA,NA
"bih","Bosnia and Herzegovina","1952",214.37,53.67,NA,NA,NA
"bih","Bosnia and Herzegovina","1953",207.12,53.64,NA,NA,NA
"bih","Bosnia and Herzegovina","1954",199.73,56.59,NA,NA,NA
"bih","Bosnia and Herzegovina","1955",192.25,55.53,NA,NA,NA
"bih","Bosnia and Herzegovina","1956",184.74,57.13,NA,NA,NA
"bih","Bosnia and Herzegovina","1957",177.26,57.52,NA,NA,NA
"bih","Bosnia and Herzegovina","1958",169.87,61.17,NA,NA,NA
"bih","Bosnia and Herzegovina","1959",162.64,60.71,NA,NA,NA
"bih","Bosnia and Herzegovina","1960",155.61,61.27,NA,NA,NA
"bih","Bosnia and Herzegovina","1961",145.54,63,NA,NA,NA
"bih","Bosnia and Herzegovina","1962",136.29,62.22,NA,NA,NA
"bih","Bosnia and Herzegovina","1963",127.66,63.53,NA,NA,NA
"bih","Bosnia and Herzegovina","1964",119.64,63.36,NA,NA,NA
"bih","Bosnia and Herzegovina","1965",112.22,64.15,NA,NA,NA
"bih","Bosnia and Herzegovina","1966",105.24,65.83,NA,NA,NA
"bih","Bosnia and Herzegovina","1967",98.57,65.29,NA,NA,NA
"bih","Bosnia and Herzegovina","1968",92.12,65.52,NA,NA,NA
"bih","Bosnia and Herzegovina","1969",85.86,65.05,NA,NA,NA
"bih","Bosnia and Herzegovina","1970",79.7,65.92,NA,NA,NA
"bih","Bosnia and Herzegovina","1971",73.61,66.58,NA,NA,NA
"bih","Bosnia and Herzegovina","1972",67.86,66.73,NA,NA,NA
"bih","Bosnia and Herzegovina","1973",62.54,67.6,NA,NA,NA
"bih","Bosnia and Herzegovina","1974",57.67,68.14,NA,NA,NA
"bih","Bosnia and Herzegovina","1975",53.3,68.31,NA,NA,NA
"bih","Bosnia and Herzegovina","1976",49.45,68.94,NA,NA,NA
"bih","Bosnia and Herzegovina","1977",46.08,69.22,NA,NA,NA
"bih","Bosnia and Herzegovina","1978",43.13,69.23,NA,NA,NA
"bih","Bosnia and Herzegovina","1979",40.54,69.54,NA,NA,NA
"bih","Bosnia and Herzegovina","1980",38.2,69.74,NA,NA,NA
"bih","Bosnia and Herzegovina","1981",35.97,69.9,NA,NA,NA
"bih","Bosnia and Herzegovina","1982",33.77,69.98,NA,NA,NA
"bih","Bosnia and Herzegovina","1983",31.57,69.62,NA,NA,NA
"bih","Bosnia and Herzegovina","1984",29.38,70.2,NA,NA,NA
"bih","Bosnia and Herzegovina","1985",27.03,71.42,NA,NA,NA
"bih","Bosnia and Herzegovina","1986",24.91,71.87,NA,NA,NA
"bih","Bosnia and Herzegovina","1987",22.98,72.03,NA,NA,NA
"bih","Bosnia and Herzegovina","1988",21.22,72.23,NA,NA,NA
"bih","Bosnia and Herzegovina","1989",19.61,72.34,NA,NA,NA
"bih","Bosnia and Herzegovina","1990",18.14,73.21,NA,NA,NA
"bih","Bosnia and Herzegovina","1991",16.83,72.52,NA,NA,NA
"bih","Bosnia and Herzegovina","1992",35.48,68.07,NA,NA,NA
"bih","Bosnia and Herzegovina","1993",35.03,69.04,NA,NA,NA
"bih","Bosnia and Herzegovina","1994",26.12,70.69,NA,NA,NA
"bih","Bosnia and Herzegovina","1995",13.96,66.2,NA,NA,NA
"bih","Bosnia and Herzegovina","1996",12.21,73.51,NA,NA,NA
"bih","Bosnia and Herzegovina","1997",11.53,73.94,NA,NA,NA
"bih","Bosnia and Herzegovina","1998",10.9,74.92,NA,NA,NA
"bih","Bosnia and Herzegovina","1999",10.34,75.41,NA,NA,NA
"bih","Bosnia and Herzegovina","2000",9.89,75.46,NA,NA,NA
"bih","Bosnia and Herzegovina","2001",9.57,75.25,NA,NA,NA
"bih","Bosnia and Herzegovina","2002",9.35,75.06,NA,NA,NA
"bih","Bosnia and Herzegovina","2003",9.19,75.28,NA,NA,NA
"bih","Bosnia and Herzegovina","2004",9.05,75.47,NA,NA,NA
"bih","Bosnia and Herzegovina","2005",8.87,75.29,NA,NA,NA
"bih","Bosnia and Herzegovina","2006",8.61,75.56,NA,NA,NA
"bih","Bosnia and Herzegovina","2007",8.29,75.26,NA,NA,NA
"bih","Bosnia and Herzegovina","2008",7.92,75.9,NA,NA,NA
"bih","Bosnia and Herzegovina","2009",7.55,76.08,NA,NA,NA
"bih","Bosnia and Herzegovina","2010",7.2,76.31,NA,NA,NA
"bih","Bosnia and Herzegovina","2011",6.91,76.43,NA,NA,NA
"bih","Bosnia and Herzegovina","2012",6.68,76.66,NA,NA,NA
"bih","Bosnia and Herzegovina","2013",6.5,76.64,NA,NA,NA
"bih","Bosnia and Herzegovina","2014",6.36,76.67,NA,NA,NA
"bih","Bosnia and Herzegovina","2015",6.26,76.47,NA,NA,NA
"bih","Bosnia and Herzegovina","2016",6.18,76.66,NA,NA,NA
"bih","Bosnia and Herzegovina","2017",6.08,76.83,NA,NA,NA
"bih","Bosnia and Herzegovina","2018",5.98,76.87,NA,NA,NA
"bih","Bosnia and Herzegovina","2019",5.86,76.96,NA,NA,NA
"bih","Bosnia and Herzegovina","2020",5.72,75.95,NA,NA,NA
"bih","Bosnia and Herzegovina","2021",5.57,75.03,NA,NA,NA
"bih","Bosnia and Herzegovina","2022",5.56,75.02,NA,NA,NA
"bih","Bosnia and Herzegovina","2023",5.44,75.9,NA,NA,NA
"bih","Bosnia and Herzegovina","2024",4.85,77.75,NA,NA,NA
"bih","Bosnia and Herzegovina","2025",4.72,77.91,NA,NA,NA
"blr","Belarus","1915",264,38.61,NA,NA,NA
"blr","Belarus","1916",257.56,38.63,NA,NA,NA
"blr","Belarus","1917",251.18,36.58,NA,NA,NA
"blr","Belarus","1918",244.92,32.46,NA,NA,NA
"blr","Belarus","1919",238.73,34.54,NA,NA,NA
"blr","Belarus","1920",233.55,31.51,NA,NA,NA
"blr","Belarus","1921",227.53,34.94,NA,NA,NA
"blr","Belarus","1922",221.58,35.89,NA,NA,NA
"blr","Belarus","1923",215.73,45.14,NA,NA,NA
"blr","Belarus","1924",210.81,47.76,NA,NA,NA
"blr","Belarus","1925",205.13,46.85,NA,NA,NA
"blr","Belarus","1926",199.51,50.19,NA,NA,NA
"blr","Belarus","1927",193.97,49.28,NA,NA,NA
"blr","Belarus","1928",189.32,50.97,NA,NA,NA
"blr","Belarus","1929",183.89,49.02,NA,NA,NA
"blr","Belarus","1930",178.58,48.99,NA,NA,NA
"blr","Belarus","1931",181.04,50.06,NA,NA,NA
"blr","Belarus","1932",184,40.96,NA,NA,NA
"blr","Belarus","1933",185.74,27.1,NA,NA,NA
"blr","Belarus","1934",187.12,43.92,NA,NA,NA
"blr","Belarus","1935",188.14,54.22,NA,NA,NA
"blr","Belarus","1936",188.8,54.98,NA,NA,NA
"blr","Belarus","1937",190.12,53.7,NA,NA,NA
"blr","Belarus","1938",190.14,55.03,NA,NA,NA
"blr","Belarus","1939",189.87,54.85,NA,NA,NA
"blr","Belarus","1940",189.27,54.67,NA,NA,NA
"blr","Belarus","1941",189.41,20.92,NA,NA,NA
"blr","Belarus","1942",188.25,15.67,NA,NA,NA
"blr","Belarus","1943",186.78,14.62,NA,NA,NA
"blr","Belarus","1944",185.08,21.95,NA,NA,NA
"blr","Belarus","1945",184.17,31.39,NA,NA,NA
"blr","Belarus","1946",181.98,60.41,NA,NA,NA
"blr","Belarus","1947",179.53,49.88,NA,NA,NA
"blr","Belarus","1948",176.82,63.18,NA,NA,NA
"blr","Belarus","1949",175.06,66.13,NA,NA,NA
"blr","Belarus","1950",172.19,68.2,NA,NA,NA
"blr","Belarus","1951",164.08,68.3,NA,NA,NA
"blr","Belarus","1952",148.38,68.55,NA,NA,NA
"blr","Belarus","1953",133.52,68.81,NA,NA,NA
"blr","Belarus","1954",119.85,69.06,NA,NA,NA
"blr","Belarus","1955",107.43,69.35,NA,NA,NA
"blr","Belarus","1956",96.26,69.7,NA,NA,NA
"blr","Belarus","1957",86.35,69.98,NA,NA,NA
"blr","Belarus","1958",77.68,70.13,NA,NA,NA
"blr","Belarus","1959",70.2,69.71,NA,NA,NA
"blr","Belarus","1960",63.8,71.03,NA,NA,NA
"blr","Belarus","1961",58.37,71.48,NA,NA,NA
"blr","Belarus","1962",53.77,71.21,NA,NA,NA
"blr","Belarus","1963",49.82,71.8,NA,NA,NA
"blr","Belarus","1964",46.35,72.8,NA,NA,NA
"blr","Belarus","1965",43.29,72.61,NA,NA,NA
"blr","Belarus","1966",40.62,72.8,NA,NA,NA
"blr","Belarus","1967",38.38,72.61,NA,NA,NA
"blr","Belarus","1968",36.59,72.7,NA,NA,NA
"blr","Belarus","1969",35.19,72.45,NA,NA,NA
"blr","Belarus","1970",34.13,72.13,NA,NA,NA
"blr","Belarus","1971",33.4,72.36,NA,NA,NA
"blr","Belarus","1972",33,72.16,NA,NA,NA
"blr","Belarus","1973",28.96,72.27,NA,NA,NA
"blr","Belarus","1974",28.96,72.48,NA,NA,NA
"blr","Belarus","1975",29,71.88,NA,NA,NA
"blr","Belarus","1976",26.64,71.73,NA,NA,NA
"blr","Belarus","1977",26.55,71.59,NA,NA,NA
"blr","Belarus","1978",26.35,71.48,NA,NA,NA
"blr","Belarus","1979",26,71.2,NA,NA,NA
"blr","Belarus","1980",21.05,71.04,NA,NA,NA
"blr","Belarus","1981",20.2,71.25,NA,NA,NA
"blr","Belarus","1982",25,71.4,NA,NA,NA
"blr","Belarus","1983",18.74,71.2,NA,NA,NA
"blr","Belarus","1984",18.14,70.54,NA,NA,NA
"blr","Belarus","1985",22,71.06,NA,NA,NA
"blr","Belarus","1986",17,72.35,NA,NA,NA
"blr","Belarus","1987",26,72.15,NA,NA,NA
"blr","Belarus","1988",15.9,72.15,NA,NA,NA
"blr","Belarus","1989",15.46,71.63,NA,NA,NA
"blr","Belarus","1990",15.21,71.31,NA,NA,NA
"blr","Belarus","1991",15.19,70.84,NA,NA,NA
"blr","Belarus","1992",15.33,70.35,NA,NA,NA
"blr","Belarus","1993",15.53,69.29,NA,NA,NA
"blr","Belarus","1994",15.66,69.13,NA,NA,NA
"blr","Belarus","1995",15.66,68.68,NA,NA,NA
"blr","Belarus","1996",15.48,68.88,NA,NA,NA
"blr","Belarus","1997",15.08,68.69,NA,NA,NA
"blr","Belarus","1998",14.46,68.44,NA,NA,NA
"blr","Belarus","1999",13.66,68.18,NA,NA,NA
"blr","Belarus","2000",12.75,69.03,NA,NA,NA
"blr","Belarus","2001",11.82,68.57,NA,NA,NA
"blr","Belarus","2002",10.94,68.05,NA,NA,NA
"blr","Belarus","2003",10.14,68.58,NA,NA,NA
"blr","Belarus","2004",9.43,68.99,NA,NA,NA
"blr","Belarus","2005",8.74,68.85,NA,NA,NA
"blr","Belarus","2006",8.02,69.48,NA,NA,NA
"blr","Belarus","2007",7.3,70.36,NA,NA,NA
"blr","Belarus","2008",6.64,70.53,NA,NA,NA
"blr","Belarus","2009",6.07,70.62,NA,NA,NA
"blr","Belarus","2010",5.59,70.61,NA,NA,NA
"blr","Belarus","2011",5.19,70.54,NA,NA,NA
"blr","Belarus","2012",4.86,72.32,NA,NA,NA
"blr","Belarus","2013",4.57,72.76,NA,NA,NA
"blr","Belarus","2014",4.32,73.14,NA,NA,NA
"blr","Belarus","2015",4.09,73.66,NA,NA,NA
"blr","Belarus","2016",3.85,73.84,NA,NA,NA
"blr","Belarus","2017",3.62,73.84,NA,NA,NA
"blr","Belarus","2018",3.37,73.98,NA,NA,NA
"blr","Belarus","2019",3.13,74.02,NA,NA,NA
"blr","Belarus","2020",2.91,72.32,NA,NA,NA
"blr","Belarus","2021",2.72,72.24,NA,NA,NA
"blr","Belarus","2022",2.55,73.05,NA,NA,NA
"blr","Belarus","2023",2.87,74.83,NA,NA,NA
"blr","Belarus","2024",2.79,75.02,NA,NA,NA
"blr","Belarus","2025",2.7,75.21,NA,NA,NA
"blz","Belize","1915",205.23,29.51,NA,NA,NA
"blz","Belize","1916",203.77,30.09,NA,NA,NA
"blz","Belize","1917",202.32,30.66,NA,NA,NA
"blz","Belize","1918",200.88,27.11,NA,NA,NA
"blz","Belize","1919",199.45,31.79,NA,NA,NA
"blz","Belize","1920",198.02,32.37,NA,NA,NA
"blz","Belize","1921",196.61,32.94,NA,NA,NA
"blz","Belize","1922",195.21,33.51,NA,NA,NA
"blz","Belize","1923",193.82,34.07,NA,NA,NA
"blz","Belize","1924",192.44,34.65,NA,NA,NA
"blz","Belize","1925",191.07,35.22,NA,NA,NA
"blz","Belize","1926",189.71,35.79,NA,NA,NA
"blz","Belize","1927",188.35,36.36,NA,NA,NA
"blz","Belize","1928",187.01,36.94,NA,NA,NA
"blz","Belize","1929",185.68,37.5,NA,NA,NA
"blz","Belize","1930",184.35,38.07,NA,NA,NA
"blz","Belize","1931",181.55,38.64,NA,NA,NA
"blz","Belize","1932",178.77,39.22,NA,NA,NA
"blz","Belize","1933",176.03,39.79,NA,NA,NA
"blz","Belize","1934",173.32,40.36,NA,NA,NA
"blz","Belize","1935",170.63,41.3,NA,NA,NA
"blz","Belize","1936",167.98,42.23,NA,NA,NA
"blz","Belize","1937",165.35,43.18,NA,NA,NA
"blz","Belize","1938",162.75,44.11,NA,NA,NA
"blz","Belize","1939",160.18,45.05,NA,NA,NA
"blz","Belize","1940",157.64,45.99,NA,NA,NA
"blz","Belize","1941",155.13,46.94,NA,NA,NA
"blz","Belize","1942",152.65,47.88,NA,NA,NA
"blz","Belize","1943",150.19,48.83,NA,NA,NA
"blz","Belize","1944",147.76,49.77,NA,NA,NA
"blz","Belize","1945",145.36,50.72,NA,NA,NA
"blz","Belize","1946",142.98,51.65,NA,NA,NA
"blz","Belize","1947",140.64,52.61,NA,NA,NA
"blz","Belize","1948",138.31,53.56,NA,NA,NA
"blz","Belize","1949",136.02,54.5,NA,NA,NA
"blz","Belize","1950",133.74,55.45,NA,NA,NA
"blz","Belize","1951",115.07,56.04,NA,NA,NA
"blz","Belize","1952",96.45,56.87,NA,NA,NA
"blz","Belize","1953",93.15,57.62,NA,NA,NA
"blz","Belize","1954",116.31,58.13,NA,NA,NA
"blz","Belize","1955",108.74,58.84,NA,NA,NA
"blz","Belize","1956",83.18,60.47,NA,NA,NA
"blz","Belize","1957",117.23,61,NA,NA,NA
"blz","Belize","1958",99.37,61.88,NA,NA,NA
"blz","Belize","1959",87.1,62.91,NA,NA,NA
"blz","Belize","1960",86.51,63.93,NA,NA,NA
"blz","Belize","1961",80.23,57.9,NA,NA,NA
"blz","Belize","1962",102.63,64.86,NA,NA,NA
"blz","Belize","1963",81.77,65.52,NA,NA,NA
"blz","Belize","1964",79.25,66.05,NA,NA,NA
"blz","Belize","1965",71.15,66.43,NA,NA,NA
"blz","Belize","1966",75.03,66.53,NA,NA,NA
"blz","Belize","1967",87.36,66.73,NA,NA,NA
"blz","Belize","1968",64.79,67.12,NA,NA,NA
"blz","Belize","1969",62.6,67.31,NA,NA,NA
"blz","Belize","1970",62.25,67.51,NA,NA,NA
"blz","Belize","1971",41.92,67.96,NA,NA,NA
"blz","Belize","1972",48.22,68.21,NA,NA,NA
"blz","Belize","1973",53.75,68.55,NA,NA,NA
"blz","Belize","1974",48.61,69.14,NA,NA,NA
"blz","Belize","1975",47.71,69.56,NA,NA,NA
"blz","Belize","1976",64.61,69.61,NA,NA,NA
"blz","Belize","1977",45.77,69.92,NA,NA,NA
"blz","Belize","1978",40.78,70.05,NA,NA,NA
"blz","Belize","1979",33.01,70.73,NA,NA,NA
"blz","Belize","1980",57.43,70.87,NA,NA,NA
"blz","Belize","1981",45.01,71.3,NA,NA,NA
"blz","Belize","1982",36.36,71.57,NA,NA,NA
"blz","Belize","1983",30.2,71.73,NA,NA,NA
"blz","Belize","1984",38.99,71.87,NA,NA,NA
"blz","Belize","1985",25.12,72.08,NA,NA,NA
"blz","Belize","1986",42.9,72.44,NA,NA,NA
"blz","Belize","1987",28.65,72.76,NA,NA,NA
"blz","Belize","1988",25.84,72.89,NA,NA,NA
"blz","Belize","1989",21.32,72.76,NA,NA,NA
"blz","Belize","1990",19.19,72.79,NA,NA,NA
"blz","Belize","1991",18.96,73.08,NA,NA,NA
"blz","Belize","1992",18.91,73.56,NA,NA,NA
"blz","Belize","1993",19.62,73.47,NA,NA,NA
"blz","Belize","1994",17.22,73.18,NA,NA,NA
"blz","Belize","1995",21.66,72.9,NA,NA,NA
"blz","Belize","1996",18,72.23,NA,NA,NA
"blz","Belize","1997",27.24,71.43,NA,NA,NA
"blz","Belize","1998",24.78,70.64,NA,NA,NA
"blz","Belize","1999",19.86,70.31,NA,NA,NA
"blz","Belize","2000",24.86,69.98,NA,NA,NA
"blz","Belize","2001",20.07,70.61,NA,NA,NA
"blz","Belize","2002",22.74,71.43,NA,NA,NA
"blz","Belize","2003",17.33,71.84,NA,NA,NA
"blz","Belize","2004",19.64,72.02,NA,NA,NA
"blz","Belize","2005",23.17,72.43,NA,NA,NA
"blz","Belize","2006",23.74,72.63,NA,NA,NA
"blz","Belize","2007",19.55,73.11,NA,NA,NA
"blz","Belize","2008",15.58,73.62,NA,NA,NA
"blz","Belize","2009",22.61,73.66,NA,NA,NA
"blz","Belize","2010",16.4,73.58,NA,NA,NA
"blz","Belize","2011",21.73,73.84,NA,NA,NA
"blz","Belize","2012",16.2,74.25,NA,NA,NA
"blz","Belize","2013",19.04,74.35,NA,NA,NA
"blz","Belize","2014",12.79,74.25,NA,NA,NA
"blz","Belize","2015",17.07,74.19,NA,NA,NA
"blz","Belize","2016",13.5,74.37,NA,NA,NA
"blz","Belize","2017",13.7,74.5,NA,NA,NA
"blz","Belize","2018",12.5,74.39,NA,NA,NA
"blz","Belize","2019",12.26,74.46,NA,NA,NA
"blz","Belize","2020",11.66,73.37,NA,NA,NA
"blz","Belize","2021",11.73,70.97,NA,NA,NA
"blz","Belize","2022",12.04,71.47,NA,NA,NA
"blz","Belize","2023",11.35,75.15,NA,NA,NA
"blz","Belize","2024",11.03,75.32,NA,NA,NA
"blz","Belize","2025",10.75,75.49,NA,NA,NA
"bol","Bolivia","1915",392.82,30.88,NA,NA,NA
"bol","Bolivia","1916",391.87,30.85,NA,NA,NA
"bol","Bolivia","1917",390.92,30.82,NA,NA,NA
"bol","Bolivia","1918",389.97,27.21,NA,NA,NA
"bol","Bolivia","1919",389.02,30.75,NA,NA,NA
"bol","Bolivia","1920",388.07,30.72,NA,NA,NA
"bol","Bolivia","1921",387.12,30.69,NA,NA,NA
"bol","Bolivia","1922",386.17,30.66,NA,NA,NA
"bol","Bolivia","1923",385.22,30.62,NA,NA,NA
"bol","Bolivia","1924",384.27,30.59,NA,NA,NA
"bol","Bolivia","1925",383.32,30.56,NA,NA,NA
"bol","Bolivia","1926",382.37,30.53,NA,NA,NA
"bol","Bolivia","1927",381.42,30.49,NA,NA,NA
"bol","Bolivia","1928",380.47,30.46,NA,NA,NA
"bol","Bolivia","1929",379.52,30.43,NA,NA,NA
"bol","Bolivia","1930",378.57,30.4,NA,NA,NA
"bol","Bolivia","1931",377.87,30.36,NA,NA,NA
"bol","Bolivia","1932",377.17,30.33,NA,NA,NA
"bol","Bolivia","1933",376.48,30.3,NA,NA,NA
"bol","Bolivia","1934",375.78,30.27,NA,NA,NA
"bol","Bolivia","1935",375.07,30.23,NA,NA,NA
"bol","Bolivia","1936",374.37,30.2,NA,NA,NA
"bol","Bolivia","1937",373.66,30.17,NA,NA,NA
"bol","Bolivia","1938",372.95,30.14,NA,NA,NA
"bol","Bolivia","1939",372.25,30.1,NA,NA,NA
"bol","Bolivia","1940",371.53,30.07,NA,NA,NA
"bol","Bolivia","1941",362.82,30.71,NA,NA,NA
"bol","Bolivia","1942",354.22,31.35,NA,NA,NA
"bol","Bolivia","1943",345.76,31.99,NA,NA,NA
"bol","Bolivia","1944",338.54,32.63,NA,NA,NA
"bol","Bolivia","1945",330.35,33.26,NA,NA,NA
"bol","Bolivia","1946",328.55,33.9,NA,NA,NA
"bol","Bolivia","1947",326.75,34.53,NA,NA,NA
"bol","Bolivia","1948",324.96,35.16,NA,NA,NA
"bol","Bolivia","1949",323.18,35.79,NA,NA,NA
"bol","Bolivia","1950",321.42,36.42,NA,NA,NA
"bol","Bolivia","1951",319.97,37.07,NA,NA,NA
"bol","Bolivia","1952",317.06,37.23,NA,NA,NA
"bol","Bolivia","1953",314.11,38.68,NA,NA,NA
"bol","Bolivia","1954",311.1,39.6,NA,NA,NA
"bol","Bolivia","1955",307.92,40.53,NA,NA,NA
"bol","Bolivia","1956",304.7,41.17,NA,NA,NA
"bol","Bolivia","1957",301.39,41.75,NA,NA,NA
"bol","Bolivia","1958",298.03,42.29,NA,NA,NA
"bol","Bolivia","1959",294.49,42.65,NA,NA,NA
"bol","Bolivia","1960",290.92,43,NA,NA,NA
"bol","Bolivia","1961",284.76,43.26,NA,NA,NA
"bol","Bolivia","1962",278.61,43.85,NA,NA,NA
"bol","Bolivia","1963",272.4,44.8,NA,NA,NA
"bol","Bolivia","1964",266.27,45.54,NA,NA,NA
"bol","Bolivia","1965",260.05,46.17,NA,NA,NA
"bol","Bolivia","1966",253.96,47.03,NA,NA,NA
"bol","Bolivia","1967",247.74,47.86,NA,NA,NA
"bol","Bolivia","1968",241.56,48.6,NA,NA,NA
"bol","Bolivia","1969",235.42,49.38,NA,NA,NA
"bol","Bolivia","1970",229.15,50.09,NA,NA,NA
"bol","Bolivia","1971",222.89,50.76,NA,NA,NA
"bol","Bolivia","1972",216.55,51.44,NA,NA,NA
"bol","Bolivia","1973",210.12,52.18,NA,NA,NA
"bol","Bolivia","1974",203.69,52.92,NA,NA,NA
"bol","Bolivia","1975",197.25,53.66,NA,NA,NA
"bol","Bolivia","1976",191.05,54.31,NA,NA,NA
"bol","Bolivia","1977",185.03,54.86,NA,NA,NA
"bol","Bolivia","1978",179.28,55.41,NA,NA,NA
"bol","Bolivia","1979",173.96,56.1,NA,NA,NA
"bol","Bolivia","1980",168.97,56.76,NA,NA,NA
"bol","Bolivia","1981",164.39,57.25,NA,NA,NA
"bol","Bolivia","1982",159.95,57.61,NA,NA,NA
"bol","Bolivia","1983",155.51,57.77,NA,NA,NA
"bol","Bolivia","1984",150.96,58.54,NA,NA,NA
"bol","Bolivia","1985",146.3,59.14,NA,NA,NA
"bol","Bolivia","1986",141.44,59.72,NA,NA,NA
"bol","Bolivia","1987",136.53,60.13,NA,NA,NA
"bol","Bolivia","1988",131.55,60.5,NA,NA,NA
"bol","Bolivia","1989",126.56,61.08,NA,NA,NA
"bol","Bolivia","1990",121.69,61.69,NA,NA,NA
"bol","Bolivia","1991",116.92,62.05,NA,NA,NA
"bol","Bolivia","1992",112.23,62.46,NA,NA,NA
"bol","Bolivia","1993",107.59,62.94,NA,NA,NA
"bol","Bolivia","1994",102.99,63.57,NA,NA,NA
"bol","Bolivia","1995",98.42,64.02,NA,NA,NA
"bol","Bolivia","1996",93.83,64.57,NA,NA,NA
"bol","Bolivia","1997",89.22,64.98,NA,NA,NA
"bol","Bolivia","1998",84.63,65.49,NA,NA,NA
"bol","Bolivia","1999",80.09,66.01,NA,NA,NA
"bol","Bolivia","2000",75.64,66.53,NA,NA,NA
"bol","Bolivia","2001",71.34,67.16,NA,NA,NA
"bol","Bolivia","2002",67.22,67.59,NA,NA,NA
"bol","Bolivia","2003",63.31,68.09,NA,NA,NA
"bol","Bolivia","2004",59.63,68.58,NA,NA,NA
"bol","Bolivia","2005",56.15,68.97,NA,NA,NA
"bol","Bolivia","2006",52.86,69.31,NA,NA,NA
"bol","Bolivia","2007",49.77,69.56,NA,NA,NA
"bol","Bolivia","2008",46.86,69.8,NA,NA,NA
"bol","Bolivia","2009",44.13,70.08,NA,NA,NA
"bol","Bolivia","2010",41.59,70.3,NA,NA,NA
"bol","Bolivia","2011",39.21,70.5,NA,NA,NA
"bol","Bolivia","2012",36.97,70.73,NA,NA,NA
"bol","Bolivia","2013",34.89,70.9,NA,NA,NA
"bol","Bolivia","2014",33,71.09,NA,NA,NA
"bol","Bolivia","2015",31.33,71.3,NA,NA,NA
"bol","Bolivia","2016",29.88,71.49,NA,NA,NA
"bol","Bolivia","2017",28.56,71.65,NA,NA,NA
"bol","Bolivia","2018",27.4,71.84,NA,NA,NA
"bol","Bolivia","2019",26.33,72.01,NA,NA,NA
"bol","Bolivia","2020",25.5,68.43,NA,NA,NA
"bol","Bolivia","2021",24.69,67.54,NA,NA,NA
"bol","Bolivia","2022",23.07,68.92,NA,NA,NA
"bol","Bolivia","2023",22.54,73.01,NA,NA,NA
"bol","Bolivia","2024",21.73,73.24,NA,NA,NA
"bol","Bolivia","2025",20.88,73.47,NA,NA,NA
"bra","Brazil","1915",405.19,30.84,NA,NA,NA
"bra","Brazil","1916",404.21,30.82,NA,NA,NA
"bra","Brazil","1917",403.23,30.8,NA,NA,NA
"bra","Brazil","1918",402.25,25.97,NA,NA,NA
"bra","Brazil","1919",401.27,30.77,NA,NA,NA
"bra","Brazil","1920",400.29,30.75,NA,NA,NA
"bra","Brazil","1921",399.31,30.73,NA,NA,NA
"bra","Brazil","1922",398.33,30.72,NA,NA,NA
"bra","Brazil","1923",397.35,30.7,NA,NA,NA
"bra","Brazil","1924",396.38,30.69,NA,NA,NA
"bra","Brazil","1925",395.4,30.67,NA,NA,NA
"bra","Brazil","1926",394.42,30.66,NA,NA,NA
"bra","Brazil","1927",393.44,30.64,NA,NA,NA
"bra","Brazil","1928",392.46,30.63,NA,NA,NA
"bra","Brazil","1929",391.48,30.61,NA,NA,NA
"bra","Brazil","1930",390.5,30.6,NA,NA,NA
"bra","Brazil","1931",381.99,31.02,NA,NA,NA
"bra","Brazil","1932",374.75,31.45,NA,NA,NA
"bra","Brazil","1933",366.51,31.87,NA,NA,NA
"bra","Brazil","1934",358.38,32.3,NA,NA,NA
"bra","Brazil","1935",351.53,32.72,NA,NA,NA
"bra","Brazil","1936",343.68,33.14,NA,NA,NA
"bra","Brazil","1937",337.05,33.57,NA,NA,NA
"bra","Brazil","1938",329.45,33.99,NA,NA,NA
"bra","Brazil","1939",321.98,34.41,NA,NA,NA
"bra","Brazil","1940",315.68,34.83,NA,NA,NA
"bra","Brazil","1941",301.44,35.91,NA,NA,NA
"bra","Brazil","1942",288.62,36.99,NA,NA,NA
"bra","Brazil","1943",276.17,38.08,NA,NA,NA
"bra","Brazil","1944",263.18,39.15,NA,NA,NA
"bra","Brazil","1945",251.49,40.23,NA,NA,NA
"bra","Brazil","1946",243.46,41.7,NA,NA,NA
"bra","Brazil","1947",235.69,43.17,NA,NA,NA
"bra","Brazil","1948",228.17,44.63,NA,NA,NA
"bra","Brazil","1949",220.88,46.1,NA,NA,NA
"bra","Brazil","1950",213.81,47.57,NA,NA,NA
"bra","Brazil","1951",210,48.05,NA,NA,NA
"bra","Brazil","1952",205.65,48.53,NA,NA,NA
"bra","Brazil","1953",201.43,48.98,NA,NA,NA
"bra","Brazil","1954",196.98,49.46,NA,NA,NA
"bra","Brazil","1955",192.64,49.94,NA,NA,NA
"bra","Brazil","1956",188.16,50.42,NA,NA,NA
"bra","Brazil","1957",183.65,50.89,NA,NA,NA
"bra","Brazil","1958",179,51.4,NA,NA,NA
"bra","Brazil","1959",174.34,51.92,NA,NA,NA
"bra","Brazil","1960",169.77,52.44,NA,NA,NA
"bra","Brazil","1961",165.17,52.97,NA,NA,NA
"bra","Brazil","1962",160.73,53.53,NA,NA,NA
"bra","Brazil","1963",156.53,53.99,NA,NA,NA
"bra","Brazil","1964",152.7,54.43,NA,NA,NA
"bra","Brazil","1965",149.2,54.83,NA,NA,NA
"bra","Brazil","1966",145.95,55.19,NA,NA,NA
"bra","Brazil","1967",142.83,55.59,NA,NA,NA
"bra","Brazil","1968",139.74,56.07,NA,NA,NA
"bra","Brazil","1969",136.5,56.52,NA,NA,NA
"bra","Brazil","1970",133.13,56.94,NA,NA,NA
"bra","Brazil","1971",129.71,57.45,NA,NA,NA
"bra","Brazil","1972",126.28,58.03,NA,NA,NA
"bra","Brazil","1973",122.86,58.57,NA,NA,NA
"bra","Brazil","1974",119.51,59.16,NA,NA,NA
"bra","Brazil","1975",116.14,59.78,NA,NA,NA
"bra","Brazil","1976",112.61,60.39,NA,NA,NA
"bra","Brazil","1977",108.92,61.07,NA,NA,NA
"bra","Brazil","1978",104.92,61.72,NA,NA,NA
"bra","Brazil","1979",100.65,62.27,NA,NA,NA
"bra","Brazil","1980",96.26,62.74,NA,NA,NA
"bra","Brazil","1981",91.88,63.3,NA,NA,NA
"bra","Brazil","1982",87.71,63.87,NA,NA,NA
"bra","Brazil","1983",83.8,64.06,NA,NA,NA
"bra","Brazil","1984",80.25,64.21,NA,NA,NA
"bra","Brazil","1985",77.02,64.61,NA,NA,NA
"bra","Brazil","1986",74.03,65.06,NA,NA,NA
"bra","Brazil","1987",71.23,65.65,NA,NA,NA
"bra","Brazil","1988",68.49,66.07,NA,NA,NA
"bra","Brazil","1989",65.83,66.72,NA,NA,NA
"bra","Brazil","1990",63.14,67.29,NA,NA,NA
"bra","Brazil","1991",60.38,67.92,NA,NA,NA
"bra","Brazil","1992",57.42,68.34,NA,NA,NA
"bra","Brazil","1993",54.31,68.43,NA,NA,NA
"bra","Brazil","1994",51.13,68.81,NA,NA,NA
"bra","Brazil","1995",48.01,69.17,NA,NA,NA
"bra","Brazil","1996",45.03,69.52,NA,NA,NA
"bra","Brazil","1997",42.21,70.08,NA,NA,NA
"bra","Brazil","1998",39.55,70.4,NA,NA,NA
"bra","Brazil","1999",37.08,70.79,NA,NA,NA
"bra","Brazil","2000",34.72,71.18,NA,NA,NA
"bra","Brazil","2001",32.49,71.49,NA,NA,NA
"bra","Brazil","2002",30.37,71.76,NA,NA,NA
"bra","Brazil","2003",28.38,72.03,NA,NA,NA
"bra","Brazil","2004",26.51,72.31,NA,NA,NA
"bra","Brazil","2005",24.78,72.81,NA,NA,NA
"bra","Brazil","2006",23.23,73.06,NA,NA,NA
"bra","Brazil","2007",21.83,73.31,NA,NA,NA
"bra","Brazil","2008",20.6,73.5,NA,NA,NA
"bra","Brazil","2009",19.55,73.66,NA,NA,NA
"bra","Brazil","2010",18.64,73.85,NA,NA,NA
"bra","Brazil","2011",17.87,74.01,NA,NA,NA
"bra","Brazil","2012",17.24,74.34,NA,NA,NA
"bra","Brazil","2013",16.71,74.55,NA,NA,NA
"bra","Brazil","2014",16.29,74.83,NA,NA,NA
"bra","Brazil","2015",15.94,75.03,NA,NA,NA
"bra","Brazil","2016",16.74,75.05,NA,NA,NA
"bra","Brazil","2017",15.4,75.44,NA,NA,NA
"bra","Brazil","2018",15.17,75.69,NA,NA,NA
"bra","Brazil","2019",14.93,75.85,NA,NA,NA
"bra","Brazil","2020",14.65,74.51,NA,NA,NA
"bra","Brazil","2021",14.4,73.24,NA,NA,NA
"bra","Brazil","2022",13.78,73.92,NA,NA,NA
"bra","Brazil","2023",11.68,76.69,NA,NA,NA
"bra","Brazil","2024",11.21,76.89,NA,NA,NA
"bra","Brazil","2025",10.76,77.09,NA,NA,NA
"brb","Barbados","1915",313.89,32.96,NA,NA,NA
"brb","Barbados","1916",393.18,32.97,NA,NA,NA
"brb","Barbados","1917",469.33,32.99,NA,NA,NA
"brb","Barbados","1918",333.4,21.4,NA,NA,NA
"brb","Barbados","1919",571.64,33.01,NA,NA,NA
"brb","Barbados","1920",438.48,33.02,NA,NA,NA
"brb","Barbados","1921",651.22,33.04,NA,NA,NA
"brb","Barbados","1922",304.08,33.9,NA,NA,NA
"brb","Barbados","1923",597.63,34.77,NA,NA,NA
"brb","Barbados","1924",483.95,35.64,NA,NA,NA
"brb","Barbados","1925",506.68,36.5,NA,NA,NA
"brb","Barbados","1926",509.93,37.37,NA,NA,NA
"brb","Barbados","1927",326.89,38.24,NA,NA,NA
"brb","Barbados","1928",537.54,39.11,NA,NA,NA
"brb","Barbados","1929",388.35,39.97,NA,NA,NA
"brb","Barbados","1930",375.39,40.84,NA,NA,NA
"brb","Barbados","1931",483.95,41.72,NA,NA,NA
"brb","Barbados","1932",321.99,42.59,NA,NA,NA
"brb","Barbados","1933",381.88,43.46,NA,NA,NA
"brb","Barbados","1934",415.74,44.33,NA,NA,NA
"brb","Barbados","1935",357.67,45.21,NA,NA,NA
"brb","Barbados","1936",321.99,46.08,NA,NA,NA
"brb","Barbados","1937",352.81,46.96,NA,NA,NA
"brb","Barbados","1938",359.26,47.83,NA,NA,NA
"brb","Barbados","1939",315.5,48.7,NA,NA,NA
"brb","Barbados","1940",292.6,49.58,NA,NA,NA
"brb","Barbados","1941",364.1,50.5,NA,NA,NA
"brb","Barbados","1942",284.37,51.42,NA,NA,NA
"brb","Barbados","1943",266.83,52.34,NA,NA,NA
"brb","Barbados","1944",277.76,53.25,NA,NA,NA
"brb","Barbados","1945",240.65,54.17,NA,NA,NA
"brb","Barbados","1946",260.17,55.09,NA,NA,NA
"brb","Barbados","1947",270.05,56.01,NA,NA,NA
"brb","Barbados","1948",249.7,56.94,NA,NA,NA
"brb","Barbados","1949",203.48,57.87,NA,NA,NA
"brb","Barbados","1950",195.97,58.77,NA,NA,NA
"brb","Barbados","1951",216.59,59.22,NA,NA,NA
"brb","Barbados","1952",233.32,59.89,NA,NA,NA
"brb","Barbados","1953",204.32,60.86,NA,NA,NA
"brb","Barbados","1954",160.64,61.96,NA,NA,NA
"brb","Barbados","1955",142.34,62.11,NA,NA,NA
"brb","Barbados","1956",127.03,63.55,NA,NA,NA
"brb","Barbados","1957",113.05,64.25,NA,NA,NA
"brb","Barbados","1958",101.21,64.98,NA,NA,NA
"brb","Barbados","1959",91.85,65.67,NA,NA,NA
"brb","Barbados","1960",84.47,66.14,NA,NA,NA
"brb","Barbados","1961",78.43,66.45,NA,NA,NA
"brb","Barbados","1962",73.22,67,NA,NA,NA
"brb","Barbados","1963",68.68,67.45,NA,NA,NA
"brb","Barbados","1964",64.67,67.82,NA,NA,NA
"brb","Barbados","1965",61.13,68.23,NA,NA,NA
"brb","Barbados","1966",58.02,68.46,NA,NA,NA
"brb","Barbados","1967",55.27,68.68,NA,NA,NA
"brb","Barbados","1968",52.75,68.79,NA,NA,NA
"brb","Barbados","1969",50.31,68.91,NA,NA,NA
"brb","Barbados","1970",47.88,69.18,NA,NA,NA
"brb","Barbados","1971",45.48,69.54,NA,NA,NA
"brb","Barbados","1972",43.14,69.75,NA,NA,NA
"brb","Barbados","1973",40.81,69.95,NA,NA,NA
"brb","Barbados","1974",38.56,70.14,NA,NA,NA
"brb","Barbados","1975",36.39,70.33,NA,NA,NA
"brb","Barbados","1976",34.3,69.74,NA,NA,NA
"brb","Barbados","1977",32.27,71.04,NA,NA,NA
"brb","Barbados","1978",30.36,71.62,NA,NA,NA
"brb","Barbados","1979",28.57,72.28,NA,NA,NA
"brb","Barbados","1980",26.92,72.96,NA,NA,NA
"brb","Barbados","1981",25.52,73.52,NA,NA,NA
"brb","Barbados","1982",24.36,73.92,NA,NA,NA
"brb","Barbados","1983",23.4,73.94,NA,NA,NA
"brb","Barbados","1984",22.6,74.01,NA,NA,NA
"brb","Barbados","1985",21.87,73.95,NA,NA,NA
"brb","Barbados","1986",21.16,74.16,NA,NA,NA
"brb","Barbados","1987",20.44,73.98,NA,NA,NA
"brb","Barbados","1988",19.69,74.03,NA,NA,NA
"brb","Barbados","1989",18.91,73.98,NA,NA,NA
"brb","Barbados","1990",18.12,73.86,NA,NA,NA
"brb","Barbados","1991",17.36,74.16,NA,NA,NA
"brb","Barbados","1992",16.64,73.94,NA,NA,NA
"brb","Barbados","1993",16.03,73.92,NA,NA,NA
"brb","Barbados","1994",15.54,73.84,NA,NA,NA
"brb","Barbados","1995",15.17,73.9,NA,NA,NA
"brb","Barbados","1996",14.94,74.1,NA,NA,NA
"brb","Barbados","1997",14.82,74.19,NA,NA,NA
"brb","Barbados","1998",14.83,74.45,NA,NA,NA
"brb","Barbados","1999",14.94,74.8,NA,NA,NA
"brb","Barbados","2000",15.13,74.74,NA,NA,NA
"brb","Barbados","2001",15.34,75.22,NA,NA,NA
"brb","Barbados","2002",15.54,75.07,NA,NA,NA
"brb","Barbados","2003",15.69,74.89,NA,NA,NA
"brb","Barbados","2004",15.74,74.91,NA,NA,NA
"brb","Barbados","2005",15.69,75.24,NA,NA,NA
"brb","Barbados","2006",15.58,75.4,NA,NA,NA
"brb","Barbados","2007",15.44,75.55,NA,NA,NA
"brb","Barbados","2008",15.28,75.77,NA,NA,NA
"brb","Barbados","2009",15.12,76.09,NA,NA,NA
"brb","Barbados","2010",14.98,76.16,NA,NA,NA
"brb","Barbados","2011",14.85,76.24,NA,NA,NA
"brb","Barbados","2012",14.71,76.48,NA,NA,NA
"brb","Barbados","2013",14.55,76.5,NA,NA,NA
"brb","Barbados","2014",14.32,76.48,NA,NA,NA
"brb","Barbados","2015",14.03,76.51,NA,NA,NA
"brb","Barbados","2016",13.71,76.54,NA,NA,NA
"brb","Barbados","2017",13.35,76.54,NA,NA,NA
"brb","Barbados","2018",13,76.46,NA,NA,NA
"brb","Barbados","2019",12.63,76.2,NA,NA,NA
"brb","Barbados","2020",12.29,76.33,NA,NA,NA
"brb","Barbados","2021",11.86,76.51,NA,NA,NA
"brb","Barbados","2022",11.52,76.64,NA,NA,NA
"brb","Barbados","2023",11.19,76.79,NA,NA,NA
"brb","Barbados","2024",10.86,76.94,NA,NA,NA
"brb","Barbados","2025",10.57,77.1,NA,NA,NA
"brn","Brunei","1915",405.19,30.18,NA,NA,NA
"brn","Brunei","1916",395.57,30.82,NA,NA,NA
"brn","Brunei","1917",386.1,31.45,NA,NA,NA
"brn","Brunei","1918",376.77,26.05,NA,NA,NA
"brn","Brunei","1919",367.63,32.72,NA,NA,NA
"brn","Brunei","1920",358.64,33.34,NA,NA,NA
"brn","Brunei","1921",349.79,33.97,NA,NA,NA
"brn","Brunei","1922",341.1,34.6,NA,NA,NA
"brn","Brunei","1923",332.56,35.23,NA,NA,NA
"brn","Brunei","1924",324.16,35.85,NA,NA,NA
"brn","Brunei","1925",315.87,36.48,NA,NA,NA
"brn","Brunei","1926",306.71,37.1,NA,NA,NA
"brn","Brunei","1927",298.73,37.71,NA,NA,NA
"brn","Brunei","1928",290.87,38.34,NA,NA,NA
"brn","Brunei","1929",283.14,38.95,NA,NA,NA
"brn","Brunei","1930",275.55,39.57,NA,NA,NA
"brn","Brunei","1931",268.06,40.19,NA,NA,NA
"brn","Brunei","1932",260.68,40.8,NA,NA,NA
"brn","Brunei","1933",253.45,41.41,NA,NA,NA
"brn","Brunei","1934",246.32,42.03,NA,NA,NA
"brn","Brunei","1935",239.29,42.64,NA,NA,NA
"brn","Brunei","1936",232.39,43.25,NA,NA,NA
"brn","Brunei","1937",225.6,43.86,NA,NA,NA
"brn","Brunei","1938",218.9,44.46,NA,NA,NA
"brn","Brunei","1939",212.31,45.07,NA,NA,NA
"brn","Brunei","1940",205.85,45.68,NA,NA,NA
"brn","Brunei","1941",199.48,46.29,NA,NA,NA
"brn","Brunei","1942",193.2,46.89,NA,NA,NA
"brn","Brunei","1943",187.05,47.5,NA,NA,NA
"brn","Brunei","1944",180.97,48.1,NA,NA,NA
"brn","Brunei","1945",174.96,48.71,NA,NA,NA
"brn","Brunei","1946",169.09,49.31,NA,NA,NA
"brn","Brunei","1947",163.32,49.91,NA,NA,NA
"brn","Brunei","1948",157.63,50.51,NA,NA,NA
"brn","Brunei","1949",152.04,51.11,NA,NA,NA
"brn","Brunei","1950",146.56,51.7,NA,NA,NA
"brn","Brunei","1951",144.01,52.57,NA,NA,NA
"brn","Brunei","1952",139.38,52.27,NA,NA,NA
"brn","Brunei","1953",134.62,52.64,NA,NA,NA
"brn","Brunei","1954",129.11,53.04,NA,NA,NA
"brn","Brunei","1955",124.23,52.86,NA,NA,NA
"brn","Brunei","1956",119.27,52.56,NA,NA,NA
"brn","Brunei","1957",114.29,52.46,NA,NA,NA
"brn","Brunei","1958",109.27,53.61,NA,NA,NA
"brn","Brunei","1959",104.39,54.47,NA,NA,NA
"brn","Brunei","1960",99.64,55.8,NA,NA,NA
"brn","Brunei","1961",94.98,57.27,NA,NA,NA
"brn","Brunei","1962",90.48,57.66,NA,NA,NA
"brn","Brunei","1963",86.62,59.54,NA,NA,NA
"brn","Brunei","1964",82.85,60.65,NA,NA,NA
"brn","Brunei","1965",79.15,61.91,NA,NA,NA
"brn","Brunei","1966",76.06,62.92,NA,NA,NA
"brn","Brunei","1967",72.48,63.05,NA,NA,NA
"brn","Brunei","1968",69.61,62.25,NA,NA,NA
"brn","Brunei","1969",66.87,62.53,NA,NA,NA
"brn","Brunei","1970",64.28,63.04,NA,NA,NA
"brn","Brunei","1971",61.83,63.56,NA,NA,NA
"brn","Brunei","1972",59.49,64.08,NA,NA,NA
"brn","Brunei","1973",51.89,64.67,NA,NA,NA
"brn","Brunei","1974",45.27,65.39,NA,NA,NA
"brn","Brunei","1975",39.49,65.74,NA,NA,NA
"brn","Brunei","1976",34.45,66.25,NA,NA,NA
"brn","Brunei","1977",30.05,66.43,NA,NA,NA
"brn","Brunei","1978",26.21,66.7,NA,NA,NA
"brn","Brunei","1979",22.87,67.1,NA,NA,NA
"brn","Brunei","1980",20.19,67.51,NA,NA,NA
"brn","Brunei","1981",18.48,67.87,NA,NA,NA
"brn","Brunei","1982",17.64,68.04,NA,NA,NA
"brn","Brunei","1983",16.49,68.23,NA,NA,NA
"brn","Brunei","1984",15.55,68.37,NA,NA,NA
"brn","Brunei","1985",14.8,68.52,NA,NA,NA
"brn","Brunei","1986",14.2,68.62,NA,NA,NA
"brn","Brunei","1987",13.77,68.91,NA,NA,NA
"brn","Brunei","1988",13.49,69.23,NA,NA,NA
"brn","Brunei","1989",13.34,69.27,NA,NA,NA
"brn","Brunei","1990",13.28,69.38,NA,NA,NA
"brn","Brunei","1991",13.26,69.7,NA,NA,NA
"brn","Brunei","1992",13.21,70.04,NA,NA,NA
"brn","Brunei","1993",13.06,70.39,NA,NA,NA
"brn","Brunei","1994",12.79,71,NA,NA,NA
"brn","Brunei","1995",12.42,71.45,NA,NA,NA
"brn","Brunei","1996",11.99,71.96,NA,NA,NA
"brn","Brunei","1997",11.53,72.07,NA,NA,NA
"brn","Brunei","1998",11.09,72.21,NA,NA,NA
"brn","Brunei","1999",10.69,72.35,NA,NA,NA
"brn","Brunei","2000",10.35,72.52,NA,NA,NA
"brn","Brunei","2001",10.06,72.85,NA,NA,NA
"brn","Brunei","2002",9.84,72.94,NA,NA,NA
"brn","Brunei","2003",9.68,72.89,NA,NA,NA
"brn","Brunei","2004",9.56,72.94,NA,NA,NA
"brn","Brunei","2005",9.5,73.03,NA,NA,NA
"brn","Brunei","2006",9.46,73.2,NA,NA,NA
"brn","Brunei","2007",9.47,73.48,NA,NA,NA
"brn","Brunei","2008",9.51,73.8,NA,NA,NA
"brn","Brunei","2009",9.58,73.83,NA,NA,NA
"brn","Brunei","2010",9.69,73.83,NA,NA,NA
"brn","Brunei","2011",9.83,73.93,NA,NA,NA
"brn","Brunei","2012",9.99,74.01,NA,NA,NA
"brn","Brunei","2013",10.17,73.92,NA,NA,NA
"brn","Brunei","2014",10.38,73.96,NA,NA,NA
"brn","Brunei","2015",10.59,73.98,NA,NA,NA
"brn","Brunei","2016",10.82,74.06,NA,NA,NA
"brn","Brunei","2017",11.04,74.12,NA,NA,NA
"brn","Brunei","2018",11.25,74.21,NA,NA,NA
"brn","Brunei","2019",11.43,74.36,NA,NA,NA
"brn","Brunei","2020",11.51,74.4,NA,NA,NA
"brn","Brunei","2021",11.49,74.25,NA,NA,NA
"brn","Brunei","2022",11.58,74.16,NA,NA,NA
"brn","Brunei","2023",11.59,74.15,NA,NA,NA
"brn","Brunei","2024",11.54,74.22,NA,NA,NA
"brn","Brunei","2025",11.3,74.36,NA,NA,NA
"btn","Bhutan","1915",421.01,32.68,NA,NA,NA
"btn","Bhutan","1916",420.66,32.74,NA,NA,NA
"btn","Bhutan","1917",420.31,32.8,NA,NA,NA
"btn","Bhutan","1918",419.96,21.06,NA,NA,NA
"btn","Bhutan","1919",419.61,32.92,NA,NA,NA
"btn","Bhutan","1920",419.26,32.98,NA,NA,NA
"btn","Bhutan","1921",418.91,33.04,NA,NA,NA
"btn","Bhutan","1922",418.56,33.1,NA,NA,NA
"btn","Bhutan","1923",418.22,33.16,NA,NA,NA
"btn","Bhutan","1924",417.87,33.22,NA,NA,NA
"btn","Bhutan","1925",417.52,33.28,NA,NA,NA
"btn","Bhutan","1926",417.17,33.34,NA,NA,NA
"btn","Bhutan","1927",416.82,33.4,NA,NA,NA
"btn","Bhutan","1928",416.48,33.46,NA,NA,NA
"btn","Bhutan","1929",416.13,33.52,NA,NA,NA
"btn","Bhutan","1930",415.78,33.58,NA,NA,NA
"btn","Bhutan","1931",414.46,33.64,NA,NA,NA
"btn","Bhutan","1932",413.14,33.69,NA,NA,NA
"btn","Bhutan","1933",411.83,33.75,NA,NA,NA
"btn","Bhutan","1934",410.51,33.81,NA,NA,NA
"btn","Bhutan","1935",409.2,33.87,NA,NA,NA
"btn","Bhutan","1936",407.89,33.93,NA,NA,NA
"btn","Bhutan","1937",406.58,33.99,NA,NA,NA
"btn","Bhutan","1938",405.27,34.05,NA,NA,NA
"btn","Bhutan","1939",403.96,34.11,NA,NA,NA
"btn","Bhutan","1940",402.66,34.17,NA,NA,NA
"btn","Bhutan","1941",401.36,34.45,NA,NA,NA
"btn","Bhutan","1942",400.06,34.72,NA,NA,NA
"btn","Bhutan","1943",398.76,35,NA,NA,NA
"btn","Bhutan","1944",397.46,35.26,NA,NA,NA
"btn","Bhutan","1945",396.17,35.54,NA,NA,NA
"btn","Bhutan","1946",394.88,35.81,NA,NA,NA
"btn","Bhutan","1947",393.58,36.09,NA,NA,NA
"btn","Bhutan","1948",392.3,36.37,NA,NA,NA
"btn","Bhutan","1949",391.01,36.65,NA,NA,NA
"btn","Bhutan","1950",389.72,36.93,NA,NA,NA
"btn","Bhutan","1951",387.83,37.38,NA,NA,NA
"btn","Bhutan","1952",384.11,37.84,NA,NA,NA
"btn","Bhutan","1953",380.25,38.33,NA,NA,NA
"btn","Bhutan","1954",376.17,38.85,NA,NA,NA
"btn","Bhutan","1955",371.94,39.39,NA,NA,NA
"btn","Bhutan","1956",367.5,39.93,NA,NA,NA
"btn","Bhutan","1957",362.86,40.46,NA,NA,NA
"btn","Bhutan","1958",358.05,41,NA,NA,NA
"btn","Bhutan","1959",353.04,41.58,NA,NA,NA
"btn","Bhutan","1960",347.77,42.22,NA,NA,NA
"btn","Bhutan","1961",342.05,42.87,NA,NA,NA
"btn","Bhutan","1962",335.91,43.51,NA,NA,NA
"btn","Bhutan","1963",329.4,44.16,NA,NA,NA
"btn","Bhutan","1964",322.65,44.85,NA,NA,NA
"btn","Bhutan","1965",315.6,45.51,NA,NA,NA
"btn","Bhutan","1966",308.2,46.18,NA,NA,NA
"btn","Bhutan","1967",300.68,46.83,NA,NA,NA
"btn","Bhutan","1968",293.29,47.48,NA,NA,NA
"btn","Bhutan","1969",284.15,48.13,NA,NA,NA
"btn","Bhutan","1970",275.45,48.8,NA,NA,NA
"btn","Bhutan","1971",266.96,49.4,NA,NA,NA
"btn","Bhutan","1972",258.07,49.89,NA,NA,NA
"btn","Bhutan","1973",249.65,50.32,NA,NA,NA
"btn","Bhutan","1974",241.51,50.73,NA,NA,NA
"btn","Bhutan","1975",233.42,51.03,NA,NA,NA
"btn","Bhutan","1976",225.68,51.35,NA,NA,NA
"btn","Bhutan","1977",217.51,51.72,NA,NA,NA
"btn","Bhutan","1978",209.95,52.1,NA,NA,NA
"btn","Bhutan","1979",202.33,52.48,NA,NA,NA
"btn","Bhutan","1980",194.86,52.84,NA,NA,NA
"btn","Bhutan","1981",187.24,53.42,NA,NA,NA
"btn","Bhutan","1982",179.92,54.06,NA,NA,NA
"btn","Bhutan","1983",172.75,54.78,NA,NA,NA
"btn","Bhutan","1984",165.83,55.58,NA,NA,NA
"btn","Bhutan","1985",158.93,56.22,NA,NA,NA
"btn","Bhutan","1986",152.19,57.12,NA,NA,NA
"btn","Bhutan","1987",145.72,58.03,NA,NA,NA
"btn","Bhutan","1988",139.39,58.83,NA,NA,NA
"btn","Bhutan","1989",133.25,59.62,NA,NA,NA
"btn","Bhutan","1990",127.41,60.33,NA,NA,NA
"btn","Bhutan","1991",121.7,60.89,NA,NA,NA
"btn","Bhutan","1992",116.17,61.54,NA,NA,NA
"btn","Bhutan","1993",110.88,62.19,NA,NA,NA
"btn","Bhutan","1994",105.69,62.65,NA,NA,NA
"btn","Bhutan","1995",100.71,63.44,NA,NA,NA
"btn","Bhutan","1996",95.7,64.23,NA,NA,NA
"btn","Bhutan","1997",90.87,64.77,NA,NA,NA
"btn","Bhutan","1998",86.14,65.38,NA,NA,NA
"btn","Bhutan","1999",81.61,66.04,NA,NA,NA
"btn","Bhutan","2000",77.23,65.74,NA,NA,NA
"btn","Bhutan","2001",72.94,67.1,NA,NA,NA
"btn","Bhutan","2002",68.92,67.68,NA,NA,NA
"btn","Bhutan","2003",65.01,68.16,NA,NA,NA
"btn","Bhutan","2004",61.22,68.64,NA,NA,NA
"btn","Bhutan","2005",57.55,69.05,NA,NA,NA
"btn","Bhutan","2006",54.09,69.47,NA,NA,NA
"btn","Bhutan","2007",50.83,69.9,NA,NA,NA
"btn","Bhutan","2008",47.8,70.28,NA,NA,NA
"btn","Bhutan","2009",44.94,70.55,NA,NA,NA
"btn","Bhutan","2010",42.36,71,NA,NA,NA
"btn","Bhutan","2011",40.01,71.32,NA,NA,NA
"btn","Bhutan","2012",37.97,71.61,NA,NA,NA
"btn","Bhutan","2013",36.15,71.85,NA,NA,NA
"btn","Bhutan","2014",34.59,72.08,NA,NA,NA
"btn","Bhutan","2015",33.13,72.29,NA,NA,NA
"btn","Bhutan","2016",31.91,72.52,NA,NA,NA
"btn","Bhutan","2017",30.75,72.73,NA,NA,NA
"btn","Bhutan","2018",29.63,72.95,NA,NA,NA
"btn","Bhutan","2019",28.58,73.17,NA,NA,NA
"btn","Bhutan","2020",27.67,73.39,NA,NA,NA
"btn","Bhutan","2021",27.02,73.61,NA,NA,NA
"btn","Bhutan","2022",24.76,74.03,NA,NA,NA
"btn","Bhutan","2023",23.63,74.3,NA,NA,NA
"btn","Bhutan","2024",22.58,74.56,NA,NA,NA
"btn","Bhutan","2025",21.57,74.82,NA,NA,NA
"bwa","Botswana","1915",385.55,36.87,NA,NA,NA
"bwa","Botswana","1916",384.62,36.92,NA,NA,NA
"bwa","Botswana","1917",383.69,36.97,NA,NA,NA
"bwa","Botswana","1918",382.75,12.02,NA,NA,NA
"bwa","Botswana","1919",381.82,37.07,NA,NA,NA
"bwa","Botswana","1920",380.89,37.12,NA,NA,NA
"bwa","Botswana","1921",379.96,37.17,NA,NA,NA
"bwa","Botswana","1922",379.03,37.22,NA,NA,NA
"bwa","Botswana","1923",378.09,37.27,NA,NA,NA
"bwa","Botswana","1924",377.16,37.32,NA,NA,NA
"bwa","Botswana","1925",376.23,37.37,NA,NA,NA
"bwa","Botswana","1926",375.3,37.42,NA,NA,NA
"bwa","Botswana","1927",374.37,37.47,NA,NA,NA
"bwa","Botswana","1928",373.43,37.52,NA,NA,NA
"bwa","Botswana","1929",372.5,37.57,NA,NA,NA
"bwa","Botswana","1930",371.57,37.62,NA,NA,NA
"bwa","Botswana","1931",368.28,37.68,NA,NA,NA
"bwa","Botswana","1932",365,37.73,NA,NA,NA
"bwa","Botswana","1933",361.72,37.78,NA,NA,NA
"bwa","Botswana","1934",358.47,37.83,NA,NA,NA
"bwa","Botswana","1935",355.22,37.88,NA,NA,NA
"bwa","Botswana","1936",351.99,37.93,NA,NA,NA
"bwa","Botswana","1937",348.76,37.98,NA,NA,NA
"bwa","Botswana","1938",345.55,38.03,NA,NA,NA
"bwa","Botswana","1939",342.36,38.08,NA,NA,NA
"bwa","Botswana","1940",339.17,38.13,NA,NA,NA
"bwa","Botswana","1941",336,38.16,NA,NA,NA
"bwa","Botswana","1942",332.83,38.19,NA,NA,NA
"bwa","Botswana","1943",329.68,38.22,NA,NA,NA
"bwa","Botswana","1944",326.54,38.26,NA,NA,NA
"bwa","Botswana","1945",307.05,38.29,NA,NA,NA
"bwa","Botswana","1946",288.7,41.36,NA,NA,NA
"bwa","Botswana","1947",271.44,44.41,NA,NA,NA
"bwa","Botswana","1948",255.19,47.5,NA,NA,NA
"bwa","Botswana","1949",239.91,50.57,NA,NA,NA
"bwa","Botswana","1950",225.53,53.67,NA,NA,NA
"bwa","Botswana","1951",222.07,53.75,NA,NA,NA
"bwa","Botswana","1952",215.25,53.8,NA,NA,NA
"bwa","Botswana","1953",208.58,53.88,NA,NA,NA
"bwa","Botswana","1954",202.09,53.93,NA,NA,NA
"bwa","Botswana","1955",195.84,53.98,NA,NA,NA
"bwa","Botswana","1956",189.89,54.05,NA,NA,NA
"bwa","Botswana","1957",184.35,54.11,NA,NA,NA
"bwa","Botswana","1958",178.7,54.19,NA,NA,NA
"bwa","Botswana","1959",173.33,54.27,NA,NA,NA
"bwa","Botswana","1960",168.07,54.36,NA,NA,NA
"bwa","Botswana","1961",162.86,54.46,NA,NA,NA
"bwa","Botswana","1962",158.02,54.61,NA,NA,NA
"bwa","Botswana","1963",153.17,54.79,NA,NA,NA
"bwa","Botswana","1964",148.71,54.99,NA,NA,NA
"bwa","Botswana","1965",144.53,55.08,NA,NA,NA
"bwa","Botswana","1966",140.21,55.27,NA,NA,NA
"bwa","Botswana","1967",135.94,55.46,NA,NA,NA
"bwa","Botswana","1968",131.6,55.75,NA,NA,NA
"bwa","Botswana","1969",127.16,56.08,NA,NA,NA
"bwa","Botswana","1970",122.4,56.49,NA,NA,NA
"bwa","Botswana","1971",117.61,56.98,NA,NA,NA
"bwa","Botswana","1972",112.61,57.54,NA,NA,NA
"bwa","Botswana","1973",107.46,58.12,NA,NA,NA
"bwa","Botswana","1974",102.26,58.63,NA,NA,NA
"bwa","Botswana","1975",96.93,59.14,NA,NA,NA
"bwa","Botswana","1976",91.63,59.57,NA,NA,NA
"bwa","Botswana","1977",86.37,59.92,NA,NA,NA
"bwa","Botswana","1978",81.45,60.29,NA,NA,NA
"bwa","Botswana","1979",76.79,60.59,NA,NA,NA
"bwa","Botswana","1980",72.45,60.98,NA,NA,NA
"bwa","Botswana","1981",68.3,61.31,NA,NA,NA
"bwa","Botswana","1982",64.43,61.63,NA,NA,NA
"bwa","Botswana","1983",60.88,61.95,NA,NA,NA
"bwa","Botswana","1984",57.69,62.23,NA,NA,NA
"bwa","Botswana","1985",54.71,62.49,NA,NA,NA
"bwa","Botswana","1986",52.18,62.64,NA,NA,NA
"bwa","Botswana","1987",50.15,62.67,NA,NA,NA
"bwa","Botswana","1988",48.72,62.17,NA,NA,NA
"bwa","Botswana","1989",48.28,62.13,NA,NA,NA
"bwa","Botswana","1990",48.88,61.32,NA,NA,NA
"bwa","Botswana","1991",50.78,60.2,NA,NA,NA
"bwa","Botswana","1992",53.73,58.61,NA,NA,NA
"bwa","Botswana","1993",57.07,56.67,NA,NA,NA
"bwa","Botswana","1994",60.93,54.58,NA,NA,NA
"bwa","Botswana","1995",65.17,52.5,NA,NA,NA
"bwa","Botswana","1996",69.19,50.65,NA,NA,NA
"bwa","Botswana","1997",72.99,49.02,NA,NA,NA
"bwa","Botswana","1998",76.32,47.57,NA,NA,NA
"bwa","Botswana","1999",78.74,46.43,NA,NA,NA
"bwa","Botswana","2000",80.45,45.52,NA,NA,NA
"bwa","Botswana","2001",80.02,44.99,NA,NA,NA
"bwa","Botswana","2002",78.3,44.94,NA,NA,NA
"bwa","Botswana","2003",76.06,45.69,NA,NA,NA
"bwa","Botswana","2004",72.75,47.52,NA,NA,NA
"bwa","Botswana","2005",67.01,49.93,NA,NA,NA
"bwa","Botswana","2006",61.53,51.39,NA,NA,NA
"bwa","Botswana","2007",58.64,53.41,NA,NA,NA
"bwa","Botswana","2008",57.63,54.67,NA,NA,NA
"bwa","Botswana","2009",55.35,56.06,NA,NA,NA
"bwa","Botswana","2010",51.36,56.98,NA,NA,NA
"bwa","Botswana","2011",51.93,57.75,NA,NA,NA
"bwa","Botswana","2012",50.84,58.62,NA,NA,NA
"bwa","Botswana","2013",49.62,59.43,NA,NA,NA
"bwa","Botswana","2014",50.17,60.09,NA,NA,NA
"bwa","Botswana","2015",49.65,60.62,NA,NA,NA
"bwa","Botswana","2016",49.16,61.22,NA,NA,NA
"bwa","Botswana","2017",47.82,61.51,NA,NA,NA
"bwa","Botswana","2018",47.02,61.84,NA,NA,NA
"bwa","Botswana","2019",45.95,62.25,NA,NA,NA
"bwa","Botswana","2020",44.96,62.42,NA,NA,NA
"bwa","Botswana","2021",43.97,58.14,NA,NA,NA
"bwa","Botswana","2022",43.54,62.67,NA,NA,NA
"bwa","Botswana","2023",42.85,62.81,NA,NA,NA
"bwa","Botswana","2024",42.15,62.95,NA,NA,NA
"bwa","Botswana","2025",41.5,63.08,NA,NA,NA
"caf","Central African Republic","1915",430.77,36.22,NA,NA,NA
"caf","Central African Republic","1916",429.73,36.32,NA,NA,NA
"caf","Central African Republic","1917",428.69,36.41,NA,NA,NA
"caf","Central African Republic","1918",427.65,14.12,NA,NA,NA
"caf","Central African Republic","1919",426.61,36.61,NA,NA,NA
"caf","Central African Republic","1920",425.57,36.7,NA,NA,NA
"caf","Central African Republic","1921",424.52,36.8,NA,NA,NA
"caf","Central African Republic","1922",423.48,36.89,NA,NA,NA
"caf","Central African Republic","1923",422.44,36.99,NA,NA,NA
"caf","Central African Republic","1924",421.4,37.08,NA,NA,NA
"caf","Central African Republic","1925",420.36,37.18,NA,NA,NA
"caf","Central African Republic","1926",419.32,37.28,NA,NA,NA
"caf","Central African Republic","1927",418.28,37.37,NA,NA,NA
"caf","Central African Republic","1928",417.23,37.47,NA,NA,NA
"caf","Central African Republic","1929",416.19,37.56,NA,NA,NA
"caf","Central African Republic","1930",415.15,37.66,NA,NA,NA
"caf","Central African Republic","1931",411.48,37.75,NA,NA,NA
"caf","Central African Republic","1932",407.83,37.85,NA,NA,NA
"caf","Central African Republic","1933",404.18,37.95,NA,NA,NA
"caf","Central African Republic","1934",400.55,38.04,NA,NA,NA
"caf","Central African Republic","1935",396.93,38.14,NA,NA,NA
"caf","Central African Republic","1936",393.32,38.23,NA,NA,NA
"caf","Central African Republic","1937",389.73,38.33,NA,NA,NA
"caf","Central African Republic","1938",386.16,38.42,NA,NA,NA
"caf","Central African Republic","1939",382.59,38.52,NA,NA,NA
"caf","Central African Republic","1940",379.04,38.62,NA,NA,NA
"caf","Central African Republic","1941",375.51,38.78,NA,NA,NA
"caf","Central African Republic","1942",371.97,38.92,NA,NA,NA
"caf","Central African Republic","1943",368.46,39.09,NA,NA,NA
"caf","Central African Republic","1944",364.97,39.25,NA,NA,NA
"caf","Central African Republic","1945",361.48,39.41,NA,NA,NA
"caf","Central African Republic","1946",358.01,39.56,NA,NA,NA
"caf","Central African Republic","1947",347.1,40.57,NA,NA,NA
"caf","Central African Republic","1948",337.47,41.6,NA,NA,NA
"caf","Central African Republic","1949",327.03,42.61,NA,NA,NA
"caf","Central African Republic","1950",314.55,43.64,NA,NA,NA
"caf","Central African Republic","1951",312.51,43.76,NA,NA,NA
"caf","Central African Republic","1952",308.45,43.89,NA,NA,NA
"caf","Central African Republic","1953",304.47,44,NA,NA,NA
"caf","Central African Republic","1954",300.48,44.13,NA,NA,NA
"caf","Central African Republic","1955",296.58,44.24,NA,NA,NA
"caf","Central African Republic","1956",292.73,44.34,NA,NA,NA
"caf","Central African Republic","1957",289.02,44.74,NA,NA,NA
"caf","Central African Republic","1958",285.27,45.07,NA,NA,NA
"caf","Central African Republic","1959",281.54,45.33,NA,NA,NA
"caf","Central African Republic","1960",280.33,45.76,NA,NA,NA
"caf","Central African Republic","1961",275.02,46.15,NA,NA,NA
"caf","Central African Republic","1962",269.54,46.47,NA,NA,NA
"caf","Central African Republic","1963",263.96,46.76,NA,NA,NA
"caf","Central African Republic","1964",258.29,47.03,NA,NA,NA
"caf","Central African Republic","1965",252.14,47.28,NA,NA,NA
"caf","Central African Republic","1966",246.23,47.42,NA,NA,NA
"caf","Central African Republic","1967",240.19,47.55,NA,NA,NA
"caf","Central African Republic","1968",234.35,47.77,NA,NA,NA
"caf","Central African Republic","1969",228.58,47.97,NA,NA,NA
"caf","Central African Republic","1970",223.19,48.12,NA,NA,NA
"caf","Central African Republic","1971",218.18,48.17,NA,NA,NA
"caf","Central African Republic","1972",213.49,48.22,NA,NA,NA
"caf","Central African Republic","1973",209.16,48.33,NA,NA,NA
"caf","Central African Republic","1974",205.05,48.39,NA,NA,NA
"caf","Central African Republic","1975",201.34,48.44,NA,NA,NA
"caf","Central African Republic","1976",197.76,48.56,NA,NA,NA
"caf","Central African Republic","1977",194.38,48.73,NA,NA,NA
"caf","Central African Republic","1978",191.14,48.87,NA,NA,NA
"caf","Central African Republic","1979",188.25,49.01,NA,NA,NA
"caf","Central African Republic","1980",185.75,49.17,NA,NA,NA
"caf","Central African Republic","1981",183.5,49.33,NA,NA,NA
"caf","Central African Republic","1982",181.68,49.48,NA,NA,NA
"caf","Central African Republic","1983",180.21,49.46,NA,NA,NA
"caf","Central African Republic","1984",179.04,49.44,NA,NA,NA
"caf","Central African Republic","1985",177.86,49.5,NA,NA,NA
"caf","Central African Republic","1986",176.8,49.49,NA,NA,NA
"caf","Central African Republic","1987",176.03,49.41,NA,NA,NA
"caf","Central African Republic","1988",175.72,48.99,NA,NA,NA
"caf","Central African Republic","1989",176.13,48.66,NA,NA,NA
"caf","Central African Republic","1990",176.7,48.09,NA,NA,NA
"caf","Central African Republic","1991",176.94,47.51,NA,NA,NA
"caf","Central African Republic","1992",176.7,46.84,NA,NA,NA
"caf","Central African Republic","1993",176.14,46.04,NA,NA,NA
"caf","Central African Republic","1994",175.35,45.32,NA,NA,NA
"caf","Central African Republic","1995",174.58,44.69,NA,NA,NA
"caf","Central African Republic","1996",173.75,44.16,NA,NA,NA
"caf","Central African Republic","1997",172.78,43.83,NA,NA,NA
"caf","Central African Republic","1998",171.48,43.79,NA,NA,NA
"caf","Central African Republic","1999",170.23,43.75,NA,NA,NA
"caf","Central African Republic","2000",168.9,43.79,NA,NA,NA
"caf","Central African Republic","2001",167.37,43.94,NA,NA,NA
"caf","Central African Republic","2002",165.8,44.21,NA,NA,NA
"caf","Central African Republic","2003",164.17,44.53,NA,NA,NA
"caf","Central African Republic","2004",162.5,44.83,NA,NA,NA
"caf","Central African Republic","2005",160.76,45.21,NA,NA,NA
"caf","Central African Republic","2006",158.26,45.58,NA,NA,NA
"caf","Central African Republic","2007",155.63,46.07,NA,NA,NA
"caf","Central African Republic","2008",152.85,46.83,NA,NA,NA
"caf","Central African Republic","2009",148.91,47.39,NA,NA,NA
"caf","Central African Republic","2010",144.99,47.81,NA,NA,NA
"caf","Central African Republic","2011",140.51,48.27,NA,NA,NA
"caf","Central African Republic","2012",136.18,48.76,NA,NA,NA
"caf","Central African Republic","2013",132.5,47.46,NA,NA,NA
"caf","Central African Republic","2014",128.24,47.48,NA,NA,NA
"caf","Central African Republic","2015",123.32,49.67,NA,NA,NA
"caf","Central African Republic","2016",118.15,50.32,NA,NA,NA
"caf","Central African Republic","2017",114.49,50.41,NA,NA,NA
"caf","Central African Republic","2018",111.05,51.54,NA,NA,NA
"caf","Central African Republic","2019",106.62,52.35,NA,NA,NA
"caf","Central African Republic","2020",102.9,51.95,NA,NA,NA
"caf","Central African Republic","2021",101.83,51.27,NA,NA,NA
"caf","Central African Republic","2022",96.8,51.83,NA,NA,NA
"caf","Central African Republic","2023",93.06,52.78,NA,NA,NA
"caf","Central African Republic","2024",92.97,53.37,NA,NA,NA
"caf","Central African Republic","2025",96.14,53.6,NA,NA,NA
"can","Canada","1915",247.91,54.44,NA,NA,NA
"can","Canada","1916",268.45,54.9,NA,NA,NA
"can","Canada","1917",216.59,55.35,NA,NA,NA
"can","Canada","1918",220.33,47.28,NA,NA,NA
"can","Canada","1919",227.77,56.26,NA,NA,NA
"can","Canada","1920",265.2,56.71,NA,NA,NA
"can","Canada","1921",144.42,57.16,NA,NA,NA
"can","Canada","1922",143.88,57.17,NA,NA,NA
"can","Canada","1923",141.13,57.17,NA,NA,NA
"can","Canada","1924",127.12,58.99,NA,NA,NA
"can","Canada","1925",122.39,59.47,NA,NA,NA
"can","Canada","1926",132.61,58.15,NA,NA,NA
"can","Canada","1927",124.86,58.84,NA,NA,NA
"can","Canada","1928",120.68,58.73,NA,NA,NA
"can","Canada","1929",127.49,58.13,NA,NA,NA
"can","Canada","1930",124.71,59.12,NA,NA,NA
"can","Canada","1931",115.55,60.54,NA,NA,NA
"can","Canada","1932",98.75,61.61,NA,NA,NA
"can","Canada","1933",92.88,62.55,NA,NA,NA
"can","Canada","1934",91.83,62.96,NA,NA,NA
"can","Canada","1935",91.45,62.68,NA,NA,NA
"can","Canada","1936",86.11,62.91,NA,NA,NA
"can","Canada","1937",103.19,61.54,NA,NA,NA
"can","Canada","1938",86.34,63.51,NA,NA,NA
"can","Canada","1939",80.65,63.94,NA,NA,NA
"can","Canada","1940",77.67,64.22,NA,NA,NA
"can","Canada","1941",80.51,63.97,NA,NA,NA
"can","Canada","1942",73,64.91,NA,NA,NA
"can","Canada","1943",70.03,64.82,NA,NA,NA
"can","Canada","1944",68.55,65.56,NA,NA,NA
"can","Canada","1945",61.17,66.55,NA,NA,NA
"can","Canada","1946",61.1,66.75,NA,NA,NA
"can","Canada","1947",59.74,66.99,NA,NA,NA
"can","Canada","1948",53.78,67.55,NA,NA,NA
"can","Canada","1949",51.82,67.87,NA,NA,NA
"can","Canada","1950",48.55,68.5,NA,NA,NA
"can","Canada","1951",46.11,68.8,NA,NA,NA
"can","Canada","1952",43.84,69.03,NA,NA,NA
"can","Canada","1953",41.79,69.46,NA,NA,NA
"can","Canada","1954",39.97,70.12,NA,NA,NA
"can","Canada","1955",38.39,70.33,NA,NA,NA
"can","Canada","1956",37.02,70.34,NA,NA,NA
"can","Canada","1957",35.82,70.38,NA,NA,NA
"can","Canada","1958",34.71,70.72,NA,NA,NA
"can","Canada","1959",33.64,70.89,NA,NA,NA
"can","Canada","1960",32.58,71.15,NA,NA,NA
"can","Canada","1961",31.54,71.34,NA,NA,NA
"can","Canada","1962",30.47,71.39,NA,NA,NA
"can","Canada","1963",29.38,71.48,NA,NA,NA
"can","Canada","1964",28.24,71.75,NA,NA,NA
"can","Canada","1965",27.11,71.9,NA,NA,NA
"can","Canada","1966",26.03,72.03,NA,NA,NA
"can","Canada","1967",24.98,72.21,NA,NA,NA
"can","Canada","1968",23.96,72.41,NA,NA,NA
"can","Canada","1969",22.96,72.58,NA,NA,NA
"can","Canada","1970",21.96,72.76,NA,NA,NA
"can","Canada","1971",20.95,72.97,NA,NA,NA
"can","Canada","1972",19.94,73,NA,NA,NA
"can","Canada","1973",18.94,73.18,NA,NA,NA
"can","Canada","1974",17.94,73.38,NA,NA,NA
"can","Canada","1975",16.96,73.63,NA,NA,NA
"can","Canada","1976",16,74.03,NA,NA,NA
"can","Canada","1977",15.06,74.28,NA,NA,NA
"can","Canada","1978",14.17,74.61,NA,NA,NA
"can","Canada","1979",13.32,74.91,NA,NA,NA
"can","Canada","1980",12.53,75.21,NA,NA,NA
"can","Canada","1981",11.81,75.52,NA,NA,NA
"can","Canada","1982",11.16,75.81,NA,NA,NA
"can","Canada","1983",10.61,76.09,NA,NA,NA
"can","Canada","1984",10.15,76.35,NA,NA,NA
"can","Canada","1985",9.75,76.38,NA,NA,NA
"can","Canada","1986",9.42,76.6,NA,NA,NA
"can","Canada","1987",9.12,76.8,NA,NA,NA
"can","Canada","1988",8.83,76.98,NA,NA,NA
"can","Canada","1989",8.54,77.16,NA,NA,NA
"can","Canada","1990",8.25,77.43,NA,NA,NA
"can","Canada","1991",7.96,77.64,NA,NA,NA
"can","Canada","1992",7.68,77.81,NA,NA,NA
"can","Canada","1993",7.41,77.85,NA,NA,NA
"can","Canada","1994",7.16,78,NA,NA,NA
"can","Canada","1995",6.93,78.12,NA,NA,NA
"can","Canada","1996",6.72,78.37,NA,NA,NA
"can","Canada","1997",6.54,78.62,NA,NA,NA
"can","Canada","1998",6.39,78.83,NA,NA,NA
"can","Canada","1999",6.29,79.07,NA,NA,NA
"can","Canada","2000",6.23,79.36,NA,NA,NA
"can","Canada","2001",6.2,79.6,NA,NA,NA
"can","Canada","2002",6.18,79.79,NA,NA,NA
"can","Canada","2003",6.17,79.98,NA,NA,NA
"can","Canada","2004",6.14,80.24,NA,NA,NA
"can","Canada","2005",6.09,80.43,NA,NA,NA
"can","Canada","2006",6.03,80.74,NA,NA,NA
"can","Canada","2007",5.96,80.9,NA,NA,NA
"can","Canada","2008",5.88,81.11,NA,NA,NA
"can","Canada","2009",5.81,81.39,NA,NA,NA
"can","Canada","2010",5.73,81.64,NA,NA,NA
"can","Canada","2011",5.66,81.89,NA,NA,NA
"can","Canada","2012",5.58,82.01,NA,NA,NA
"can","Canada","2013",5.51,82.12,NA,NA,NA
"can","Canada","2014",5.43,82.15,NA,NA,NA
"can","Canada","2015",5.36,82.26,NA,NA,NA
"can","Canada","2016",5.28,82.29,NA,NA,NA
"can","Canada","2017",5.21,82.36,NA,NA,NA
"can","Canada","2018",5.14,82.19,NA,NA,NA
"can","Canada","2019",5.07,82.18,NA,NA,NA
"can","Canada","2020",5.01,81.86,NA,NA,NA
"can","Canada","2021",4.95,82.47,NA,NA,NA
"can","Canada","2022",4.64,82.66,NA,NA,NA
"can","Canada","2023",4.5,82.84,NA,NA,NA
"can","Canada","2024",4.38,83,NA,NA,NA
"can","Canada","2025",4.26,83.15,NA,NA,NA
"che","Switzerland","1915",112.48,55.99,NA,NA,NA
"che","Switzerland","1916",102.89,56.63,NA,NA,NA
"che","Switzerland","1917",103.85,55.85,NA,NA,NA
"che","Switzerland","1918",126.75,46.33,NA,NA,NA
"che","Switzerland","1919",110.71,55.01,NA,NA,NA
"che","Switzerland","1920",120.87,54.42,NA,NA,NA
"che","Switzerland","1921",95.34,57.91,NA,NA,NA
"che","Switzerland","1922",87.72,58.54,NA,NA,NA
"che","Switzerland","1923",77.81,60.09,NA,NA,NA
"che","Switzerland","1924",78.75,59.54,NA,NA,NA
"che","Switzerland","1925",77.08,60,NA,NA,NA
"che","Switzerland","1926",73.86,60.69,NA,NA,NA
"che","Switzerland","1927",74.24,60.15,NA,NA,NA
"che","Switzerland","1928",73.89,60.52,NA,NA,NA
"che","Switzerland","1929",69.71,60.22,NA,NA,NA
"che","Switzerland","1930",67.4,61.48,NA,NA,NA
"che","Switzerland","1931",65.2,61.29,NA,NA,NA
"che","Switzerland","1932",66.81,61.28,NA,NA,NA
"che","Switzerland","1933",61.08,62.46,NA,NA,NA
"che","Switzerland","1934",59.74,62.95,NA,NA,NA
"che","Switzerland","1935",62.76,62.19,NA,NA,NA
"che","Switzerland","1936",59.7,63.24,NA,NA,NA
"che","Switzerland","1937",60.58,63.57,NA,NA,NA
"che","Switzerland","1938",55.99,63.91,NA,NA,NA
"che","Switzerland","1939",54.5,64.07,NA,NA,NA
"che","Switzerland","1940",61.69,63.64,NA,NA,NA
"che","Switzerland","1941",54.32,65.04,NA,NA,NA
"che","Switzerland","1942",50.84,65.71,NA,NA,NA
"che","Switzerland","1943",51.33,65.9,NA,NA,NA
"che","Switzerland","1944",53.56,64.94,NA,NA,NA
"che","Switzerland","1945",51.38,65.49,NA,NA,NA
"che","Switzerland","1946",49.55,66.15,NA,NA,NA
"che","Switzerland","1947",47.83,66.34,NA,NA,NA
"che","Switzerland","1948",43.93,67.42,NA,NA,NA
"che","Switzerland","1949",42.19,68.05,NA,NA,NA
"che","Switzerland","1950",38.56,69.02,NA,NA,NA
"che","Switzerland","1951",37.18,69.05,NA,NA,NA
"che","Switzerland","1952",35.84,69.62,NA,NA,NA
"che","Switzerland","1953",34.47,69.79,NA,NA,NA
"che","Switzerland","1954",33.07,70.13,NA,NA,NA
"che","Switzerland","1955",31.64,70.3,NA,NA,NA
"che","Switzerland","1956",30.26,70.52,NA,NA,NA
"che","Switzerland","1957",29,70.84,NA,NA,NA
"che","Switzerland","1958",27.94,71.42,NA,NA,NA
"che","Switzerland","1959",27.12,71.62,NA,NA,NA
"che","Switzerland","1960",26.54,71.76,NA,NA,NA
"che","Switzerland","1961",25.99,71.86,NA,NA,NA
"che","Switzerland","1962",25.33,71.73,NA,NA,NA
"che","Switzerland","1963",24.51,71.81,NA,NA,NA
"che","Switzerland","1964",23.58,72.27,NA,NA,NA
"che","Switzerland","1965",22.57,72.51,NA,NA,NA
"che","Switzerland","1966",21.6,72.69,NA,NA,NA
"che","Switzerland","1967",20.73,72.94,NA,NA,NA
"che","Switzerland","1968",19.94,72.98,NA,NA,NA
"che","Switzerland","1969",19.17,73.11,NA,NA,NA
"che","Switzerland","1970",18.39,73.34,NA,NA,NA
"che","Switzerland","1971",17.56,73.6,NA,NA,NA
"che","Switzerland","1972",16.68,73.97,NA,NA,NA
"che","Switzerland","1973",15.75,74.33,NA,NA,NA
"che","Switzerland","1974",14.79,74.66,NA,NA,NA
"che","Switzerland","1975",13.82,74.98,NA,NA,NA
"che","Switzerland","1976",12.92,75.28,NA,NA,NA
"che","Switzerland","1977",12.11,75.54,NA,NA,NA
"che","Switzerland","1978",11.43,75.69,NA,NA,NA
"che","Switzerland","1979",10.85,75.88,NA,NA,NA
"che","Switzerland","1980",10.38,75.97,NA,NA,NA
"che","Switzerland","1981",10,76.18,NA,NA,NA
"che","Switzerland","1982",9.67,76.36,NA,NA,NA
"che","Switzerland","1983",9.41,76.64,NA,NA,NA
"che","Switzerland","1984",9.19,76.98,NA,NA,NA
"che","Switzerland","1985",9.02,77.22,NA,NA,NA
"che","Switzerland","1986",8.88,77.43,NA,NA,NA
"che","Switzerland","1987",8.76,77.65,NA,NA,NA
"che","Switzerland","1988",8.62,77.8,NA,NA,NA
"che","Switzerland","1989",8.43,77.89,NA,NA,NA
"che","Switzerland","1990",8.17,77.94,NA,NA,NA
"che","Switzerland","1991",7.84,78.1,NA,NA,NA
"che","Switzerland","1992",7.47,78.4,NA,NA,NA
"che","Switzerland","1993",7.07,78.74,NA,NA,NA
"che","Switzerland","1994",6.71,79,NA,NA,NA
"che","Switzerland","1995",6.4,78.91,NA,NA,NA
"che","Switzerland","1996",6.15,79.34,NA,NA,NA
"che","Switzerland","1997",5.97,79.6,NA,NA,NA
"che","Switzerland","1998",5.83,79.87,NA,NA,NA
"che","Switzerland","1999",5.73,80.12,NA,NA,NA
"che","Switzerland","2000",5.64,80.3,NA,NA,NA
"che","Switzerland","2001",5.54,80.64,NA,NA,NA
"che","Switzerland","2002",5.44,80.87,NA,NA,NA
"che","Switzerland","2003",5.32,81.08,NA,NA,NA
"che","Switzerland","2004",5.19,81.43,NA,NA,NA
"che","Switzerland","2005",5.06,81.69,NA,NA,NA
"che","Switzerland","2006",4.94,81.94,NA,NA,NA
"che","Switzerland","2007",4.83,82.17,NA,NA,NA
"che","Switzerland","2008",4.73,82.39,NA,NA,NA
"che","Switzerland","2009",4.64,82.52,NA,NA,NA
"che","Switzerland","2010",4.56,82.79,NA,NA,NA
"che","Switzerland","2011",4.49,83.03,NA,NA,NA
"che","Switzerland","2012",4.44,83.13,NA,NA,NA
"che","Switzerland","2013",4.39,83.27,NA,NA,NA
"che","Switzerland","2014",4.34,83.47,NA,NA,NA
"che","Switzerland","2015",4.28,83.58,NA,NA,NA
"che","Switzerland","2016",4.21,83.78,NA,NA,NA
"che","Switzerland","2017",4.15,83.88,NA,NA,NA
"che","Switzerland","2018",4.09,83.93,NA,NA,NA
"che","Switzerland","2019",4.04,83.98,NA,NA,NA
"che","Switzerland","2020",4.55,83.27,NA,NA,NA
"che","Switzerland","2021",3.93,84.19,NA,NA,NA
"che","Switzerland","2022",3.79,84.46,NA,NA,NA
"che","Switzerland","2023",3.71,84.58,NA,NA,NA
"che","Switzerland","2024",3.62,84.72,NA,NA,NA
"che","Switzerland","2025",3.54,84.85,NA,NA,NA
"chl","Chile","1915",412.55,30.54,NA,NA,NA
"chl","Chile","1916",391.57,30.58,NA,NA,NA
"chl","Chile","1917",436.85,30.61,NA,NA,NA
"chl","Chile","1918",414.12,26.85,NA,NA,NA
"chl","Chile","1919",496.94,30.34,NA,NA,NA
"chl","Chile","1920",427.11,30.2,NA,NA,NA
"chl","Chile","1921",451.47,30.06,NA,NA,NA
"chl","Chile","1922",389.96,29.92,NA,NA,NA
"chl","Chile","1923",459.59,30.92,NA,NA,NA
"chl","Chile","1924",431.98,31.92,NA,NA,NA
"chl","Chile","1925",418.99,32.92,NA,NA,NA
"chl","Chile","1926",407.72,33.91,NA,NA,NA
"chl","Chile","1927",367.32,34.9,NA,NA,NA
"chl","Chile","1928",344.73,35.2,NA,NA,NA
"chl","Chile","1929",364.1,35.49,NA,NA,NA
"chl","Chile","1930",380.26,35.78,NA,NA,NA
"chl","Chile","1931",377.02,36.07,NA,NA,NA
"chl","Chile","1932",381.88,36.36,NA,NA,NA
"chl","Chile","1933",418.99,36.41,NA,NA,NA
"chl","Chile","1934",425.48,36.46,NA,NA,NA
"chl","Chile","1935",407.72,36.5,NA,NA,NA
"chl","Chile","1936",409.33,36.55,NA,NA,NA
"chl","Chile","1937",391.57,36.6,NA,NA,NA
"chl","Chile","1938",383.5,37.48,NA,NA,NA
"chl","Chile","1939",365.73,38.37,NA,NA,NA
"chl","Chile","1940",352.81,39.25,NA,NA,NA
"chl","Chile","1941",325.26,40.13,NA,NA,NA
"chl","Chile","1942",317.13,41,NA,NA,NA
"chl","Chile","1943",315.5,41.69,NA,NA,NA
"chl","Chile","1944",294.24,42.37,NA,NA,NA
"chl","Chile","1945",299.15,43.05,NA,NA,NA
"chl","Chile","1946",260.17,43.73,NA,NA,NA
"chl","Chile","1947",261.86,44.42,NA,NA,NA
"chl","Chile","1948",236.99,46.37,NA,NA,NA
"chl","Chile","1949",251.47,48.31,NA,NA,NA
"chl","Chile","1950",238.34,50.26,NA,NA,NA
"chl","Chile","1951",229.45,50.94,NA,NA,NA
"chl","Chile","1952",220.65,53.55,NA,NA,NA
"chl","Chile","1953",212.38,55.31,NA,NA,NA
"chl","Chile","1954",204.4,54.61,NA,NA,NA
"chl","Chile","1955",196.73,54.83,NA,NA,NA
"chl","Chile","1956",178.12,56.07,NA,NA,NA
"chl","Chile","1957",167.54,55.52,NA,NA,NA
"chl","Chile","1958",162.35,55.77,NA,NA,NA
"chl","Chile","1959",151.66,56.07,NA,NA,NA
"chl","Chile","1960",160.77,54.2,NA,NA,NA
"chl","Chile","1961",141.01,57.45,NA,NA,NA
"chl","Chile","1962",145.58,56.75,NA,NA,NA
"chl","Chile","1963",132.88,57.14,NA,NA,NA
"chl","Chile","1964",133.37,57.63,NA,NA,NA
"chl","Chile","1965",111.89,58.7,NA,NA,NA
"chl","Chile","1966",107.64,59.23,NA,NA,NA
"chl","Chile","1967",93.91,60.17,NA,NA,NA
"chl","Chile","1968",81.45,61,NA,NA,NA
"chl","Chile","1969",80.96,61.49,NA,NA,NA
"chl","Chile","1970",86.46,61.99,NA,NA,NA
"chl","Chile","1971",77.56,62.56,NA,NA,NA
"chl","Chile","1972",77.08,62.28,NA,NA,NA
"chl","Chile","1973",69.06,63.18,NA,NA,NA
"chl","Chile","1974",81.25,64.94,NA,NA,NA
"chl","Chile","1975",60.39,66.15,NA,NA,NA
"chl","Chile","1976",58.94,66.17,NA,NA,NA
"chl","Chile","1977",50.03,67.2,NA,NA,NA
"chl","Chile","1978",37.63,68.15,NA,NA,NA
"chl","Chile","1979",38.01,68.6,NA,NA,NA
"chl","Chile","1980",34.04,69.44,NA,NA,NA
"chl","Chile","1981",29.76,70.53,NA,NA,NA
"chl","Chile","1982",27.06,71.04,NA,NA,NA
"chl","Chile","1983",25.06,70.93,NA,NA,NA
"chl","Chile","1984",22.56,71.29,NA,NA,NA
"chl","Chile","1985",21.25,71.95,NA,NA,NA
"chl","Chile","1986",23.12,72.61,NA,NA,NA
"chl","Chile","1987",22.23,73.2,NA,NA,NA
"chl","Chile","1988",21.57,73.19,NA,NA,NA
"chl","Chile","1989",20.12,73.16,NA,NA,NA
"chl","Chile","1990",19.17,73.43,NA,NA,NA
"chl","Chile","1991",17.43,74.15,NA,NA,NA
"chl","Chile","1992",16.38,74.74,NA,NA,NA
"chl","Chile","1993",15.12,74.95,NA,NA,NA
"chl","Chile","1994",13.77,75.23,NA,NA,NA
"chl","Chile","1995",13.04,75.28,NA,NA,NA
"chl","Chile","1996",12.69,75.49,NA,NA,NA
"chl","Chile","1997",11.63,75.96,NA,NA,NA
"chl","Chile","1998",12.38,76.2,NA,NA,NA
"chl","Chile","1999",11.75,76.45,NA,NA,NA
"chl","Chile","2000",10.79,76.93,NA,NA,NA
"chl","Chile","2001",10.37,76.99,NA,NA,NA
"chl","Chile","2002",9.52,77.37,NA,NA,NA
"chl","Chile","2003",9.28,77.44,NA,NA,NA
"chl","Chile","2004",9.72,77.56,NA,NA,NA
"chl","Chile","2005",9.11,77.89,NA,NA,NA
"chl","Chile","2006",8.81,78.2,NA,NA,NA
"chl","Chile","2007",8.94,78.38,NA,NA,NA
"chl","Chile","2008",8.66,78.72,NA,NA,NA
"chl","Chile","2009",9.19,78.63,NA,NA,NA
"chl","Chile","2010",8.58,78.61,NA,NA,NA
"chl","Chile","2011",8.63,78.96,NA,NA,NA
"chl","Chile","2012",8.32,79.17,NA,NA,NA
"chl","Chile","2013",8.03,79.31,NA,NA,NA
"chl","Chile","2014",8.49,79.49,NA,NA,NA
"chl","Chile","2015",7.74,79.63,NA,NA,NA
"chl","Chile","2016",7.66,79.97,NA,NA,NA
"chl","Chile","2017",7.43,79.98,NA,NA,NA
"chl","Chile","2018",7.21,80.07,NA,NA,NA
"chl","Chile","2019",6.99,80.16,NA,NA,NA
"chl","Chile","2020",5.5,79.21,NA,NA,NA
"chl","Chile","2021",5.25,78.78,NA,NA,NA
"chl","Chile","2022",5.46,79.35,NA,NA,NA
"chl","Chile","2023",5.97,80.99,NA,NA,NA
"chl","Chile","2024",5.77,81.19,NA,NA,NA
"chl","Chile","2025",5.57,81.39,NA,NA,NA
"chn","China","1915",405.19,37.05,NA,NA,NA
"chn","China","1916",404.21,37.12,NA,NA,NA
"chn","China","1917",403.23,37.2,NA,NA,NA
"chn","China","1918",402.25,26.11,NA,NA,NA
"chn","China","1919",401.27,37.36,NA,NA,NA
"chn","China","1920",400.29,37.43,NA,NA,NA
"chn","China","1921",399.31,37.51,NA,NA,NA
"chn","China","1922",398.33,37.59,NA,NA,NA
"chn","China","1923",397.35,37.67,NA,NA,NA
"chn","China","1924",396.38,37.74,NA,NA,NA
"chn","China","1925",395.4,37.82,NA,NA,NA
"chn","China","1926",394.42,38.33,NA,NA,NA
"chn","China","1927",393.44,30.44,NA,NA,NA
"chn","China","1928",392.46,39.34,NA,NA,NA
"chn","China","1929",391.48,35.57,NA,NA,NA
"chn","China","1930",390.5,40.36,NA,NA,NA
"chn","China","1931",383.57,40.92,NA,NA,NA
"chn","China","1932",376.67,41.48,NA,NA,NA
"chn","China","1933",369.93,42.05,NA,NA,NA
"chn","China","1934",363.22,42.61,NA,NA,NA
"chn","China","1935",356.66,43.18,NA,NA,NA
"chn","China","1936",350.12,43.75,NA,NA,NA
"chn","China","1937",345.93,41.18,NA,NA,NA
"chn","China","1938",340.65,41.09,NA,NA,NA
"chn","China","1939",336.49,41.47,NA,NA,NA
"chn","China","1940",332.42,41.86,NA,NA,NA
"chn","China","1941",330.86,41.44,NA,NA,NA
"chn","China","1942",329.3,39.01,NA,NA,NA
"chn","China","1943",327.76,35.35,NA,NA,NA
"chn","China","1944",326.22,42.71,NA,NA,NA
"chn","China","1945",324.69,45.19,NA,NA,NA
"chn","China","1946",323.16,47.06,NA,NA,NA
"chn","China","1947",321.64,48.45,NA,NA,NA
"chn","China","1948",320.13,49.09,NA,NA,NA
"chn","China","1949",318.63,49.74,NA,NA,NA
"chn","China","1950",317.13,50.99,NA,NA,NA
"chn","China","1951",311.71,51.68,NA,NA,NA
"chn","China","1952",306.39,52.37,NA,NA,NA
"chn","China","1953",301.16,52.98,NA,NA,NA
"chn","China","1954",296.02,53.36,NA,NA,NA
"chn","China","1955",290.96,53.92,NA,NA,NA
"chn","China","1956",270.32,54.43,NA,NA,NA
"chn","China","1957",251.14,54.94,NA,NA,NA
"chn","China","1958",233.32,48.94,NA,NA,NA
"chn","China","1959",268.45,41.01,NA,NA,NA
"chn","China","1960",308.99,27.79,NA,NA,NA
"chn","China","1961",261.86,40.83,NA,NA,NA
"chn","China","1962",167.82,53.45,NA,NA,NA
"chn","China","1963",148.14,57.41,NA,NA,NA
"chn","China","1964",130.77,57.91,NA,NA,NA
"chn","China","1965",115.43,58.47,NA,NA,NA
"chn","China","1966",120.8,59.01,NA,NA,NA
"chn","China","1967",126.47,59.48,NA,NA,NA
"chn","China","1968",127.42,59.91,NA,NA,NA
"chn","China","1969",118.55,60.37,NA,NA,NA
"chn","China","1970",112.54,60.88,NA,NA,NA
"chn","China","1971",106.8,61.44,NA,NA,NA
"chn","China","1972",101.26,61.91,NA,NA,NA
"chn","China","1973",95.72,62.35,NA,NA,NA
"chn","China","1974",90.23,62.54,NA,NA,NA
"chn","China","1975",84.71,62.81,NA,NA,NA
"chn","China","1976",79.42,62.6,NA,NA,NA
"chn","China","1977",74.49,63.47,NA,NA,NA
"chn","China","1978",69.95,63.83,NA,NA,NA
"chn","China","1979",66,64.03,NA,NA,NA
"chn","China","1980",62.62,64.41,NA,NA,NA
"chn","China","1981",59.86,64.73,NA,NA,NA
"chn","China","1982",57.59,65.27,NA,NA,NA
"chn","China","1983",55.92,65.7,NA,NA,NA
"chn","China","1984",54.83,66.14,NA,NA,NA
"chn","China","1985",54.18,66.59,NA,NA,NA
"chn","China","1986",53.9,67.09,NA,NA,NA
"chn","China","1987",53.93,67.27,NA,NA,NA
"chn","China","1988",53.99,67.53,NA,NA,NA
"chn","China","1989",53.98,67.68,NA,NA,NA
"chn","China","1990",53.74,68.09,NA,NA,NA
"chn","China","1991",53.16,68.36,NA,NA,NA
"chn","China","1992",52.22,68.7,NA,NA,NA
"chn","China","1993",50.89,69.04,NA,NA,NA
"chn","China","1994",49.28,69.39,NA,NA,NA
"chn","China","1995",47.48,69.75,NA,NA,NA
"chn","China","1996",45.55,70.11,NA,NA,NA
"chn","China","1997",43.54,70.55,NA,NA,NA
"chn","China","1998",41.42,70.9,NA,NA,NA
"chn","China","1999",39.14,71.16,NA,NA,NA
"chn","China","2000",36.69,71.33,NA,NA,NA
"chn","China","2001",34.11,71.69,NA,NA,NA
"chn","China","2002",31.46,72.02,NA,NA,NA
"chn","China","2003",28.82,72.33,NA,NA,NA
"chn","China","2004",26.32,72.54,NA,NA,NA
"chn","China","2005",24,72.98,NA,NA,NA
"chn","China","2006",21.92,73.67,NA,NA,NA
"chn","China","2007",20.08,74.19,NA,NA,NA
"chn","China","2008",18.47,74.31,NA,NA,NA
"chn","China","2009",17.04,74.7,NA,NA,NA
"chn","China","2010",15.75,74.92,NA,NA,NA
"chn","China","2011",14.57,75.29,NA,NA,NA
"chn","China","2012",13.49,75.73,NA,NA,NA
"chn","China","2013",12.49,76.11,NA,NA,NA
"chn","China","2014",11.56,76.44,NA,NA,NA
"chn","China","2015",10.7,76.77,NA,NA,NA
"chn","China","2016",9.92,76.98,NA,NA,NA
"chn","China","2017",9.2,77.23,NA,NA,NA
"chn","China","2018",8.53,77.44,NA,NA,NA
"chn","China","2019",7.91,77.59,NA,NA,NA
"chn","China","2020",7.35,77.7,NA,NA,NA
"chn","China","2021",6.84,77.83,NA,NA,NA
"chn","China","2022",7.1,78.21,NA,NA,NA
"chn","China","2023",6.89,78.41,NA,NA,NA
"chn","China","2024",6.67,78.61,NA,NA,NA
"chn","China","2025",6.45,78.81,NA,NA,NA
"civ","Cote d'Ivoire","1915",415.31,37.59,NA,NA,NA
"civ","Cote d'Ivoire","1916",414.3,37.69,NA,NA,NA
"civ","Cote d'Ivoire","1917",413.3,37.79,NA,NA,NA
"civ","Cote d'Ivoire","1918",412.29,14.65,NA,NA,NA
"civ","Cote d'Ivoire","1919",411.29,37.99,NA,NA,NA
"civ","Cote d'Ivoire","1920",410.29,38.09,NA,NA,NA
"civ","Cote d'Ivoire","1921",409.28,38.19,NA,NA,NA
"civ","Cote d'Ivoire","1922",408.28,38.29,NA,NA,NA
"civ","Cote d'Ivoire","1923",407.27,38.39,NA,NA,NA
"civ","Cote d'Ivoire","1924",406.27,38.48,NA,NA,NA
"civ","Cote d'Ivoire","1925",405.27,38.58,NA,NA,NA
"civ","Cote d'Ivoire","1926",404.26,38.68,NA,NA,NA
"civ","Cote d'Ivoire","1927",403.26,38.78,NA,NA,NA
"civ","Cote d'Ivoire","1928",402.25,38.88,NA,NA,NA
"civ","Cote d'Ivoire","1929",401.25,38.98,NA,NA,NA
"civ","Cote d'Ivoire","1930",400.25,39.08,NA,NA,NA
"civ","Cote d'Ivoire","1931",396.12,39.18,NA,NA,NA
"civ","Cote d'Ivoire","1932",392.01,39.28,NA,NA,NA
"civ","Cote d'Ivoire","1933",387.9,39.38,NA,NA,NA
"civ","Cote d'Ivoire","1934",383.83,39.47,NA,NA,NA
"civ","Cote d'Ivoire","1935",379.76,39.57,NA,NA,NA
"civ","Cote d'Ivoire","1936",375.71,39.67,NA,NA,NA
"civ","Cote d'Ivoire","1937",371.68,39.77,NA,NA,NA
"civ","Cote d'Ivoire","1938",367.65,39.87,NA,NA,NA
"civ","Cote d'Ivoire","1939",363.65,39.97,NA,NA,NA
"civ","Cote d'Ivoire","1940",359.67,40.07,NA,NA,NA
"civ","Cote d'Ivoire","1941",355.69,40.24,NA,NA,NA
"civ","Cote d'Ivoire","1942",351.74,40.41,NA,NA,NA
"civ","Cote d'Ivoire","1943",347.79,40.59,NA,NA,NA
"civ","Cote d'Ivoire","1944",343.87,40.76,NA,NA,NA
"civ","Cote d'Ivoire","1945",339.97,40.93,NA,NA,NA
"civ","Cote d'Ivoire","1946",336.07,41.11,NA,NA,NA
"civ","Cote d'Ivoire","1947",329.92,41.27,NA,NA,NA
"civ","Cote d'Ivoire","1948",323.87,41.45,NA,NA,NA
"civ","Cote d'Ivoire","1949",317.89,41.63,NA,NA,NA
"civ","Cote d'Ivoire","1950",312,41.8,NA,NA,NA
"civ","Cote d'Ivoire","1951",294.4,42.05,NA,NA,NA
"civ","Cote d'Ivoire","1952",289,42.36,NA,NA,NA
"civ","Cote d'Ivoire","1953",268.62,42.68,NA,NA,NA
"civ","Cote d'Ivoire","1954",263,42.95,NA,NA,NA
"civ","Cote d'Ivoire","1955",359.92,43.1,NA,NA,NA
"civ","Cote d'Ivoire","1956",351.33,43.55,NA,NA,NA
"civ","Cote d'Ivoire","1957",342.72,43.92,NA,NA,NA
"civ","Cote d'Ivoire","1958",334.31,44.39,NA,NA,NA
"civ","Cote d'Ivoire","1959",326.1,45.09,NA,NA,NA
"civ","Cote d'Ivoire","1960",317.92,45.61,NA,NA,NA
"civ","Cote d'Ivoire","1961",309.9,46.06,NA,NA,NA
"civ","Cote d'Ivoire","1962",302.07,46.46,NA,NA,NA
"civ","Cote d'Ivoire","1963",294.46,46.95,NA,NA,NA
"civ","Cote d'Ivoire","1964",287.11,47.64,NA,NA,NA
"civ","Cote d'Ivoire","1965",279.86,48.35,NA,NA,NA
"civ","Cote d'Ivoire","1966",272.63,48.91,NA,NA,NA
"civ","Cote d'Ivoire","1967",265.67,49.28,NA,NA,NA
"civ","Cote d'Ivoire","1968",258.78,49.66,NA,NA,NA
"civ","Cote d'Ivoire","1969",251.63,50.33,NA,NA,NA
"civ","Cote d'Ivoire","1970",244.55,50.93,NA,NA,NA
"civ","Cote d'Ivoire","1971",237.17,51.64,NA,NA,NA
"civ","Cote d'Ivoire","1972",229.26,52.29,NA,NA,NA
"civ","Cote d'Ivoire","1973",220.95,52.94,NA,NA,NA
"civ","Cote d'Ivoire","1974",212.35,53.48,NA,NA,NA
"civ","Cote d'Ivoire","1975",203.77,53.98,NA,NA,NA
"civ","Cote d'Ivoire","1976",195.47,54.57,NA,NA,NA
"civ","Cote d'Ivoire","1977",187.67,55.11,NA,NA,NA
"civ","Cote d'Ivoire","1978",180.64,55.71,NA,NA,NA
"civ","Cote d'Ivoire","1979",174.5,56.25,NA,NA,NA
"civ","Cote d'Ivoire","1980",169.48,56.72,NA,NA,NA
"civ","Cote d'Ivoire","1981",165.13,57.03,NA,NA,NA
"civ","Cote d'Ivoire","1982",161.56,57.16,NA,NA,NA
"civ","Cote d'Ivoire","1983",158.7,57.27,NA,NA,NA
"civ","Cote d'Ivoire","1984",156.37,57.32,NA,NA,NA
"civ","Cote d'Ivoire","1985",154.53,57.38,NA,NA,NA
"civ","Cote d'Ivoire","1986",153.3,57.39,NA,NA,NA
"civ","Cote d'Ivoire","1987",152.54,57.21,NA,NA,NA
"civ","Cote d'Ivoire","1988",152.23,56.85,NA,NA,NA
"civ","Cote d'Ivoire","1989",152.36,56.3,NA,NA,NA
"civ","Cote d'Ivoire","1990",152.75,55.74,NA,NA,NA
"civ","Cote d'Ivoire","1991",153.2,55.1,NA,NA,NA
"civ","Cote d'Ivoire","1992",153.65,54.3,NA,NA,NA
"civ","Cote d'Ivoire","1993",153.86,53.41,NA,NA,NA
"civ","Cote d'Ivoire","1994",153.77,52.51,NA,NA,NA
"civ","Cote d'Ivoire","1995",153.34,51.7,NA,NA,NA
"civ","Cote d'Ivoire","1996",152.19,51.31,NA,NA,NA
"civ","Cote d'Ivoire","1997",150.61,51.09,NA,NA,NA
"civ","Cote d'Ivoire","1998",148.52,50.94,NA,NA,NA
"civ","Cote d'Ivoire","1999",146.09,50.95,NA,NA,NA
"civ","Cote d'Ivoire","2000",143.32,51.13,NA,NA,NA
"civ","Cote d'Ivoire","2001",140.13,51.46,NA,NA,NA
"civ","Cote d'Ivoire","2002",136.68,51.74,NA,NA,NA
"civ","Cote d'Ivoire","2003",133.08,52.11,NA,NA,NA
"civ","Cote d'Ivoire","2004",129.52,52.65,NA,NA,NA
"civ","Cote d'Ivoire","2005",125.61,53.46,NA,NA,NA
"civ","Cote d'Ivoire","2006",122.02,54.43,NA,NA,NA
"civ","Cote d'Ivoire","2007",118.21,55.33,NA,NA,NA
"civ","Cote d'Ivoire","2008",114.22,56.3,NA,NA,NA
"civ","Cote d'Ivoire","2009",109.92,56.96,NA,NA,NA
"civ","Cote d'Ivoire","2010",106.28,57.39,NA,NA,NA
"civ","Cote d'Ivoire","2011",103.08,57.81,NA,NA,NA
"civ","Cote d'Ivoire","2012",100.1,58.81,NA,NA,NA
"civ","Cote d'Ivoire","2013",96.95,59.42,NA,NA,NA
"civ","Cote d'Ivoire","2014",93.65,60.16,NA,NA,NA
"civ","Cote d'Ivoire","2015",90.78,61.07,NA,NA,NA
"civ","Cote d'Ivoire","2016",88.37,61.97,NA,NA,NA
"civ","Cote d'Ivoire","2017",85.99,62.81,NA,NA,NA
"civ","Cote d'Ivoire","2018",83.22,63.59,NA,NA,NA
"civ","Cote d'Ivoire","2019",80.32,64.25,NA,NA,NA
"civ","Cote d'Ivoire","2020",77.92,63.94,NA,NA,NA
"civ","Cote d'Ivoire","2021",75.85,63.47,NA,NA,NA
"civ","Cote d'Ivoire","2022",75.8,63.82,NA,NA,NA
"civ","Cote d'Ivoire","2023",75.57,65.1,NA,NA,NA
"civ","Cote d'Ivoire","2024",74.54,65.32,NA,NA,NA
"civ","Cote d'Ivoire","2025",73.55,65.53,NA,NA,NA
"cmr","Cameroon","1915",446.71,30.46,NA,NA,NA
"cmr","Cameroon","1916",445.63,30.49,NA,NA,NA
"cmr","Cameroon","1917",444.55,30.52,NA,NA,NA
"cmr","Cameroon","1918",443.47,6.01,NA,NA,NA
"cmr","Cameroon","1919",442.39,30.57,NA,NA,NA
"cmr","Cameroon","1920",441.31,30.59,NA,NA,NA
"cmr","Cameroon","1921",440.23,30.62,NA,NA,NA
"cmr","Cameroon","1922",439.15,30.65,NA,NA,NA
"cmr","Cameroon","1923",438.07,30.67,NA,NA,NA
"cmr","Cameroon","1924",436.99,30.7,NA,NA,NA
"cmr","Cameroon","1925",435.91,30.73,NA,NA,NA
"cmr","Cameroon","1926",434.83,30.75,NA,NA,NA
"cmr","Cameroon","1927",433.75,30.78,NA,NA,NA
"cmr","Cameroon","1928",432.67,30.81,NA,NA,NA
"cmr","Cameroon","1929",431.59,30.83,NA,NA,NA
"cmr","Cameroon","1930",430.51,30.86,NA,NA,NA
"cmr","Cameroon","1931",428.6,30.88,NA,NA,NA
"cmr","Cameroon","1932",426.69,30.91,NA,NA,NA
"cmr","Cameroon","1933",424.79,30.94,NA,NA,NA
"cmr","Cameroon","1934",422.9,30.96,NA,NA,NA
"cmr","Cameroon","1935",421,30.99,NA,NA,NA
"cmr","Cameroon","1936",419.11,31.02,NA,NA,NA
"cmr","Cameroon","1937",417.23,31.04,NA,NA,NA
"cmr","Cameroon","1938",415.35,31.07,NA,NA,NA
"cmr","Cameroon","1939",413.47,31.1,NA,NA,NA
"cmr","Cameroon","1940",411.6,31.12,NA,NA,NA
"cmr","Cameroon","1941",409.73,31.26,NA,NA,NA
"cmr","Cameroon","1942",407.87,31.38,NA,NA,NA
"cmr","Cameroon","1943",406.01,31.52,NA,NA,NA
"cmr","Cameroon","1944",404.15,31.64,NA,NA,NA
"cmr","Cameroon","1945",397.15,31.78,NA,NA,NA
"cmr","Cameroon","1946",390.26,33.88,NA,NA,NA
"cmr","Cameroon","1947",383.49,36.01,NA,NA,NA
"cmr","Cameroon","1948",376.84,38.12,NA,NA,NA
"cmr","Cameroon","1949",370.3,40.26,NA,NA,NA
"cmr","Cameroon","1950",363.87,42.39,NA,NA,NA
"cmr","Cameroon","1951",361.51,42.42,NA,NA,NA
"cmr","Cameroon","1952",356.56,42.91,NA,NA,NA
"cmr","Cameroon","1953",351.49,43.81,NA,NA,NA
"cmr","Cameroon","1954",338.8,44.44,NA,NA,NA
"cmr","Cameroon","1955",326.88,45.06,NA,NA,NA
"cmr","Cameroon","1956",315.45,45.62,NA,NA,NA
"cmr","Cameroon","1957",304.46,45.06,NA,NA,NA
"cmr","Cameroon","1958",294.82,45.55,NA,NA,NA
"cmr","Cameroon","1959",286.04,46.05,NA,NA,NA
"cmr","Cameroon","1960",278.39,27.54,NA,NA,NA
"cmr","Cameroon","1961",272.16,26.43,NA,NA,NA
"cmr","Cameroon","1962",267.18,48.48,NA,NA,NA
"cmr","Cameroon","1963",262.66,48.82,NA,NA,NA
"cmr","Cameroon","1964",258.01,49.18,NA,NA,NA
"cmr","Cameroon","1965",252.57,49.55,NA,NA,NA
"cmr","Cameroon","1966",245.83,49.94,NA,NA,NA
"cmr","Cameroon","1967",237.84,50.27,NA,NA,NA
"cmr","Cameroon","1968",229.26,50.66,NA,NA,NA
"cmr","Cameroon","1969",220.42,51.11,NA,NA,NA
"cmr","Cameroon","1970",211.99,51.54,NA,NA,NA
"cmr","Cameroon","1971",204.66,51.95,NA,NA,NA
"cmr","Cameroon","1972",198.9,52.46,NA,NA,NA
"cmr","Cameroon","1973",194.8,52.83,NA,NA,NA
"cmr","Cameroon","1974",192.31,53.22,NA,NA,NA
"cmr","Cameroon","1975",190.95,53.56,NA,NA,NA
"cmr","Cameroon","1976",189.89,53.84,NA,NA,NA
"cmr","Cameroon","1977",188.52,54.19,NA,NA,NA
"cmr","Cameroon","1978",186.52,54.59,NA,NA,NA
"cmr","Cameroon","1979",183.45,55.01,NA,NA,NA
"cmr","Cameroon","1980",179.15,55.39,NA,NA,NA
"cmr","Cameroon","1981",173.89,55.79,NA,NA,NA
"cmr","Cameroon","1982",167.71,56.3,NA,NA,NA
"cmr","Cameroon","1983",161.3,56.79,NA,NA,NA
"cmr","Cameroon","1984",154.85,57.12,NA,NA,NA
"cmr","Cameroon","1985",148.8,57.71,NA,NA,NA
"cmr","Cameroon","1986",143.64,57.75,NA,NA,NA
"cmr","Cameroon","1987",139.66,58.35,NA,NA,NA
"cmr","Cameroon","1988",137.08,58.5,NA,NA,NA
"cmr","Cameroon","1989",135.94,58.53,NA,NA,NA
"cmr","Cameroon","1990",136.29,58.43,NA,NA,NA
"cmr","Cameroon","1991",137.8,58.2,NA,NA,NA
"cmr","Cameroon","1992",140.01,57.78,NA,NA,NA
"cmr","Cameroon","1993",142.52,57.37,NA,NA,NA
"cmr","Cameroon","1994",144.76,57.1,NA,NA,NA
"cmr","Cameroon","1995",146.45,56.64,NA,NA,NA
"cmr","Cameroon","1996",147.61,56.22,NA,NA,NA
"cmr","Cameroon","1997",148.14,55.69,NA,NA,NA
"cmr","Cameroon","1998",147.78,55.16,NA,NA,NA
"cmr","Cameroon","1999",146.29,54.82,NA,NA,NA
"cmr","Cameroon","2000",143.93,54.47,NA,NA,NA
"cmr","Cameroon","2001",140.9,54.3,NA,NA,NA
"cmr","Cameroon","2002",137.53,54.23,NA,NA,NA
"cmr","Cameroon","2003",134,54.27,NA,NA,NA
"cmr","Cameroon","2004",130.6,54.58,NA,NA,NA
"cmr","Cameroon","2005",127.5,54.99,NA,NA,NA
"cmr","Cameroon","2006",124.22,55.41,NA,NA,NA
"cmr","Cameroon","2007",121.03,55.91,NA,NA,NA
"cmr","Cameroon","2008",117.62,56.56,NA,NA,NA
"cmr","Cameroon","2009",114.31,57.18,NA,NA,NA
"cmr","Cameroon","2010",110.06,57.7,NA,NA,NA
"cmr","Cameroon","2011",105.8,58.17,NA,NA,NA
"cmr","Cameroon","2012",101.35,58.76,NA,NA,NA
"cmr","Cameroon","2013",96.74,59.15,NA,NA,NA
"cmr","Cameroon","2014",92.37,59.47,NA,NA,NA
"cmr","Cameroon","2015",87.97,60.05,NA,NA,NA
"cmr","Cameroon","2016",84.18,60.93,NA,NA,NA
"cmr","Cameroon","2017",80.65,61.85,NA,NA,NA
"cmr","Cameroon","2018",77.33,62.62,NA,NA,NA
"cmr","Cameroon","2019",74.67,63.35,NA,NA,NA
"cmr","Cameroon","2020",72.14,62.58,NA,NA,NA
"cmr","Cameroon","2021",69.66,62.06,NA,NA,NA
"cmr","Cameroon","2022",65.78,62.71,NA,NA,NA
"cmr","Cameroon","2023",63.8,63.7,NA,NA,NA
"cmr","Cameroon","2024",64.49,64.3,NA,NA,NA
"cmr","Cameroon","2025",67.56,64.52,NA,NA,NA
"cod","Congo, Dem. Rep.","1915",410.25,34.49,NA,NA,NA
"cod","Congo, Dem. Rep.","1916",409.26,34.54,NA,NA,NA
"cod","Congo, Dem. Rep.","1917",408.26,34.58,NA,NA,NA
"cod","Congo, Dem. Rep.","1918",407.27,9.92,NA,NA,NA
"cod","Congo, Dem. Rep.","1919",406.28,34.67,NA,NA,NA
"cod","Congo, Dem. Rep.","1920",405.29,34.72,NA,NA,NA
"cod","Congo, Dem. Rep.","1921",404.3,34.76,NA,NA,NA
"cod","Congo, Dem. Rep.","1922",403.31,34.81,NA,NA,NA
"cod","Congo, Dem. Rep.","1923",402.31,34.85,NA,NA,NA
"cod","Congo, Dem. Rep.","1924",401.32,34.89,NA,NA,NA
"cod","Congo, Dem. Rep.","1925",400.33,34.94,NA,NA,NA
"cod","Congo, Dem. Rep.","1926",399.34,34.98,NA,NA,NA
"cod","Congo, Dem. Rep.","1927",398.35,35.03,NA,NA,NA
"cod","Congo, Dem. Rep.","1928",397.36,35.07,NA,NA,NA
"cod","Congo, Dem. Rep.","1929",396.36,35.12,NA,NA,NA
"cod","Congo, Dem. Rep.","1930",395.37,35.16,NA,NA,NA
"cod","Congo, Dem. Rep.","1931",395.08,35.21,NA,NA,NA
"cod","Congo, Dem. Rep.","1932",394.78,35.25,NA,NA,NA
"cod","Congo, Dem. Rep.","1933",394.48,35.29,NA,NA,NA
"cod","Congo, Dem. Rep.","1934",394.16,35.34,NA,NA,NA
"cod","Congo, Dem. Rep.","1935",393.85,35.38,NA,NA,NA
"cod","Congo, Dem. Rep.","1936",393.54,35.43,NA,NA,NA
"cod","Congo, Dem. Rep.","1937",393.22,35.47,NA,NA,NA
"cod","Congo, Dem. Rep.","1938",392.91,35.52,NA,NA,NA
"cod","Congo, Dem. Rep.","1939",392.58,35.56,NA,NA,NA
"cod","Congo, Dem. Rep.","1940",392.25,35.61,NA,NA,NA
"cod","Congo, Dem. Rep.","1941",383.54,36.56,NA,NA,NA
"cod","Congo, Dem. Rep.","1942",376.12,37.54,NA,NA,NA
"cod","Congo, Dem. Rep.","1943",367.69,38.5,NA,NA,NA
"cod","Congo, Dem. Rep.","1944",359.37,39.48,NA,NA,NA
"cod","Congo, Dem. Rep.","1945",351.15,40.44,NA,NA,NA
"cod","Congo, Dem. Rep.","1946",344.2,41.42,NA,NA,NA
"cod","Congo, Dem. Rep.","1947",336.22,42.4,NA,NA,NA
"cod","Congo, Dem. Rep.","1948",328.34,43.37,NA,NA,NA
"cod","Congo, Dem. Rep.","1949",320.61,44.36,NA,NA,NA
"cod","Congo, Dem. Rep.","1950",314.03,45.34,NA,NA,NA
"cod","Congo, Dem. Rep.","1951",311.6,45.65,NA,NA,NA
"cod","Congo, Dem. Rep.","1952",306.72,45.9,NA,NA,NA
"cod","Congo, Dem. Rep.","1953",302.72,46.16,NA,NA,NA
"cod","Congo, Dem. Rep.","1954",298.58,46.36,NA,NA,NA
"cod","Congo, Dem. Rep.","1955",294.91,46.52,NA,NA,NA
"cod","Congo, Dem. Rep.","1956",291.33,46.8,NA,NA,NA
"cod","Congo, Dem. Rep.","1957",287.78,47.04,NA,NA,NA
"cod","Congo, Dem. Rep.","1958",284.77,47.19,NA,NA,NA
"cod","Congo, Dem. Rep.","1959",282.4,47.42,NA,NA,NA
"cod","Congo, Dem. Rep.","1960",279.7,47.55,NA,NA,NA
"cod","Congo, Dem. Rep.","1961",280.97,47.62,NA,NA,NA
"cod","Congo, Dem. Rep.","1962",278.51,47.89,NA,NA,NA
"cod","Congo, Dem. Rep.","1963",275.64,48.18,NA,NA,NA
"cod","Congo, Dem. Rep.","1964",274.98,48.06,NA,NA,NA
"cod","Congo, Dem. Rep.","1965",269.77,48.26,NA,NA,NA
"cod","Congo, Dem. Rep.","1966",262.11,48.77,NA,NA,NA
"cod","Congo, Dem. Rep.","1967",258.52,48.87,NA,NA,NA
"cod","Congo, Dem. Rep.","1968",254.62,49.14,NA,NA,NA
"cod","Congo, Dem. Rep.","1969",250.58,49.41,NA,NA,NA
"cod","Congo, Dem. Rep.","1970",247.39,49.62,NA,NA,NA
"cod","Congo, Dem. Rep.","1971",244.05,49.85,NA,NA,NA
"cod","Congo, Dem. Rep.","1972",240.67,50.03,NA,NA,NA
"cod","Congo, Dem. Rep.","1973",237.34,50.33,NA,NA,NA
"cod","Congo, Dem. Rep.","1974",233.75,50.66,NA,NA,NA
"cod","Congo, Dem. Rep.","1975",229.92,50.87,NA,NA,NA
"cod","Congo, Dem. Rep.","1976",226.24,51.09,NA,NA,NA
"cod","Congo, Dem. Rep.","1977",222.53,51.32,NA,NA,NA
"cod","Congo, Dem. Rep.","1978",218.87,51.52,NA,NA,NA
"cod","Congo, Dem. Rep.","1979",215.37,51.81,NA,NA,NA
"cod","Congo, Dem. Rep.","1980",212.01,52.13,NA,NA,NA
"cod","Congo, Dem. Rep.","1981",208.88,52.38,NA,NA,NA
"cod","Congo, Dem. Rep.","1982",205.93,52.66,NA,NA,NA
"cod","Congo, Dem. Rep.","1983",202.96,52.96,NA,NA,NA
"cod","Congo, Dem. Rep.","1984",200.07,53.36,NA,NA,NA
"cod","Congo, Dem. Rep.","1985",197.48,53.67,NA,NA,NA
"cod","Congo, Dem. Rep.","1986",194.99,53.88,NA,NA,NA
"cod","Congo, Dem. Rep.","1987",192.5,54,NA,NA,NA
"cod","Congo, Dem. Rep.","1988",190.17,54.18,NA,NA,NA
"cod","Congo, Dem. Rep.","1989",187.94,54.28,NA,NA,NA
"cod","Congo, Dem. Rep.","1990",185.67,54.27,NA,NA,NA
"cod","Congo, Dem. Rep.","1991",183.43,54.17,NA,NA,NA
"cod","Congo, Dem. Rep.","1992",181.26,54.13,NA,NA,NA
"cod","Congo, Dem. Rep.","1993",179.25,53.89,NA,NA,NA
"cod","Congo, Dem. Rep.","1994",177.23,53.69,NA,NA,NA
"cod","Congo, Dem. Rep.","1995",175.13,53.64,NA,NA,NA
"cod","Congo, Dem. Rep.","1996",172.8,51.99,NA,NA,NA
"cod","Congo, Dem. Rep.","1997",170.17,53.06,NA,NA,NA
"cod","Congo, Dem. Rep.","1998",166.93,53.31,NA,NA,NA
"cod","Congo, Dem. Rep.","1999",163.32,53.54,NA,NA,NA
"cod","Congo, Dem. Rep.","2000",159.25,53.93,NA,NA,NA
"cod","Congo, Dem. Rep.","2001",154.93,54.23,NA,NA,NA
"cod","Congo, Dem. Rep.","2002",150.39,54.36,NA,NA,NA
"cod","Congo, Dem. Rep.","2003",145.73,54.79,NA,NA,NA
"cod","Congo, Dem. Rep.","2004",140.88,55.47,NA,NA,NA
"cod","Congo, Dem. Rep.","2005",136.13,56.14,NA,NA,NA
"cod","Congo, Dem. Rep.","2006",131.44,56.66,NA,NA,NA
"cod","Congo, Dem. Rep.","2007",126.75,57.12,NA,NA,NA
"cod","Congo, Dem. Rep.","2008",122.28,57.46,NA,NA,NA
"cod","Congo, Dem. Rep.","2009",117.96,57.95,NA,NA,NA
"cod","Congo, Dem. Rep.","2010",113.82,58.78,NA,NA,NA
"cod","Congo, Dem. Rep.","2011",109.88,59.41,NA,NA,NA
"cod","Congo, Dem. Rep.","2012",106.15,60.07,NA,NA,NA
"cod","Congo, Dem. Rep.","2013",102.53,60.91,NA,NA,NA
"cod","Congo, Dem. Rep.","2014",99.21,61.79,NA,NA,NA
"cod","Congo, Dem. Rep.","2015",95.91,62.65,NA,NA,NA
"cod","Congo, Dem. Rep.","2016",92.82,63.34,NA,NA,NA
"cod","Congo, Dem. Rep.","2017",89.57,63.91,NA,NA,NA
"cod","Congo, Dem. Rep.","2018",86.64,64.66,NA,NA,NA
"cod","Congo, Dem. Rep.","2019",83.84,65.05,NA,NA,NA
"cod","Congo, Dem. Rep.","2020",80.65,64.47,NA,NA,NA
"cod","Congo, Dem. Rep.","2021",77.97,63.88,NA,NA,NA
"cod","Congo, Dem. Rep.","2022",74.59,64.47,NA,NA,NA
"cod","Congo, Dem. Rep.","2023",73.25,65.43,NA,NA,NA
"cod","Congo, Dem. Rep.","2024",74.22,66.02,NA,NA,NA
"cod","Congo, Dem. Rep.","2025",77.24,66.25,NA,NA,NA
"cog","Congo, Rep.","1915",396.53,33.01,NA,NA,NA
"cog","Congo, Rep.","1916",395.57,33.01,NA,NA,NA
"cog","Congo, Rep.","1917",394.61,33.02,NA,NA,NA
"cog","Congo, Rep.","1918",393.65,12.77,NA,NA,NA
"cog","Congo, Rep.","1919",392.7,33.03,NA,NA,NA
"cog","Congo, Rep.","1920",391.74,33.03,NA,NA,NA
"cog","Congo, Rep.","1921",390.78,33.04,NA,NA,NA
"cog","Congo, Rep.","1922",389.82,33.04,NA,NA,NA
"cog","Congo, Rep.","1923",388.86,33.05,NA,NA,NA
"cog","Congo, Rep.","1924",387.9,33.05,NA,NA,NA
"cog","Congo, Rep.","1925",386.94,33.05,NA,NA,NA
"cog","Congo, Rep.","1926",385.99,33.06,NA,NA,NA
"cog","Congo, Rep.","1927",385.03,33.06,NA,NA,NA
"cog","Congo, Rep.","1928",384.07,33.07,NA,NA,NA
"cog","Congo, Rep.","1929",383.11,33.07,NA,NA,NA
"cog","Congo, Rep.","1930",382.15,33.08,NA,NA,NA
"cog","Congo, Rep.","1931",381.38,33.08,NA,NA,NA
"cog","Congo, Rep.","1932",380.61,33.09,NA,NA,NA
"cog","Congo, Rep.","1933",379.85,33.09,NA,NA,NA
"cog","Congo, Rep.","1934",379.08,33.1,NA,NA,NA
"cog","Congo, Rep.","1935",378.3,33.1,NA,NA,NA
"cog","Congo, Rep.","1936",377.53,33.11,NA,NA,NA
"cog","Congo, Rep.","1937",376.76,33.11,NA,NA,NA
"cog","Congo, Rep.","1938",375.98,33.12,NA,NA,NA
"cog","Congo, Rep.","1939",375.2,33.12,NA,NA,NA
"cog","Congo, Rep.","1940",374.43,33.13,NA,NA,NA
"cog","Congo, Rep.","1941",373.66,33.11,NA,NA,NA
"cog","Congo, Rep.","1942",372.88,33.09,NA,NA,NA
"cog","Congo, Rep.","1943",372.1,33.09,NA,NA,NA
"cog","Congo, Rep.","1944",371.31,33.07,NA,NA,NA
"cog","Congo, Rep.","1945",370.53,33.06,NA,NA,NA
"cog","Congo, Rep.","1946",349.47,34.86,NA,NA,NA
"cog","Congo, Rep.","1947",329.21,36.65,NA,NA,NA
"cog","Congo, Rep.","1948",309.72,38.46,NA,NA,NA
"cog","Congo, Rep.","1949",294.84,40.25,NA,NA,NA
"cog","Congo, Rep.","1950",280.68,42.05,NA,NA,NA
"cog","Congo, Rep.","1951",273.31,42.13,NA,NA,NA
"cog","Congo, Rep.","1952",265.59,42.19,NA,NA,NA
"cog","Congo, Rep.","1953",257.35,42.32,NA,NA,NA
"cog","Congo, Rep.","1954",248.52,42.44,NA,NA,NA
"cog","Congo, Rep.","1955",239.16,42.5,NA,NA,NA
"cog","Congo, Rep.","1956",229.8,42.76,NA,NA,NA
"cog","Congo, Rep.","1957",220.36,43,NA,NA,NA
"cog","Congo, Rep.","1958",211.21,43.2,NA,NA,NA
"cog","Congo, Rep.","1959",202.24,43.49,NA,NA,NA
"cog","Congo, Rep.","1960",193.93,43.74,NA,NA,NA
"cog","Congo, Rep.","1961",186.23,44.1,NA,NA,NA
"cog","Congo, Rep.","1962",179.09,44.44,NA,NA,NA
"cog","Congo, Rep.","1963",172.42,44.73,NA,NA,NA
"cog","Congo, Rep.","1964",166.52,45.07,NA,NA,NA
"cog","Congo, Rep.","1965",160.9,45.4,NA,NA,NA
"cog","Congo, Rep.","1966",155.57,45.71,NA,NA,NA
"cog","Congo, Rep.","1967",150.37,45.89,NA,NA,NA
"cog","Congo, Rep.","1968",145.59,46.41,NA,NA,NA
"cog","Congo, Rep.","1969",141.09,46.8,NA,NA,NA
"cog","Congo, Rep.","1970",137.09,47.23,NA,NA,NA
"cog","Congo, Rep.","1971",133.21,47.66,NA,NA,NA
"cog","Congo, Rep.","1972",129.59,48.1,NA,NA,NA
"cog","Congo, Rep.","1973",126.3,48.65,NA,NA,NA
"cog","Congo, Rep.","1974",123.23,49.21,NA,NA,NA
"cog","Congo, Rep.","1975",120.27,49.71,NA,NA,NA
"cog","Congo, Rep.","1976",117.63,50.26,NA,NA,NA
"cog","Congo, Rep.","1977",114.89,50.71,NA,NA,NA
"cog","Congo, Rep.","1978",112.31,51.15,NA,NA,NA
"cog","Congo, Rep.","1979",109.76,51.83,NA,NA,NA
"cog","Congo, Rep.","1980",107.1,52.75,NA,NA,NA
"cog","Congo, Rep.","1981",104.62,53.5,NA,NA,NA
"cog","Congo, Rep.","1982",102.05,54.21,NA,NA,NA
"cog","Congo, Rep.","1983",99.41,54.77,NA,NA,NA
"cog","Congo, Rep.","1984",96.88,55.18,NA,NA,NA
"cog","Congo, Rep.","1985",94.49,55.58,NA,NA,NA
"cog","Congo, Rep.","1986",92.5,55.64,NA,NA,NA
"cog","Congo, Rep.","1987",91.03,55.44,NA,NA,NA
"cog","Congo, Rep.","1988",90.34,55,NA,NA,NA
"cog","Congo, Rep.","1989",90.32,54.57,NA,NA,NA
"cog","Congo, Rep.","1990",91.28,53.97,NA,NA,NA
"cog","Congo, Rep.","1991",92.88,53.66,NA,NA,NA
"cog","Congo, Rep.","1992",95.12,53.46,NA,NA,NA
"cog","Congo, Rep.","1993",98.07,52.73,NA,NA,NA
"cog","Congo, Rep.","1994",101.47,52.55,NA,NA,NA
"cog","Congo, Rep.","1995",104.94,52.32,NA,NA,NA
"cog","Congo, Rep.","1996",108.58,52.09,NA,NA,NA
"cog","Congo, Rep.","1997",111.94,46.72,NA,NA,NA
"cog","Congo, Rep.","1998",114.38,50.31,NA,NA,NA
"cog","Congo, Rep.","1999",115.25,52.21,NA,NA,NA
"cog","Congo, Rep.","2000",114.13,53.05,NA,NA,NA
"cog","Congo, Rep.","2001",111.07,54.02,NA,NA,NA
"cog","Congo, Rep.","2002",106.18,54.71,NA,NA,NA
"cog","Congo, Rep.","2003",100.15,55.29,NA,NA,NA
"cog","Congo, Rep.","2004",93.33,56.1,NA,NA,NA
"cog","Congo, Rep.","2005",86.37,56.99,NA,NA,NA
"cog","Congo, Rep.","2006",79.79,57.83,NA,NA,NA
"cog","Congo, Rep.","2007",73.95,58.52,NA,NA,NA
"cog","Congo, Rep.","2008",69.01,59.39,NA,NA,NA
"cog","Congo, Rep.","2009",65.02,60.25,NA,NA,NA
"cog","Congo, Rep.","2010",62.03,60.87,NA,NA,NA
"cog","Congo, Rep.","2011",59.72,61.59,NA,NA,NA
"cog","Congo, Rep.","2012",57.93,61.91,NA,NA,NA
"cog","Congo, Rep.","2013",56.19,62.43,NA,NA,NA
"cog","Congo, Rep.","2014",54.39,62.88,NA,NA,NA
"cog","Congo, Rep.","2015",52.57,63.52,NA,NA,NA
"cog","Congo, Rep.","2016",50.78,64.2,NA,NA,NA
"cog","Congo, Rep.","2017",49.11,64.65,NA,NA,NA
"cog","Congo, Rep.","2018",47.62,65.03,NA,NA,NA
"cog","Congo, Rep.","2019",52.54,65.43,NA,NA,NA
"cog","Congo, Rep.","2020",45.07,66.52,NA,NA,NA
"cog","Congo, Rep.","2021",43.96,66.24,NA,NA,NA
"cog","Congo, Rep.","2022",50.64,65.75,NA,NA,NA
"cog","Congo, Rep.","2023",50.22,65.97,NA,NA,NA
"cog","Congo, Rep.","2024",49.79,66.19,NA,NA,NA
"cog","Congo, Rep.","2025",49.39,66.38,NA,NA,NA
"col","Colombia","1915",383.34,34.15,NA,NA,NA
"col","Colombia","1916",361.8,34.18,NA,NA,NA
"col","Colombia","1917",341.46,34.21,NA,NA,NA
"col","Colombia","1918",322.27,30.26,NA,NA,NA
"col","Colombia","1919",304.16,34.28,NA,NA,NA
"col","Colombia","1920",287.07,34.31,NA,NA,NA
"col","Colombia","1921",270.93,34.34,NA,NA,NA
"col","Colombia","1922",255.7,34.38,NA,NA,NA
"col","Colombia","1923",241.33,34.41,NA,NA,NA
"col","Colombia","1924",227.77,34.44,NA,NA,NA
"col","Colombia","1925",190.33,34.48,NA,NA,NA
"col","Colombia","1926",238.82,34.51,NA,NA,NA
"col","Colombia","1927",231.47,34.54,NA,NA,NA
"col","Colombia","1928",203.48,34.57,NA,NA,NA
"col","Colombia","1929",192.21,34.61,NA,NA,NA
"col","Colombia","1930",160.37,34.64,NA,NA,NA
"col","Colombia","1931",194.37,35.3,NA,NA,NA
"col","Colombia","1932",208.67,35.95,NA,NA,NA
"col","Colombia","1933",224,36.62,NA,NA,NA
"col","Colombia","1934",175.04,37.27,NA,NA,NA
"col","Colombia","1935",242.93,37.94,NA,NA,NA
"col","Colombia","1936",235.8,38.6,NA,NA,NA
"col","Colombia","1937",228.66,39.26,NA,NA,NA
"col","Colombia","1938",236.74,39.92,NA,NA,NA
"col","Colombia","1939",244.23,40.92,NA,NA,NA
"col","Colombia","1940",209.22,41.91,NA,NA,NA
"col","Colombia","1941",220.76,42.98,NA,NA,NA
"col","Colombia","1942",225.3,44.05,NA,NA,NA
"col","Colombia","1943",228,45.12,NA,NA,NA
"col","Colombia","1944",222.8,46.19,NA,NA,NA
"col","Colombia","1945",214.47,47.5,NA,NA,NA
"col","Colombia","1946",210.89,48.82,NA,NA,NA
"col","Colombia","1947",193.04,50.13,NA,NA,NA
"col","Colombia","1948",184.85,51.44,NA,NA,NA
"col","Colombia","1949",179.92,52.77,NA,NA,NA
"col","Colombia","1950",162.48,54.09,NA,NA,NA
"col","Colombia","1951",163.32,54.62,NA,NA,NA
"col","Colombia","1952",145.01,55.92,NA,NA,NA
"col","Colombia","1953",149.8,56.41,NA,NA,NA
"col","Colombia","1954",131.5,57.51,NA,NA,NA
"col","Colombia","1955",159.69,57.49,NA,NA,NA
"col","Colombia","1956",154.36,57.24,NA,NA,NA
"col","Colombia","1957",149.2,57.94,NA,NA,NA
"col","Colombia","1958",144.19,58.45,NA,NA,NA
"col","Colombia","1959",139.27,58.77,NA,NA,NA
"col","Colombia","1960",134.64,59.26,NA,NA,NA
"col","Colombia","1961",130.2,59.54,NA,NA,NA
"col","Colombia","1962",126.08,60.15,NA,NA,NA
"col","Colombia","1963",122.16,60.89,NA,NA,NA
"col","Colombia","1964",118.49,61.45,NA,NA,NA
"col","Colombia","1965",114.91,61.58,NA,NA,NA
"col","Colombia","1966",111.43,62.11,NA,NA,NA
"col","Colombia","1967",108.05,62.38,NA,NA,NA
"col","Colombia","1968",104.63,63.13,NA,NA,NA
"col","Colombia","1969",101.11,64.4,NA,NA,NA
"col","Colombia","1970",97.52,65.93,NA,NA,NA
"col","Colombia","1971",93.86,65.86,NA,NA,NA
"col","Colombia","1972",90.13,65.14,NA,NA,NA
"col","Colombia","1973",86.28,64.93,NA,NA,NA
"col","Colombia","1974",82.35,65.29,NA,NA,NA
"col","Colombia","1975",78.24,66.27,NA,NA,NA
"col","Colombia","1976",74.09,66.76,NA,NA,NA
"col","Colombia","1977",69.91,67.79,NA,NA,NA
"col","Colombia","1978",65.86,68.15,NA,NA,NA
"col","Colombia","1979",61.96,68.45,NA,NA,NA
"col","Colombia","1980",58.26,68.92,NA,NA,NA
"col","Colombia","1981",54.77,69.18,NA,NA,NA
"col","Colombia","1982",51.55,69.61,NA,NA,NA
"col","Colombia","1983",48.58,69.77,NA,NA,NA
"col","Colombia","1984",45.94,70.24,NA,NA,NA
"col","Colombia","1985",43.56,67.21,NA,NA,NA
"col","Colombia","1986",41.49,70.22,NA,NA,NA
"col","Colombia","1987",39.74,70.22,NA,NA,NA
"col","Colombia","1988",38.21,70.61,NA,NA,NA
"col","Colombia","1989",36.82,70.85,NA,NA,NA
"col","Colombia","1990",35.57,71.45,NA,NA,NA
"col","Colombia","1991",34.38,70.99,NA,NA,NA
"col","Colombia","1992",33.23,71.13,NA,NA,NA
"col","Colombia","1993",32.1,71.68,NA,NA,NA
"col","Colombia","1994",30.97,72.06,NA,NA,NA
"col","Colombia","1995",29.86,72.55,NA,NA,NA
"col","Colombia","1996",28.8,72.76,NA,NA,NA
"col","Colombia","1997",27.78,73.55,NA,NA,NA
"col","Colombia","1998",26.82,74.03,NA,NA,NA
"col","Colombia","1999",25.91,74.09,NA,NA,NA
"col","Colombia","2000",25.07,74.23,NA,NA,NA
"col","Colombia","2001",24.27,74.37,NA,NA,NA
"col","Colombia","2002",23.51,73.37,NA,NA,NA
"col","Colombia","2003",22.81,75.15,NA,NA,NA
"col","Colombia","2004",22.15,75.62,NA,NA,NA
"col","Colombia","2005",21.48,76.52,NA,NA,NA
"col","Colombia","2006",20.83,76.72,NA,NA,NA
"col","Colombia","2007",20.19,77.33,NA,NA,NA
"col","Colombia","2008",19.55,77.57,NA,NA,NA
"col","Colombia","2009",18.94,77.5,NA,NA,NA
"col","Colombia","2010",18.33,77.89,NA,NA,NA
"col","Colombia","2011",17.73,78.65,NA,NA,NA
"col","Colombia","2012",17.14,78.98,NA,NA,NA
"col","Colombia","2013",16.58,79.31,NA,NA,NA
"col","Colombia","2014",16.03,79.67,NA,NA,NA
"col","Colombia","2015",15.52,79.69,NA,NA,NA
"col","Colombia","2016",15.04,79.85,NA,NA,NA
"col","Colombia","2017",14.56,79.97,NA,NA,NA
"col","Colombia","2018",14.09,80.08,NA,NA,NA
"col","Colombia","2019",13.62,80.19,NA,NA,NA
"col","Colombia","2020",13.14,78.12,NA,NA,NA
"col","Colombia","2021",12.88,76.09,NA,NA,NA
"col","Colombia","2022",12.85,76.96,NA,NA,NA
"col","Colombia","2023",12.25,80.99,NA,NA,NA
"col","Colombia","2024",11.82,81.18,NA,NA,NA
"col","Colombia","2025",11.5,81.37,NA,NA,NA
"com","Comoros","1915",403.95,34.34,NA,NA,NA
"com","Comoros","1916",402.98,34.37,NA,NA,NA
"com","Comoros","1917",402,34.41,NA,NA,NA
"com","Comoros","1918",401.02,13.32,NA,NA,NA
"com","Comoros","1919",400.05,34.48,NA,NA,NA
"com","Comoros","1920",399.07,34.51,NA,NA,NA
"com","Comoros","1921",398.09,34.55,NA,NA,NA
"com","Comoros","1922",397.12,34.58,NA,NA,NA
"com","Comoros","1923",396.14,34.61,NA,NA,NA
"com","Comoros","1924",395.16,34.65,NA,NA,NA
"com","Comoros","1925",394.19,34.68,NA,NA,NA
"com","Comoros","1926",393.21,34.72,NA,NA,NA
"com","Comoros","1927",392.24,34.75,NA,NA,NA
"com","Comoros","1928",391.26,34.79,NA,NA,NA
"com","Comoros","1929",390.28,34.82,NA,NA,NA
"com","Comoros","1930",389.31,34.86,NA,NA,NA
"com","Comoros","1931",388.33,34.89,NA,NA,NA
"com","Comoros","1932",387.35,34.92,NA,NA,NA
"com","Comoros","1933",386.38,34.96,NA,NA,NA
"com","Comoros","1934",385.4,34.99,NA,NA,NA
"com","Comoros","1935",384.42,35.03,NA,NA,NA
"com","Comoros","1936",383.45,35.06,NA,NA,NA
"com","Comoros","1937",382.47,35.1,NA,NA,NA
"com","Comoros","1938",381.49,35.13,NA,NA,NA
"com","Comoros","1939",380.52,35.17,NA,NA,NA
"com","Comoros","1940",379.54,35.2,NA,NA,NA
"com","Comoros","1941",378.56,35.27,NA,NA,NA
"com","Comoros","1942",377.59,35.33,NA,NA,NA
"com","Comoros","1943",376.61,35.4,NA,NA,NA
"com","Comoros","1944",375.63,35.47,NA,NA,NA
"com","Comoros","1945",374.66,35.54,NA,NA,NA
"com","Comoros","1946",355.54,37.37,NA,NA,NA
"com","Comoros","1947",337.09,39.21,NA,NA,NA
"com","Comoros","1948",319.29,41.05,NA,NA,NA
"com","Comoros","1949",302.12,42.89,NA,NA,NA
"com","Comoros","1950",285.49,44.74,NA,NA,NA
"com","Comoros","1951",289.24,40.73,NA,NA,NA
"com","Comoros","1952",293.03,45.11,NA,NA,NA
"com","Comoros","1953",296.88,45.31,NA,NA,NA
"com","Comoros","1954",300.78,45.55,NA,NA,NA
"com","Comoros","1955",304.73,45.77,NA,NA,NA
"com","Comoros","1956",308.73,45.99,NA,NA,NA
"com","Comoros","1957",312.78,46.22,NA,NA,NA
"com","Comoros","1958",316.89,46.46,NA,NA,NA
"com","Comoros","1959",321.05,46.74,NA,NA,NA
"com","Comoros","1960",325.26,47.11,NA,NA,NA
"com","Comoros","1961",312.24,47.45,NA,NA,NA
"com","Comoros","1962",299.74,47.87,NA,NA,NA
"com","Comoros","1963",287.75,48.36,NA,NA,NA
"com","Comoros","1964",276.23,48.81,NA,NA,NA
"com","Comoros","1965",265.17,49.28,NA,NA,NA
"com","Comoros","1966",254.56,49.77,NA,NA,NA
"com","Comoros","1967",232.71,50.26,NA,NA,NA
"com","Comoros","1968",214.29,50.7,NA,NA,NA
"com","Comoros","1969",198.8,51.03,NA,NA,NA
"com","Comoros","1970",228.25,51.36,NA,NA,NA
"com","Comoros","1971",167,51.7,NA,NA,NA
"com","Comoros","1972",218.08,51.98,NA,NA,NA
"com","Comoros","1973",159,52.26,NA,NA,NA
"com","Comoros","1974",207.96,52.53,NA,NA,NA
"com","Comoros","1975",202.92,52.87,NA,NA,NA
"com","Comoros","1976",154,53.2,NA,NA,NA
"com","Comoros","1977",177,53.51,NA,NA,NA
"com","Comoros","1978",186.56,53.81,NA,NA,NA
"com","Comoros","1979",180.6,54.12,NA,NA,NA
"com","Comoros","1980",174.71,54.46,NA,NA,NA
"com","Comoros","1981",168.88,54.85,NA,NA,NA
"com","Comoros","1982",163.2,55.29,NA,NA,NA
"com","Comoros","1983",157.52,55.59,NA,NA,NA
"com","Comoros","1984",152.07,56.17,NA,NA,NA
"com","Comoros","1985",146.88,56.55,NA,NA,NA
"com","Comoros","1986",141.9,57.05,NA,NA,NA
"com","Comoros","1987",137.26,57.37,NA,NA,NA
"com","Comoros","1988",132.94,57.82,NA,NA,NA
"com","Comoros","1989",128.88,58.01,NA,NA,NA
"com","Comoros","1990",124.86,58.46,NA,NA,NA
"com","Comoros","1991",120.94,58.74,NA,NA,NA
"com","Comoros","1992",117.03,59.05,NA,NA,NA
"com","Comoros","1993",113.32,59.36,NA,NA,NA
"com","Comoros","1994",110.12,59.57,NA,NA,NA
"com","Comoros","1995",107.49,59.83,NA,NA,NA
"com","Comoros","1996",105.28,59.18,NA,NA,NA
"com","Comoros","1997",103.62,60.11,NA,NA,NA
"com","Comoros","1998",102.33,60.26,NA,NA,NA
"com","Comoros","1999",101.4,61.23,NA,NA,NA
"com","Comoros","2000",100.63,61.41,NA,NA,NA
"com","Comoros","2001",100.2,62.22,NA,NA,NA
"com","Comoros","2002",100.05,62.53,NA,NA,NA
"com","Comoros","2003",99.63,63.29,NA,NA,NA
"com","Comoros","2004",98.53,63.75,NA,NA,NA
"com","Comoros","2005",96.68,64.07,NA,NA,NA
"com","Comoros","2006",94.44,64.39,NA,NA,NA
"com","Comoros","2007",91.91,64.55,NA,NA,NA
"com","Comoros","2008",89.46,65.25,NA,NA,NA
"com","Comoros","2009",86.93,64.85,NA,NA,NA
"com","Comoros","2010",84.6,65.9,NA,NA,NA
"com","Comoros","2011",81.98,65.69,NA,NA,NA
"com","Comoros","2012",79.43,66.33,NA,NA,NA
"com","Comoros","2013",76.87,66.72,NA,NA,NA
"com","Comoros","2014",74.66,67.22,NA,NA,NA
"com","Comoros","2015",72.32,67.54,NA,NA,NA
"com","Comoros","2016",70.15,67.86,NA,NA,NA
"com","Comoros","2017",67.9,68.17,NA,NA,NA
"com","Comoros","2018",65.69,68.46,NA,NA,NA
"com","Comoros","2019",63.48,68.73,NA,NA,NA
"com","Comoros","2020",61.37,68.83,NA,NA,NA
"com","Comoros","2021",59.51,68.03,NA,NA,NA
"com","Comoros","2022",59.49,68.31,NA,NA,NA
"com","Comoros","2023",56.95,69.77,NA,NA,NA
"com","Comoros","2024",55.43,70.02,NA,NA,NA
"com","Comoros","2025",54,70.26,NA,NA,NA
"cpv","Cape Verde","1915",383.13,37.39,NA,NA,NA
"cpv","Cape Verde","1916",382.2,37.44,NA,NA,NA
"cpv","Cape Verde","1917",381.28,37.5,NA,NA,NA
"cpv","Cape Verde","1918",380.35,14.52,NA,NA,NA
"cpv","Cape Verde","1919",379.42,37.61,NA,NA,NA
"cpv","Cape Verde","1920",378.5,37.66,NA,NA,NA
"cpv","Cape Verde","1921",377.57,37.72,NA,NA,NA
"cpv","Cape Verde","1922",376.64,37.77,NA,NA,NA
"cpv","Cape Verde","1923",375.72,37.83,NA,NA,NA
"cpv","Cape Verde","1924",374.79,37.88,NA,NA,NA
"cpv","Cape Verde","1925",373.87,37.94,NA,NA,NA
"cpv","Cape Verde","1926",372.94,37.99,NA,NA,NA
"cpv","Cape Verde","1927",372.01,38.05,NA,NA,NA
"cpv","Cape Verde","1928",371.09,38.1,NA,NA,NA
"cpv","Cape Verde","1929",370.16,38.16,NA,NA,NA
"cpv","Cape Verde","1930",369.23,38.21,NA,NA,NA
"cpv","Cape Verde","1931",367.76,38.27,NA,NA,NA
"cpv","Cape Verde","1932",366.29,38.32,NA,NA,NA
"cpv","Cape Verde","1933",364.83,38.38,NA,NA,NA
"cpv","Cape Verde","1934",363.36,38.43,NA,NA,NA
"cpv","Cape Verde","1935",361.9,38.49,NA,NA,NA
"cpv","Cape Verde","1936",350.36,39.6,NA,NA,NA
"cpv","Cape Verde","1937",337.98,40.73,NA,NA,NA
"cpv","Cape Verde","1938",326.98,41.86,NA,NA,NA
"cpv","Cape Verde","1939",316.22,42.98,NA,NA,NA
"cpv","Cape Verde","1940",304.69,44.12,NA,NA,NA
"cpv","Cape Verde","1941",294.43,45.31,NA,NA,NA
"cpv","Cape Verde","1942",284.4,46.5,NA,NA,NA
"cpv","Cape Verde","1943",273.63,47.72,NA,NA,NA
"cpv","Cape Verde","1944",264.05,48.92,NA,NA,NA
"cpv","Cape Verde","1945",254.69,50.12,NA,NA,NA
"cpv","Cape Verde","1946",244.63,51.33,NA,NA,NA
"cpv","Cape Verde","1947",235.68,52.55,NA,NA,NA
"cpv","Cape Verde","1948",226.93,53.76,NA,NA,NA
"cpv","Cape Verde","1949",217.52,54.99,NA,NA,NA
"cpv","Cape Verde","1950",209.17,56.2,NA,NA,NA
"cpv","Cape Verde","1951",204.97,56.36,NA,NA,NA
"cpv","Cape Verde","1952",200.8,56.56,NA,NA,NA
"cpv","Cape Verde","1953",197.29,56.79,NA,NA,NA
"cpv","Cape Verde","1954",194.06,56.91,NA,NA,NA
"cpv","Cape Verde","1955",191.31,57,NA,NA,NA
"cpv","Cape Verde","1956",188.97,57.11,NA,NA,NA
"cpv","Cape Verde","1957",186.69,56.35,NA,NA,NA
"cpv","Cape Verde","1958",184.64,56.66,NA,NA,NA
"cpv","Cape Verde","1959",182.43,57.1,NA,NA,NA
"cpv","Cape Verde","1960",180.49,56.76,NA,NA,NA
"cpv","Cape Verde","1961",178.42,57.53,NA,NA,NA
"cpv","Cape Verde","1962",176.33,58.27,NA,NA,NA
"cpv","Cape Verde","1963",174.06,58.97,NA,NA,NA
"cpv","Cape Verde","1964",171.35,59.65,NA,NA,NA
"cpv","Cape Verde","1965",168.4,60.19,NA,NA,NA
"cpv","Cape Verde","1966",164.58,60.84,NA,NA,NA
"cpv","Cape Verde","1967",160.31,60.32,NA,NA,NA
"cpv","Cape Verde","1968",155.72,59.7,NA,NA,NA
"cpv","Cape Verde","1969",150.45,58.08,NA,NA,NA
"cpv","Cape Verde","1970",144.45,58.1,NA,NA,NA
"cpv","Cape Verde","1971",138.08,57.36,NA,NA,NA
"cpv","Cape Verde","1972",131.44,59.28,NA,NA,NA
"cpv","Cape Verde","1973",124.81,60.34,NA,NA,NA
"cpv","Cape Verde","1974",118.31,61.85,NA,NA,NA
"cpv","Cape Verde","1975",112.05,62.6,NA,NA,NA
"cpv","Cape Verde","1976",106.15,63.6,NA,NA,NA
"cpv","Cape Verde","1977",100.88,64.55,NA,NA,NA
"cpv","Cape Verde","1978",96.44,65.43,NA,NA,NA
"cpv","Cape Verde","1979",92.82,66.31,NA,NA,NA
"cpv","Cape Verde","1980",90.05,66.82,NA,NA,NA
"cpv","Cape Verde","1981",88.06,67.12,NA,NA,NA
"cpv","Cape Verde","1982",86.44,66.83,NA,NA,NA
"cpv","Cape Verde","1983",84.77,66.87,NA,NA,NA
"cpv","Cape Verde","1984",82.61,66.79,NA,NA,NA
"cpv","Cape Verde","1985",79.59,67.57,NA,NA,NA
"cpv","Cape Verde","1986",75.66,67.99,NA,NA,NA
"cpv","Cape Verde","1987",71.3,68.43,NA,NA,NA
"cpv","Cape Verde","1988",66.97,69.03,NA,NA,NA
"cpv","Cape Verde","1989",63.17,69.44,NA,NA,NA
"cpv","Cape Verde","1990",60.35,69.93,NA,NA,NA
"cpv","Cape Verde","1991",58.7,69.8,NA,NA,NA
"cpv","Cape Verde","1992",57.92,69.86,NA,NA,NA
"cpv","Cape Verde","1993",57.7,69.82,NA,NA,NA
"cpv","Cape Verde","1994",57.53,69.71,NA,NA,NA
"cpv","Cape Verde","1995",56.64,68.74,NA,NA,NA
"cpv","Cape Verde","1996",54.59,69.67,NA,NA,NA
"cpv","Cape Verde","1997",51.34,69.48,NA,NA,NA
"cpv","Cape Verde","1998",47.08,69.74,NA,NA,NA
"cpv","Cape Verde","1999",42.45,69.74,NA,NA,NA
"cpv","Cape Verde","2000",38.1,70.27,NA,NA,NA
"cpv","Cape Verde","2001",34.44,70.58,NA,NA,NA
"cpv","Cape Verde","2002",31.64,70.84,NA,NA,NA
"cpv","Cape Verde","2003",29.76,71.15,NA,NA,NA
"cpv","Cape Verde","2004",28.64,71.47,NA,NA,NA
"cpv","Cape Verde","2005",28.07,71.83,NA,NA,NA
"cpv","Cape Verde","2006",27.86,72.91,NA,NA,NA
"cpv","Cape Verde","2007",27.75,73.18,NA,NA,NA
"cpv","Cape Verde","2008",27.52,73.88,NA,NA,NA
"cpv","Cape Verde","2009",27.05,74.09,NA,NA,NA
"cpv","Cape Verde","2010",26.29,74.41,NA,NA,NA
"cpv","Cape Verde","2011",25.23,74.51,NA,NA,NA
"cpv","Cape Verde","2012",23.96,74.59,NA,NA,NA
"cpv","Cape Verde","2013",22.53,74.85,NA,NA,NA
"cpv","Cape Verde","2014",21.03,74.97,NA,NA,NA
"cpv","Cape Verde","2015",19.53,74.86,NA,NA,NA
"cpv","Cape Verde","2016",18.11,74.8,NA,NA,NA
"cpv","Cape Verde","2017",16.83,74.83,NA,NA,NA
"cpv","Cape Verde","2018",15.78,73.54,NA,NA,NA
"cpv","Cape Verde","2019",14.92,73.74,NA,NA,NA
"cpv","Cape Verde","2020",14.18,72.58,NA,NA,NA
"cpv","Cape Verde","2021",13.58,71.85,NA,NA,NA
"cpv","Cape Verde","2022",13.51,72.5,NA,NA,NA
"cpv","Cape Verde","2023",13.89,74.64,NA,NA,NA
"cpv","Cape Verde","2024",13.37,74.84,NA,NA,NA
"cpv","Cape Verde","2025",12.85,75.05,NA,NA,NA
"cri","Costa Rica","1915",367.68,35.6,NA,NA,NA
"cri","Costa Rica","1916",366.8,35.61,NA,NA,NA
"cri","Costa Rica","1917",365.91,35.62,NA,NA,NA
"cri","Costa Rica","1918",365.02,31.49,NA,NA,NA
"cri","Costa Rica","1919",364.13,35.63,NA,NA,NA
"cri","Costa Rica","1920",363.24,35.64,NA,NA,NA
"cri","Costa Rica","1921",354.33,36.37,NA,NA,NA
"cri","Costa Rica","1922",345.57,37.1,NA,NA,NA
"cri","Costa Rica","1923",336.95,37.83,NA,NA,NA
"cri","Costa Rica","1924",328.47,38.56,NA,NA,NA
"cri","Costa Rica","1925",319.08,39.29,NA,NA,NA
"cri","Costa Rica","1926",310.9,40.02,NA,NA,NA
"cri","Costa Rica","1927",302.84,40.75,NA,NA,NA
"cri","Costa Rica","1928",294.92,41.48,NA,NA,NA
"cri","Costa Rica","1929",287.14,42.21,NA,NA,NA
"cri","Costa Rica","1930",279.47,42.94,NA,NA,NA
"cri","Costa Rica","1931",271.78,43.43,NA,NA,NA
"cri","Costa Rica","1932",265.17,43.92,NA,NA,NA
"cri","Costa Rica","1933",257.78,44.41,NA,NA,NA
"cri","Costa Rica","1934",250.5,44.89,NA,NA,NA
"cri","Costa Rica","1935",243.4,45.38,NA,NA,NA
"cri","Costa Rica","1936",237.29,45.87,NA,NA,NA
"cri","Costa Rica","1937",230.46,46.36,NA,NA,NA
"cri","Costa Rica","1938",223.73,46.85,NA,NA,NA
"cri","Costa Rica","1939",218.01,47.34,NA,NA,NA
"cri","Costa Rica","1940",211.55,47.83,NA,NA,NA
"cri","Costa Rica","1941",202.05,48.8,NA,NA,NA
"cri","Costa Rica","1942",192.83,49.77,NA,NA,NA
"cri","Costa Rica","1943",183.13,50.74,NA,NA,NA
"cri","Costa Rica","1944",174.47,51.71,NA,NA,NA
"cri","Costa Rica","1945",166.07,52.68,NA,NA,NA
"cri","Costa Rica","1946",157.92,53.65,NA,NA,NA
"cri","Costa Rica","1947",150,54.62,NA,NA,NA
"cri","Costa Rica","1948",141.69,55.59,NA,NA,NA
"cri","Costa Rica","1949",134.29,56.56,NA,NA,NA
"cri","Costa Rica","1950",127.13,57.53,NA,NA,NA
"cri","Costa Rica","1951",130.89,59.01,NA,NA,NA
"cri","Costa Rica","1952",133.11,59.29,NA,NA,NA
"cri","Costa Rica","1953",133.2,59.55,NA,NA,NA
"cri","Costa Rica","1954",130.82,60.97,NA,NA,NA
"cri","Costa Rica","1955",126.16,61.93,NA,NA,NA
"cri","Costa Rica","1956",119.96,62.95,NA,NA,NA
"cri","Costa Rica","1957",113.01,62.4,NA,NA,NA
"cri","Costa Rica","1958",106.22,64.6,NA,NA,NA
"cri","Costa Rica","1959",100.37,64.36,NA,NA,NA
"cri","Costa Rica","1960",96.01,65.35,NA,NA,NA
"cri","Costa Rica","1961",93.31,66.36,NA,NA,NA
"cri","Costa Rica","1962",92.42,65.38,NA,NA,NA
"cri","Costa Rica","1963",92.43,65.21,NA,NA,NA
"cri","Costa Rica","1964",91.98,64.46,NA,NA,NA
"cri","Costa Rica","1965",90.27,65.49,NA,NA,NA
"cri","Costa Rica","1966",87.75,66.37,NA,NA,NA
"cri","Costa Rica","1967",84.92,66.72,NA,NA,NA
"cri","Costa Rica","1968",81.87,67.17,NA,NA,NA
"cri","Costa Rica","1969",78.53,66.87,NA,NA,NA
"cri","Costa Rica","1970",74.71,67.04,NA,NA,NA
"cri","Costa Rica","1971",70.13,68.4,NA,NA,NA
"cri","Costa Rica","1972",64.58,68.8,NA,NA,NA
"cri","Costa Rica","1973",58.31,70.32,NA,NA,NA
"cri","Costa Rica","1974",51.78,70.97,NA,NA,NA
"cri","Costa Rica","1975",45.34,71.6,NA,NA,NA
"cri","Costa Rica","1976",39.32,72.46,NA,NA,NA
"cri","Costa Rica","1977",33.94,73.79,NA,NA,NA
"cri","Costa Rica","1978",29.55,74.44,NA,NA,NA
"cri","Costa Rica","1979",26.4,74.47,NA,NA,NA
"cri","Costa Rica","1980",24.44,74.68,NA,NA,NA
"cri","Costa Rica","1981",23.35,75.58,NA,NA,NA
"cri","Costa Rica","1982",22.88,75.69,NA,NA,NA
"cri","Costa Rica","1983",22.71,76.13,NA,NA,NA
"cri","Costa Rica","1984",22.49,75.74,NA,NA,NA
"cri","Costa Rica","1985",21.99,75.71,NA,NA,NA
"cri","Costa Rica","1986",21.17,76.01,NA,NA,NA
"cri","Costa Rica","1987",20.06,76.31,NA,NA,NA
"cri","Costa Rica","1988",18.84,76.63,NA,NA,NA
"cri","Costa Rica","1989",17.72,76.52,NA,NA,NA
"cri","Costa Rica","1990",16.83,76.94,NA,NA,NA
"cri","Costa Rica","1991",16.14,76.93,NA,NA,NA
"cri","Costa Rica","1992",15.62,76.93,NA,NA,NA
"cri","Costa Rica","1993",15.26,77.14,NA,NA,NA
"cri","Costa Rica","1994",15.02,76.79,NA,NA,NA
"cri","Costa Rica","1995",14.85,76.53,NA,NA,NA
"cri","Costa Rica","1996",14.68,77.14,NA,NA,NA
"cri","Costa Rica","1997",14.42,77.18,NA,NA,NA
"cri","Costa Rica","1998",14.05,77.37,NA,NA,NA
"cri","Costa Rica","1999",13.59,77.31,NA,NA,NA
"cri","Costa Rica","2000",13.08,77.9,NA,NA,NA
"cri","Costa Rica","2001",12.56,77.92,NA,NA,NA
"cri","Costa Rica","2002",12.12,78.43,NA,NA,NA
"cri","Costa Rica","2003",11.76,78.49,NA,NA,NA
"cri","Costa Rica","2004",11.51,78.56,NA,NA,NA
"cri","Costa Rica","2005",11.34,79.44,NA,NA,NA
"cri","Costa Rica","2006",11.21,79.09,NA,NA,NA
"cri","Costa Rica","2007",11.09,80.35,NA,NA,NA
"cri","Costa Rica","2008",10.94,80.29,NA,NA,NA
"cri","Costa Rica","2009",10.75,80.64,NA,NA,NA
"cri","Costa Rica","2010",10.51,79.51,NA,NA,NA
"cri","Costa Rica","2011",10.23,80.17,NA,NA,NA
"cri","Costa Rica","2012",9.92,80.33,NA,NA,NA
"cri","Costa Rica","2013",9.61,80.41,NA,NA,NA
"cri","Costa Rica","2014",9.32,80.47,NA,NA,NA
"cri","Costa Rica","2015",9.08,80.2,NA,NA,NA
"cri","Costa Rica","2016",8.87,79.75,NA,NA,NA
"cri","Costa Rica","2017",8.66,79.83,NA,NA,NA
"cri","Costa Rica","2018",8.44,79.95,NA,NA,NA
"cri","Costa Rica","2019",8.19,80.07,NA,NA,NA
"cri","Costa Rica","2020",7.92,79.92,NA,NA,NA
"cri","Costa Rica","2021",7.63,77.65,NA,NA,NA
"cri","Costa Rica","2022",8,77.95,NA,NA,NA
"cri","Costa Rica","2023",7.35,80.92,NA,NA,NA
"cri","Costa Rica","2024",7.09,81.13,NA,NA,NA
"cri","Costa Rica","2025",6.83,81.33,NA,NA,NA
"cub","Cuba","1915",353.8,39.59,NA,NA,NA
"cub","Cuba","1916",350.67,39.88,NA,NA,NA
"cub","Cuba","1917",347.56,40.17,NA,NA,NA
"cub","Cuba","1918",344.45,26.08,NA,NA,NA
"cub","Cuba","1919",340.27,40.74,NA,NA,NA
"cub","Cuba","1920",337.23,41.04,NA,NA,NA
"cub","Cuba","1921",333.1,41.4,NA,NA,NA
"cub","Cuba","1922",330.09,41.75,NA,NA,NA
"cub","Cuba","1923",309.51,42.11,NA,NA,NA
"cub","Cuba","1924",290.22,42.46,NA,NA,NA
"cub","Cuba","1925",272.13,42.82,NA,NA,NA
"cub","Cuba","1926",255.17,43.48,NA,NA,NA
"cub","Cuba","1927",239.26,44.14,NA,NA,NA
"cub","Cuba","1928",224.35,44.8,NA,NA,NA
"cub","Cuba","1929",210.37,45.47,NA,NA,NA
"cub","Cuba","1930",197.25,46.14,NA,NA,NA
"cub","Cuba","1931",184.96,46.88,NA,NA,NA
"cub","Cuba","1932",173.43,47.63,NA,NA,NA
"cub","Cuba","1933",209.1,48.37,NA,NA,NA
"cub","Cuba","1934",149.27,49.12,NA,NA,NA
"cub","Cuba","1935",199.73,49.86,NA,NA,NA
"cub","Cuba","1936",160.37,50.58,NA,NA,NA
"cub","Cuba","1937",125.89,51.29,NA,NA,NA
"cub","Cuba","1938",118.9,52,NA,NA,NA
"cub","Cuba","1939",114.51,52.72,NA,NA,NA
"cub","Cuba","1940",110.29,53.44,NA,NA,NA
"cub","Cuba","1941",106.22,54.28,NA,NA,NA
"cub","Cuba","1942",102.3,55.14,NA,NA,NA
"cub","Cuba","1943",98.52,55.99,NA,NA,NA
"cub","Cuba","1944",78.12,56.84,NA,NA,NA
"cub","Cuba","1945",95.24,57.7,NA,NA,NA
"cub","Cuba","1946",52.53,59.43,NA,NA,NA
"cub","Cuba","1947",53.96,61.16,NA,NA,NA
"cub","Cuba","1948",49.67,62.89,NA,NA,NA
"cub","Cuba","1949",48.26,64.63,NA,NA,NA
"cub","Cuba","1950",44.11,66.38,NA,NA,NA
"cub","Cuba","1951",49.67,66.49,NA,NA,NA
"cub","Cuba","1952",48.26,66.69,NA,NA,NA
"cub","Cuba","1953",48.26,66.78,NA,NA,NA
"cub","Cuba","1954",41.39,66.89,NA,NA,NA
"cub","Cuba","1955",45.49,67.12,NA,NA,NA
"cub","Cuba","1956",42.74,66.89,NA,NA,NA
"cub","Cuba","1957",46.87,67.08,NA,NA,NA
"cub","Cuba","1958",47.57,67.39,NA,NA,NA
"cub","Cuba","1959",48.29,68.27,NA,NA,NA
"cub","Cuba","1960",49.02,69.27,NA,NA,NA
"cub","Cuba","1961",50.55,68.71,NA,NA,NA
"cub","Cuba","1962",50.33,68.79,NA,NA,NA
"cub","Cuba","1963",48.36,68.94,NA,NA,NA
"cub","Cuba","1964",46.53,70.07,NA,NA,NA
"cub","Cuba","1965",44.73,69.81,NA,NA,NA
"cub","Cuba","1966",42.98,69.98,NA,NA,NA
"cub","Cuba","1967",41.22,70.12,NA,NA,NA
"cub","Cuba","1968",39.5,70.11,NA,NA,NA
"cub","Cuba","1969",37.8,69.91,NA,NA,NA
"cub","Cuba","1970",36.12,70.78,NA,NA,NA
"cub","Cuba","1971",34.52,71.72,NA,NA,NA
"cub","Cuba","1972",32.91,72.79,NA,NA,NA
"cub","Cuba","1973",31.36,72.73,NA,NA,NA
"cub","Cuba","1974",29.86,72.66,NA,NA,NA
"cub","Cuba","1975",28.43,73.15,NA,NA,NA
"cub","Cuba","1976",27.02,73.22,NA,NA,NA
"cub","Cuba","1977",25.68,72.73,NA,NA,NA
"cub","Cuba","1978",24.41,73.29,NA,NA,NA
"cub","Cuba","1979",23.21,73.4,NA,NA,NA
"cub","Cuba","1980",22.09,73.57,NA,NA,NA
"cub","Cuba","1981",21.01,73.82,NA,NA,NA
"cub","Cuba","1982",19.99,74.28,NA,NA,NA
"cub","Cuba","1983",19.02,74.56,NA,NA,NA
"cub","Cuba","1984",18.11,74.48,NA,NA,NA
"cub","Cuba","1985",17.26,74.15,NA,NA,NA
"cub","Cuba","1986",16.44,74.77,NA,NA,NA
"cub","Cuba","1987",15.66,74.89,NA,NA,NA
"cub","Cuba","1988",14.92,74.78,NA,NA,NA
"cub","Cuba","1989",14.22,75.26,NA,NA,NA
"cub","Cuba","1990",13.57,75.01,NA,NA,NA
"cub","Cuba","1991",12.94,75.18,NA,NA,NA
"cub","Cuba","1992",12.36,75.15,NA,NA,NA
"cub","Cuba","1993",11.81,75.07,NA,NA,NA
"cub","Cuba","1994",11.29,75.13,NA,NA,NA
"cub","Cuba","1995",10.81,75.39,NA,NA,NA
"cub","Cuba","1996",10.36,75.83,NA,NA,NA
"cub","Cuba","1997",9.94,76.18,NA,NA,NA
"cub","Cuba","1998",9.54,76.34,NA,NA,NA
"cub","Cuba","1999",9.17,76.59,NA,NA,NA
"cub","Cuba","2000",8.83,77.01,NA,NA,NA
"cub","Cuba","2001",8.5,77.17,NA,NA,NA
"cub","Cuba","2002",8.2,77.87,NA,NA,NA
"cub","Cuba","2003",7.91,77.8,NA,NA,NA
"cub","Cuba","2004",7.64,77.8,NA,NA,NA
"cub","Cuba","2005",7.39,77.68,NA,NA,NA
"cub","Cuba","2006",7.15,78.37,NA,NA,NA
"cub","Cuba","2007",6.93,78.46,NA,NA,NA
"cub","Cuba","2008",6.73,78.44,NA,NA,NA
"cub","Cuba","2009",6.54,78.46,NA,NA,NA
"cub","Cuba","2010",6.37,78.46,NA,NA,NA
"cub","Cuba","2011",6.2,79.07,NA,NA,NA
"cub","Cuba","2012",6.06,78.84,NA,NA,NA
"cub","Cuba","2013",5.92,78.81,NA,NA,NA
"cub","Cuba","2014",5.78,78.74,NA,NA,NA
"cub","Cuba","2015",5.66,78.42,NA,NA,NA
"cub","Cuba","2016",5.54,78.52,NA,NA,NA
"cub","Cuba","2017",5.43,78.25,NA,NA,NA
"cub","Cuba","2018",5.32,78.29,NA,NA,NA
"cub","Cuba","2019",5.22,78.67,NA,NA,NA
"cub","Cuba","2020",5.1,78.62,NA,NA,NA
"cub","Cuba","2021",4.99,74.68,NA,NA,NA
"cub","Cuba","2022",4.99,79.22,NA,NA,NA
"cub","Cuba","2023",4.9,79.4,NA,NA,NA
"cub","Cuba","2024",4.8,79.57,NA,NA,NA
"cub","Cuba","2025",4.7,79.75,NA,NA,NA
"cyp","Cyprus","1915",238.27,45.73,NA,NA,NA
"cyp","Cyprus","1916",236.77,45.8,NA,NA,NA
"cyp","Cyprus","1917",235.27,45.87,NA,NA,NA
"cyp","Cyprus","1918",233.77,25.16,NA,NA,NA
"cyp","Cyprus","1919",232.28,46.01,NA,NA,NA
"cyp","Cyprus","1920",230.8,46.08,NA,NA,NA
"cyp","Cyprus","1921",229.33,46.15,NA,NA,NA
"cyp","Cyprus","1922",227.87,46.22,NA,NA,NA
"cyp","Cyprus","1923",226.41,46.29,NA,NA,NA
"cyp","Cyprus","1924",224.96,46.35,NA,NA,NA
"cyp","Cyprus","1925",223.51,46.42,NA,NA,NA
"cyp","Cyprus","1926",222.96,46.4,NA,NA,NA
"cyp","Cyprus","1927",222.4,46.37,NA,NA,NA
"cyp","Cyprus","1928",221.85,46.34,NA,NA,NA
"cyp","Cyprus","1929",221.3,46.31,NA,NA,NA
"cyp","Cyprus","1930",220.74,46.29,NA,NA,NA
"cyp","Cyprus","1931",219.26,46.26,NA,NA,NA
"cyp","Cyprus","1932",217.78,46.23,NA,NA,NA
"cyp","Cyprus","1933",216.29,46.21,NA,NA,NA
"cyp","Cyprus","1934",214.82,46.18,NA,NA,NA
"cyp","Cyprus","1935",213.34,46.15,NA,NA,NA
"cyp","Cyprus","1936",211.88,46.12,NA,NA,NA
"cyp","Cyprus","1937",210.43,46.1,NA,NA,NA
"cyp","Cyprus","1938",202.34,46.87,NA,NA,NA
"cyp","Cyprus","1939",194.44,47.63,NA,NA,NA
"cyp","Cyprus","1940",185.95,48.39,NA,NA,NA
"cyp","Cyprus","1941",178.47,49.17,NA,NA,NA
"cyp","Cyprus","1942",171.13,49.93,NA,NA,NA
"cyp","Cyprus","1943",163.23,50.69,NA,NA,NA
"cyp","Cyprus","1944",149.82,52.34,NA,NA,NA
"cyp","Cyprus","1945",136.29,53.99,NA,NA,NA
"cyp","Cyprus","1946",123.4,55.64,NA,NA,NA
"cyp","Cyprus","1947",111.72,57.28,NA,NA,NA
"cyp","Cyprus","1948",99.99,58.92,NA,NA,NA
"cyp","Cyprus","1949",88.85,60.56,NA,NA,NA
"cyp","Cyprus","1950",78.86,62.2,NA,NA,NA
"cyp","Cyprus","1951",87.22,62.51,NA,NA,NA
"cyp","Cyprus","1952",78.8,62.7,NA,NA,NA
"cyp","Cyprus","1953",65.37,62.83,NA,NA,NA
"cyp","Cyprus","1954",75.48,63.27,NA,NA,NA
"cyp","Cyprus","1955",44.62,63.12,NA,NA,NA
"cyp","Cyprus","1956",42.1,63.38,NA,NA,NA
"cyp","Cyprus","1957",38.82,63.66,NA,NA,NA
"cyp","Cyprus","1958",38.27,64.02,NA,NA,NA
"cyp","Cyprus","1959",34,64.33,NA,NA,NA
"cyp","Cyprus","1960",31.86,64.98,NA,NA,NA
"cyp","Cyprus","1961",31.63,65.27,NA,NA,NA
"cyp","Cyprus","1962",65.24,65.59,NA,NA,NA
"cyp","Cyprus","1963",72.89,65.91,NA,NA,NA
"cyp","Cyprus","1964",69.35,66.15,NA,NA,NA
"cyp","Cyprus","1965",54.55,66.52,NA,NA,NA
"cyp","Cyprus","1966",51.39,66.87,NA,NA,NA
"cyp","Cyprus","1967",48.4,67.27,NA,NA,NA
"cyp","Cyprus","1968",45.58,67.56,NA,NA,NA
"cyp","Cyprus","1969",42.96,67.89,NA,NA,NA
"cyp","Cyprus","1970",40.39,67.56,NA,NA,NA
"cyp","Cyprus","1971",38.01,67.57,NA,NA,NA
"cyp","Cyprus","1972",35.71,67.9,NA,NA,NA
"cyp","Cyprus","1973",31.56,68.19,NA,NA,NA
"cyp","Cyprus","1974",30.88,49.04,NA,NA,NA
"cyp","Cyprus","1975",27.8,68.55,NA,NA,NA
"cyp","Cyprus","1976",30.23,69.26,NA,NA,NA
"cyp","Cyprus","1977",17.63,70.42,NA,NA,NA
"cyp","Cyprus","1978",18.24,71.01,NA,NA,NA
"cyp","Cyprus","1979",17.21,71.43,NA,NA,NA
"cyp","Cyprus","1980",18.73,71.3,NA,NA,NA
"cyp","Cyprus","1981",18.43,71.59,NA,NA,NA
"cyp","Cyprus","1982",17.69,71.68,NA,NA,NA
"cyp","Cyprus","1983",16.38,72.04,NA,NA,NA
"cyp","Cyprus","1984",14.8,72.78,NA,NA,NA
"cyp","Cyprus","1985",13.24,73.35,NA,NA,NA
"cyp","Cyprus","1986",12.02,73.87,NA,NA,NA
"cyp","Cyprus","1987",11.37,74.07,NA,NA,NA
"cyp","Cyprus","1988",11.19,74.48,NA,NA,NA
"cyp","Cyprus","1989",11.22,74.85,NA,NA,NA
"cyp","Cyprus","1990",11.25,75.07,NA,NA,NA
"cyp","Cyprus","1991",11.16,75.05,NA,NA,NA
"cyp","Cyprus","1992",10.8,75.07,NA,NA,NA
"cyp","Cyprus","1993",10.22,75.17,NA,NA,NA
"cyp","Cyprus","1994",9.61,75.37,NA,NA,NA
"cyp","Cyprus","1995",9.05,75.52,NA,NA,NA
"cyp","Cyprus","1996",8.51,75.75,NA,NA,NA
"cyp","Cyprus","1997",7.98,75.93,NA,NA,NA
"cyp","Cyprus","1998",7.45,75.96,NA,NA,NA
"cyp","Cyprus","1999",6.94,76.32,NA,NA,NA
"cyp","Cyprus","2000",6.46,76.66,NA,NA,NA
"cyp","Cyprus","2001",6,77.06,NA,NA,NA
"cyp","Cyprus","2002",5.59,77.33,NA,NA,NA
"cyp","Cyprus","2003",5.19,77.69,NA,NA,NA
"cyp","Cyprus","2004",4.83,77.88,NA,NA,NA
"cyp","Cyprus","2005",4.48,77.93,NA,NA,NA
"cyp","Cyprus","2006",4.17,78.16,NA,NA,NA
"cyp","Cyprus","2007",3.91,78.35,NA,NA,NA
"cyp","Cyprus","2008",3.71,78.77,NA,NA,NA
"cyp","Cyprus","2009",3.53,79.12,NA,NA,NA
"cyp","Cyprus","2010",3.37,79.52,NA,NA,NA
"cyp","Cyprus","2011",3.24,79.85,NA,NA,NA
"cyp","Cyprus","2012",3.11,80.14,NA,NA,NA
"cyp","Cyprus","2013",3.02,80.3,NA,NA,NA
"cyp","Cyprus","2014",2.94,80.36,NA,NA,NA
"cyp","Cyprus","2015",2.89,80.45,NA,NA,NA
"cyp","Cyprus","2016",2.86,80.67,NA,NA,NA
"cyp","Cyprus","2017",2.85,80.84,NA,NA,NA
"cyp","Cyprus","2018",2.84,80.81,NA,NA,NA
"cyp","Cyprus","2019",2.81,80.81,NA,NA,NA
"cyp","Cyprus","2020",2.76,80.8,NA,NA,NA
"cyp","Cyprus","2021",2.71,80.61,NA,NA,NA
"cyp","Cyprus","2022",2.49,81.3,NA,NA,NA
"cyp","Cyprus","2023",2.43,81.46,NA,NA,NA
"cyp","Cyprus","2024",2.37,81.62,NA,NA,NA
"cyp","Cyprus","2025",2.31,81.77,NA,NA,NA
"cze","Czech Republic","1915",241.99,47.01,NA,NA,NA
"cze","Czech Republic","1916",235.84,47.57,NA,NA,NA
"cze","Czech Republic","1917",230.67,48.13,NA,NA,NA
"cze","Czech Republic","1918",224.67,35.65,NA,NA,NA
"cze","Czech Republic","1919",218.75,49.24,NA,NA,NA
"cze","Czech Republic","1920",213.78,49.8,NA,NA,NA
"cze","Czech Republic","1921",208.03,50.37,NA,NA,NA
"cze","Czech Republic","1922",202.34,50.92,NA,NA,NA
"cze","Czech Republic","1923",197.6,51.48,NA,NA,NA
"cze","Czech Republic","1924",192.05,52.04,NA,NA,NA
"cze","Czech Republic","1925",187.4,52.59,NA,NA,NA
"cze","Czech Republic","1926",182,53.16,NA,NA,NA
"cze","Czech Republic","1927",176.67,53.72,NA,NA,NA
"cze","Czech Republic","1928",172.24,54.27,NA,NA,NA
"cze","Czech Republic","1929",167.06,54.83,NA,NA,NA
"cze","Czech Republic","1930",161.98,55.38,NA,NA,NA
"cze","Czech Republic","1931",158.47,55.8,NA,NA,NA
"cze","Czech Republic","1932",155.04,56.21,NA,NA,NA
"cze","Czech Republic","1933",151.63,56.62,NA,NA,NA
"cze","Czech Republic","1934",148.26,57.03,NA,NA,NA
"cze","Czech Republic","1935",144.93,57.44,NA,NA,NA
"cze","Czech Republic","1936",141.62,57.85,NA,NA,NA
"cze","Czech Republic","1937",137.66,58.26,NA,NA,NA
"cze","Czech Republic","1938",134.44,58.72,NA,NA,NA
"cze","Czech Republic","1939",130.58,59.02,NA,NA,NA
"cze","Czech Republic","1940",127.45,58.8,NA,NA,NA
"cze","Czech Republic","1941",122.89,58.51,NA,NA,NA
"cze","Czech Republic","1942",118.48,56.62,NA,NA,NA
"cze","Czech Republic","1943",114.24,51.84,NA,NA,NA
"cze","Czech Republic","1944",110.15,46.76,NA,NA,NA
"cze","Czech Republic","1945",106.2,44.77,NA,NA,NA
"cze","Czech Republic","1946",102.4,57.83,NA,NA,NA
"cze","Czech Republic","1947",98.73,61.82,NA,NA,NA
"cze","Czech Republic","1948",95.2,62.82,NA,NA,NA
"cze","Czech Republic","1949",91.79,63.82,NA,NA,NA
"cze","Czech Republic","1950",88.5,64.25,NA,NA,NA
"cze","Czech Republic","1951",79.22,65.16,NA,NA,NA
"cze","Czech Republic","1952",61.81,66.67,NA,NA,NA
"cze","Czech Republic","1953",49.74,67.51,NA,NA,NA
"cze","Czech Republic","1954",42.62,68.15,NA,NA,NA
"cze","Czech Republic","1955",39.24,68.9,NA,NA,NA
"cze","Czech Republic","1956",36.14,69.34,NA,NA,NA
"cze","Czech Republic","1957",35.35,69.16,NA,NA,NA
"cze","Czech Republic","1958",33.16,69.9,NA,NA,NA
"cze","Czech Republic","1959",29.61,70.03,NA,NA,NA
"cze","Czech Republic","1960",28.4,70.39,NA,NA,NA
"cze","Czech Republic","1961",27.81,70.65,NA,NA,NA
"cze","Czech Republic","1962",30.08,70.23,NA,NA,NA
"cze","Czech Republic","1963",29.25,70.48,NA,NA,NA
"cze","Czech Republic","1964",27.57,70.61,NA,NA,NA
"cze","Czech Republic","1965",31.86,70.32,NA,NA,NA
"cze","Czech Republic","1966",29.73,70.54,NA,NA,NA
"cze","Czech Republic","1967",29.55,70.42,NA,NA,NA
"cze","Czech Republic","1968",29.16,70.01,NA,NA,NA
"cze","Czech Republic","1969",30.5,69.59,NA,NA,NA
"cze","Czech Republic","1970",28.2,69.68,NA,NA,NA
"cze","Czech Republic","1971",28.41,69.96,NA,NA,NA
"cze","Czech Republic","1972",27.06,70.39,NA,NA,NA
"cze","Czech Republic","1973",27.56,70.27,NA,NA,NA
"cze","Czech Republic","1974",26.7,70.32,NA,NA,NA
"cze","Czech Republic","1975",25.75,70.65,NA,NA,NA
"cze","Czech Republic","1976",25.26,70.79,NA,NA,NA
"cze","Czech Republic","1977",24.79,70.79,NA,NA,NA
"cze","Czech Republic","1978",22.84,70.82,NA,NA,NA
"cze","Czech Republic","1979",21.08,70.85,NA,NA,NA
"cze","Czech Republic","1980",21.6,70.5,NA,NA,NA
"cze","Czech Republic","1981",15.44,70.84,NA,NA,NA
"cze","Czech Republic","1982",14.99,71.04,NA,NA,NA
"cze","Czech Republic","1983",14.62,70.78,NA,NA,NA
"cze","Czech Republic","1984",14.36,70.96,NA,NA,NA
"cze","Czech Republic","1985",14.16,71.25,NA,NA,NA
"cze","Czech Republic","1986",13.91,71.29,NA,NA,NA
"cze","Czech Republic","1987",13.47,71.68,NA,NA,NA
"cze","Czech Republic","1988",12.94,71.86,NA,NA,NA
"cze","Czech Republic","1989",12.49,71.92,NA,NA,NA
"cze","Czech Republic","1990",12.13,71.58,NA,NA,NA
"cze","Czech Republic","1991",11.71,72.1,NA,NA,NA
"cze","Czech Republic","1992",11.06,72.44,NA,NA,NA
"cze","Czech Republic","1993",10.25,72.99,NA,NA,NA
"cze","Czech Republic","1994",9.36,73.22,NA,NA,NA
"cze","Czech Republic","1995",8.5,73.38,NA,NA,NA
"cze","Czech Republic","1996",7.69,74,NA,NA,NA
"cze","Czech Republic","1997",6.95,74.12,NA,NA,NA
"cze","Czech Republic","1998",6.33,74.73,NA,NA,NA
"cze","Czech Republic","1999",5.83,75.02,NA,NA,NA
"cze","Czech Republic","2000",5.46,75.2,NA,NA,NA
"cze","Czech Republic","2001",5.19,75.48,NA,NA,NA
"cze","Czech Republic","2002",4.97,75.69,NA,NA,NA
"cze","Czech Republic","2003",4.78,75.61,NA,NA,NA
"cze","Czech Republic","2004",4.58,76.14,NA,NA,NA
"cze","Czech Republic","2005",4.36,76.42,NA,NA,NA
"cze","Czech Republic","2006",4.14,76.95,NA,NA,NA
"cze","Czech Republic","2007",3.92,77.19,NA,NA,NA
"cze","Czech Republic","2008",3.72,77.35,NA,NA,NA
"cze","Czech Republic","2009",3.53,77.62,NA,NA,NA
"cze","Czech Republic","2010",3.38,77.85,NA,NA,NA
"cze","Czech Republic","2011",3.26,78.05,NA,NA,NA
"cze","Czech Republic","2012",3.18,78.3,NA,NA,NA
"cze","Czech Republic","2013",3.13,78.55,NA,NA,NA
"cze","Czech Republic","2014",3.13,78.95,NA,NA,NA
"cze","Czech Republic","2015",3.17,79,NA,NA,NA
"cze","Czech Republic","2016",3.2,79.17,NA,NA,NA
"cze","Czech Republic","2017",3.19,79.28,NA,NA,NA
"cze","Czech Republic","2018",3.14,79.29,NA,NA,NA
"cze","Czech Republic","2019",3.04,79.46,NA,NA,NA
"cze","Czech Republic","2020",2.94,78.79,NA,NA,NA
"cze","Czech Republic","2021",2.85,77.94,NA,NA,NA
"cze","Czech Republic","2022",2.83,78.34,NA,NA,NA
"cze","Czech Republic","2023",2.67,80.03,NA,NA,NA
"cze","Czech Republic","2024",2.6,80.18,NA,NA,NA
"cze","Czech Republic","2025",2.53,80.33,NA,NA,NA
"deu","Germany","1915",238.82,40.37,NA,NA,NA
"deu","Germany","1916",224.05,38.84,NA,NA,NA
"deu","Germany","1917",240.65,39.92,NA,NA,NA
"deu","Germany","1918",256.73,32.81,NA,NA,NA
"deu","Germany","1919",233.32,48.12,NA,NA,NA
"deu","Germany","1920",207.23,53.28,NA,NA,NA
"deu","Germany","1921",212.85,54.78,NA,NA,NA
"deu","Germany","1922",205.35,55.38,NA,NA,NA
"deu","Germany","1923",207.23,55.98,NA,NA,NA
"deu","Germany","1924",164.08,56.57,NA,NA,NA
"deu","Germany","1925",158.51,57.16,NA,NA,NA
"deu","Germany","1926",152.95,57.57,NA,NA,NA
"deu","Germany","1927",143.79,57.97,NA,NA,NA
"deu","Germany","1928",129.42,58.37,NA,NA,NA
"deu","Germany","1929",143.79,58.77,NA,NA,NA
"deu","Germany","1930",122.37,59.18,NA,NA,NA
"deu","Germany","1931",119.76,59.58,NA,NA,NA
"deu","Germany","1932",113.62,59.99,NA,NA,NA
"deu","Germany","1933",110.94,60.38,NA,NA,NA
"deu","Germany","1934",93.01,60.79,NA,NA,NA
"deu","Germany","1935",152.75,61.19,NA,NA,NA
"deu","Germany","1936",94.31,61.47,NA,NA,NA
"deu","Germany","1937",91.59,61.75,NA,NA,NA
"deu","Germany","1938",85.91,62.03,NA,NA,NA
"deu","Germany","1939",106.69,60.68,NA,NA,NA
"deu","Germany","1940",93.48,60.34,NA,NA,NA
"deu","Germany","1941",90.82,58.68,NA,NA,NA
"deu","Germany","1942",88.22,54.7,NA,NA,NA
"deu","Germany","1943",85.7,49.43,NA,NA,NA
"deu","Germany","1944",83.24,36.79,NA,NA,NA
"deu","Germany","1945",80.85,28.84,NA,NA,NA
"deu","Germany","1946",78.53,60.16,NA,NA,NA
"deu","Germany","1947",76.27,61.75,NA,NA,NA
"deu","Germany","1948",74.07,63.34,NA,NA,NA
"deu","Germany","1949",71.94,64.94,NA,NA,NA
"deu","Germany","1950",69.86,66.51,NA,NA,NA
"deu","Germany","1951",66.12,66.91,NA,NA,NA
"deu","Germany","1952",62.6,67.33,NA,NA,NA
"deu","Germany","1953",59.25,67.72,NA,NA,NA
"deu","Germany","1954",56.09,68.1,NA,NA,NA
"deu","Germany","1955",53.1,68.53,NA,NA,NA
"deu","Germany","1956",50.25,68.89,NA,NA,NA
"deu","Germany","1957",47.92,68.9,NA,NA,NA
"deu","Germany","1958",46.15,69.31,NA,NA,NA
"deu","Germany","1959",44.72,69.35,NA,NA,NA
"deu","Germany","1960",42.77,69.41,NA,NA,NA
"deu","Germany","1961",40.22,69.76,NA,NA,NA
"deu","Germany","1962",36.64,70.01,NA,NA,NA
"deu","Germany","1963",34.95,70.18,NA,NA,NA
"deu","Germany","1964",31.97,70.53,NA,NA,NA
"deu","Germany","1965",29.76,70.68,NA,NA,NA
"deu","Germany","1966",29.18,70.76,NA,NA,NA
"deu","Germany","1967",27.69,70.81,NA,NA,NA
"deu","Germany","1968",27.12,70.54,NA,NA,NA
"deu","Germany","1969",26.39,70.38,NA,NA,NA
"deu","Germany","1970",25.64,70.61,NA,NA,NA
"deu","Germany","1971",24.87,70.81,NA,NA,NA
"deu","Germany","1972",24.03,71.02,NA,NA,NA
"deu","Germany","1973",23.08,71.29,NA,NA,NA
"deu","Germany","1974",22,71.56,NA,NA,NA
"deu","Germany","1975",20.8,71.67,NA,NA,NA
"deu","Germany","1976",19.54,72.1,NA,NA,NA
"deu","Germany","1977",18.3,72.55,NA,NA,NA
"deu","Germany","1978",17.11,72.7,NA,NA,NA
"deu","Germany","1979",16.01,72.99,NA,NA,NA
"deu","Germany","1980",14.99,73.26,NA,NA,NA
"deu","Germany","1981",14.07,73.52,NA,NA,NA
"deu","Germany","1982",13.22,73.81,NA,NA,NA
"deu","Germany","1983",12.45,74.14,NA,NA,NA
"deu","Germany","1984",11.76,74.58,NA,NA,NA
"deu","Germany","1985",11.15,74.83,NA,NA,NA
"deu","Germany","1986",10.59,75.06,NA,NA,NA
"deu","Germany","1987",10.05,75.32,NA,NA,NA
"deu","Germany","1988",9.54,75.46,NA,NA,NA
"deu","Germany","1989",9.03,75.65,NA,NA,NA
"deu","Germany","1990",8.53,75.66,NA,NA,NA
"deu","Germany","1991",8.04,75.85,NA,NA,NA
"deu","Germany","1992",7.59,76.17,NA,NA,NA
"deu","Germany","1993",7.17,76.34,NA,NA,NA
"deu","Germany","1994",6.79,76.61,NA,NA,NA
"deu","Germany","1995",6.46,76.87,NA,NA,NA
"deu","Germany","1996",6.17,77.14,NA,NA,NA
"deu","Germany","1997",5.92,77.48,NA,NA,NA
"deu","Germany","1998",5.7,77.81,NA,NA,NA
"deu","Germany","1999",5.51,78.1,NA,NA,NA
"deu","Germany","2000",5.36,78.39,NA,NA,NA
"deu","Germany","2001",5.22,78.67,NA,NA,NA
"deu","Germany","2002",5.09,78.77,NA,NA,NA
"deu","Germany","2003",4.97,78.91,NA,NA,NA
"deu","Germany","2004",4.85,79.35,NA,NA,NA
"deu","Germany","2005",4.73,79.64,NA,NA,NA
"deu","Germany","2006",4.61,79.89,NA,NA,NA
"deu","Germany","2007",4.49,80.04,NA,NA,NA
"deu","Germany","2008",4.37,80.15,NA,NA,NA
"deu","Germany","2009",4.27,80.29,NA,NA,NA
"deu","Germany","2010",4.17,80.5,NA,NA,NA
"deu","Germany","2011",4.1,80.67,NA,NA,NA
"deu","Germany","2012",4.04,80.79,NA,NA,NA
"deu","Germany","2013",3.99,80.79,NA,NA,NA
"deu","Germany","2014",3.96,81.01,NA,NA,NA
"deu","Germany","2015",3.93,80.88,NA,NA,NA
"deu","Germany","2016",3.9,80.95,NA,NA,NA
"deu","Germany","2017",3.86,81.09,NA,NA,NA
"deu","Germany","2018",3.8,81.15,NA,NA,NA
"deu","Germany","2019",3.73,81.2,NA,NA,NA
"deu","Germany","2020",3.66,80.79,NA,NA,NA
"deu","Germany","2021",3.59,80.27,NA,NA,NA
"deu","Germany","2022",3.49,80.63,NA,NA,NA
"deu","Germany","2023",3.07,81.82,NA,NA,NA
"deu","Germany","2024",2.97,81.98,NA,NA,NA
"deu","Germany","2025",2.89,82.13,NA,NA,NA
"dji","Djibouti","1915",432.09,36.22,NA,NA,NA
"dji","Djibouti","1916",431.05,36.31,NA,NA,NA
"dji","Djibouti","1917",430.01,36.41,NA,NA,NA
"dji","Djibouti","1918",428.96,14.12,NA,NA,NA
"dji","Djibouti","1919",427.92,36.61,NA,NA,NA
"dji","Djibouti","1920",426.87,36.7,NA,NA,NA
"dji","Djibouti","1921",425.83,36.8,NA,NA,NA
"dji","Djibouti","1922",424.78,36.9,NA,NA,NA
"dji","Djibouti","1923",423.74,37,NA,NA,NA
"dji","Djibouti","1924",422.69,37.09,NA,NA,NA
"dji","Djibouti","1925",421.65,37.19,NA,NA,NA
"dji","Djibouti","1926",420.6,37.29,NA,NA,NA
"dji","Djibouti","1927",419.56,37.38,NA,NA,NA
"dji","Djibouti","1928",418.52,37.48,NA,NA,NA
"dji","Djibouti","1929",417.47,37.58,NA,NA,NA
"dji","Djibouti","1930",416.43,37.68,NA,NA,NA
"dji","Djibouti","1931",415.48,37.77,NA,NA,NA
"dji","Djibouti","1932",414.55,37.87,NA,NA,NA
"dji","Djibouti","1933",413.6,37.97,NA,NA,NA
"dji","Djibouti","1934",412.66,38.06,NA,NA,NA
"dji","Djibouti","1935",411.71,38.16,NA,NA,NA
"dji","Djibouti","1936",410.77,38.26,NA,NA,NA
"dji","Djibouti","1937",409.82,38.36,NA,NA,NA
"dji","Djibouti","1938",408.88,38.45,NA,NA,NA
"dji","Djibouti","1939",407.93,38.55,NA,NA,NA
"dji","Djibouti","1940",406.99,38.65,NA,NA,NA
"dji","Djibouti","1941",406.05,38.86,NA,NA,NA
"dji","Djibouti","1942",405.09,39.06,NA,NA,NA
"dji","Djibouti","1943",404.15,39.28,NA,NA,NA
"dji","Djibouti","1944",403.2,39.49,NA,NA,NA
"dji","Djibouti","1945",402.25,39.7,NA,NA,NA
"dji","Djibouti","1946",376.31,42.67,NA,NA,NA
"dji","Djibouti","1947",351.64,45.63,NA,NA,NA
"dji","Djibouti","1948",328.08,48.63,NA,NA,NA
"dji","Djibouti","1949",305.57,51.63,NA,NA,NA
"dji","Djibouti","1950",283.99,54.65,NA,NA,NA
"dji","Djibouti","1951",281.99,54.74,NA,NA,NA
"dji","Djibouti","1952",279.01,54.87,NA,NA,NA
"dji","Djibouti","1953",275.27,55,NA,NA,NA
"dji","Djibouti","1954",271.62,55.16,NA,NA,NA
"dji","Djibouti","1955",267.87,55.28,NA,NA,NA
"dji","Djibouti","1956",264.23,55.44,NA,NA,NA
"dji","Djibouti","1957",260.76,55.57,NA,NA,NA
"dji","Djibouti","1958",256.67,55.75,NA,NA,NA
"dji","Djibouti","1959",252.57,55.94,NA,NA,NA
"dji","Djibouti","1960",248.2,56.21,NA,NA,NA
"dji","Djibouti","1961",244.1,56.47,NA,NA,NA
"dji","Djibouti","1962",240.21,56.71,NA,NA,NA
"dji","Djibouti","1963",236.21,56.95,NA,NA,NA
"dji","Djibouti","1964",232.25,57.13,NA,NA,NA
"dji","Djibouti","1965",227.96,57.3,NA,NA,NA
"dji","Djibouti","1966",223.61,57.43,NA,NA,NA
"dji","Djibouti","1967",218.55,57.57,NA,NA,NA
"dji","Djibouti","1968",212.81,57.84,NA,NA,NA
"dji","Djibouti","1969",206.77,58.09,NA,NA,NA
"dji","Djibouti","1970",200.71,58.44,NA,NA,NA
"dji","Djibouti","1971",197.97,58.18,NA,NA,NA
"dji","Djibouti","1972",189.03,59.15,NA,NA,NA
"dji","Djibouti","1973",183.76,59.56,NA,NA,NA
"dji","Djibouti","1974",179.68,59.83,NA,NA,NA
"dji","Djibouti","1975",176.38,60.09,NA,NA,NA
"dji","Djibouti","1976",173.51,60.49,NA,NA,NA
"dji","Djibouti","1977",168.52,60.71,NA,NA,NA
"dji","Djibouti","1978",163.85,60.81,NA,NA,NA
"dji","Djibouti","1979",159.54,60.27,NA,NA,NA
"dji","Djibouti","1980",155.03,60.84,NA,NA,NA
"dji","Djibouti","1981",150.67,60.62,NA,NA,NA
"dji","Djibouti","1982",146.35,60.77,NA,NA,NA
"dji","Djibouti","1983",142.24,60.72,NA,NA,NA
"dji","Djibouti","1984",138.12,60.66,NA,NA,NA
"dji","Djibouti","1985",134.24,60.59,NA,NA,NA
"dji","Djibouti","1986",130.53,60.6,NA,NA,NA
"dji","Djibouti","1987",126.96,60.62,NA,NA,NA
"dji","Djibouti","1988",123.81,60.75,NA,NA,NA
"dji","Djibouti","1989",120.82,60.77,NA,NA,NA
"dji","Djibouti","1990",118.2,60.57,NA,NA,NA
"dji","Djibouti","1991",116.03,60.31,NA,NA,NA
"dji","Djibouti","1992",114.15,58.99,NA,NA,NA
"dji","Djibouti","1993",112.47,60.23,NA,NA,NA
"dji","Djibouti","1994",111.05,59.77,NA,NA,NA
"dji","Djibouti","1995",109.71,60.49,NA,NA,NA
"dji","Djibouti","1996",108.24,60.52,NA,NA,NA
"dji","Djibouti","1997",106.63,60.35,NA,NA,NA
"dji","Djibouti","1998",104.95,60.21,NA,NA,NA
"dji","Djibouti","1999",103.01,60.27,NA,NA,NA
"dji","Djibouti","2000",100.95,60.37,NA,NA,NA
"dji","Djibouti","2001",98.56,60.45,NA,NA,NA
"dji","Djibouti","2002",96.09,60.57,NA,NA,NA
"dji","Djibouti","2003",93.6,60.86,NA,NA,NA
"dji","Djibouti","2004",91.07,60.98,NA,NA,NA
"dji","Djibouti","2005",88.67,61.39,NA,NA,NA
"dji","Djibouti","2006",86.13,61.36,NA,NA,NA
"dji","Djibouti","2007",83.61,62.15,NA,NA,NA
"dji","Djibouti","2008",81.24,62.53,NA,NA,NA
"dji","Djibouti","2009",78.83,62.89,NA,NA,NA
"dji","Djibouti","2010",76.61,63.24,NA,NA,NA
"dji","Djibouti","2011",74.37,63.65,NA,NA,NA
"dji","Djibouti","2012",72.18,64.08,NA,NA,NA
"dji","Djibouti","2013",70.14,64.47,NA,NA,NA
"dji","Djibouti","2014",68.01,64.88,NA,NA,NA
"dji","Djibouti","2015",65.83,65.28,NA,NA,NA
"dji","Djibouti","2016",63.82,65.8,NA,NA,NA
"dji","Djibouti","2017",61.77,66.23,NA,NA,NA
"dji","Djibouti","2018",59.71,66.65,NA,NA,NA
"dji","Djibouti","2019",57.76,66.82,NA,NA,NA
"dji","Djibouti","2020",55.86,66.41,NA,NA,NA
"dji","Djibouti","2021",54.08,66,NA,NA,NA
"dji","Djibouti","2022",51.17,66.58,NA,NA,NA
"dji","Djibouti","2023",49.31,67.49,NA,NA,NA
"dji","Djibouti","2024",49.23,68.07,NA,NA,NA
"dji","Djibouti","2025",50.75,68.33,NA,NA,NA
"dma","Dominica","1915",NA,NA,NA,NA,NA
"dma","Dominica","1916",NA,NA,NA,NA,NA
"dma","Dominica","1917",NA,NA,NA,NA,NA
"dma","Dominica","1918",NA,NA,NA,NA,NA
"dma","Dominica","1919",NA,NA,NA,NA,NA
"dma","Dominica","1920",NA,NA,NA,NA,NA
"dma","Dominica","1921",NA,NA,NA,NA,NA
"dma","Dominica","1922",NA,NA,NA,NA,NA
"dma","Dominica","1923",NA,NA,NA,NA,NA
"dma","Dominica","1924",NA,NA,NA,NA,NA
"dma","Dominica","1925",NA,NA,NA,NA,NA
"dma","Dominica","1926",NA,NA,NA,NA,NA
"dma","Dominica","1927",NA,NA,NA,NA,NA
"dma","Dominica","1928",NA,NA,NA,NA,NA
"dma","Dominica","1929",NA,NA,NA,NA,NA
"dma","Dominica","1930",NA,NA,NA,NA,NA
"dma","Dominica","1931",NA,NA,NA,NA,NA
"dma","Dominica","1932",NA,NA,NA,NA,NA
"dma","Dominica","1933",NA,NA,NA,NA,NA
"dma","Dominica","1934",NA,NA,NA,NA,NA
"dma","Dominica","1935",NA,NA,NA,NA,NA
"dma","Dominica","1936",NA,NA,NA,NA,NA
"dma","Dominica","1937",NA,NA,NA,NA,NA
"dma","Dominica","1938",NA,NA,NA,NA,NA
"dma","Dominica","1939",NA,NA,NA,NA,NA
"dma","Dominica","1940",NA,NA,NA,NA,NA
"dma","Dominica","1941",NA,NA,NA,NA,NA
"dma","Dominica","1942",NA,NA,NA,NA,NA
"dma","Dominica","1943",NA,NA,NA,NA,NA
"dma","Dominica","1944",NA,NA,NA,NA,NA
"dma","Dominica","1945",NA,NA,NA,NA,NA
"dma","Dominica","1946",NA,NA,NA,NA,NA
"dma","Dominica","1947",NA,NA,NA,NA,NA
"dma","Dominica","1948",NA,NA,NA,NA,NA
"dma","Dominica","1949",NA,NA,NA,NA,NA
"dma","Dominica","1950",215.2,49.34,NA,NA,NA
"dma","Dominica","1951",207.72,50.6,NA,NA,NA
"dma","Dominica","1952",237.5,51.74,NA,NA,NA
"dma","Dominica","1953",208.11,53.01,NA,NA,NA
"dma","Dominica","1954",197.89,54.1,NA,NA,NA
"dma","Dominica","1955",218.34,55.06,NA,NA,NA
"dma","Dominica","1956",213.61,56.11,NA,NA,NA
"dma","Dominica","1957",181.52,57.19,NA,NA,NA
"dma","Dominica","1958",186.06,58.21,NA,NA,NA
"dma","Dominica","1959",164.85,59.25,NA,NA,NA
"dma","Dominica","1960",138.3,60.22,NA,NA,NA
"dma","Dominica","1961",125.85,61.15,NA,NA,NA
"dma","Dominica","1962",114.51,62.1,NA,NA,NA
"dma","Dominica","1963",104.23,62.91,NA,NA,NA
"dma","Dominica","1964",94.88,63.76,NA,NA,NA
"dma","Dominica","1965",86.4,64.41,NA,NA,NA
"dma","Dominica","1966",78.69,65.01,NA,NA,NA
"dma","Dominica","1967",71.71,65.6,NA,NA,NA
"dma","Dominica","1968",65.38,66.1,NA,NA,NA
"dma","Dominica","1969",59.66,66.61,NA,NA,NA
"dma","Dominica","1970",54.47,67.15,NA,NA,NA
"dma","Dominica","1971",49.81,67.67,NA,NA,NA
"dma","Dominica","1972",45.62,68.27,NA,NA,NA
"dma","Dominica","1973",41.83,68.86,NA,NA,NA
"dma","Dominica","1974",38.42,69.39,NA,NA,NA
"dma","Dominica","1975",35.37,69.87,NA,NA,NA
"dma","Dominica","1976",32.65,70.26,NA,NA,NA
"dma","Dominica","1977",30.23,70.56,NA,NA,NA
"dma","Dominica","1978",28.07,71.06,NA,NA,NA
"dma","Dominica","1979",31.35,70.12,NA,NA,NA
"dma","Dominica","1980",24.51,71.82,NA,NA,NA
"dma","Dominica","1981",23.06,71.84,NA,NA,NA
"dma","Dominica","1982",21.79,72.28,NA,NA,NA
"dma","Dominica","1983",20.69,72.5,NA,NA,NA
"dma","Dominica","1984",19.74,72.06,NA,NA,NA
"dma","Dominica","1985",18.91,71.38,NA,NA,NA
"dma","Dominica","1986",18.21,71.43,NA,NA,NA
"dma","Dominica","1987",17.62,71.39,NA,NA,NA
"dma","Dominica","1988",17.13,71.35,NA,NA,NA
"dma","Dominica","1989",16.72,71.26,NA,NA,NA
"dma","Dominica","1990",16.39,71.09,NA,NA,NA
"dma","Dominica","1991",16.15,71.12,NA,NA,NA
"dma","Dominica","1992",15.98,71.47,NA,NA,NA
"dma","Dominica","1993",15.87,71.59,NA,NA,NA
"dma","Dominica","1994",15.83,71.67,NA,NA,NA
"dma","Dominica","1995",15.85,71.72,NA,NA,NA
"dma","Dominica","1996",15.93,71.87,NA,NA,NA
"dma","Dominica","1997",16.08,72.13,NA,NA,NA
"dma","Dominica","1998",16.3,71.87,NA,NA,NA
"dma","Dominica","1999",16.58,72.1,NA,NA,NA
"dma","Dominica","2000",16.92,72.09,NA,NA,NA
"dma","Dominica","2001",17.32,72.24,NA,NA,NA
"dma","Dominica","2002",17.81,72.25,NA,NA,NA
"dma","Dominica","2003",18.36,72.17,NA,NA,NA
"dma","Dominica","2004",19,72.33,NA,NA,NA
"dma","Dominica","2005",19.7,72.61,NA,NA,NA
"dma","Dominica","2006",20.5,72.62,NA,NA,NA
"dma","Dominica","2007",21.38,72.45,NA,NA,NA
"dma","Dominica","2008",22.35,72.69,NA,NA,NA
"dma","Dominica","2009",23.4,72.65,NA,NA,NA
"dma","Dominica","2010",24.55,72.43,NA,NA,NA
"dma","Dominica","2011",25.79,72.43,NA,NA,NA
"dma","Dominica","2012",27.09,72.35,NA,NA,NA
"dma","Dominica","2013",28.45,72.27,NA,NA,NA
"dma","Dominica","2014",29.8,72.2,NA,NA,NA
"dma","Dominica","2015",31.11,71.54,NA,NA,NA
"dma","Dominica","2016",32.35,72.3,NA,NA,NA
"dma","Dominica","2017",33.45,71.23,NA,NA,NA
"dma","Dominica","2018",34.36,72.3,NA,NA,NA
"dma","Dominica","2019",35.01,72.32,NA,NA,NA
"dma","Dominica","2020",34.46,72.41,NA,NA,NA
"dma","Dominica","2021",33.62,71.59,NA,NA,NA
"dma","Dominica","2022",33.36,71.75,NA,NA,NA
"dma","Dominica","2023",31.36,72.95,NA,NA,NA
"dma","Dominica","2024",30.54,73.1,NA,NA,NA
"dma","Dominica","2025",29.79,73.26,NA,NA,NA
"dnk","Denmark","1915",112.23,58.61,NA,NA,NA
"dnk","Denmark","1916",128.83,57.12,NA,NA,NA
"dnk","Denmark","1917",122.68,57.47,NA,NA,NA
"dnk","Denmark","1918",99.09,56.41,NA,NA,NA
"dnk","Denmark","1919",116.5,57.16,NA,NA,NA
"dnk","Denmark","1920",119.91,57.71,NA,NA,NA
"dnk","Denmark","1921",91.28,61.96,NA,NA,NA
"dnk","Denmark","1922",98.18,60.83,NA,NA,NA
"dnk","Denmark","1923",101.4,61.4,NA,NA,NA
"dnk","Denmark","1924",103.1,61.37,NA,NA,NA
"dnk","Denmark","1925",94.53,62.15,NA,NA,NA
"dnk","Denmark","1926",98.62,61.9,NA,NA,NA
"dnk","Denmark","1927",98.83,61.43,NA,NA,NA
"dnk","Denmark","1928",97.09,62.13,NA,NA,NA
"dnk","Denmark","1929",93.39,62.2,NA,NA,NA
"dnk","Denmark","1930",93.81,62.51,NA,NA,NA
"dnk","Denmark","1931",94.49,62.09,NA,NA,NA
"dnk","Denmark","1932",84.96,62.95,NA,NA,NA
"dnk","Denmark","1933",78.19,63.87,NA,NA,NA
"dnk","Denmark","1934",75.59,64.37,NA,NA,NA
"dnk","Denmark","1935",87.15,63.14,NA,NA,NA
"dnk","Denmark","1936",80.86,63.72,NA,NA,NA
"dnk","Denmark","1937",77.44,64.21,NA,NA,NA
"dnk","Denmark","1938",70.41,65.22,NA,NA,NA
"dnk","Denmark","1939",66.75,66.07,NA,NA,NA
"dnk","Denmark","1940",58.8,66.51,NA,NA,NA
"dnk","Denmark","1941",64.52,66.26,NA,NA,NA
"dnk","Denmark","1942",57.38,67.42,NA,NA,NA
"dnk","Denmark","1943",54.16,67.72,NA,NA,NA
"dnk","Denmark","1944",58.84,66.67,NA,NA,NA
"dnk","Denmark","1945",58.12,66.36,NA,NA,NA
"dnk","Denmark","1946",53.98,67.52,NA,NA,NA
"dnk","Denmark","1947",45.74,68.84,NA,NA,NA
"dnk","Denmark","1948",40.4,70.43,NA,NA,NA
"dnk","Denmark","1949",38.67,70.46,NA,NA,NA
"dnk","Denmark","1950",33.94,70.66,NA,NA,NA
"dnk","Denmark","1951",33.35,71.05,NA,NA,NA
"dnk","Denmark","1952",32.64,71.12,NA,NA,NA
"dnk","Denmark","1953",31.69,71.4,NA,NA,NA
"dnk","Denmark","1954",30.53,71.69,NA,NA,NA
"dnk","Denmark","1955",29.28,72.1,NA,NA,NA
"dnk","Denmark","1956",28.07,72.22,NA,NA,NA
"dnk","Denmark","1957",27,72.21,NA,NA,NA
"dnk","Denmark","1958",26.16,72.43,NA,NA,NA
"dnk","Denmark","1959",25.55,72.46,NA,NA,NA
"dnk","Denmark","1960",25.03,72.51,NA,NA,NA
"dnk","Denmark","1961",24.47,72.61,NA,NA,NA
"dnk","Denmark","1962",23.81,72.63,NA,NA,NA
"dnk","Denmark","1963",23.03,72.63,NA,NA,NA
"dnk","Denmark","1964",22.14,72.73,NA,NA,NA
"dnk","Denmark","1965",21.14,72.66,NA,NA,NA
"dnk","Denmark","1966",20.04,72.8,NA,NA,NA
"dnk","Denmark","1967",18.98,73.06,NA,NA,NA
"dnk","Denmark","1968",18.08,73.28,NA,NA,NA
"dnk","Denmark","1969",17.36,73.46,NA,NA,NA
"dnk","Denmark","1970",16.65,73.57,NA,NA,NA
"dnk","Denmark","1971",15.81,73.59,NA,NA,NA
"dnk","Denmark","1972",14.86,73.7,NA,NA,NA
"dnk","Denmark","1973",13.93,73.9,NA,NA,NA
"dnk","Denmark","1974",13.07,74.08,NA,NA,NA
"dnk","Denmark","1975",12.3,74.24,NA,NA,NA
"dnk","Denmark","1976",11.64,74.23,NA,NA,NA
"dnk","Denmark","1977",11.08,74.69,NA,NA,NA
"dnk","Denmark","1978",10.62,74.66,NA,NA,NA
"dnk","Denmark","1979",10.25,74.51,NA,NA,NA
"dnk","Denmark","1980",9.96,74.39,NA,NA,NA
"dnk","Denmark","1981",9.74,74.55,NA,NA,NA
"dnk","Denmark","1982",9.6,74.73,NA,NA,NA
"dnk","Denmark","1983",9.54,74.74,NA,NA,NA
"dnk","Denmark","1984",9.57,74.83,NA,NA,NA
"dnk","Denmark","1985",9.64,74.82,NA,NA,NA
"dnk","Denmark","1986",9.72,74.94,NA,NA,NA
"dnk","Denmark","1987",9.73,74.98,NA,NA,NA
"dnk","Denmark","1988",9.63,75.14,NA,NA,NA
"dnk","Denmark","1989",9.37,75.12,NA,NA,NA
"dnk","Denmark","1990",8.96,75.23,NA,NA,NA
"dnk","Denmark","1991",8.44,75.42,NA,NA,NA
"dnk","Denmark","1992",7.87,75.48,NA,NA,NA
"dnk","Denmark","1993",7.34,75.54,NA,NA,NA
"dnk","Denmark","1994",6.89,75.49,NA,NA,NA
"dnk","Denmark","1995",6.52,75.6,NA,NA,NA
"dnk","Denmark","1996",6.24,75.91,NA,NA,NA
"dnk","Denmark","1997",6.03,76.29,NA,NA,NA
"dnk","Denmark","1998",5.87,76.67,NA,NA,NA
"dnk","Denmark","1999",5.77,76.7,NA,NA,NA
"dnk","Denmark","2000",5.69,77.16,NA,NA,NA
"dnk","Denmark","2001",5.61,77.29,NA,NA,NA
"dnk","Denmark","2002",5.51,77.41,NA,NA,NA
"dnk","Denmark","2003",5.37,77.67,NA,NA,NA
"dnk","Denmark","2004",5.18,77.99,NA,NA,NA
"dnk","Denmark","2005",4.98,78.34,NA,NA,NA
"dnk","Denmark","2006",4.76,78.53,NA,NA,NA
"dnk","Denmark","2007",4.55,78.68,NA,NA,NA
"dnk","Denmark","2008",4.36,78.97,NA,NA,NA
"dnk","Denmark","2009",4.21,79.21,NA,NA,NA
"dnk","Denmark","2010",4.1,79.52,NA,NA,NA
"dnk","Denmark","2011",4.06,79.94,NA,NA,NA
"dnk","Denmark","2012",4.06,80.25,NA,NA,NA
"dnk","Denmark","2013",4.09,80.52,NA,NA,NA
"dnk","Denmark","2014",4.11,80.8,NA,NA,NA
"dnk","Denmark","2015",4.11,80.99,NA,NA,NA
"dnk","Denmark","2016",4.07,81.03,NA,NA,NA
"dnk","Denmark","2017",3.99,81.06,NA,NA,NA
"dnk","Denmark","2018",3.88,81.09,NA,NA,NA
"dnk","Denmark","2019",3.75,81.13,NA,NA,NA
"dnk","Denmark","2020",3.87,81.24,NA,NA,NA
"dnk","Denmark","2021",3.62,81.08,NA,NA,NA
"dnk","Denmark","2022",3.67,81.58,NA,NA,NA
"dnk","Denmark","2023",3.56,81.73,NA,NA,NA
"dnk","Denmark","2024",3.46,81.88,NA,NA,NA
"dnk","Denmark","2025",3.37,82.02,NA,NA,NA
"dom","Dominican Republic","1915",432.09,34.69,NA,NA,NA
"dom","Dominican Republic","1916",431.05,34.76,NA,NA,NA
"dom","Dominican Republic","1917",430.01,34.84,NA,NA,NA
"dom","Dominican Republic","1918",428.96,22.64,NA,NA,NA
"dom","Dominican Republic","1919",427.92,34.98,NA,NA,NA
"dom","Dominican Republic","1920",426.87,35.06,NA,NA,NA
"dom","Dominican Republic","1921",425.83,35.13,NA,NA,NA
"dom","Dominican Republic","1922",424.78,35.21,NA,NA,NA
"dom","Dominican Republic","1923",423.74,35.28,NA,NA,NA
"dom","Dominican Republic","1924",422.69,35.35,NA,NA,NA
"dom","Dominican Republic","1925",421.65,35.43,NA,NA,NA
"dom","Dominican Republic","1926",420.6,35.5,NA,NA,NA
"dom","Dominican Republic","1927",419.56,35.57,NA,NA,NA
"dom","Dominican Republic","1928",418.52,35.65,NA,NA,NA
"dom","Dominican Republic","1929",417.47,35.72,NA,NA,NA
"dom","Dominican Republic","1930",416.43,35.79,NA,NA,NA
"dom","Dominican Republic","1931",412.11,35.87,NA,NA,NA
"dom","Dominican Republic","1932",407.83,35.94,NA,NA,NA
"dom","Dominican Republic","1933",403.54,36.02,NA,NA,NA
"dom","Dominican Republic","1934",399.29,36.09,NA,NA,NA
"dom","Dominican Republic","1935",395.04,36.16,NA,NA,NA
"dom","Dominican Republic","1936",379.08,37.4,NA,NA,NA
"dom","Dominican Republic","1937",364.8,38.64,NA,NA,NA
"dom","Dominican Republic","1938",349.83,39.89,NA,NA,NA
"dom","Dominican Republic","1939",336.43,41.14,NA,NA,NA
"dom","Dominican Republic","1940",322.39,42.4,NA,NA,NA
"dom","Dominican Republic","1941",297.8,43.75,NA,NA,NA
"dom","Dominican Republic","1942",275.06,45.13,NA,NA,NA
"dom","Dominican Republic","1943",254.04,46.5,NA,NA,NA
"dom","Dominican Republic","1944",234.61,47.87,NA,NA,NA
"dom","Dominican Republic","1945",216.65,49.24,NA,NA,NA
"dom","Dominican Republic","1946",200.04,50.63,NA,NA,NA
"dom","Dominican Republic","1947",184.7,52.01,NA,NA,NA
"dom","Dominican Republic","1948",170.51,53.41,NA,NA,NA
"dom","Dominican Republic","1949",157.41,54.81,NA,NA,NA
"dom","Dominican Republic","1950",145.29,56.21,NA,NA,NA
"dom","Dominican Republic","1951",145.78,57.77,NA,NA,NA
"dom","Dominican Republic","1952",146.4,58.67,NA,NA,NA
"dom","Dominican Republic","1953",146.91,59.97,NA,NA,NA
"dom","Dominican Republic","1954",147.49,60.76,NA,NA,NA
"dom","Dominican Republic","1955",147.91,60.36,NA,NA,NA
"dom","Dominican Republic","1956",148.28,60.63,NA,NA,NA
"dom","Dominican Republic","1957",148.54,61.05,NA,NA,NA
"dom","Dominican Republic","1958",148.48,62.06,NA,NA,NA
"dom","Dominican Republic","1959",148.15,61.35,NA,NA,NA
"dom","Dominican Republic","1960",147.49,61.92,NA,NA,NA
"dom","Dominican Republic","1961",146.36,61.81,NA,NA,NA
"dom","Dominican Republic","1962",144.84,63.04,NA,NA,NA
"dom","Dominican Republic","1963",142.93,63.6,NA,NA,NA
"dom","Dominican Republic","1964",140.62,64.28,NA,NA,NA
"dom","Dominican Republic","1965",138.11,61.62,NA,NA,NA
"dom","Dominican Republic","1966",135.37,64.44,NA,NA,NA
"dom","Dominican Republic","1967",132.52,63.93,NA,NA,NA
"dom","Dominican Republic","1968",129.7,63.82,NA,NA,NA
"dom","Dominican Republic","1969",126.83,64.15,NA,NA,NA
"dom","Dominican Republic","1970",123.73,64.88,NA,NA,NA
"dom","Dominican Republic","1971",120.37,65.3,NA,NA,NA
"dom","Dominican Republic","1972",116.83,65.69,NA,NA,NA
"dom","Dominican Republic","1973",112.96,66.35,NA,NA,NA
"dom","Dominican Republic","1974",108.89,66.75,NA,NA,NA
"dom","Dominican Republic","1975",104.84,67.18,NA,NA,NA
"dom","Dominican Republic","1976",100.9,67.57,NA,NA,NA
"dom","Dominican Republic","1977",97.16,68.34,NA,NA,NA
"dom","Dominican Republic","1978",93.55,69.12,NA,NA,NA
"dom","Dominican Republic","1979",90.15,68.4,NA,NA,NA
"dom","Dominican Republic","1980",86.87,69.25,NA,NA,NA
"dom","Dominican Republic","1981",83.73,69.5,NA,NA,NA
"dom","Dominican Republic","1982",80.64,69.72,NA,NA,NA
"dom","Dominican Republic","1983",77.69,69.91,NA,NA,NA
"dom","Dominican Republic","1984",74.89,70.01,NA,NA,NA
"dom","Dominican Republic","1985",72.19,70.24,NA,NA,NA
"dom","Dominican Republic","1986",69.56,70.71,NA,NA,NA
"dom","Dominican Republic","1987",67.02,70.73,NA,NA,NA
"dom","Dominican Republic","1988",64.49,71.06,NA,NA,NA
"dom","Dominican Republic","1989",62,71.59,NA,NA,NA
"dom","Dominican Republic","1990",59.55,71.97,NA,NA,NA
"dom","Dominican Republic","1991",57.13,72.48,NA,NA,NA
"dom","Dominican Republic","1992",54.74,73.01,NA,NA,NA
"dom","Dominican Republic","1993",52.38,73.19,NA,NA,NA
"dom","Dominican Republic","1994",50.14,73.6,NA,NA,NA
"dom","Dominican Republic","1995",47.99,73.71,NA,NA,NA
"dom","Dominican Republic","1996",46.01,73.45,NA,NA,NA
"dom","Dominican Republic","1997",44.19,73.35,NA,NA,NA
"dom","Dominican Republic","1998",42.61,73.23,NA,NA,NA
"dom","Dominican Republic","1999",41.19,73.41,NA,NA,NA
"dom","Dominican Republic","2000",39.98,73.66,NA,NA,NA
"dom","Dominican Republic","2001",38.97,73.79,NA,NA,NA
"dom","Dominican Republic","2002",38.15,73.9,NA,NA,NA
"dom","Dominican Republic","2003",37.44,73.46,NA,NA,NA
"dom","Dominican Republic","2004",36.86,72.58,NA,NA,NA
"dom","Dominican Republic","2005",36.39,72.56,NA,NA,NA
"dom","Dominican Republic","2006",36.02,72.68,NA,NA,NA
"dom","Dominican Republic","2007",35.7,72.87,NA,NA,NA
"dom","Dominican Republic","2008",35.46,73.28,NA,NA,NA
"dom","Dominican Republic","2009",35.28,73.39,NA,NA,NA
"dom","Dominican Republic","2010",35.14,73.5,NA,NA,NA
"dom","Dominican Republic","2011",35.03,73.42,NA,NA,NA
"dom","Dominican Republic","2012",34.97,72.87,NA,NA,NA
"dom","Dominican Republic","2013",34.97,72.32,NA,NA,NA
"dom","Dominican Republic","2014",34.99,72.17,NA,NA,NA
"dom","Dominican Republic","2015",35,72,NA,NA,NA
"dom","Dominican Republic","2016",35.03,72.1,NA,NA,NA
"dom","Dominican Republic","2017",34.93,72.49,NA,NA,NA
"dom","Dominican Republic","2018",34.76,72.86,NA,NA,NA
"dom","Dominican Republic","2019",34.35,73.19,NA,NA,NA
"dom","Dominican Republic","2020",33.74,72.5,NA,NA,NA
"dom","Dominican Republic","2021",33,72.23,NA,NA,NA
"dom","Dominican Republic","2022",30.2,73.78,NA,NA,NA
"dom","Dominican Republic","2023",29.3,73.97,NA,NA,NA
"dom","Dominican Republic","2024",28.41,74.15,NA,NA,NA
"dom","Dominican Republic","2025",27.56,74.35,NA,NA,NA
"dza","Algeria","1915",446.71,34.04,NA,NA,NA
"dza","Algeria","1916",445.63,33.68,NA,NA,NA
"dza","Algeria","1917",444.55,33.76,NA,NA,NA
"dza","Algeria","1918",443.47,26.39,NA,NA,NA
"dza","Algeria","1919",442.39,33.92,NA,NA,NA
"dza","Algeria","1920",441.31,33.06,NA,NA,NA
"dza","Algeria","1921",440.23,33.14,NA,NA,NA
"dza","Algeria","1922",439.15,32.88,NA,NA,NA
"dza","Algeria","1923",438.07,35.86,NA,NA,NA
"dza","Algeria","1924",433.04,37.59,NA,NA,NA
"dza","Algeria","1925",429.39,38.49,NA,NA,NA
"dza","Algeria","1926",425.75,37.76,NA,NA,NA
"dza","Algeria","1927",420.84,32.38,NA,NA,NA
"dza","Algeria","1928",417.23,36.5,NA,NA,NA
"dza","Algeria","1929",412.44,36.79,NA,NA,NA
"dza","Algeria","1930",408.92,38.33,NA,NA,NA
"dza","Algeria","1931",403.48,36,NA,NA,NA
"dza","Algeria","1932",396.87,37.6,NA,NA,NA
"dza","Algeria","1933",391.59,39.07,NA,NA,NA
"dza","Algeria","1934",385.18,38.44,NA,NA,NA
"dza","Algeria","1935",378.83,40.6,NA,NA,NA
"dza","Algeria","1936",371.41,42.07,NA,NA,NA
"dza","Algeria","1937",365.26,39.94,NA,NA,NA
"dza","Algeria","1938",359.17,39.25,NA,NA,NA
"dza","Algeria","1939",353.18,41.93,NA,NA,NA
"dza","Algeria","1940",347.27,42.48,NA,NA,NA
"dza","Algeria","1941",341.43,40.61,NA,NA,NA
"dza","Algeria","1942",338.84,39.99,NA,NA,NA
"dza","Algeria","1943",336.27,34.73,NA,NA,NA
"dza","Algeria","1944",333.71,41.14,NA,NA,NA
"dza","Algeria","1945",320.22,38.66,NA,NA,NA
"dza","Algeria","1946",307.27,41.39,NA,NA,NA
"dza","Algeria","1947",294.83,45.41,NA,NA,NA
"dza","Algeria","1948",282.89,49.19,NA,NA,NA
"dza","Algeria","1949",271.43,52.14,NA,NA,NA
"dza","Algeria","1950",260.42,55.12,NA,NA,NA
"dza","Algeria","1951",258.15,55.6,NA,NA,NA
"dza","Algeria","1952",253.79,56.05,NA,NA,NA
"dza","Algeria","1953",249.39,56.38,NA,NA,NA
"dza","Algeria","1954",245.6,52.44,NA,NA,NA
"dza","Algeria","1955",244.37,53.07,NA,NA,NA
"dza","Algeria","1956",243.6,53.45,NA,NA,NA
"dza","Algeria","1957",242.84,53.01,NA,NA,NA
"dza","Algeria","1958",242.15,52.8,NA,NA,NA
"dza","Algeria","1959",241.43,52.6,NA,NA,NA
"dza","Algeria","1960",241.06,52.38,NA,NA,NA
"dza","Algeria","1961",241.17,51.51,NA,NA,NA
"dza","Algeria","1962",241.67,51.53,NA,NA,NA
"dza","Algeria","1963",242.55,55.8,NA,NA,NA
"dza","Algeria","1964",243.48,56.7,NA,NA,NA
"dza","Algeria","1965",244.51,56.8,NA,NA,NA
"dza","Algeria","1966",245.19,56.21,NA,NA,NA
"dza","Algeria","1967",245.24,56.13,NA,NA,NA
"dza","Algeria","1968",244.18,56.07,NA,NA,NA
"dza","Algeria","1969",242.02,56.14,NA,NA,NA
"dza","Algeria","1970",238.53,56.23,NA,NA,NA
"dza","Algeria","1971",233.62,56.18,NA,NA,NA
"dza","Algeria","1972",227.51,56.31,NA,NA,NA
"dza","Algeria","1973",220.17,56.45,NA,NA,NA
"dza","Algeria","1974",212.1,56.68,NA,NA,NA
"dza","Algeria","1975",203.15,56.87,NA,NA,NA
"dza","Algeria","1976",193.78,57.09,NA,NA,NA
"dza","Algeria","1977",184.04,57.75,NA,NA,NA
"dza","Algeria","1978",173.83,58.2,NA,NA,NA
"dza","Algeria","1979",162.77,58.77,NA,NA,NA
"dza","Algeria","1980",150.02,58.73,NA,NA,NA
"dza","Algeria","1981",135.28,59.87,NA,NA,NA
"dza","Algeria","1982",119.17,60.84,NA,NA,NA
"dza","Algeria","1983",102.75,62.26,NA,NA,NA
"dza","Algeria","1984",87.33,63.27,NA,NA,NA
"dza","Algeria","1985",74.51,64.7,NA,NA,NA
"dza","Algeria","1986",65.01,65.5,NA,NA,NA
"dza","Algeria","1987",58.36,66.03,NA,NA,NA
"dza","Algeria","1988",53.86,66.57,NA,NA,NA
"dza","Algeria","1989",50.98,67.07,NA,NA,NA
"dza","Algeria","1990",49.08,67.48,NA,NA,NA
"dza","Algeria","1991",47.71,67.93,NA,NA,NA
"dza","Algeria","1992",46.59,68.28,NA,NA,NA
"dza","Algeria","1993",45.54,68.59,NA,NA,NA
"dza","Algeria","1994",44.4,68.73,NA,NA,NA
"dza","Algeria","1995",43.3,69.04,NA,NA,NA
"dza","Algeria","1996",42.29,69.61,NA,NA,NA
"dza","Algeria","1997",41.4,69.66,NA,NA,NA
"dza","Algeria","1998",40.74,70.19,NA,NA,NA
"dza","Algeria","1999",40.24,70.71,NA,NA,NA
"dza","Algeria","2000",39.7,70.96,NA,NA,NA
"dza","Algeria","2001",38.91,71.35,NA,NA,NA
"dza","Algeria","2002",37.83,71.76,NA,NA,NA
"dza","Algeria","2003",36.51,72,NA,NA,NA
"dza","Algeria","2004",35.06,72.57,NA,NA,NA
"dza","Algeria","2005",33.56,72.94,NA,NA,NA
"dza","Algeria","2006",32.11,73.26,NA,NA,NA
"dza","Algeria","2007",30.75,73.56,NA,NA,NA
"dza","Algeria","2008",29.49,73.88,NA,NA,NA
"dza","Algeria","2009",28.38,74.16,NA,NA,NA
"dza","Algeria","2010",27.43,74.48,NA,NA,NA
"dza","Algeria","2011",26.7,74.69,NA,NA,NA
"dza","Algeria","2012",26.17,74.93,NA,NA,NA
"dza","Algeria","2013",25.78,75.12,NA,NA,NA
"dza","Algeria","2014",25.47,75.27,NA,NA,NA
"dza","Algeria","2015",25.17,75.44,NA,NA,NA
"dza","Algeria","2016",24.78,75.71,NA,NA,NA
"dza","Algeria","2017",24.31,75.92,NA,NA,NA
"dza","Algeria","2018",23.8,76.02,NA,NA,NA
"dza","Algeria","2019",23.26,76.2,NA,NA,NA
"dza","Algeria","2020",22.69,74.19,NA,NA,NA
"dza","Algeria","2021",22.11,76.1,NA,NA,NA
"dza","Algeria","2022",19.85,76.85,NA,NA,NA
"dza","Algeria","2023",19.1,77.06,NA,NA,NA
"dza","Algeria","2024",18.37,77.27,NA,NA,NA
"dza","Algeria","2025",17.7,77.47,NA,NA,NA
"ecu","Ecuador","1915",394.06,34.03,NA,NA,NA
"ecu","Ecuador","1916",393.1,34.05,NA,NA,NA
"ecu","Ecuador","1917",392.15,34.07,NA,NA,NA
"ecu","Ecuador","1918",391.2,30.13,NA,NA,NA
"ecu","Ecuador","1919",390.25,34.1,NA,NA,NA
"ecu","Ecuador","1920",389.29,34.12,NA,NA,NA
"ecu","Ecuador","1921",388.34,34.13,NA,NA,NA
"ecu","Ecuador","1922",387.39,34.15,NA,NA,NA
"ecu","Ecuador","1923",386.43,34.17,NA,NA,NA
"ecu","Ecuador","1924",385.48,34.19,NA,NA,NA
"ecu","Ecuador","1925",384.53,34.2,NA,NA,NA
"ecu","Ecuador","1926",383.58,34.22,NA,NA,NA
"ecu","Ecuador","1927",382.62,34.24,NA,NA,NA
"ecu","Ecuador","1928",381.67,34.26,NA,NA,NA
"ecu","Ecuador","1929",380.72,34.27,NA,NA,NA
"ecu","Ecuador","1930",379.77,34.29,NA,NA,NA
"ecu","Ecuador","1931",375.47,34.31,NA,NA,NA
"ecu","Ecuador","1932",371.2,34.33,NA,NA,NA
"ecu","Ecuador","1933",366.95,34.34,NA,NA,NA
"ecu","Ecuador","1934",362.71,34.36,NA,NA,NA
"ecu","Ecuador","1935",358.48,34.38,NA,NA,NA
"ecu","Ecuador","1936",354.28,34.4,NA,NA,NA
"ecu","Ecuador","1937",350.09,34.41,NA,NA,NA
"ecu","Ecuador","1938",345.92,34.43,NA,NA,NA
"ecu","Ecuador","1939",341.76,34.45,NA,NA,NA
"ecu","Ecuador","1940",324.16,35.84,NA,NA,NA
"ecu","Ecuador","1941",307.24,37.27,NA,NA,NA
"ecu","Ecuador","1942",290.98,38.7,NA,NA,NA
"ecu","Ecuador","1943",275.37,40.15,NA,NA,NA
"ecu","Ecuador","1944",260.37,41.6,NA,NA,NA
"ecu","Ecuador","1945",245.94,43.04,NA,NA,NA
"ecu","Ecuador","1946",235.79,44.48,NA,NA,NA
"ecu","Ecuador","1947",226.04,45.93,NA,NA,NA
"ecu","Ecuador","1948",216.66,47.37,NA,NA,NA
"ecu","Ecuador","1949",207.65,48.82,NA,NA,NA
"ecu","Ecuador","1950",199,50.27,NA,NA,NA
"ecu","Ecuador","1951",197.57,50.89,NA,NA,NA
"ecu","Ecuador","1952",195.04,51.57,NA,NA,NA
"ecu","Ecuador","1953",192.57,52.27,NA,NA,NA
"ecu","Ecuador","1954",189.47,53.38,NA,NA,NA
"ecu","Ecuador","1955",188.4,53.94,NA,NA,NA
"ecu","Ecuador","1956",173.92,54.45,NA,NA,NA
"ecu","Ecuador","1957",179.31,54.74,NA,NA,NA
"ecu","Ecuador","1958",189.77,54.92,NA,NA,NA
"ecu","Ecuador","1959",187.17,55.9,NA,NA,NA
"ecu","Ecuador","1960",185.67,56.1,NA,NA,NA
"ecu","Ecuador","1961",169.78,57.16,NA,NA,NA
"ecu","Ecuador","1962",165,57.71,NA,NA,NA
"ecu","Ecuador","1963",160.53,58.17,NA,NA,NA
"ecu","Ecuador","1964",156.14,59.34,NA,NA,NA
"ecu","Ecuador","1965",152.16,59.75,NA,NA,NA
"ecu","Ecuador","1966",148.65,60.03,NA,NA,NA
"ecu","Ecuador","1967",145.61,60.44,NA,NA,NA
"ecu","Ecuador","1968",142.76,60.91,NA,NA,NA
"ecu","Ecuador","1969",140.06,60.76,NA,NA,NA
"ecu","Ecuador","1970",137.09,61.35,NA,NA,NA
"ecu","Ecuador","1971",133.83,61.95,NA,NA,NA
"ecu","Ecuador","1972",129.91,62.16,NA,NA,NA
"ecu","Ecuador","1973",125.44,62.53,NA,NA,NA
"ecu","Ecuador","1974",120.35,63.21,NA,NA,NA
"ecu","Ecuador","1975",115.01,64.09,NA,NA,NA
"ecu","Ecuador","1976",109.86,64.8,NA,NA,NA
"ecu","Ecuador","1977",104.99,65.71,NA,NA,NA
"ecu","Ecuador","1978",100.35,66,NA,NA,NA
"ecu","Ecuador","1979",95.9,66.73,NA,NA,NA
"ecu","Ecuador","1980",91.4,67.01,NA,NA,NA
"ecu","Ecuador","1981",86.96,67.88,NA,NA,NA
"ecu","Ecuador","1982",82.38,68.4,NA,NA,NA
"ecu","Ecuador","1983",77.94,68.26,NA,NA,NA
"ecu","Ecuador","1984",73.63,69.12,NA,NA,NA
"ecu","Ecuador","1985",69.55,69.88,NA,NA,NA
"ecu","Ecuador","1986",65.77,70.39,NA,NA,NA
"ecu","Ecuador","1987",62.5,69.1,NA,NA,NA
"ecu","Ecuador","1988",59.49,70.8,NA,NA,NA
"ecu","Ecuador","1989",56.72,71.52,NA,NA,NA
"ecu","Ecuador","1990",54.05,71.95,NA,NA,NA
"ecu","Ecuador","1991",51.42,71.55,NA,NA,NA
"ecu","Ecuador","1992",48.81,72.07,NA,NA,NA
"ecu","Ecuador","1993",46.12,72.54,NA,NA,NA
"ecu","Ecuador","1994",43.45,73.17,NA,NA,NA
"ecu","Ecuador","1995",40.76,73.63,NA,NA,NA
"ecu","Ecuador","1996",38.15,73.53,NA,NA,NA
"ecu","Ecuador","1997",35.65,74.21,NA,NA,NA
"ecu","Ecuador","1998",33.39,74.07,NA,NA,NA
"ecu","Ecuador","1999",31.34,74.2,NA,NA,NA
"ecu","Ecuador","2000",29.53,74.46,NA,NA,NA
"ecu","Ecuador","2001",27.98,74.96,NA,NA,NA
"ecu","Ecuador","2002",26.63,74.13,NA,NA,NA
"ecu","Ecuador","2003",25.43,73.91,NA,NA,NA
"ecu","Ecuador","2004",24.4,73.89,NA,NA,NA
"ecu","Ecuador","2005",23.45,73.61,NA,NA,NA
"ecu","Ecuador","2006",22.56,73.6,NA,NA,NA
"ecu","Ecuador","2007",21.67,73.72,NA,NA,NA
"ecu","Ecuador","2008",20.78,73.81,NA,NA,NA
"ecu","Ecuador","2009",19.87,74.11,NA,NA,NA
"ecu","Ecuador","2010",18.98,74.27,NA,NA,NA
"ecu","Ecuador","2011",18.13,74.87,NA,NA,NA
"ecu","Ecuador","2012",17.34,74.94,NA,NA,NA
"ecu","Ecuador","2013",16.61,75.23,NA,NA,NA
"ecu","Ecuador","2014",15.95,75.56,NA,NA,NA
"ecu","Ecuador","2015",15.37,75.88,NA,NA,NA
"ecu","Ecuador","2016",14.84,75.86,NA,NA,NA
"ecu","Ecuador","2017",14.36,76.02,NA,NA,NA
"ecu","Ecuador","2018",13.9,76.19,NA,NA,NA
"ecu","Ecuador","2019",13.43,76.38,NA,NA,NA
"ecu","Ecuador","2020",12.93,71.29,NA,NA,NA
"ecu","Ecuador","2021",12.44,72.79,NA,NA,NA
"ecu","Ecuador","2022",12.65,76.97,NA,NA,NA
"ecu","Ecuador","2023",12.31,77.15,NA,NA,NA
"ecu","Ecuador","2024",11.95,77.33,NA,NA,NA
"ecu","Ecuador","2025",11.63,77.51,NA,NA,NA
"egy","Egypt","1915",392.82,34.48,NA,NA,NA
"egy","Egypt","1916",391.87,34.5,NA,NA,NA
"egy","Egypt","1917",390.92,34.53,NA,NA,NA
"egy","Egypt","1918",389.97,26.44,NA,NA,NA
"egy","Egypt","1919",389.02,34.57,NA,NA,NA
"egy","Egypt","1920",388.07,34.59,NA,NA,NA
"egy","Egypt","1921",387.12,34.62,NA,NA,NA
"egy","Egypt","1922",386.17,34.64,NA,NA,NA
"egy","Egypt","1923",385.22,34.66,NA,NA,NA
"egy","Egypt","1924",384.27,34.69,NA,NA,NA
"egy","Egypt","1925",383.32,34.71,NA,NA,NA
"egy","Egypt","1926",382.37,34.73,NA,NA,NA
"egy","Egypt","1927",381.42,34.75,NA,NA,NA
"egy","Egypt","1928",408.46,32.35,NA,NA,NA
"egy","Egypt","1929",408.69,32.27,NA,NA,NA
"egy","Egypt","1930",350.99,37.35,NA,NA,NA
"egy","Egypt","1931",383.57,34.32,NA,NA,NA
"egy","Egypt","1932",400.66,32.75,NA,NA,NA
"egy","Egypt","1933",384.01,34.15,NA,NA,NA
"egy","Egypt","1934",392.61,33.33,NA,NA,NA
"egy","Egypt","1935",371.52,35.15,NA,NA,NA
"egy","Egypt","1936",393.02,33.16,NA,NA,NA
"egy","Egypt","1937",354.84,36.57,NA,NA,NA
"egy","Egypt","1938",350.58,36.91,NA,NA,NA
"egy","Egypt","1939",336.49,38.21,NA,NA,NA
"egy","Egypt","1940",353.24,36.54,NA,NA,NA
"egy","Egypt","1941",338.04,37.95,NA,NA,NA
"egy","Egypt","1942",396.61,32.46,NA,NA,NA
"egy","Egypt","1943",404.08,31.76,NA,NA,NA
"egy","Egypt","1944",360.77,35.62,NA,NA,NA
"egy","Egypt","1945",372.36,34.48,NA,NA,NA
"egy","Egypt","1946",370.27,36.75,NA,NA,NA
"egy","Egypt","1947",368.2,38.6,NA,NA,NA
"egy","Egypt","1948",366.13,38.76,NA,NA,NA
"egy","Egypt","1949",364.08,39.33,NA,NA,NA
"egy","Egypt","1950",362.04,41.25,NA,NA,NA
"egy","Egypt","1951",360.01,41.53,NA,NA,NA
"egy","Egypt","1952",357.99,43.7,NA,NA,NA
"egy","Egypt","1953",355.98,43.7,NA,NA,NA
"egy","Egypt","1954",308.27,44.11,NA,NA,NA
"egy","Egypt","1955",383.84,43.8,NA,NA,NA
"egy","Egypt","1956",315.64,44.63,NA,NA,NA
"egy","Egypt","1957",355.59,44.68,NA,NA,NA
"egy","Egypt","1958",333.47,44.87,NA,NA,NA
"egy","Egypt","1959",325.2,46.43,NA,NA,NA
"egy","Egypt","1960",313.75,46.87,NA,NA,NA
"egy","Egypt","1961",285.23,47.71,NA,NA,NA
"egy","Egypt","1962",314.65,47.71,NA,NA,NA
"egy","Egypt","1963",266.74,48.97,NA,NA,NA
"egy","Egypt","1964",193.52,49.67,NA,NA,NA
"egy","Egypt","1965",224.28,50.67,NA,NA,NA
"egy","Egypt","1966",256.42,50.39,NA,NA,NA
"egy","Egypt","1967",219.99,50.86,NA,NA,NA
"egy","Egypt","1968",253.82,50.85,NA,NA,NA
"egy","Egypt","1969",249.98,50.82,NA,NA,NA
"egy","Egypt","1970",209.91,51.25,NA,NA,NA
"egy","Egypt","1971",171.1,52.54,NA,NA,NA
"egy","Egypt","1972",189.44,52.63,NA,NA,NA
"egy","Egypt","1973",167.53,52.58,NA,NA,NA
"egy","Egypt","1974",167.68,53.85,NA,NA,NA
"egy","Egypt","1975",154.56,54.43,NA,NA,NA
"egy","Egypt","1976",154.74,55.01,NA,NA,NA
"egy","Egypt","1977",159.06,55.78,NA,NA,NA
"egy","Egypt","1978",130.38,56.66,NA,NA,NA
"egy","Egypt","1979",152.87,57.84,NA,NA,NA
"egy","Egypt","1980",165.96,58.48,NA,NA,NA
"egy","Egypt","1981",119.95,58.6,NA,NA,NA
"egy","Egypt","1982",148.92,59.09,NA,NA,NA
"egy","Egypt","1983",94.57,59.76,NA,NA,NA
"egy","Egypt","1984",99.73,60.51,NA,NA,NA
"egy","Egypt","1985",85.92,60.12,NA,NA,NA
"egy","Egypt","1986",74.72,60.65,NA,NA,NA
"egy","Egypt","1987",77.22,61.4,NA,NA,NA
"egy","Egypt","1988",68.2,62.69,NA,NA,NA
"egy","Egypt","1989",61.99,63.15,NA,NA,NA
"egy","Egypt","1990",55.24,63.92,NA,NA,NA
"egy","Egypt","1991",49.37,64.54,NA,NA,NA
"egy","Egypt","1992",46.08,65.21,NA,NA,NA
"egy","Egypt","1993",42.35,65.44,NA,NA,NA
"egy","Egypt","1994",41.23,65.74,NA,NA,NA
"egy","Egypt","1995",39.93,66.38,NA,NA,NA
"egy","Egypt","1996",38.8,66.92,NA,NA,NA
"egy","Egypt","1997",38.83,67.18,NA,NA,NA
"egy","Egypt","1998",37.63,67.55,NA,NA,NA
"egy","Egypt","1999",35.41,67.87,NA,NA,NA
"egy","Egypt","2000",31.85,68.54,NA,NA,NA
"egy","Egypt","2001",33.55,68.35,NA,NA,NA
"egy","Egypt","2002",31.53,68.29,NA,NA,NA
"egy","Egypt","2003",30.98,68.22,NA,NA,NA
"egy","Egypt","2004",29.28,68.48,NA,NA,NA
"egy","Egypt","2005",26.81,68.78,NA,NA,NA
"egy","Egypt","2006",25.27,68.9,NA,NA,NA
"egy","Egypt","2007",27.22,69.22,NA,NA,NA
"egy","Egypt","2008",26.8,69.29,NA,NA,NA
"egy","Egypt","2009",25.06,69.27,NA,NA,NA
"egy","Egypt","2010",25.7,69.44,NA,NA,NA
"egy","Egypt","2011",23.72,69.62,NA,NA,NA
"egy","Egypt","2012",25.89,69.68,NA,NA,NA
"egy","Egypt","2013",23.66,70.08,NA,NA,NA
"egy","Egypt","2014",23.68,70.26,NA,NA,NA
"egy","Egypt","2015",24.59,69.92,NA,NA,NA
"egy","Egypt","2016",22.44,70.21,NA,NA,NA
"egy","Egypt","2017",18.91,70.52,NA,NA,NA
"egy","Egypt","2018",17.72,70.74,NA,NA,NA
"egy","Egypt","2019",19.08,70.97,NA,NA,NA
"egy","Egypt","2020",18.43,70.6,NA,NA,NA
"egy","Egypt","2021",17.82,69.84,NA,NA,NA
"egy","Egypt","2022",17.92,69.78,NA,NA,NA
"egy","Egypt","2023",18.03,70.42,NA,NA,NA
"egy","Egypt","2024",15.24,71.81,NA,NA,NA
"egy","Egypt","2025",14.59,71.97,NA,NA,NA
"eri","Eritrea","1915",428.18,32.1,NA,NA,NA
"eri","Eritrea","1916",427.15,32.12,NA,NA,NA
"eri","Eritrea","1917",426.11,32.15,NA,NA,NA
"eri","Eritrea","1918",425.08,12.45,NA,NA,NA
"eri","Eritrea","1919",424.04,32.21,NA,NA,NA
"eri","Eritrea","1920",423.01,32.24,NA,NA,NA
"eri","Eritrea","1921",421.97,32.27,NA,NA,NA
"eri","Eritrea","1922",420.94,32.3,NA,NA,NA
"eri","Eritrea","1923",419.9,32.33,NA,NA,NA
"eri","Eritrea","1924",418.87,32.36,NA,NA,NA
"eri","Eritrea","1925",417.83,32.39,NA,NA,NA
"eri","Eritrea","1926",416.8,32.42,NA,NA,NA
"eri","Eritrea","1927",415.76,32.45,NA,NA,NA
"eri","Eritrea","1928",414.73,32.47,NA,NA,NA
"eri","Eritrea","1929",413.69,32.5,NA,NA,NA
"eri","Eritrea","1930",412.66,32.53,NA,NA,NA
"eri","Eritrea","1931",412.69,32.56,NA,NA,NA
"eri","Eritrea","1932",412.73,32.59,NA,NA,NA
"eri","Eritrea","1933",412.75,32.62,NA,NA,NA
"eri","Eritrea","1934",412.78,32.65,NA,NA,NA
"eri","Eritrea","1935",412.79,32.68,NA,NA,NA
"eri","Eritrea","1936",412.81,32.71,NA,NA,NA
"eri","Eritrea","1937",412.81,32.74,NA,NA,NA
"eri","Eritrea","1938",412.81,32.77,NA,NA,NA
"eri","Eritrea","1939",412.8,32.8,NA,NA,NA
"eri","Eritrea","1940",412.8,32.82,NA,NA,NA
"eri","Eritrea","1941",412.77,32.94,NA,NA,NA
"eri","Eritrea","1942",412.76,33.07,NA,NA,NA
"eri","Eritrea","1943",412.73,33.18,NA,NA,NA
"eri","Eritrea","1944",412.7,33.3,NA,NA,NA
"eri","Eritrea","1945",412.66,33.43,NA,NA,NA
"eri","Eritrea","1946",398.98,34.69,NA,NA,NA
"eri","Eritrea","1947",386.83,35.96,NA,NA,NA
"eri","Eritrea","1948",373.77,37.24,NA,NA,NA
"eri","Eritrea","1949",362.15,38.52,NA,NA,NA
"eri","Eritrea","1950",349.64,39.79,NA,NA,NA
"eri","Eritrea","1951",347.07,39.95,NA,NA,NA
"eri","Eritrea","1952",342.57,40.11,NA,NA,NA
"eri","Eritrea","1953",337.4,40.33,NA,NA,NA
"eri","Eritrea","1954",331.57,40.57,NA,NA,NA
"eri","Eritrea","1955",325.72,40.81,NA,NA,NA
"eri","Eritrea","1956",319.2,41.06,NA,NA,NA
"eri","Eritrea","1957",312.13,41.31,NA,NA,NA
"eri","Eritrea","1958",304.93,41.54,NA,NA,NA
"eri","Eritrea","1959",297.59,41.8,NA,NA,NA
"eri","Eritrea","1960",290.15,42.12,NA,NA,NA
"eri","Eritrea","1961",283.26,42.42,NA,NA,NA
"eri","Eritrea","1962",276.72,42.7,NA,NA,NA
"eri","Eritrea","1963",270.78,42.98,NA,NA,NA
"eri","Eritrea","1964",265.23,38.57,NA,NA,NA
"eri","Eritrea","1965",260.52,38.94,NA,NA,NA
"eri","Eritrea","1966",256.12,39.33,NA,NA,NA
"eri","Eritrea","1967",252.36,39.71,NA,NA,NA
"eri","Eritrea","1968",247.86,40.09,NA,NA,NA
"eri","Eritrea","1969",243,40.47,NA,NA,NA
"eri","Eritrea","1970",237.96,40.89,NA,NA,NA
"eri","Eritrea","1971",232.64,41.32,NA,NA,NA
"eri","Eritrea","1972",227.38,41.77,NA,NA,NA
"eri","Eritrea","1973",222.23,42.23,NA,NA,NA
"eri","Eritrea","1974",217.29,40.2,NA,NA,NA
"eri","Eritrea","1975",212.41,40.66,NA,NA,NA
"eri","Eritrea","1976",207.84,41.12,NA,NA,NA
"eri","Eritrea","1977",203.64,41.55,NA,NA,NA
"eri","Eritrea","1978",199.72,41.94,NA,NA,NA
"eri","Eritrea","1979",196.32,42.34,NA,NA,NA
"eri","Eritrea","1980",193.37,42.72,NA,NA,NA
"eri","Eritrea","1981",190.47,43.17,NA,NA,NA
"eri","Eritrea","1982",187.62,43.6,NA,NA,NA
"eri","Eritrea","1983",184.72,43.98,NA,NA,NA
"eri","Eritrea","1984",181.53,44.32,NA,NA,NA
"eri","Eritrea","1985",178.11,44.64,NA,NA,NA
"eri","Eritrea","1986",174.3,45.11,NA,NA,NA
"eri","Eritrea","1987",169.99,45.59,NA,NA,NA
"eri","Eritrea","1988",165,46.05,NA,NA,NA
"eri","Eritrea","1989",159.34,46.26,NA,NA,NA
"eri","Eritrea","1990",153.03,46.21,NA,NA,NA
"eri","Eritrea","1991",145.91,47.04,NA,NA,NA
"eri","Eritrea","1992",138.2,52.72,NA,NA,NA
"eri","Eritrea","1993",130.23,53.19,NA,NA,NA
"eri","Eritrea","1994",122.17,53.56,NA,NA,NA
"eri","Eritrea","1995",114.39,53.61,NA,NA,NA
"eri","Eritrea","1996",107.21,54,NA,NA,NA
"eri","Eritrea","1997",100.77,54.48,NA,NA,NA
"eri","Eritrea","1998",94.99,54.48,NA,NA,NA
"eri","Eritrea","1999",89.84,47.25,NA,NA,NA
"eri","Eritrea","2000",85.22,54.83,NA,NA,NA
"eri","Eritrea","2001",81.09,56.08,NA,NA,NA
"eri","Eritrea","2002",77.28,56.57,NA,NA,NA
"eri","Eritrea","2003",73.76,56.96,NA,NA,NA
"eri","Eritrea","2004",70.5,57.35,NA,NA,NA
"eri","Eritrea","2005",67.47,57.7,NA,NA,NA
"eri","Eritrea","2006",64.64,58.25,NA,NA,NA
"eri","Eritrea","2007",61.93,58.74,NA,NA,NA
"eri","Eritrea","2008",59.4,59.07,NA,NA,NA
"eri","Eritrea","2009",57.12,59.56,NA,NA,NA
"eri","Eritrea","2010",55.05,59.95,NA,NA,NA
"eri","Eritrea","2011",53.11,60.38,NA,NA,NA
"eri","Eritrea","2012",51.23,60.86,NA,NA,NA
"eri","Eritrea","2013",49.5,61.3,NA,NA,NA
"eri","Eritrea","2014",47.89,61.76,NA,NA,NA
"eri","Eritrea","2015",46.33,62.2,NA,NA,NA
"eri","Eritrea","2016",44.8,62.59,NA,NA,NA
"eri","Eritrea","2017",43.31,63.01,NA,NA,NA
"eri","Eritrea","2018",41.91,63.42,NA,NA,NA
"eri","Eritrea","2019",40.59,63.8,NA,NA,NA
"eri","Eritrea","2020",39.27,63.64,NA,NA,NA
"eri","Eritrea","2021",37.95,63.08,NA,NA,NA
"eri","Eritrea","2022",37.63,63.14,NA,NA,NA
"eri","Eritrea","2023",37.02,63.82,NA,NA,NA
"eri","Eritrea","2024",33.13,65.16,NA,NA,NA
"eri","Eritrea","2025",31.81,65.42,NA,NA,NA
"esp","Spain","1915",269.71,43.03,NA,NA,NA
"esp","Spain","1916",255.2,43.96,NA,NA,NA
"esp","Spain","1917",267.49,42.61,NA,NA,NA
"esp","Spain","1918",345,30.27,NA,NA,NA
"esp","Spain","1919",271.69,41.1,NA,NA,NA
"esp","Spain","1920",314.25,39.29,NA,NA,NA
"esp","Spain","1921",290.02,42.01,NA,NA,NA
"esp","Spain","1922",257.6,44.19,NA,NA,NA
"esp","Spain","1923",253.16,44.72,NA,NA,NA
"esp","Spain","1924",234.26,46.27,NA,NA,NA
"esp","Spain","1925",227.18,46.92,NA,NA,NA
"esp","Spain","1926",217.8,47.73,NA,NA,NA
"esp","Spain","1927",204.21,48.46,NA,NA,NA
"esp","Spain","1928",214.67,48.64,NA,NA,NA
"esp","Spain","1929",201.88,49.46,NA,NA,NA
"esp","Spain","1930",215.71,49.31,NA,NA,NA
"esp","Spain","1931",206.54,49.22,NA,NA,NA
"esp","Spain","1932",189.07,51.17,NA,NA,NA
"esp","Spain","1933",180.75,51.57,NA,NA,NA
"esp","Spain","1934",174.73,52.21,NA,NA,NA
"esp","Spain","1935",169.31,52.69,NA,NA,NA
"esp","Spain","1936",165.7,50.87,NA,NA,NA
"esp","Spain","1937",194.97,47.19,NA,NA,NA
"esp","Spain","1938",178.56,47.5,NA,NA,NA
"esp","Spain","1939",186.83,47.06,NA,NA,NA
"esp","Spain","1940",201.05,48.36,NA,NA,NA
"esp","Spain","1941",198.13,47.13,NA,NA,NA
"esp","Spain","1942",157.16,52.44,NA,NA,NA
"esp","Spain","1943",149.01,54.8,NA,NA,NA
"esp","Spain","1944",129.94,56.2,NA,NA,NA
"esp","Spain","1945",120.66,57.79,NA,NA,NA
"esp","Spain","1946",115.83,57.52,NA,NA,NA
"esp","Spain","1947",101.69,59.28,NA,NA,NA
"esp","Spain","1948",92.99,61.21,NA,NA,NA
"esp","Spain","1949",92.68,60.95,NA,NA,NA
"esp","Spain","1950",107.81,61.8,NA,NA,NA
"esp","Spain","1951",92.41,62.2,NA,NA,NA
"esp","Spain","1952",80.16,64.55,NA,NA,NA
"esp","Spain","1953",74.84,65.74,NA,NA,NA
"esp","Spain","1954",69.61,66.68,NA,NA,NA
"esp","Spain","1955",71.26,66.66,NA,NA,NA
"esp","Spain","1956",64.1,66.89,NA,NA,NA
"esp","Spain","1957",64.54,67,NA,NA,NA
"esp","Spain","1958",57.89,68.49,NA,NA,NA
"esp","Spain","1959",57.9,68.81,NA,NA,NA
"esp","Spain","1960",54.74,69.45,NA,NA,NA
"esp","Spain","1961",54.13,69.69,NA,NA,NA
"esp","Spain","1962",48.4,69.78,NA,NA,NA
"esp","Spain","1963",46.08,70,NA,NA,NA
"esp","Spain","1964",43.82,70.49,NA,NA,NA
"esp","Spain","1965",42.7,70.94,NA,NA,NA
"esp","Spain","1966",40.5,71.22,NA,NA,NA
"esp","Spain","1967",38.04,71.43,NA,NA,NA
"esp","Spain","1968",36.18,71.61,NA,NA,NA
"esp","Spain","1969",34.54,71.51,NA,NA,NA
"esp","Spain","1970",31.82,72.02,NA,NA,NA
"esp","Spain","1971",29.85,72.1,NA,NA,NA
"esp","Spain","1972",26.31,72.81,NA,NA,NA
"esp","Spain","1973",24.87,72.92,NA,NA,NA
"esp","Spain","1974",23.43,73.26,NA,NA,NA
"esp","Spain","1975",21.96,73.59,NA,NA,NA
"esp","Spain","1976",19.93,73.96,NA,NA,NA
"esp","Spain","1977",18.57,74.32,NA,NA,NA
"esp","Spain","1978",17.91,74.6,NA,NA,NA
"esp","Spain","1979",16.55,75.05,NA,NA,NA
"esp","Spain","1980",14.23,75.51,NA,NA,NA
"esp","Spain","1981",13.88,75.79,NA,NA,NA
"esp","Spain","1982",12.4,76.17,NA,NA,NA
"esp","Spain","1983",12.94,76.19,NA,NA,NA
"esp","Spain","1984",11.79,76.37,NA,NA,NA
"esp","Spain","1985",10.43,76.45,NA,NA,NA
"esp","Spain","1986",10.99,76.64,NA,NA,NA
"esp","Spain","1987",10.51,76.8,NA,NA,NA
"esp","Spain","1988",9.82,76.86,NA,NA,NA
"esp","Spain","1989",9.52,76.89,NA,NA,NA
"esp","Spain","1990",9.19,76.96,NA,NA,NA
"esp","Spain","1991",8.44,77.12,NA,NA,NA
"esp","Spain","1992",8.68,77.45,NA,NA,NA
"esp","Spain","1993",8.17,77.7,NA,NA,NA
"esp","Spain","1994",7.34,77.95,NA,NA,NA
"esp","Spain","1995",6.59,78.09,NA,NA,NA
"esp","Spain","1996",6.61,78.28,NA,NA,NA
"esp","Spain","1997",6.07,78.77,NA,NA,NA
"esp","Spain","1998",5.71,78.97,NA,NA,NA
"esp","Spain","1999",5.66,79.07,NA,NA,NA
"esp","Spain","2000",5.53,79.47,NA,NA,NA
"esp","Spain","2001",5.07,79.77,NA,NA,NA
"esp","Spain","2002",5.19,79.92,NA,NA,NA
"esp","Spain","2003",5.1,80.01,NA,NA,NA
"esp","Spain","2004",4.94,80.33,NA,NA,NA
"esp","Spain","2005",4.73,80.58,NA,NA,NA
"esp","Spain","2006",4.46,80.96,NA,NA,NA
"esp","Spain","2007",4.39,81.15,NA,NA,NA
"esp","Spain","2008",4.24,81.4,NA,NA,NA
"esp","Spain","2009",4,81.76,NA,NA,NA
"esp","Spain","2010",3.78,82.08,NA,NA,NA
"esp","Spain","2011",3.74,82.25,NA,NA,NA
"esp","Spain","2012",3.65,82.41,NA,NA,NA
"esp","Spain","2013",3.28,82.71,NA,NA,NA
"esp","Spain","2014",3.49,82.83,NA,NA,NA
"esp","Spain","2015",3.21,82.78,NA,NA,NA
"esp","Spain","2016",3.25,82.97,NA,NA,NA
"esp","Spain","2017",3.27,83.04,NA,NA,NA
"esp","Spain","2018",3.27,83.07,NA,NA,NA
"esp","Spain","2019",3.28,83.09,NA,NA,NA
"esp","Spain","2020",3.09,81.85,NA,NA,NA
"esp","Spain","2021",3.14,82.57,NA,NA,NA
"esp","Spain","2022",2.77,83.47,NA,NA,NA
"esp","Spain","2023",2.69,83.61,NA,NA,NA
"esp","Spain","2024",2.61,83.74,NA,NA,NA
"esp","Spain","2025",2.54,83.87,NA,NA,NA
"est","Estonia","1915",224.48,48.48,NA,NA,NA
"est","Estonia","1916",220.35,48.32,NA,NA,NA
"est","Estonia","1917",217.14,40.41,NA,NA,NA
"est","Estonia","1918",213.06,38.27,NA,NA,NA
"est","Estonia","1919",209.05,41.3,NA,NA,NA
"est","Estonia","1920",205.06,50.82,NA,NA,NA
"est","Estonia","1921",201.13,57.73,NA,NA,NA
"est","Estonia","1922",197.23,56.82,NA,NA,NA
"est","Estonia","1923",193.36,58.66,NA,NA,NA
"est","Estonia","1924",190.38,59.67,NA,NA,NA
"est","Estonia","1925",186.57,60.59,NA,NA,NA
"est","Estonia","1926",183.63,57.98,NA,NA,NA
"est","Estonia","1927",179.92,55.36,NA,NA,NA
"est","Estonia","1928",177.04,58.71,NA,NA,NA
"est","Estonia","1929",173.4,57.22,NA,NA,NA
"est","Estonia","1930",170.59,60.84,NA,NA,NA
"est","Estonia","1931",167.01,60.03,NA,NA,NA
"est","Estonia","1932",164.26,62.06,NA,NA,NA
"est","Estonia","1933",160.76,63.27,NA,NA,NA
"est","Estonia","1934",158.05,64.07,NA,NA,NA
"est","Estonia","1935",154.62,62.85,NA,NA,NA
"est","Estonia","1936",150.48,63.47,NA,NA,NA
"est","Estonia","1937",145.66,64.57,NA,NA,NA
"est","Estonia","1938",141.63,66.1,NA,NA,NA
"est","Estonia","1939",137.68,65.44,NA,NA,NA
"est","Estonia","1940",133.04,63.83,NA,NA,NA
"est","Estonia","1941",129.21,51.76,NA,NA,NA
"est","Estonia","1942",125.4,61.3,NA,NA,NA
"est","Estonia","1943",121,60.92,NA,NA,NA
"est","Estonia","1944",117.31,35.03,NA,NA,NA
"est","Estonia","1945",113.03,52.15,NA,NA,NA
"est","Estonia","1946",109.47,61.15,NA,NA,NA
"est","Estonia","1947",105.97,53.3,NA,NA,NA
"est","Estonia","1948",101.89,65.51,NA,NA,NA
"est","Estonia","1949",98.5,66.17,NA,NA,NA
"est","Estonia","1950",91.06,66.74,NA,NA,NA
"est","Estonia","1951",84.17,66.91,NA,NA,NA
"est","Estonia","1952",77.81,67.08,NA,NA,NA
"est","Estonia","1953",71.93,67.27,NA,NA,NA
"est","Estonia","1954",66.5,67.47,NA,NA,NA
"est","Estonia","1955",61.47,67.68,NA,NA,NA
"est","Estonia","1956",56.82,67.9,NA,NA,NA
"est","Estonia","1957",52.53,68.06,NA,NA,NA
"est","Estonia","1958",48.56,68.28,NA,NA,NA
"est","Estonia","1959",44.89,68.55,NA,NA,NA
"est","Estonia","1960",45.06,69.41,NA,NA,NA
"est","Estonia","1961",39.87,69.58,NA,NA,NA
"est","Estonia","1962",35.88,69.82,NA,NA,NA
"est","Estonia","1963",35.58,69.95,NA,NA,NA
"est","Estonia","1964",36.22,70.56,NA,NA,NA
"est","Estonia","1965",29.98,70.82,NA,NA,NA
"est","Estonia","1966",28.76,70.7,NA,NA,NA
"est","Estonia","1967",27.82,70.92,NA,NA,NA
"est","Estonia","1968",28,70.64,NA,NA,NA
"est","Estonia","1969",25.93,70.31,NA,NA,NA
"est","Estonia","1970",27.16,70.46,NA,NA,NA
"est","Estonia","1971",25.68,70.57,NA,NA,NA
"est","Estonia","1972",23.55,70.3,NA,NA,NA
"est","Estonia","1973",23.19,70.71,NA,NA,NA
"est","Estonia","1974",24.14,70.84,NA,NA,NA
"est","Estonia","1975",23.6,70.23,NA,NA,NA
"est","Estonia","1976",23.54,69.94,NA,NA,NA
"est","Estonia","1977",22.48,69.87,NA,NA,NA
"est","Estonia","1978",22.2,69.69,NA,NA,NA
"est","Estonia","1979",22.81,69.39,NA,NA,NA
"est","Estonia","1980",22.45,69.66,NA,NA,NA
"est","Estonia","1981",21.63,69.41,NA,NA,NA
"est","Estonia","1982",20.85,69.87,NA,NA,NA
"est","Estonia","1983",20.15,69.85,NA,NA,NA
"est","Estonia","1984",19.55,69.64,NA,NA,NA
"est","Estonia","1985",19.04,69.82,NA,NA,NA
"est","Estonia","1986",18.62,70.97,NA,NA,NA
"est","Estonia","1987",18.3,71.14,NA,NA,NA
"est","Estonia","1988",18.04,71.02,NA,NA,NA
"est","Estonia","1989",17.82,70.47,NA,NA,NA
"est","Estonia","1990",17.64,69.99,NA,NA,NA
"est","Estonia","1991",17.48,69.51,NA,NA,NA
"est","Estonia","1992",17.27,69.47,NA,NA,NA
"est","Estonia","1993",16.9,68.35,NA,NA,NA
"est","Estonia","1994",16.34,66.77,NA,NA,NA
"est","Estonia","1995",15.6,68,NA,NA,NA
"est","Estonia","1996",14.73,70.01,NA,NA,NA
"est","Estonia","1997",13.76,70.28,NA,NA,NA
"est","Estonia","1998",12.79,69.89,NA,NA,NA
"est","Estonia","1999",11.85,70.74,NA,NA,NA
"est","Estonia","2000",10.94,71.05,NA,NA,NA
"est","Estonia","2001",10.08,70.76,NA,NA,NA
"est","Estonia","2002",9.26,71.44,NA,NA,NA
"est","Estonia","2003",8.51,72.09,NA,NA,NA
"est","Estonia","2004",7.81,72.54,NA,NA,NA
"est","Estonia","2005",7.16,73.01,NA,NA,NA
"est","Estonia","2006",6.56,73.26,NA,NA,NA
"est","Estonia","2007",6.01,73.32,NA,NA,NA
"est","Estonia","2008",5.5,74.44,NA,NA,NA
"est","Estonia","2009",5.02,75.18,NA,NA,NA
"est","Estonia","2010",4.59,76.25,NA,NA,NA
"est","Estonia","2011",4.2,76.25,NA,NA,NA
"est","Estonia","2012",3.86,76.49,NA,NA,NA
"est","Estonia","2013",3.56,77.22,NA,NA,NA
"est","Estonia","2014",3.3,77.25,NA,NA,NA
"est","Estonia","2015",3.06,77.78,NA,NA,NA
"est","Estonia","2016",2.84,77.69,NA,NA,NA
"est","Estonia","2017",2.63,77.79,NA,NA,NA
"est","Estonia","2018",2.44,77.9,NA,NA,NA
"est","Estonia","2019",2.27,78.05,NA,NA,NA
"est","Estonia","2020",2.13,77.72,NA,NA,NA
"est","Estonia","2021",1.97,76.53,NA,NA,NA
"est","Estonia","2022",2.44,78.53,NA,NA,NA
"est","Estonia","2023",2.37,78.69,NA,NA,NA
"est","Estonia","2024",2.31,78.85,NA,NA,NA
"est","Estonia","2025",2.25,79.01,NA,NA,NA
"eth","Ethiopia","1915",434.74,33.22,NA,NA,NA
"eth","Ethiopia","1916",433.69,33.28,NA,NA,NA
"eth","Ethiopia","1917",432.64,33.33,NA,NA,NA
"eth","Ethiopia","1918",431.59,12.92,NA,NA,NA
"eth","Ethiopia","1919",430.54,33.44,NA,NA,NA
"eth","Ethiopia","1920",429.48,33.5,NA,NA,NA
"eth","Ethiopia","1921",428.43,33.55,NA,NA,NA
"eth","Ethiopia","1922",427.38,33.6,NA,NA,NA
"eth","Ethiopia","1923",426.33,33.66,NA,NA,NA
"eth","Ethiopia","1924",425.28,33.71,NA,NA,NA
"eth","Ethiopia","1925",424.23,33.77,NA,NA,NA
"eth","Ethiopia","1926",423.18,33.82,NA,NA,NA
"eth","Ethiopia","1927",422.13,33.88,NA,NA,NA
"eth","Ethiopia","1928",421.08,33.93,NA,NA,NA
"eth","Ethiopia","1929",420.03,33.98,NA,NA,NA
"eth","Ethiopia","1930",418.98,34.04,NA,NA,NA
"eth","Ethiopia","1931",414.74,34.09,NA,NA,NA
"eth","Ethiopia","1932",410.53,34.15,NA,NA,NA
"eth","Ethiopia","1933",406.34,34.2,NA,NA,NA
"eth","Ethiopia","1934",402.16,34.25,NA,NA,NA
"eth","Ethiopia","1935",398,31.77,NA,NA,NA
"eth","Ethiopia","1936",393.85,26.61,NA,NA,NA
"eth","Ethiopia","1937",389.72,33.61,NA,NA,NA
"eth","Ethiopia","1938",385.61,33.66,NA,NA,NA
"eth","Ethiopia","1939",381.51,33.71,NA,NA,NA
"eth","Ethiopia","1940",377.42,32.6,NA,NA,NA
"eth","Ethiopia","1941",373.35,32.62,NA,NA,NA
"eth","Ethiopia","1942",369.3,34.61,NA,NA,NA
"eth","Ethiopia","1943",365.26,34.63,NA,NA,NA
"eth","Ethiopia","1944",361.24,34.63,NA,NA,NA
"eth","Ethiopia","1945",357.24,34.65,NA,NA,NA
"eth","Ethiopia","1946",345.82,35.5,NA,NA,NA
"eth","Ethiopia","1947",334.68,36.37,NA,NA,NA
"eth","Ethiopia","1948",322.86,37.23,NA,NA,NA
"eth","Ethiopia","1949",312.35,38.1,NA,NA,NA
"eth","Ethiopia","1950",302.09,38.97,NA,NA,NA
"eth","Ethiopia","1951",300.09,39.38,NA,NA,NA
"eth","Ethiopia","1952",296.21,39.58,NA,NA,NA
"eth","Ethiopia","1953",291.92,39.78,NA,NA,NA
"eth","Ethiopia","1954",287.42,39.95,NA,NA,NA
"eth","Ethiopia","1955",282.38,40.1,NA,NA,NA
"eth","Ethiopia","1956",277.19,40.25,NA,NA,NA
"eth","Ethiopia","1957",334.76,40.39,NA,NA,NA
"eth","Ethiopia","1958",328.22,40.51,NA,NA,NA
"eth","Ethiopia","1959",259.27,40.66,NA,NA,NA
"eth","Ethiopia","1960",253.28,40.81,NA,NA,NA
"eth","Ethiopia","1961",247.05,41.04,NA,NA,NA
"eth","Ethiopia","1962",241.61,41.23,NA,NA,NA
"eth","Ethiopia","1963",236.61,41.4,NA,NA,NA
"eth","Ethiopia","1964",232.06,41.57,NA,NA,NA
"eth","Ethiopia","1965",229.54,41.71,NA,NA,NA
"eth","Ethiopia","1966",248.97,41.99,NA,NA,NA
"eth","Ethiopia","1967",248.49,42.16,NA,NA,NA
"eth","Ethiopia","1968",247.93,42.33,NA,NA,NA
"eth","Ethiopia","1969",247.61,42.53,NA,NA,NA
"eth","Ethiopia","1970",247.13,42.68,NA,NA,NA
"eth","Ethiopia","1971",246.74,42.85,NA,NA,NA
"eth","Ethiopia","1972",246.27,43.09,NA,NA,NA
"eth","Ethiopia","1973",246.03,43.34,NA,NA,NA
"eth","Ethiopia","1974",245.87,42.89,NA,NA,NA
"eth","Ethiopia","1975",245.56,43.17,NA,NA,NA
"eth","Ethiopia","1976",245.22,43.08,NA,NA,NA
"eth","Ethiopia","1977",244.74,43.24,NA,NA,NA
"eth","Ethiopia","1978",243.8,43.41,NA,NA,NA
"eth","Ethiopia","1979",242.4,44.48,NA,NA,NA
"eth","Ethiopia","1980",240.49,44.75,NA,NA,NA
"eth","Ethiopia","1981",237.83,44.99,NA,NA,NA
"eth","Ethiopia","1982",234.49,45.34,NA,NA,NA
"eth","Ethiopia","1983",230.57,42.56,NA,NA,NA
"eth","Ethiopia","1984",226.36,41.52,NA,NA,NA
"eth","Ethiopia","1985",222.1,46.34,NA,NA,NA
"eth","Ethiopia","1986",217.94,46.89,NA,NA,NA
"eth","Ethiopia","1987",213.94,47.36,NA,NA,NA
"eth","Ethiopia","1988",209.97,47.56,NA,NA,NA
"eth","Ethiopia","1989",205.79,47.25,NA,NA,NA
"eth","Ethiopia","1990",201.3,46.91,NA,NA,NA
"eth","Ethiopia","1991",196.41,48.35,NA,NA,NA
"eth","Ethiopia","1992",190.98,48.88,NA,NA,NA
"eth","Ethiopia","1993",184.95,49.19,NA,NA,NA
"eth","Ethiopia","1994",178.39,49.39,NA,NA,NA
"eth","Ethiopia","1995",171.71,49.64,NA,NA,NA
"eth","Ethiopia","1996",165.07,50.15,NA,NA,NA
"eth","Ethiopia","1997",158.65,50.64,NA,NA,NA
"eth","Ethiopia","1998",152.45,51.12,NA,NA,NA
"eth","Ethiopia","1999",146.54,50.75,NA,NA,NA
"eth","Ethiopia","2000",140.68,51.13,NA,NA,NA
"eth","Ethiopia","2001",134.56,53.27,NA,NA,NA
"eth","Ethiopia","2002",128.27,54.17,NA,NA,NA
"eth","Ethiopia","2003",121.79,54.99,NA,NA,NA
"eth","Ethiopia","2004",115.3,55.94,NA,NA,NA
"eth","Ethiopia","2005",108.87,57.04,NA,NA,NA
"eth","Ethiopia","2006",102.77,58.18,NA,NA,NA
"eth","Ethiopia","2007",97,59.52,NA,NA,NA
"eth","Ethiopia","2008",91.64,60.81,NA,NA,NA
"eth","Ethiopia","2009",86.67,61.93,NA,NA,NA
"eth","Ethiopia","2010",82.03,63.05,NA,NA,NA
"eth","Ethiopia","2011",77.65,64.05,NA,NA,NA
"eth","Ethiopia","2012",73.5,64.89,NA,NA,NA
"eth","Ethiopia","2013",69.58,65.6,NA,NA,NA
"eth","Ethiopia","2014",65.86,66.25,NA,NA,NA
"eth","Ethiopia","2015",62.36,66.84,NA,NA,NA
"eth","Ethiopia","2016",59.03,67.36,NA,NA,NA
"eth","Ethiopia","2017",55.92,67.92,NA,NA,NA
"eth","Ethiopia","2018",53.16,68.38,NA,NA,NA
"eth","Ethiopia","2019",50.79,68.84,NA,NA,NA
"eth","Ethiopia","2020",48.84,68.36,NA,NA,NA
"eth","Ethiopia","2021",47.16,67.94,NA,NA,NA
"eth","Ethiopia","2022",43.68,68.64,NA,NA,NA
"eth","Ethiopia","2023",41.2,69.69,NA,NA,NA
"eth","Ethiopia","2024",40.75,70.37,NA,NA,NA
"eth","Ethiopia","2025",41.96,70.68,NA,NA,NA
"fin","Finland","1915",167.87,49.67,NA,NA,NA
"fin","Finland","1916",176.74,48.16,NA,NA,NA
"fin","Finland","1917",191.82,46.61,NA,NA,NA
"fin","Finland","1918",214.47,32.8,NA,NA,NA
"fin","Finland","1919",225,43.19,NA,NA,NA
"fin","Finland","1920",180.44,47.68,NA,NA,NA
"fin","Finland","1921",140.25,52.56,NA,NA,NA
"fin","Finland","1922",145.4,52.07,NA,NA,NA
"fin","Finland","1923",144.82,52.67,NA,NA,NA
"fin","Finland","1924",157.32,50.37,NA,NA,NA
"fin","Finland","1925",121.74,53.58,NA,NA,NA
"fin","Finland","1926",120.11,53.99,NA,NA,NA
"fin","Finland","1927",139.53,52.02,NA,NA,NA
"fin","Finland","1928",122.2,53.88,NA,NA,NA
"fin","Finland","1929",138.56,51.44,NA,NA,NA
"fin","Finland","1930",106.36,54.64,NA,NA,NA
"fin","Finland","1931",101.98,55.06,NA,NA,NA
"fin","Finland","1932",98.61,55.97,NA,NA,NA
"fin","Finland","1933",104.22,55.63,NA,NA,NA
"fin","Finland","1934",104.44,56.23,NA,NA,NA
"fin","Finland","1935",90.75,57.55,NA,NA,NA
"fin","Finland","1936",89.53,56.35,NA,NA,NA
"fin","Finland","1937",90.41,57.3,NA,NA,NA
"fin","Finland","1938",87.77,57.4,NA,NA,NA
"fin","Finland","1939",92.74,54.86,NA,NA,NA
"fin","Finland","1940",105.87,46.82,NA,NA,NA
"fin","Finland","1941",83.68,46.67,NA,NA,NA
"fin","Finland","1942",68.83,54.1,NA,NA,NA
"fin","Finland","1943",71.27,56.48,NA,NA,NA
"fin","Finland","1944",92.61,48.18,NA,NA,NA
"fin","Finland","1945",87.51,57.42,NA,NA,NA
"fin","Finland","1946",66.54,60.51,NA,NA,NA
"fin","Finland","1947",65.81,60.77,NA,NA,NA
"fin","Finland","1948",55.62,62.24,NA,NA,NA
"fin","Finland","1949",49.33,62.13,NA,NA,NA
"fin","Finland","1950",43.28,64.51,NA,NA,NA
"fin","Finland","1951",41.63,65.84,NA,NA,NA
"fin","Finland","1952",40.13,66.67,NA,NA,NA
"fin","Finland","1953",38.68,66.93,NA,NA,NA
"fin","Finland","1954",37.21,67.62,NA,NA,NA
"fin","Finland","1955",35.67,67.73,NA,NA,NA
"fin","Finland","1956",34.01,68.09,NA,NA,NA
"fin","Finland","1957",32.25,67.94,NA,NA,NA
"fin","Finland","1958",30.42,68.69,NA,NA,NA
"fin","Finland","1959",28.61,69.01,NA,NA,NA
"fin","Finland","1960",26.86,69.22,NA,NA,NA
"fin","Finland","1961",25.25,69.22,NA,NA,NA
"fin","Finland","1962",23.79,69.16,NA,NA,NA
"fin","Finland","1963",22.49,69.38,NA,NA,NA
"fin","Finland","1964",21.3,69.55,NA,NA,NA
"fin","Finland","1965",20.21,69.56,NA,NA,NA
"fin","Finland","1966",19.24,69.86,NA,NA,NA
"fin","Finland","1967",18.37,70,NA,NA,NA
"fin","Finland","1968",17.59,70.09,NA,NA,NA
"fin","Finland","1969",16.84,70.12,NA,NA,NA
"fin","Finland","1970",16.1,70.66,NA,NA,NA
"fin","Finland","1971",15.37,70.86,NA,NA,NA
"fin","Finland","1972",14.62,71.25,NA,NA,NA
"fin","Finland","1973",13.86,71.68,NA,NA,NA
"fin","Finland","1974",13.07,71.71,NA,NA,NA
"fin","Finland","1975",12.26,72.17,NA,NA,NA
"fin","Finland","1976",11.44,72.43,NA,NA,NA
"fin","Finland","1977",10.64,72.8,NA,NA,NA
"fin","Finland","1978",9.89,73.33,NA,NA,NA
"fin","Finland","1979",9.22,73.63,NA,NA,NA
"fin","Finland","1980",8.66,74.01,NA,NA,NA
"fin","Finland","1981",8.21,74.33,NA,NA,NA
"fin","Finland","1982",7.87,74.74,NA,NA,NA
"fin","Finland","1983",7.62,74.8,NA,NA,NA
"fin","Finland","1984",7.45,74.97,NA,NA,NA
"fin","Finland","1985",7.34,74.88,NA,NA,NA
"fin","Finland","1986",7.26,75.01,NA,NA,NA
"fin","Finland","1987",7.19,75.1,NA,NA,NA
"fin","Finland","1988",7.1,75.11,NA,NA,NA
"fin","Finland","1989",6.94,75.28,NA,NA,NA
"fin","Finland","1990",6.72,75.43,NA,NA,NA
"fin","Finland","1991",6.44,75.74,NA,NA,NA
"fin","Finland","1992",6.11,75.98,NA,NA,NA
"fin","Finland","1993",5.77,76.3,NA,NA,NA
"fin","Finland","1994",5.46,76.79,NA,NA,NA
"fin","Finland","1995",5.18,76.94,NA,NA,NA
"fin","Finland","1996",4.94,77.17,NA,NA,NA
"fin","Finland","1997",4.73,77.33,NA,NA,NA
"fin","Finland","1998",4.56,77.57,NA,NA,NA
"fin","Finland","1999",4.41,77.8,NA,NA,NA
"fin","Finland","2000",4.28,78.04,NA,NA,NA
"fin","Finland","2001",4.17,78.39,NA,NA,NA
"fin","Finland","2002",4.07,78.6,NA,NA,NA
"fin","Finland","2003",3.97,78.82,NA,NA,NA
"fin","Finland","2004",3.87,79.03,NA,NA,NA
"fin","Finland","2005",3.75,79.32,NA,NA,NA
"fin","Finland","2006",3.61,79.63,NA,NA,NA
"fin","Finland","2007",3.47,79.74,NA,NA,NA
"fin","Finland","2008",3.31,79.99,NA,NA,NA
"fin","Finland","2009",3.16,80.18,NA,NA,NA
"fin","Finland","2010",3.02,80.4,NA,NA,NA
"fin","Finland","2011",2.88,80.71,NA,NA,NA
"fin","Finland","2012",2.76,80.91,NA,NA,NA
"fin","Finland","2013",2.65,81.16,NA,NA,NA
"fin","Finland","2014",2.56,81.41,NA,NA,NA
"fin","Finland","2015",2.49,81.68,NA,NA,NA
"fin","Finland","2016",2.44,81.76,NA,NA,NA
"fin","Finland","2017",2.4,81.77,NA,NA,NA
"fin","Finland","2018",2.37,81.83,NA,NA,NA
"fin","Finland","2019",2.34,81.87,NA,NA,NA
"fin","Finland","2020",2.12,81.86,NA,NA,NA
"fin","Finland","2021",2.22,82.03,NA,NA,NA
"fin","Finland","2022",1.9,82.35,NA,NA,NA
"fin","Finland","2023",1.84,82.51,NA,NA,NA
"fin","Finland","2024",1.78,82.67,NA,NA,NA
"fin","Finland","2025",1.72,82.84,NA,NA,NA
"fji","Fiji","1915",484.25,28.84,NA,NA,NA
"fji","Fiji","1916",483.08,28.88,NA,NA,NA
"fji","Fiji","1917",481.91,28.92,NA,NA,NA
"fji","Fiji","1918",480.74,7.35,NA,NA,NA
"fji","Fiji","1919",479.56,29,NA,NA,NA
"fji","Fiji","1920",478.39,29.05,NA,NA,NA
"fji","Fiji","1921",477.22,29.09,NA,NA,NA
"fji","Fiji","1922",476.05,29.13,NA,NA,NA
"fji","Fiji","1923",474.88,29.17,NA,NA,NA
"fji","Fiji","1924",473.71,29.22,NA,NA,NA
"fji","Fiji","1925",472.54,29.26,NA,NA,NA
"fji","Fiji","1926",457.55,30.42,NA,NA,NA
"fji","Fiji","1927",442.96,31.59,NA,NA,NA
"fji","Fiji","1928",428.76,32.76,NA,NA,NA
"fji","Fiji","1929",414.94,33.94,NA,NA,NA
"fji","Fiji","1930",401.46,35.11,NA,NA,NA
"fji","Fiji","1931",389.32,36.29,NA,NA,NA
"fji","Fiji","1932",377.43,37.48,NA,NA,NA
"fji","Fiji","1933",365.78,38.67,NA,NA,NA
"fji","Fiji","1934",354.38,39.86,NA,NA,NA
"fji","Fiji","1935",343.18,41.05,NA,NA,NA
"fji","Fiji","1936",332.22,42.25,NA,NA,NA
"fji","Fiji","1937",321.46,43.45,NA,NA,NA
"fji","Fiji","1938",310.9,44.65,NA,NA,NA
"fji","Fiji","1939",300.54,45.87,NA,NA,NA
"fji","Fiji","1940",290.35,47.08,NA,NA,NA
"fji","Fiji","1941",267.13,48.28,NA,NA,NA
"fji","Fiji","1942",245.77,49.48,NA,NA,NA
"fji","Fiji","1943",226.11,50.7,NA,NA,NA
"fji","Fiji","1944",208.02,51.92,NA,NA,NA
"fji","Fiji","1945",191.38,53.13,NA,NA,NA
"fji","Fiji","1946",176.07,54.35,NA,NA,NA
"fji","Fiji","1947",161.98,55.57,NA,NA,NA
"fji","Fiji","1948",149.02,56.79,NA,NA,NA
"fji","Fiji","1949",137.09,58.03,NA,NA,NA
"fji","Fiji","1950",126.12,59.26,NA,NA,NA
"fji","Fiji","1951",121.82,59.85,NA,NA,NA
"fji","Fiji","1952",116.84,60.02,NA,NA,NA
"fji","Fiji","1953",111.68,61.31,NA,NA,NA
"fji","Fiji","1954",106.32,61.95,NA,NA,NA
"fji","Fiji","1955",101.02,63,NA,NA,NA
"fji","Fiji","1956",95.93,63.95,NA,NA,NA
"fji","Fiji","1957",91.14,64.24,NA,NA,NA
"fji","Fiji","1958",86.62,64.64,NA,NA,NA
"fji","Fiji","1959",82.43,64.51,NA,NA,NA
"fji","Fiji","1960",78.61,64.6,NA,NA,NA
"fji","Fiji","1961",74.97,64.77,NA,NA,NA
"fji","Fiji","1962",71.62,64.76,NA,NA,NA
"fji","Fiji","1963",68.48,65.13,NA,NA,NA
"fji","Fiji","1964",65.57,65.42,NA,NA,NA
"fji","Fiji","1965",63.01,65.57,NA,NA,NA
"fji","Fiji","1966",60.84,65.51,NA,NA,NA
"fji","Fiji","1967",59.14,65.55,NA,NA,NA
"fji","Fiji","1968",57.92,65.27,NA,NA,NA
"fji","Fiji","1969",57.07,65.34,NA,NA,NA
"fji","Fiji","1970",56.51,65.17,NA,NA,NA
"fji","Fiji","1971",56.16,64.66,NA,NA,NA
"fji","Fiji","1972",55.9,65.13,NA,NA,NA
"fji","Fiji","1973",55.53,65.13,NA,NA,NA
"fji","Fiji","1974",54.91,65.43,NA,NA,NA
"fji","Fiji","1975",53.95,65.03,NA,NA,NA
"fji","Fiji","1976",52.6,66.47,NA,NA,NA
"fji","Fiji","1977",50.92,67.68,NA,NA,NA
"fji","Fiji","1978",48.97,67.31,NA,NA,NA
"fji","Fiji","1979",46.84,67.78,NA,NA,NA
"fji","Fiji","1980",44.61,66.47,NA,NA,NA
"fji","Fiji","1981",42.47,65.69,NA,NA,NA
"fji","Fiji","1982",40.38,66.17,NA,NA,NA
"fji","Fiji","1983",38.52,66.48,NA,NA,NA
"fji","Fiji","1984",36.82,66.95,NA,NA,NA
"fji","Fiji","1985",35.29,66.11,NA,NA,NA
"fji","Fiji","1986",33.9,65.8,NA,NA,NA
"fji","Fiji","1987",32.6,66.09,NA,NA,NA
"fji","Fiji","1988",31.33,66.21,NA,NA,NA
"fji","Fiji","1989",30.11,66.24,NA,NA,NA
"fji","Fiji","1990",28.98,66.34,NA,NA,NA
"fji","Fiji","1991",27.91,66.32,NA,NA,NA
"fji","Fiji","1992",26.89,66.4,NA,NA,NA
"fji","Fiji","1993",25.98,66.19,NA,NA,NA
"fji","Fiji","1994",25.18,66.18,NA,NA,NA
"fji","Fiji","1995",24.46,66.12,NA,NA,NA
"fji","Fiji","1996",23.84,65.97,NA,NA,NA
"fji","Fiji","1997",23.31,65.93,NA,NA,NA
"fji","Fiji","1998",22.9,66.45,NA,NA,NA
"fji","Fiji","1999",22.6,65.89,NA,NA,NA
"fji","Fiji","2000",22.41,65.75,NA,NA,NA
"fji","Fiji","2001",22.32,66.24,NA,NA,NA
"fji","Fiji","2002",22.36,66.63,NA,NA,NA
"fji","Fiji","2003",22.52,66.55,NA,NA,NA
"fji","Fiji","2004",22.81,67.07,NA,NA,NA
"fji","Fiji","2005",23.14,67.11,NA,NA,NA
"fji","Fiji","2006",23.45,67.11,NA,NA,NA
"fji","Fiji","2007",23.68,67.09,NA,NA,NA
"fji","Fiji","2008",23.77,67.1,NA,NA,NA
"fji","Fiji","2009",23.74,67.53,NA,NA,NA
"fji","Fiji","2010",23.64,67.64,NA,NA,NA
"fji","Fiji","2011",23.56,67.7,NA,NA,NA
"fji","Fiji","2012",23.54,67.73,NA,NA,NA
"fji","Fiji","2013",23.66,67.87,NA,NA,NA
"fji","Fiji","2014",23.94,67.96,NA,NA,NA
"fji","Fiji","2015",24.37,68.02,NA,NA,NA
"fji","Fiji","2016",24.91,67.96,NA,NA,NA
"fji","Fiji","2017",25.53,68.19,NA,NA,NA
"fji","Fiji","2018",26.2,68.27,NA,NA,NA
"fji","Fiji","2019",26.88,68.38,NA,NA,NA
"fji","Fiji","2020",27.51,68.41,NA,NA,NA
"fji","Fiji","2021",27.88,67.6,NA,NA,NA
"fji","Fiji","2022",21.67,68.8,NA,NA,NA
"fji","Fiji","2023",21.07,68.94,NA,NA,NA
"fji","Fiji","2024",20.53,69.08,NA,NA,NA
"fji","Fiji","2025",20,69.21,NA,NA,NA
"fra","France","1915",165.93,35.87,NA,NA,NA
"fra","France","1916",164.24,39.79,NA,NA,NA
"fra","France","1917",181,42.9,NA,NA,NA
"fra","France","1918",221.65,34.59,NA,NA,NA
"fra","France","1919",177.78,47.87,NA,NA,NA
"fra","France","1920",167.82,51.98,NA,NA,NA
"fra","France","1921",155.23,53.09,NA,NA,NA
"fra","France","1922",119.11,55.34,NA,NA,NA
"fra","France","1923",133.98,55.07,NA,NA,NA
"fra","France","1924",118.87,55.7,NA,NA,NA
"fra","France","1925",127.48,54.82,NA,NA,NA
"fra","France","1926",134.21,54.46,NA,NA,NA
"fra","France","1927",117.98,56.25,NA,NA,NA
"fra","France","1928",126.6,55.9,NA,NA,NA
"fra","France","1929",130.23,54.72,NA,NA,NA
"fra","France","1930",109.43,57.35,NA,NA,NA
"fra","France","1931",104.69,57.42,NA,NA,NA
"fra","France","1932",106.22,57.76,NA,NA,NA
"fra","France","1933",100.36,58.21,NA,NA,NA
"fra","France","1934",97.71,58.88,NA,NA,NA
"fra","France","1935",91.83,58.84,NA,NA,NA
"fra","France","1936",92.36,59.34,NA,NA,NA
"fra","France","1937",89.78,59.71,NA,NA,NA
"fra","France","1938",89.49,59.52,NA,NA,NA
"fra","France","1939",85.63,60.18,NA,NA,NA
"fra","France","1940",115.3,49.92,NA,NA,NA
"fra","France","1941",94.11,58.22,NA,NA,NA
"fra","France","1942",96.5,58.01,NA,NA,NA
"fra","France","1943",101.1,53.86,NA,NA,NA
"fra","France","1944",104.94,47.68,NA,NA,NA
"fra","France","1945",136.23,55.53,NA,NA,NA
"fra","France","1946",97.26,63.04,NA,NA,NA
"fra","France","1947",82.69,64.67,NA,NA,NA
"fra","France","1948",65.05,66.55,NA,NA,NA
"fra","France","1949",70.11,65.64,NA,NA,NA
"fra","France","1950",57.15,67.13,NA,NA,NA
"fra","France","1951",53.35,66.68,NA,NA,NA
"fra","France","1952",49.69,68.08,NA,NA,NA
"fra","France","1953",46.28,68.51,NA,NA,NA
"fra","France","1954",43.13,69.04,NA,NA,NA
"fra","France","1955",40.19,69.33,NA,NA,NA
"fra","France","1956",37.42,69.45,NA,NA,NA
"fra","France","1957",34.81,69.9,NA,NA,NA
"fra","France","1958",32.43,70.79,NA,NA,NA
"fra","France","1959",30.3,70.96,NA,NA,NA
"fra","France","1960",28.48,71.19,NA,NA,NA
"fra","France","1961",26.98,71.35,NA,NA,NA
"fra","France","1962",25.7,71.18,NA,NA,NA
"fra","France","1963",24.5,71.19,NA,NA,NA
"fra","France","1964",23.36,71.74,NA,NA,NA
"fra","France","1965",22.32,71.83,NA,NA,NA
"fra","France","1966",21.43,72.04,NA,NA,NA
"fra","France","1967",20.64,72.13,NA,NA,NA
"fra","France","1968",19.88,72.12,NA,NA,NA
"fra","France","1969",19.08,72.08,NA,NA,NA
"fra","France","1970",18.24,72.6,NA,NA,NA
"fra","France","1971",17.39,72.74,NA,NA,NA
"fra","France","1972",16.59,72.93,NA,NA,NA
"fra","France","1973",15.93,73.24,NA,NA,NA
"fra","France","1974",15.43,73.38,NA,NA,NA
"fra","France","1975",14.97,73.34,NA,NA,NA
"fra","France","1976",14.46,73.57,NA,NA,NA
"fra","France","1977",13.9,74.02,NA,NA,NA
"fra","France","1978",13.35,74.32,NA,NA,NA
"fra","France","1979",12.84,74.52,NA,NA,NA
"fra","France","1980",12.36,74.68,NA,NA,NA
"fra","France","1981",11.91,74.88,NA,NA,NA
"fra","France","1982",11.49,75.11,NA,NA,NA
"fra","France","1983",11.09,75.27,NA,NA,NA
"fra","France","1984",10.7,75.59,NA,NA,NA
"fra","France","1985",10.35,75.77,NA,NA,NA
"fra","France","1986",10.06,76.05,NA,NA,NA
"fra","France","1987",9.81,76.51,NA,NA,NA
"fra","France","1988",9.57,76.8,NA,NA,NA
"fra","France","1989",9.31,76.98,NA,NA,NA
"fra","France","1990",9,77.21,NA,NA,NA
"fra","France","1991",8.59,77.37,NA,NA,NA
"fra","France","1992",8.1,77.6,NA,NA,NA
"fra","France","1993",7.55,77.77,NA,NA,NA
"fra","France","1994",6.99,78.04,NA,NA,NA
"fra","France","1995",6.5,78.19,NA,NA,NA
"fra","France","1996",6.11,78.39,NA,NA,NA
"fra","France","1997",5.84,78.72,NA,NA,NA
"fra","France","1998",5.64,78.77,NA,NA,NA
"fra","France","1999",5.51,78.93,NA,NA,NA
"fra","France","2000",5.39,79.19,NA,NA,NA
"fra","France","2001",5.26,79.35,NA,NA,NA
"fra","France","2002",5.1,79.52,NA,NA,NA
"fra","France","2003",4.93,79.73,NA,NA,NA
"fra","France","2004",4.76,80.32,NA,NA,NA
"fra","France","2005",4.62,80.56,NA,NA,NA
"fra","France","2006",4.52,80.84,NA,NA,NA
"fra","France","2007",4.44,81.09,NA,NA,NA
"fra","France","2008",4.37,81.24,NA,NA,NA
"fra","France","2009",4.29,81.37,NA,NA,NA
"fra","France","2010",4.21,81.58,NA,NA,NA
"fra","France","2011",4.15,81.82,NA,NA,NA
"fra","France","2012",4.11,82,NA,NA,NA
"fra","France","2013",4.1,82.26,NA,NA,NA
"fra","France","2014",4.12,82.57,NA,NA,NA
"fra","France","2015",4.16,82.52,NA,NA,NA
"fra","France","2016",4.21,82.83,NA,NA,NA
"fra","France","2017",4.26,82.87,NA,NA,NA
"fra","France","2018",4.31,82.92,NA,NA,NA
"fra","France","2019",4.35,82.87,NA,NA,NA
"fra","France","2020",4.26,82.34,NA,NA,NA
"fra","France","2021",4.17,82.63,NA,NA,NA
"fra","France","2022",3.89,83.37,NA,NA,NA
"fra","France","2023",3.82,83.49,NA,NA,NA
"fra","France","2024",3.73,83.63,NA,NA,NA
"fra","France","2025",3.65,83.77,NA,NA,NA
"fsm","Micronesia, Fed. Sts.","1915",210.83,25.56,NA,NA,NA
"fsm","Micronesia, Fed. Sts.","1916",209.44,25.54,NA,NA,NA
"fsm","Micronesia, Fed. Sts.","1917",208.06,25.52,NA,NA,NA
"fsm","Micronesia, Fed. Sts.","1918",206.69,8.28,NA,NA,NA
"fsm","Micronesia, Fed. Sts.","1919",205.33,25.49,NA,NA,NA
"fsm","Micronesia, Fed. Sts.","1920",203.98,25.47,NA,NA,NA
"fsm","Micronesia, Fed. Sts.","1921",202.64,25.45,NA,NA,NA
"fsm","Micronesia, Fed. Sts.","1922",201.3,25.43,NA,NA,NA
"fsm","Micronesia, Fed. Sts.","1923",199.98,25.42,NA,NA,NA
"fsm","Micronesia, Fed. Sts.","1924",198.66,25.4,NA,NA,NA
"fsm","Micronesia, Fed. Sts.","1925",197.36,25.38,NA,NA,NA
"fsm","Micronesia, Fed. Sts.","1926",196.06,26.39,NA,NA,NA
"fsm","Micronesia, Fed. Sts.","1927",194.77,27.41,NA,NA,NA
"fsm","Micronesia, Fed. Sts.","1928",193.48,28.41,NA,NA,NA
"fsm","Micronesia, Fed. Sts.","1929",192.21,29.42,NA,NA,NA
"fsm","Micronesia, Fed. Sts.","1930",190.95,30.43,NA,NA,NA
"fsm","Micronesia, Fed. Sts.","1931",189.95,31.43,NA,NA,NA
"fsm","Micronesia, Fed. Sts.","1932",188.96,32.43,NA,NA,NA
"fsm","Micronesia, Fed. Sts.","1933",187.98,33.43,NA,NA,NA
"fsm","Micronesia, Fed. Sts.","1934",187,34.44,NA,NA,NA
"fsm","Micronesia, Fed. Sts.","1935",186.02,35.43,NA,NA,NA
"fsm","Micronesia, Fed. Sts.","1936",185.05,36.42,NA,NA,NA
"fsm","Micronesia, Fed. Sts.","1937",184.09,37.43,NA,NA,NA
"fsm","Micronesia, Fed. Sts.","1938",183.13,38.42,NA,NA,NA
"fsm","Micronesia, Fed. Sts.","1939",182.17,39.41,NA,NA,NA
"fsm","Micronesia, Fed. Sts.","1940",181.22,40.41,NA,NA,NA
"fsm","Micronesia, Fed. Sts.","1941",180.27,41.36,NA,NA,NA
"fsm","Micronesia, Fed. Sts.","1942",179.33,40.32,NA,NA,NA
"fsm","Micronesia, Fed. Sts.","1943",178.4,34.63,NA,NA,NA
"fsm","Micronesia, Fed. Sts.","1944",177.46,26.13,NA,NA,NA
"fsm","Micronesia, Fed. Sts.","1945",176.53,42.01,NA,NA,NA
"fsm","Micronesia, Fed. Sts.","1946",175.61,44.75,NA,NA,NA
"fsm","Micronesia, Fed. Sts.","1947",174.69,46.56,NA,NA,NA
"fsm","Micronesia, Fed. Sts.","1948",173.78,47.98,NA,NA,NA
"fsm","Micronesia, Fed. Sts.","1949",172.87,48.95,NA,NA,NA
"fsm","Micronesia, Fed. Sts.","1950",171.96,49.89,NA,NA,NA
"fsm","Micronesia, Fed. Sts.","1951",169.53,50.17,NA,NA,NA
"fsm","Micronesia, Fed. Sts.","1952",164.61,50.45,NA,NA,NA
"fsm","Micronesia, Fed. Sts.","1953",159.81,50.74,NA,NA,NA
"fsm","Micronesia, Fed. Sts.","1954",155.33,51.05,NA,NA,NA
"fsm","Micronesia, Fed. Sts.","1955",150.61,51.37,NA,NA,NA
"fsm","Micronesia, Fed. Sts.","1956",145.96,51.7,NA,NA,NA
"fsm","Micronesia, Fed. Sts.","1957",141.29,52,NA,NA,NA
"fsm","Micronesia, Fed. Sts.","1958",136.6,52.32,NA,NA,NA
"fsm","Micronesia, Fed. Sts.","1959",130.67,52.66,NA,NA,NA
"fsm","Micronesia, Fed. Sts.","1960",125.39,53.01,NA,NA,NA
"fsm","Micronesia, Fed. Sts.","1961",120.33,53.37,NA,NA,NA
"fsm","Micronesia, Fed. Sts.","1962",115.34,53.71,NA,NA,NA
"fsm","Micronesia, Fed. Sts.","1963",110.59,54.06,NA,NA,NA
"fsm","Micronesia, Fed. Sts.","1964",106.04,54.45,NA,NA,NA
"fsm","Micronesia, Fed. Sts.","1965",101.65,54.86,NA,NA,NA
"fsm","Micronesia, Fed. Sts.","1966",97.38,55.21,NA,NA,NA
"fsm","Micronesia, Fed. Sts.","1967",93.34,55.58,NA,NA,NA
"fsm","Micronesia, Fed. Sts.","1968",89.59,55.92,NA,NA,NA
"fsm","Micronesia, Fed. Sts.","1969",85.94,56.27,NA,NA,NA
"fsm","Micronesia, Fed. Sts.","1970",82.56,56.59,NA,NA,NA
"fsm","Micronesia, Fed. Sts.","1971",79.48,56.97,NA,NA,NA
"fsm","Micronesia, Fed. Sts.","1972",76.59,57.33,NA,NA,NA
"fsm","Micronesia, Fed. Sts.","1973",73.96,57.67,NA,NA,NA
"fsm","Micronesia, Fed. Sts.","1974",71.5,57.99,NA,NA,NA
"fsm","Micronesia, Fed. Sts.","1975",69.19,58.28,NA,NA,NA
"fsm","Micronesia, Fed. Sts.","1976",67.14,58.6,NA,NA,NA
"fsm","Micronesia, Fed. Sts.","1977",65.27,58.94,NA,NA,NA
"fsm","Micronesia, Fed. Sts.","1978",63.68,59.26,NA,NA,NA
"fsm","Micronesia, Fed. Sts.","1979",62.3,59.62,NA,NA,NA
"fsm","Micronesia, Fed. Sts.","1980",61.18,59.74,NA,NA,NA
"fsm","Micronesia, Fed. Sts.","1981",60.31,59.85,NA,NA,NA
"fsm","Micronesia, Fed. Sts.","1982",59.54,59.71,NA,NA,NA
"fsm","Micronesia, Fed. Sts.","1983",58.76,60.15,NA,NA,NA
"fsm","Micronesia, Fed. Sts.","1984",57.8,60.37,NA,NA,NA
"fsm","Micronesia, Fed. Sts.","1985",56.7,60.56,NA,NA,NA
"fsm","Micronesia, Fed. Sts.","1986",55.39,60.72,NA,NA,NA
"fsm","Micronesia, Fed. Sts.","1987",53.81,60.76,NA,NA,NA
"fsm","Micronesia, Fed. Sts.","1988",52.1,61.01,NA,NA,NA
"fsm","Micronesia, Fed. Sts.","1989",50.52,61.16,NA,NA,NA
"fsm","Micronesia, Fed. Sts.","1990",49.08,61.29,NA,NA,NA
"fsm","Micronesia, Fed. Sts.","1991",47.82,61.41,NA,NA,NA
"fsm","Micronesia, Fed. Sts.","1992",46.77,61.54,NA,NA,NA
"fsm","Micronesia, Fed. Sts.","1993",45.84,61.69,NA,NA,NA
"fsm","Micronesia, Fed. Sts.","1994",44.95,61.81,NA,NA,NA
"fsm","Micronesia, Fed. Sts.","1995",43.93,62.03,NA,NA,NA
"fsm","Micronesia, Fed. Sts.","1996",42.82,62.18,NA,NA,NA
"fsm","Micronesia, Fed. Sts.","1997",41.58,62.36,NA,NA,NA
"fsm","Micronesia, Fed. Sts.","1998",40.3,62.55,NA,NA,NA
"fsm","Micronesia, Fed. Sts.","1999",39,62.75,NA,NA,NA
"fsm","Micronesia, Fed. Sts.","2000",37.76,62.58,NA,NA,NA
"fsm","Micronesia, Fed. Sts.","2001",36.72,63.18,NA,NA,NA
"fsm","Micronesia, Fed. Sts.","2002",35.9,62.47,NA,NA,NA
"fsm","Micronesia, Fed. Sts.","2003",35.23,63.61,NA,NA,NA
"fsm","Micronesia, Fed. Sts.","2004",34.85,63.66,NA,NA,NA
"fsm","Micronesia, Fed. Sts.","2005",34.69,63.77,NA,NA,NA
"fsm","Micronesia, Fed. Sts.","2006",34.59,63.84,NA,NA,NA
"fsm","Micronesia, Fed. Sts.","2007",34.48,63.92,NA,NA,NA
"fsm","Micronesia, Fed. Sts.","2008",34.2,63.95,NA,NA,NA
"fsm","Micronesia, Fed. Sts.","2009",33.7,63.99,NA,NA,NA
"fsm","Micronesia, Fed. Sts.","2010",33.11,64.04,NA,NA,NA
"fsm","Micronesia, Fed. Sts.","2011",32.34,64.12,NA,NA,NA
"fsm","Micronesia, Fed. Sts.","2012",31.61,64.2,NA,NA,NA
"fsm","Micronesia, Fed. Sts.","2013",30.72,64.22,NA,NA,NA
"fsm","Micronesia, Fed. Sts.","2014",29.87,64.19,NA,NA,NA
"fsm","Micronesia, Fed. Sts.","2015",28.89,64.05,NA,NA,NA
"fsm","Micronesia, Fed. Sts.","2016",27.98,64.13,NA,NA,NA
"fsm","Micronesia, Fed. Sts.","2017",27.03,64.15,NA,NA,NA
"fsm","Micronesia, Fed. Sts.","2018",26.2,64.14,NA,NA,NA
"fsm","Micronesia, Fed. Sts.","2019",25.43,64.13,NA,NA,NA
"fsm","Micronesia, Fed. Sts.","2020",24.64,63.77,NA,NA,NA
"fsm","Micronesia, Fed. Sts.","2021",23.82,63.8,NA,NA,NA
"fsm","Micronesia, Fed. Sts.","2022",22.77,63.99,NA,NA,NA
"fsm","Micronesia, Fed. Sts.","2023",22.63,64.35,NA,NA,NA
"fsm","Micronesia, Fed. Sts.","2024",21.64,64.86,NA,NA,NA
"fsm","Micronesia, Fed. Sts.","2025",20.97,65,NA,NA,NA
"gab","Gabon","1915",423.01,37.9,NA,NA,NA
"gab","Gabon","1916",421.99,38.01,NA,NA,NA
"gab","Gabon","1917",420.96,38.12,NA,NA,NA
"gab","Gabon","1918",419.94,14.78,NA,NA,NA
"gab","Gabon","1919",418.92,38.35,NA,NA,NA
"gab","Gabon","1920",417.9,38.46,NA,NA,NA
"gab","Gabon","1921",416.87,38.57,NA,NA,NA
"gab","Gabon","1922",415.85,38.69,NA,NA,NA
"gab","Gabon","1923",414.83,38.8,NA,NA,NA
"gab","Gabon","1924",413.81,38.91,NA,NA,NA
"gab","Gabon","1925",412.78,39.02,NA,NA,NA
"gab","Gabon","1926",411.76,39.13,NA,NA,NA
"gab","Gabon","1927",410.74,39.25,NA,NA,NA
"gab","Gabon","1928",409.72,39.36,NA,NA,NA
"gab","Gabon","1929",408.69,39.47,NA,NA,NA
"gab","Gabon","1930",407.67,39.58,NA,NA,NA
"gab","Gabon","1931",404.9,39.7,NA,NA,NA
"gab","Gabon","1932",402.12,39.81,NA,NA,NA
"gab","Gabon","1933",399.36,39.92,NA,NA,NA
"gab","Gabon","1934",396.62,40.03,NA,NA,NA
"gab","Gabon","1935",393.88,40.15,NA,NA,NA
"gab","Gabon","1936",391.14,40.26,NA,NA,NA
"gab","Gabon","1937",388.42,40.37,NA,NA,NA
"gab","Gabon","1938",385.7,40.48,NA,NA,NA
"gab","Gabon","1939",383,40.59,NA,NA,NA
"gab","Gabon","1940",380.3,40.71,NA,NA,NA
"gab","Gabon","1941",377.61,40.77,NA,NA,NA
"gab","Gabon","1942",374.93,40.84,NA,NA,NA
"gab","Gabon","1943",372.26,40.9,NA,NA,NA
"gab","Gabon","1944",369.59,40.95,NA,NA,NA
"gab","Gabon","1945",366.94,41.01,NA,NA,NA
"gab","Gabon","1946",352.22,42.53,NA,NA,NA
"gab","Gabon","1947",339.02,44.06,NA,NA,NA
"gab","Gabon","1948",325.18,45.58,NA,NA,NA
"gab","Gabon","1949",311.78,47.12,NA,NA,NA
"gab","Gabon","1950",298.78,48.65,NA,NA,NA
"gab","Gabon","1951",290.52,48.67,NA,NA,NA
"gab","Gabon","1952",282.42,48.74,NA,NA,NA
"gab","Gabon","1953",274.42,48.8,NA,NA,NA
"gab","Gabon","1954",266.64,48.84,NA,NA,NA
"gab","Gabon","1955",258.76,48.87,NA,NA,NA
"gab","Gabon","1956",251.02,49.04,NA,NA,NA
"gab","Gabon","1957",243.59,49.24,NA,NA,NA
"gab","Gabon","1958",236.37,49.43,NA,NA,NA
"gab","Gabon","1959",229.39,49.71,NA,NA,NA
"gab","Gabon","1960",222.41,49.98,NA,NA,NA
"gab","Gabon","1961",215.64,50.32,NA,NA,NA
"gab","Gabon","1962",209.09,50.65,NA,NA,NA
"gab","Gabon","1963",202.66,51,NA,NA,NA
"gab","Gabon","1964",196.67,51.24,NA,NA,NA
"gab","Gabon","1965",190.78,51.69,NA,NA,NA
"gab","Gabon","1966",185.02,51.97,NA,NA,NA
"gab","Gabon","1967",179.31,52.28,NA,NA,NA
"gab","Gabon","1968",173.96,52.55,NA,NA,NA
"gab","Gabon","1969",168.62,52.85,NA,NA,NA
"gab","Gabon","1970",163.46,53.16,NA,NA,NA
"gab","Gabon","1971",158.45,53.51,NA,NA,NA
"gab","Gabon","1972",153.63,53.89,NA,NA,NA
"gab","Gabon","1973",148.82,54.31,NA,NA,NA
"gab","Gabon","1974",144.17,54.92,NA,NA,NA
"gab","Gabon","1975",139.67,55.56,NA,NA,NA
"gab","Gabon","1976",135.37,56.36,NA,NA,NA
"gab","Gabon","1977",131.07,56.87,NA,NA,NA
"gab","Gabon","1978",126.98,57.22,NA,NA,NA
"gab","Gabon","1979",123.08,57.65,NA,NA,NA
"gab","Gabon","1980",119.28,58.12,NA,NA,NA
"gab","Gabon","1981",115.63,58.47,NA,NA,NA
"gab","Gabon","1982",112.03,58.72,NA,NA,NA
"gab","Gabon","1983",108.73,59.02,NA,NA,NA
"gab","Gabon","1984",105.67,59.41,NA,NA,NA
"gab","Gabon","1985",102.8,59.78,NA,NA,NA
"gab","Gabon","1986",100.2,60.33,NA,NA,NA
"gab","Gabon","1987",97.9,60.51,NA,NA,NA
"gab","Gabon","1988",95.85,60.45,NA,NA,NA
"gab","Gabon","1989",94.1,60.45,NA,NA,NA
"gab","Gabon","1990",92.52,60.45,NA,NA,NA
"gab","Gabon","1991",91.19,60.6,NA,NA,NA
"gab","Gabon","1992",90.09,60.85,NA,NA,NA
"gab","Gabon","1993",89.19,60.73,NA,NA,NA
"gab","Gabon","1994",88.41,60.56,NA,NA,NA
"gab","Gabon","1995",87.73,60.41,NA,NA,NA
"gab","Gabon","1996",87.05,60.02,NA,NA,NA
"gab","Gabon","1997",86.34,60.22,NA,NA,NA
"gab","Gabon","1998",85.44,60.1,NA,NA,NA
"gab","Gabon","1999",84.34,59.84,NA,NA,NA
"gab","Gabon","2000",82.91,59.59,NA,NA,NA
"gab","Gabon","2001",81.4,59.52,NA,NA,NA
"gab","Gabon","2002",79.64,59.77,NA,NA,NA
"gab","Gabon","2003",77.81,59.82,NA,NA,NA
"gab","Gabon","2004",75.76,60.17,NA,NA,NA
"gab","Gabon","2005",73.6,61.11,NA,NA,NA
"gab","Gabon","2006",71.6,61.66,NA,NA,NA
"gab","Gabon","2007",69.18,62.03,NA,NA,NA
"gab","Gabon","2008",66.72,62.17,NA,NA,NA
"gab","Gabon","2009",64.21,62.69,NA,NA,NA
"gab","Gabon","2010",61.66,63.27,NA,NA,NA
"gab","Gabon","2011",59.32,63.69,NA,NA,NA
"gab","Gabon","2012",57.1,64.47,NA,NA,NA
"gab","Gabon","2013",54.91,65.28,NA,NA,NA
"gab","Gabon","2014",52.76,65.89,NA,NA,NA
"gab","Gabon","2015",50.3,66.27,NA,NA,NA
"gab","Gabon","2016",47.42,66.63,NA,NA,NA
"gab","Gabon","2017",45.54,67.05,NA,NA,NA
"gab","Gabon","2018",44.08,67.46,NA,NA,NA
"gab","Gabon","2019",43.03,67.81,NA,NA,NA
"gab","Gabon","2020",41.9,67.74,NA,NA,NA
"gab","Gabon","2021",40.63,67.02,NA,NA,NA
"gab","Gabon","2022",40.98,66.89,NA,NA,NA
"gab","Gabon","2023",41.51,67.37,NA,NA,NA
"gab","Gabon","2024",38.7,68.54,NA,NA,NA
"gab","Gabon","2025",38.01,68.68,NA,NA,NA
"gbr","UK","1915",165.75,48.3,NA,NA,NA
"gbr","UK","1916",133.7,47.83,NA,NA,NA
"gbr","UK","1917",136.63,45.67,NA,NA,NA
"gbr","UK","1918",171.1,40.52,NA,NA,NA
"gbr","UK","1919",134.76,54.24,NA,NA,NA
"gbr","UK","1920",133.61,56.73,NA,NA,NA
"gbr","UK","1921",114.1,58.48,NA,NA,NA
"gbr","UK","1922",120.07,57.26,NA,NA,NA
"gbr","UK","1923",102.31,59.54,NA,NA,NA
"gbr","UK","1924",114.25,58.31,NA,NA,NA
"gbr","UK","1925",112.54,58.65,NA,NA,NA
"gbr","UK","1926",103.23,59.8,NA,NA,NA
"gbr","UK","1927",103.61,59.18,NA,NA,NA
"gbr","UK","1928",98.08,60.14,NA,NA,NA
"gbr","UK","1929",113.83,57.85,NA,NA,NA
"gbr","UK","1930",89.43,61.04,NA,NA,NA
"gbr","UK","1931",95.38,60.26,NA,NA,NA
"gbr","UK","1932",92.78,60.79,NA,NA,NA
"gbr","UK","1933",87.72,60.83,NA,NA,NA
"gbr","UK","1934",86.47,61.56,NA,NA,NA
"gbr","UK","1935",80.54,62.22,NA,NA,NA
"gbr","UK","1936",83.32,62.02,NA,NA,NA
"gbr","UK","1937",80.48,62.05,NA,NA,NA
"gbr","UK","1938",73.5,63.48,NA,NA,NA
"gbr","UK","1939",65.9,63.87,NA,NA,NA
"gbr","UK","1940",77.25,61.14,NA,NA,NA
"gbr","UK","1941",81.31,61.55,NA,NA,NA
"gbr","UK","1942",68.03,64.17,NA,NA,NA
"gbr","UK","1943",64.65,64.19,NA,NA,NA
"gbr","UK","1944",59.49,65.02,NA,NA,NA
"gbr","UK","1945",55.1,66.03,NA,NA,NA
"gbr","UK","1946",53.59,66.65,NA,NA,NA
"gbr","UK","1947",53.54,66.61,NA,NA,NA
"gbr","UK","1948",40.16,68.68,NA,NA,NA
"gbr","UK","1949",38.27,68.37,NA,NA,NA
"gbr","UK","1950",36.6,68.88,NA,NA,NA
"gbr","UK","1951",35.08,68.76,NA,NA,NA
"gbr","UK","1952",33.57,69.49,NA,NA,NA
"gbr","UK","1953",32.1,70.03,NA,NA,NA
"gbr","UK","1954",30.77,70.34,NA,NA,NA
"gbr","UK","1955",29.62,70.46,NA,NA,NA
"gbr","UK","1956",28.69,70.64,NA,NA,NA
"gbr","UK","1957",27.96,70.77,NA,NA,NA
"gbr","UK","1958",27.4,70.95,NA,NA,NA
"gbr","UK","1959",26.95,71.06,NA,NA,NA
"gbr","UK","1960",26.55,71.17,NA,NA,NA
"gbr","UK","1961",26.13,71.08,NA,NA,NA
"gbr","UK","1962",25.59,71.05,NA,NA,NA
"gbr","UK","1963",24.91,71.1,NA,NA,NA
"gbr","UK","1964",24.17,71.5,NA,NA,NA
"gbr","UK","1965",23.43,71.65,NA,NA,NA
"gbr","UK","1966",22.77,71.7,NA,NA,NA
"gbr","UK","1967",22.22,72.01,NA,NA,NA
"gbr","UK","1968",21.79,71.93,NA,NA,NA
"gbr","UK","1969",21.42,71.88,NA,NA,NA
"gbr","UK","1970",21.02,72.08,NA,NA,NA
"gbr","UK","1971",20.58,72.24,NA,NA,NA
"gbr","UK","1972",20.04,72.16,NA,NA,NA
"gbr","UK","1973",19.41,72.33,NA,NA,NA
"gbr","UK","1974",18.72,72.53,NA,NA,NA
"gbr","UK","1975",17.97,72.78,NA,NA,NA
"gbr","UK","1976",17.2,72.93,NA,NA,NA
"gbr","UK","1977",16.44,73.24,NA,NA,NA
"gbr","UK","1978",15.68,73.3,NA,NA,NA
"gbr","UK","1979",14.91,73.42,NA,NA,NA
"gbr","UK","1980",14.13,73.79,NA,NA,NA
"gbr","UK","1981",13.38,74.08,NA,NA,NA
"gbr","UK","1982",12.71,74.24,NA,NA,NA
"gbr","UK","1983",12.15,74.51,NA,NA,NA
"gbr","UK","1984",11.72,74.76,NA,NA,NA
"gbr","UK","1985",11.38,74.81,NA,NA,NA
"gbr","UK","1986",11.09,75,NA,NA,NA
"gbr","UK","1987",10.77,75.25,NA,NA,NA
"gbr","UK","1988",10.37,75.39,NA,NA,NA
"gbr","UK","1989",9.88,75.6,NA,NA,NA
"gbr","UK","1990",9.3,75.85,NA,NA,NA
"gbr","UK","1991",8.7,76.08,NA,NA,NA
"gbr","UK","1992",8.17,76.34,NA,NA,NA
"gbr","UK","1993",7.74,76.43,NA,NA,NA
"gbr","UK","1994",7.42,76.73,NA,NA,NA
"gbr","UK","1995",7.18,76.84,NA,NA,NA
"gbr","UK","1996",7.02,77.05,NA,NA,NA
"gbr","UK","1997",6.89,77.3,NA,NA,NA
"gbr","UK","1998",6.77,77.45,NA,NA,NA
"gbr","UK","1999",6.65,77.6,NA,NA,NA
"gbr","UK","2000",6.55,77.97,NA,NA,NA
"gbr","UK","2001",6.44,78.29,NA,NA,NA
"gbr","UK","2002",6.34,78.45,NA,NA,NA
"gbr","UK","2003",6.25,78.64,NA,NA,NA
"gbr","UK","2004",6.15,79.04,NA,NA,NA
"gbr","UK","2005",6.03,79.33,NA,NA,NA
"gbr","UK","2006",5.91,79.55,NA,NA,NA
"gbr","UK","2007",5.75,79.78,NA,NA,NA
"gbr","UK","2008",5.57,79.97,NA,NA,NA
"gbr","UK","2009",5.37,80.32,NA,NA,NA
"gbr","UK","2010",5.17,80.58,NA,NA,NA
"gbr","UK","2011",4.97,80.81,NA,NA,NA
"gbr","UK","2012",4.8,80.92,NA,NA,NA
"gbr","UK","2013",4.65,80.96,NA,NA,NA
"gbr","UK","2014",4.54,81.09,NA,NA,NA
"gbr","UK","2015",4.47,81.05,NA,NA,NA
"gbr","UK","2016",4.41,81.09,NA,NA,NA
"gbr","UK","2017",4.37,81.16,NA,NA,NA
"gbr","UK","2018",4.33,81.05,NA,NA,NA
"gbr","UK","2019",4.28,81.07,NA,NA,NA
"gbr","UK","2020",4.19,79.79,NA,NA,NA
"gbr","UK","2021",4.1,80.09,NA,NA,NA
"gbr","UK","2022",3.74,81.5,NA,NA,NA
"gbr","UK","2023",3.64,81.65,NA,NA,NA
"gbr","UK","2024",3.55,81.79,NA,NA,NA
"gbr","UK","2025",3.46,81.93,NA,NA,NA
"geo","Georgia","1915",277.63,32.61,NA,NA,NA
"geo","Georgia","1916",274.91,32.55,NA,NA,NA
"geo","Georgia","1917",272.21,29.83,NA,NA,NA
"geo","Georgia","1918",269.54,22.1,NA,NA,NA
"geo","Georgia","1919",266.9,30.89,NA,NA,NA
"geo","Georgia","1920",264.28,32.59,NA,NA,NA
"geo","Georgia","1921",261.69,29.01,NA,NA,NA
"geo","Georgia","1922",259.12,31.15,NA,NA,NA
"geo","Georgia","1923",256.58,31.52,NA,NA,NA
"geo","Georgia","1924",254.07,30.59,NA,NA,NA
"geo","Georgia","1925",251.58,34.31,NA,NA,NA
"geo","Georgia","1926",249.11,37.03,NA,NA,NA
"geo","Georgia","1927",246.67,36.39,NA,NA,NA
"geo","Georgia","1928",244.25,37.62,NA,NA,NA
"geo","Georgia","1929",241.85,36.47,NA,NA,NA
"geo","Georgia","1930",239.48,35.81,NA,NA,NA
"geo","Georgia","1931",228.4,34.91,NA,NA,NA
"geo","Georgia","1932",217.78,32.69,NA,NA,NA
"geo","Georgia","1933",207.61,20.61,NA,NA,NA
"geo","Georgia","1934",197.86,37.55,NA,NA,NA
"geo","Georgia","1935",188.54,38.81,NA,NA,NA
"geo","Georgia","1936",179.6,40.16,NA,NA,NA
"geo","Georgia","1937",171.05,39.24,NA,NA,NA
"geo","Georgia","1938",162.87,40.58,NA,NA,NA
"geo","Georgia","1939",155.03,42.54,NA,NA,NA
"geo","Georgia","1940",147.53,40.36,NA,NA,NA
"geo","Georgia","1941",140.35,28.13,NA,NA,NA
"geo","Georgia","1942",133.49,25.12,NA,NA,NA
"geo","Georgia","1943",126.92,23.38,NA,NA,NA
"geo","Georgia","1944",120.63,29.37,NA,NA,NA
"geo","Georgia","1945",114.62,37.69,NA,NA,NA
"geo","Georgia","1946",108.87,45.7,NA,NA,NA
"geo","Georgia","1947",103.37,38.92,NA,NA,NA
"geo","Georgia","1948",98.12,45.55,NA,NA,NA
"geo","Georgia","1949",93.1,47.78,NA,NA,NA
"geo","Georgia","1950",88.29,49.59,NA,NA,NA
"geo","Georgia","1951",87.3,50.39,NA,NA,NA
"geo","Georgia","1952",85.34,51.35,NA,NA,NA
"geo","Georgia","1953",83.4,52.3,NA,NA,NA
"geo","Georgia","1954",81.48,53.27,NA,NA,NA
"geo","Georgia","1955",79.58,54.29,NA,NA,NA
"geo","Georgia","1956",77.69,55.4,NA,NA,NA
"geo","Georgia","1957",75.83,56.37,NA,NA,NA
"geo","Georgia","1958",73.98,57.31,NA,NA,NA
"geo","Georgia","1959",72.15,58.3,NA,NA,NA
"geo","Georgia","1960",70.33,59.25,NA,NA,NA
"geo","Georgia","1961",68.52,60.14,NA,NA,NA
"geo","Georgia","1962",66.71,60.95,NA,NA,NA
"geo","Georgia","1963",64.92,61.56,NA,NA,NA
"geo","Georgia","1964",63.12,62.26,NA,NA,NA
"geo","Georgia","1965",61.3,62.95,NA,NA,NA
"geo","Georgia","1966",59.48,63.56,NA,NA,NA
"geo","Georgia","1967",57.65,64.12,NA,NA,NA
"geo","Georgia","1968",55.87,64.6,NA,NA,NA
"geo","Georgia","1969",54.13,64.99,NA,NA,NA
"geo","Georgia","1970",52.5,65.36,NA,NA,NA
"geo","Georgia","1971",51,65.67,NA,NA,NA
"geo","Georgia","1972",51.03,65.93,NA,NA,NA
"geo","Georgia","1973",49.83,66.23,NA,NA,NA
"geo","Georgia","1974",48.83,66.51,NA,NA,NA
"geo","Georgia","1975",48,66.74,NA,NA,NA
"geo","Georgia","1976",68.85,67.06,NA,NA,NA
"geo","Georgia","1977",66.27,67.41,NA,NA,NA
"geo","Georgia","1978",48,67.73,NA,NA,NA
"geo","Georgia","1979",61.55,68.09,NA,NA,NA
"geo","Georgia","1980",59.32,68.54,NA,NA,NA
"geo","Georgia","1981",47,68.84,NA,NA,NA
"geo","Georgia","1982",55.22,69.1,NA,NA,NA
"geo","Georgia","1983",53.44,69.1,NA,NA,NA
"geo","Georgia","1984",45,68.95,NA,NA,NA
"geo","Georgia","1985",50.59,69.06,NA,NA,NA
"geo","Georgia","1986",49.67,69.08,NA,NA,NA
"geo","Georgia","1987",50,68.89,NA,NA,NA
"geo","Georgia","1988",48.54,68.7,NA,NA,NA
"geo","Georgia","1989",48.19,68.52,NA,NA,NA
"geo","Georgia","1990",47.86,68.53,NA,NA,NA
"geo","Georgia","1991",47.53,68.41,NA,NA,NA
"geo","Georgia","1992",47.13,67.93,NA,NA,NA
"geo","Georgia","1993",46.63,67.78,NA,NA,NA
"geo","Georgia","1994",45.99,68.81,NA,NA,NA
"geo","Georgia","1995",45.15,69.98,NA,NA,NA
"geo","Georgia","1996",43.97,70.93,NA,NA,NA
"geo","Georgia","1997",42.53,70.88,NA,NA,NA
"geo","Georgia","1998",40.78,70.63,NA,NA,NA
"geo","Georgia","1999",38.79,70.67,NA,NA,NA
"geo","Georgia","2000",36.56,70.68,NA,NA,NA
"geo","Georgia","2001",34.1,70.78,NA,NA,NA
"geo","Georgia","2002",31.49,70.38,NA,NA,NA
"geo","Georgia","2003",28.84,70.59,NA,NA,NA
"geo","Georgia","2004",26.18,70.68,NA,NA,NA
"geo","Georgia","2005",23.63,71.05,NA,NA,NA
"geo","Georgia","2006",21.26,71.47,NA,NA,NA
"geo","Georgia","2007",19.1,71.96,NA,NA,NA
"geo","Georgia","2008",17.2,71.52,NA,NA,NA
"geo","Georgia","2009",15.56,71.72,NA,NA,NA
"geo","Georgia","2010",14.18,71.88,NA,NA,NA
"geo","Georgia","2011",13.04,72.17,NA,NA,NA
"geo","Georgia","2012",12.13,72.45,NA,NA,NA
"geo","Georgia","2013",11.44,72.92,NA,NA,NA
"geo","Georgia","2014",10.91,73.18,NA,NA,NA
"geo","Georgia","2015",10.51,73.29,NA,NA,NA
"geo","Georgia","2016",10.2,73.14,NA,NA,NA
"geo","Georgia","2017",9.94,73.2,NA,NA,NA
"geo","Georgia","2018",9.72,73.28,NA,NA,NA
"geo","Georgia","2019",9.5,73.4,NA,NA,NA
"geo","Georgia","2020",9.25,72.7,NA,NA,NA
"geo","Georgia","2021",9,71.63,NA,NA,NA
"geo","Georgia","2022",9.1,71.52,NA,NA,NA
"geo","Georgia","2023",9.14,72.37,NA,NA,NA
"geo","Georgia","2024",7.88,74.31,NA,NA,NA
"geo","Georgia","2025",7.55,74.47,NA,NA,NA
"gha","Ghana","1915",457.55,30.54,NA,NA,NA
"gha","Ghana","1916",456.44,30.58,NA,NA,NA
"gha","Ghana","1917",455.34,30.61,NA,NA,NA
"gha","Ghana","1918",454.23,10.33,NA,NA,NA
"gha","Ghana","1919",453.12,30.69,NA,NA,NA
"gha","Ghana","1920",452.02,30.73,NA,NA,NA
"gha","Ghana","1921",450.91,30.77,NA,NA,NA
"gha","Ghana","1922",449.81,30.81,NA,NA,NA
"gha","Ghana","1923",448.7,30.85,NA,NA,NA
"gha","Ghana","1924",447.59,30.89,NA,NA,NA
"gha","Ghana","1925",446.49,30.93,NA,NA,NA
"gha","Ghana","1926",438.79,31.54,NA,NA,NA
"gha","Ghana","1927",431.12,32.17,NA,NA,NA
"gha","Ghana","1928",422.36,32.78,NA,NA,NA
"gha","Ghana","1929",414.94,33.41,NA,NA,NA
"gha","Ghana","1930",407.67,34.03,NA,NA,NA
"gha","Ghana","1931",400.22,34.67,NA,NA,NA
"gha","Ghana","1932",391.7,35.29,NA,NA,NA
"gha","Ghana","1933",384.48,35.93,NA,NA,NA
"gha","Ghana","1934",377.4,36.55,NA,NA,NA
"gha","Ghana","1935",370.39,37.19,NA,NA,NA
"gha","Ghana","1936",362.35,37.82,NA,NA,NA
"gha","Ghana","1937",355.56,38.46,NA,NA,NA
"gha","Ghana","1938",348.87,39.09,NA,NA,NA
"gha","Ghana","1939",342.27,39.74,NA,NA,NA
"gha","Ghana","1940",334.67,40.37,NA,NA,NA
"gha","Ghana","1941",325.43,41.04,NA,NA,NA
"gha","Ghana","1942",316.45,41.71,NA,NA,NA
"gha","Ghana","1943",307.72,42.38,NA,NA,NA
"gha","Ghana","1944",299.23,43.06,NA,NA,NA
"gha","Ghana","1945",290.97,43.73,NA,NA,NA
"gha","Ghana","1946",282.94,44.41,NA,NA,NA
"gha","Ghana","1947",275.13,45.09,NA,NA,NA
"gha","Ghana","1948",267.54,45.77,NA,NA,NA
"gha","Ghana","1949",260.15,46.45,NA,NA,NA
"gha","Ghana","1950",252.97,47.14,NA,NA,NA
"gha","Ghana","1951",247.02,47.28,NA,NA,NA
"gha","Ghana","1952",241.41,47.37,NA,NA,NA
"gha","Ghana","1953",235.96,47.72,NA,NA,NA
"gha","Ghana","1954",230.88,47.97,NA,NA,NA
"gha","Ghana","1955",226.07,48.33,NA,NA,NA
"gha","Ghana","1956",221.52,48.98,NA,NA,NA
"gha","Ghana","1957",217.34,49.45,NA,NA,NA
"gha","Ghana","1958",213.73,50.09,NA,NA,NA
"gha","Ghana","1959",210.71,50.6,NA,NA,NA
"gha","Ghana","1960",208.17,51.03,NA,NA,NA
"gha","Ghana","1961",206.15,51.48,NA,NA,NA
"gha","Ghana","1962",204.56,52.03,NA,NA,NA
"gha","Ghana","1963",203.38,52.38,NA,NA,NA
"gha","Ghana","1964",202.66,52.71,NA,NA,NA
"gha","Ghana","1965",202.35,53,NA,NA,NA
"gha","Ghana","1966",202.29,53.24,NA,NA,NA
"gha","Ghana","1967",202.68,53.5,NA,NA,NA
"gha","Ghana","1968",202.96,53.84,NA,NA,NA
"gha","Ghana","1969",202.99,54.12,NA,NA,NA
"gha","Ghana","1970",202.53,54.46,NA,NA,NA
"gha","Ghana","1971",201.37,54.77,NA,NA,NA
"gha","Ghana","1972",199.24,55.18,NA,NA,NA
"gha","Ghana","1973",196.03,55.55,NA,NA,NA
"gha","Ghana","1974",191.75,55.95,NA,NA,NA
"gha","Ghana","1975",186.8,56.27,NA,NA,NA
"gha","Ghana","1976",181.53,56.55,NA,NA,NA
"gha","Ghana","1977",176.61,56.8,NA,NA,NA
"gha","Ghana","1978",172.51,57.16,NA,NA,NA
"gha","Ghana","1979",169.43,57.4,NA,NA,NA
"gha","Ghana","1980",167.21,57.53,NA,NA,NA
"gha","Ghana","1981",165.65,57.69,NA,NA,NA
"gha","Ghana","1982",164.05,57.7,NA,NA,NA
"gha","Ghana","1983",161.95,57.78,NA,NA,NA
"gha","Ghana","1984",158.88,57.9,NA,NA,NA
"gha","Ghana","1985",154.87,58.17,NA,NA,NA
"gha","Ghana","1986",149.85,58.45,NA,NA,NA
"gha","Ghana","1987",144.21,58.68,NA,NA,NA
"gha","Ghana","1988",138.28,58.94,NA,NA,NA
"gha","Ghana","1989",132.49,59.19,NA,NA,NA
"gha","Ghana","1990",127.41,59.37,NA,NA,NA
"gha","Ghana","1991",123.24,59.57,NA,NA,NA
"gha","Ghana","1992",119.93,59.68,NA,NA,NA
"gha","Ghana","1993",117.56,59.89,NA,NA,NA
"gha","Ghana","1994",115.75,59.65,NA,NA,NA
"gha","Ghana","1995",114.18,59.89,NA,NA,NA
"gha","Ghana","1996",112.38,59.84,NA,NA,NA
"gha","Ghana","1997",110.08,59.53,NA,NA,NA
"gha","Ghana","1998",107.17,59.71,NA,NA,NA
"gha","Ghana","1999",103.65,59.66,NA,NA,NA
"gha","Ghana","2000",99.74,59.61,NA,NA,NA
"gha","Ghana","2001",95.71,59.5,NA,NA,NA
"gha","Ghana","2002",91.88,59.53,NA,NA,NA
"gha","Ghana","2003",88.51,59.64,NA,NA,NA
"gha","Ghana","2004",85.61,59.81,NA,NA,NA
"gha","Ghana","2005",83.01,60.01,NA,NA,NA
"gha","Ghana","2006",80.56,60.25,NA,NA,NA
"gha","Ghana","2007",78.05,60.53,NA,NA,NA
"gha","Ghana","2008",75.3,60.95,NA,NA,NA
"gha","Ghana","2009",72.32,61.34,NA,NA,NA
"gha","Ghana","2010",69.12,61.79,NA,NA,NA
"gha","Ghana","2011",65.86,62.41,NA,NA,NA
"gha","Ghana","2012",62.71,63.01,NA,NA,NA
"gha","Ghana","2013",59.79,63.47,NA,NA,NA
"gha","Ghana","2014",57.08,63.88,NA,NA,NA
"gha","Ghana","2015",54.56,64.22,NA,NA,NA
"gha","Ghana","2016",52.21,64.65,NA,NA,NA
"gha","Ghana","2017",50.05,65.11,NA,NA,NA
"gha","Ghana","2018",48.14,65.77,NA,NA,NA
"gha","Ghana","2019",46.37,66.31,NA,NA,NA
"gha","Ghana","2020",44.71,65.67,NA,NA,NA
"gha","Ghana","2021",43.24,65.34,NA,NA,NA
"gha","Ghana","2022",42.56,65.5,NA,NA,NA
"gha","Ghana","2023",43.49,66.09,NA,NA,NA
"gha","Ghana","2024",42.47,67.24,NA,NA,NA
"gha","Ghana","2025",41.83,67.41,NA,NA,NA
"gin","Guinea","1915",421.72,33.97,NA,NA,NA
"gin","Guinea","1916",420.7,34.03,NA,NA,NA
"gin","Guinea","1917",419.68,34.09,NA,NA,NA
"gin","Guinea","1918",418.66,13.21,NA,NA,NA
"gin","Guinea","1919",417.64,34.22,NA,NA,NA
"gin","Guinea","1920",416.62,34.28,NA,NA,NA
"gin","Guinea","1921",414.32,34.34,NA,NA,NA
"gin","Guinea","1922",413.31,34.4,NA,NA,NA
"gin","Guinea","1923",412.29,34.46,NA,NA,NA
"gin","Guinea","1924",411.27,34.52,NA,NA,NA
"gin","Guinea","1925",410.26,34.59,NA,NA,NA
"gin","Guinea","1926",409.24,34.65,NA,NA,NA
"gin","Guinea","1927",408.23,34.71,NA,NA,NA
"gin","Guinea","1928",407.21,34.77,NA,NA,NA
"gin","Guinea","1929",406.19,34.83,NA,NA,NA
"gin","Guinea","1930",405.18,34.9,NA,NA,NA
"gin","Guinea","1931",402.76,34.97,NA,NA,NA
"gin","Guinea","1932",401.57,35.03,NA,NA,NA
"gin","Guinea","1933",400.4,35.09,NA,NA,NA
"gin","Guinea","1934",399.23,35.16,NA,NA,NA
"gin","Guinea","1935",398.05,35.22,NA,NA,NA
"gin","Guinea","1936",396.88,35.28,NA,NA,NA
"gin","Guinea","1937",395.71,35.34,NA,NA,NA
"gin","Guinea","1938",394.53,35.4,NA,NA,NA
"gin","Guinea","1939",393.36,35.47,NA,NA,NA
"gin","Guinea","1940",392.19,35.53,NA,NA,NA
"gin","Guinea","1941",389.81,35.64,NA,NA,NA
"gin","Guinea","1942",388.65,35.75,NA,NA,NA
"gin","Guinea","1943",387.48,35.85,NA,NA,NA
"gin","Guinea","1944",386.32,35.96,NA,NA,NA
"gin","Guinea","1945",385.16,36.08,NA,NA,NA
"gin","Guinea","1946",380.51,36.54,NA,NA,NA
"gin","Guinea","1947",375.89,36.99,NA,NA,NA
"gin","Guinea","1948",371.28,37.45,NA,NA,NA
"gin","Guinea","1949",366.76,37.91,NA,NA,NA
"gin","Guinea","1950",359.25,38.37,NA,NA,NA
"gin","Guinea","1951",359.15,38.55,NA,NA,NA
"gin","Guinea","1952",358.93,38.8,NA,NA,NA
"gin","Guinea","1953",358.4,39.11,NA,NA,NA
"gin","Guinea","1954",357.56,39.42,NA,NA,NA
"gin","Guinea","1955",356.59,39.69,NA,NA,NA
"gin","Guinea","1956",355.4,39.99,NA,NA,NA
"gin","Guinea","1957",353.99,40.24,NA,NA,NA
"gin","Guinea","1958",352.15,40.49,NA,NA,NA
"gin","Guinea","1959",350.09,40.81,NA,NA,NA
"gin","Guinea","1960",347.98,41.15,NA,NA,NA
"gin","Guinea","1961",345.55,41.48,NA,NA,NA
"gin","Guinea","1962",343.27,41.8,NA,NA,NA
"gin","Guinea","1963",340.61,42.14,NA,NA,NA
"gin","Guinea","1964",338.09,42.43,NA,NA,NA
"gin","Guinea","1965",335.28,42.75,NA,NA,NA
"gin","Guinea","1966",332.47,43.02,NA,NA,NA
"gin","Guinea","1967",329.64,43.28,NA,NA,NA
"gin","Guinea","1968",326.77,43.5,NA,NA,NA
"gin","Guinea","1969",323.72,43.72,NA,NA,NA
"gin","Guinea","1970",320.67,43.85,NA,NA,NA
"gin","Guinea","1971",317.4,44.08,NA,NA,NA
"gin","Guinea","1972",314.07,44.35,NA,NA,NA
"gin","Guinea","1973",310.86,44.6,NA,NA,NA
"gin","Guinea","1974",307.12,44.85,NA,NA,NA
"gin","Guinea","1975",303.16,45.13,NA,NA,NA
"gin","Guinea","1976",299.02,45.53,NA,NA,NA
"gin","Guinea","1977",294.45,45.9,NA,NA,NA
"gin","Guinea","1978",289.69,46.4,NA,NA,NA
"gin","Guinea","1979",284.89,46.88,NA,NA,NA
"gin","Guinea","1980",279.98,47.27,NA,NA,NA
"gin","Guinea","1981",275.11,47.66,NA,NA,NA
"gin","Guinea","1982",270.38,48.08,NA,NA,NA
"gin","Guinea","1983",265.76,48.38,NA,NA,NA
"gin","Guinea","1984",261.02,49.02,NA,NA,NA
"gin","Guinea","1985",256.38,49.57,NA,NA,NA
"gin","Guinea","1986",251.7,50.14,NA,NA,NA
"gin","Guinea","1987",247.06,50.55,NA,NA,NA
"gin","Guinea","1988",242.36,50.95,NA,NA,NA
"gin","Guinea","1989",237.33,51.39,NA,NA,NA
"gin","Guinea","1990",231.84,51.92,NA,NA,NA
"gin","Guinea","1991",225.91,52.39,NA,NA,NA
"gin","Guinea","1992",219.53,52.62,NA,NA,NA
"gin","Guinea","1993",212.87,53.07,NA,NA,NA
"gin","Guinea","1994",206.01,53.29,NA,NA,NA
"gin","Guinea","1995",199.01,53.55,NA,NA,NA
"gin","Guinea","1996",192.03,53.98,NA,NA,NA
"gin","Guinea","1997",185.17,54.24,NA,NA,NA
"gin","Guinea","1998",178.16,54.34,NA,NA,NA
"gin","Guinea","1999",171.18,54.44,NA,NA,NA
"gin","Guinea","2000",164.2,54.34,NA,NA,NA
"gin","Guinea","2001",157.41,54.71,NA,NA,NA
"gin","Guinea","2002",150.94,55.09,NA,NA,NA
"gin","Guinea","2003",144.94,55.44,NA,NA,NA
"gin","Guinea","2004",139.48,55.7,NA,NA,NA
"gin","Guinea","2005",134.69,56,NA,NA,NA
"gin","Guinea","2006",130.42,56.25,NA,NA,NA
"gin","Guinea","2007",126.59,56.5,NA,NA,NA
"gin","Guinea","2008",123.29,56.87,NA,NA,NA
"gin","Guinea","2009",120.3,57.14,NA,NA,NA
"gin","Guinea","2010",117.7,57.56,NA,NA,NA
"gin","Guinea","2011",115.3,57.91,NA,NA,NA
"gin","Guinea","2012",112.96,58.19,NA,NA,NA
"gin","Guinea","2013",110.73,58.4,NA,NA,NA
"gin","Guinea","2014",109.24,57.86,NA,NA,NA
"gin","Guinea","2015",107.3,58.49,NA,NA,NA
"gin","Guinea","2016",104.6,59.26,NA,NA,NA
"gin","Guinea","2017",102.6,59.91,NA,NA,NA
"gin","Guinea","2018",100.45,60.57,NA,NA,NA
"gin","Guinea","2019",98,61.24,NA,NA,NA
"gin","Guinea","2020",95.49,60.84,NA,NA,NA
"gin","Guinea","2021",92.85,60.39,NA,NA,NA
"gin","Guinea","2022",92.21,60.49,NA,NA,NA
"gin","Guinea","2023",93.5,61.06,NA,NA,NA
"gin","Guinea","2024",91.24,62.26,NA,NA,NA
"gin","Guinea","2025",89.94,62.46,NA,NA,NA
"gmb","Gambia","1915",446.71,40.85,NA,NA,NA
"gmb","Gambia","1916",445.63,41.04,NA,NA,NA
"gmb","Gambia","1917",444.55,41.22,NA,NA,NA
"gmb","Gambia","1918",443.47,16.42,NA,NA,NA
"gmb","Gambia","1919",442.39,41.59,NA,NA,NA
"gmb","Gambia","1920",441.31,41.78,NA,NA,NA
"gmb","Gambia","1921",440.23,41.97,NA,NA,NA
"gmb","Gambia","1922",439.15,42.15,NA,NA,NA
"gmb","Gambia","1923",438.07,42.34,NA,NA,NA
"gmb","Gambia","1924",436.99,42.52,NA,NA,NA
"gmb","Gambia","1925",435.91,42.71,NA,NA,NA
"gmb","Gambia","1926",434.83,42.89,NA,NA,NA
"gmb","Gambia","1927",433.75,43.08,NA,NA,NA
"gmb","Gambia","1928",432.67,43.26,NA,NA,NA
"gmb","Gambia","1929",431.59,43.45,NA,NA,NA
"gmb","Gambia","1930",430.51,43.63,NA,NA,NA
"gmb","Gambia","1931",429.84,43.82,NA,NA,NA
"gmb","Gambia","1932",429.18,44,NA,NA,NA
"gmb","Gambia","1933",428.51,44.19,NA,NA,NA
"gmb","Gambia","1934",427.83,44.38,NA,NA,NA
"gmb","Gambia","1935",427.16,44.56,NA,NA,NA
"gmb","Gambia","1936",426.48,44.75,NA,NA,NA
"gmb","Gambia","1937",425.81,44.93,NA,NA,NA
"gmb","Gambia","1938",425.13,45.12,NA,NA,NA
"gmb","Gambia","1939",424.44,45.3,NA,NA,NA
"gmb","Gambia","1940",423.76,45.49,NA,NA,NA
"gmb","Gambia","1941",423.07,45.96,NA,NA,NA
"gmb","Gambia","1942",422.38,46.45,NA,NA,NA
"gmb","Gambia","1943",421.69,46.92,NA,NA,NA
"gmb","Gambia","1944",421,47.4,NA,NA,NA
"gmb","Gambia","1945",420.31,47.9,NA,NA,NA
"gmb","Gambia","1946",417.06,48.67,NA,NA,NA
"gmb","Gambia","1947",415.3,49.45,NA,NA,NA
"gmb","Gambia","1948",413.55,50.22,NA,NA,NA
"gmb","Gambia","1949",411.8,51.02,NA,NA,NA
"gmb","Gambia","1950",410.07,51.81,NA,NA,NA
"gmb","Gambia","1951",407.91,52.1,NA,NA,NA
"gmb","Gambia","1952",404.56,52.27,NA,NA,NA
"gmb","Gambia","1953",400.28,52.46,NA,NA,NA
"gmb","Gambia","1954",396.5,52.67,NA,NA,NA
"gmb","Gambia","1955",393.22,52.84,NA,NA,NA
"gmb","Gambia","1956",390.18,52.99,NA,NA,NA
"gmb","Gambia","1957",382.64,53.15,NA,NA,NA
"gmb","Gambia","1958",374.82,53.27,NA,NA,NA
"gmb","Gambia","1959",367.5,53.56,NA,NA,NA
"gmb","Gambia","1960",360.14,53.85,NA,NA,NA
"gmb","Gambia","1961",353.11,54.14,NA,NA,NA
"gmb","Gambia","1962",346.61,54.37,NA,NA,NA
"gmb","Gambia","1963",339.86,54.6,NA,NA,NA
"gmb","Gambia","1964",333.42,54.85,NA,NA,NA
"gmb","Gambia","1965",326.76,55.21,NA,NA,NA
"gmb","Gambia","1966",320.5,55.6,NA,NA,NA
"gmb","Gambia","1967",314.09,55.97,NA,NA,NA
"gmb","Gambia","1968",307.55,56.22,NA,NA,NA
"gmb","Gambia","1969",301.35,56.52,NA,NA,NA
"gmb","Gambia","1970",295.06,56.59,NA,NA,NA
"gmb","Gambia","1971",288.68,56.66,NA,NA,NA
"gmb","Gambia","1972",281.99,56.7,NA,NA,NA
"gmb","Gambia","1973",275.38,56.78,NA,NA,NA
"gmb","Gambia","1974",268.73,56.87,NA,NA,NA
"gmb","Gambia","1975",261.9,56.99,NA,NA,NA
"gmb","Gambia","1976",255.15,57.14,NA,NA,NA
"gmb","Gambia","1977",248.65,57.33,NA,NA,NA
"gmb","Gambia","1978",242.37,57,NA,NA,NA
"gmb","Gambia","1979",236.11,57.88,NA,NA,NA
"gmb","Gambia","1980",229.74,58.16,NA,NA,NA
"gmb","Gambia","1981",223.51,56.54,NA,NA,NA
"gmb","Gambia","1982",216.96,58.88,NA,NA,NA
"gmb","Gambia","1983",210.33,59.2,NA,NA,NA
"gmb","Gambia","1984",203.82,59.44,NA,NA,NA
"gmb","Gambia","1985",197.12,59.64,NA,NA,NA
"gmb","Gambia","1986",190.66,59.87,NA,NA,NA
"gmb","Gambia","1987",184.16,60.05,NA,NA,NA
"gmb","Gambia","1988",177.95,60.25,NA,NA,NA
"gmb","Gambia","1989",172.05,60.39,NA,NA,NA
"gmb","Gambia","1990",166.31,60.61,NA,NA,NA
"gmb","Gambia","1991",160.68,60.8,NA,NA,NA
"gmb","Gambia","1992",155.14,60.75,NA,NA,NA
"gmb","Gambia","1993",149.59,61.18,NA,NA,NA
"gmb","Gambia","1994",143.99,61.25,NA,NA,NA
"gmb","Gambia","1995",138.55,61.37,NA,NA,NA
"gmb","Gambia","1996",133.23,61.43,NA,NA,NA
"gmb","Gambia","1997",128.06,61.12,NA,NA,NA
"gmb","Gambia","1998",123.01,61.51,NA,NA,NA
"gmb","Gambia","1999",118.08,61.48,NA,NA,NA
"gmb","Gambia","2000",113.36,61.6,NA,NA,NA
"gmb","Gambia","2001",108.67,61.69,NA,NA,NA
"gmb","Gambia","2002",104.17,61.73,NA,NA,NA
"gmb","Gambia","2003",99.81,61.82,NA,NA,NA
"gmb","Gambia","2004",95.57,61.97,NA,NA,NA
"gmb","Gambia","2005",91.48,62.16,NA,NA,NA
"gmb","Gambia","2006",87.56,62.43,NA,NA,NA
"gmb","Gambia","2007",83.82,62.6,NA,NA,NA
"gmb","Gambia","2008",80.26,62.94,NA,NA,NA
"gmb","Gambia","2009",76.84,63.28,NA,NA,NA
"gmb","Gambia","2010",73.62,63.71,NA,NA,NA
"gmb","Gambia","2011",70.57,64.17,NA,NA,NA
"gmb","Gambia","2012",67.72,64.53,NA,NA,NA
"gmb","Gambia","2013",64.99,64.79,NA,NA,NA
"gmb","Gambia","2014",62.38,65.03,NA,NA,NA
"gmb","Gambia","2015",59.8,65.36,NA,NA,NA
"gmb","Gambia","2016",57.41,65.69,NA,NA,NA
"gmb","Gambia","2017",55.14,66.04,NA,NA,NA
"gmb","Gambia","2018",53.07,66.39,NA,NA,NA
"gmb","Gambia","2019",51.18,66.74,NA,NA,NA
"gmb","Gambia","2020",49.39,65.55,NA,NA,NA
"gmb","Gambia","2021",47.75,64.99,NA,NA,NA
"gmb","Gambia","2022",43.83,65.85,NA,NA,NA
"gmb","Gambia","2023",41.88,67.13,NA,NA,NA
"gmb","Gambia","2024",42.38,67.9,NA,NA,NA
"gmb","Gambia","2025",45.12,68.16,NA,NA,NA
"gnb","Guinea-Bissau","1915",405.19,28.83,NA,NA,NA
"gnb","Guinea-Bissau","1916",404.21,28.78,NA,NA,NA
"gnb","Guinea-Bissau","1917",403.23,28.73,NA,NA,NA
"gnb","Guinea-Bissau","1918",402.25,11.1,NA,NA,NA
"gnb","Guinea-Bissau","1919",401.27,28.63,NA,NA,NA
"gnb","Guinea-Bissau","1920",400.29,28.58,NA,NA,NA
"gnb","Guinea-Bissau","1921",399.31,28.53,NA,NA,NA
"gnb","Guinea-Bissau","1922",398.33,28.48,NA,NA,NA
"gnb","Guinea-Bissau","1923",397.35,28.44,NA,NA,NA
"gnb","Guinea-Bissau","1924",396.38,28.39,NA,NA,NA
"gnb","Guinea-Bissau","1925",395.4,28.34,NA,NA,NA
"gnb","Guinea-Bissau","1926",394.42,28.29,NA,NA,NA
"gnb","Guinea-Bissau","1927",393.44,28.24,NA,NA,NA
"gnb","Guinea-Bissau","1928",392.46,28.19,NA,NA,NA
"gnb","Guinea-Bissau","1929",391.48,28.14,NA,NA,NA
"gnb","Guinea-Bissau","1930",390.5,28.09,NA,NA,NA
"gnb","Guinea-Bissau","1931",390.31,28.34,NA,NA,NA
"gnb","Guinea-Bissau","1932",388.83,28.59,NA,NA,NA
"gnb","Guinea-Bissau","1933",388.48,28.84,NA,NA,NA
"gnb","Guinea-Bissau","1934",386.89,29.08,NA,NA,NA
"gnb","Guinea-Bissau","1935",386.44,29.32,NA,NA,NA
"gnb","Guinea-Bissau","1936",385.9,29.56,NA,NA,NA
"gnb","Guinea-Bissau","1937",384.14,29.81,NA,NA,NA
"gnb","Guinea-Bissau","1938",383.51,30.05,NA,NA,NA
"gnb","Guinea-Bissau","1939",382.81,30.29,NA,NA,NA
"gnb","Guinea-Bissau","1940",380.87,30.53,NA,NA,NA
"gnb","Guinea-Bissau","1941",377.91,30.81,NA,NA,NA
"gnb","Guinea-Bissau","1942",374.94,31.09,NA,NA,NA
"gnb","Guinea-Bissau","1943",371.96,31.36,NA,NA,NA
"gnb","Guinea-Bissau","1944",368.96,31.63,NA,NA,NA
"gnb","Guinea-Bissau","1945",365.95,31.91,NA,NA,NA
"gnb","Guinea-Bissau","1946",362.94,32.19,NA,NA,NA
"gnb","Guinea-Bissau","1947",359.91,32.46,NA,NA,NA
"gnb","Guinea-Bissau","1948",356.88,32.73,NA,NA,NA
"gnb","Guinea-Bissau","1949",353.84,33.01,NA,NA,NA
"gnb","Guinea-Bissau","1950",350.8,33.27,NA,NA,NA
"gnb","Guinea-Bissau","1951",349.54,33.6,NA,NA,NA
"gnb","Guinea-Bissau","1952",347.05,33.94,NA,NA,NA
"gnb","Guinea-Bissau","1953",344.62,34.33,NA,NA,NA
"gnb","Guinea-Bissau","1954",342.28,34.95,NA,NA,NA
"gnb","Guinea-Bissau","1955",339.94,35.3,NA,NA,NA
"gnb","Guinea-Bissau","1956",337.64,35.76,NA,NA,NA
"gnb","Guinea-Bissau","1957",335.36,36.2,NA,NA,NA
"gnb","Guinea-Bissau","1958",333.06,36.61,NA,NA,NA
"gnb","Guinea-Bissau","1959",330.65,36.98,NA,NA,NA
"gnb","Guinea-Bissau","1960",328.29,37.39,NA,NA,NA
"gnb","Guinea-Bissau","1961",325.53,37.79,NA,NA,NA
"gnb","Guinea-Bissau","1962",322.64,38.17,NA,NA,NA
"gnb","Guinea-Bissau","1963",319.37,35.95,NA,NA,NA
"gnb","Guinea-Bissau","1964",315.97,36.38,NA,NA,NA
"gnb","Guinea-Bissau","1965",312.33,36.8,NA,NA,NA
"gnb","Guinea-Bissau","1966",308.58,37.2,NA,NA,NA
"gnb","Guinea-Bissau","1967",304.95,37.63,NA,NA,NA
"gnb","Guinea-Bissau","1968",301.38,38.06,NA,NA,NA
"gnb","Guinea-Bissau","1969",297.79,38.53,NA,NA,NA
"gnb","Guinea-Bissau","1970",294.66,39.02,NA,NA,NA
"gnb","Guinea-Bissau","1971",291.45,39.41,NA,NA,NA
"gnb","Guinea-Bissau","1972",288.14,39.83,NA,NA,NA
"gnb","Guinea-Bissau","1973",284.82,40.21,NA,NA,NA
"gnb","Guinea-Bissau","1974",281.33,43.21,NA,NA,NA
"gnb","Guinea-Bissau","1975",277.8,43.57,NA,NA,NA
"gnb","Guinea-Bissau","1976",273.95,43.99,NA,NA,NA
"gnb","Guinea-Bissau","1977",270.12,44.28,NA,NA,NA
"gnb","Guinea-Bissau","1978",266.25,44.69,NA,NA,NA
"gnb","Guinea-Bissau","1979",262.44,45.1,NA,NA,NA
"gnb","Guinea-Bissau","1980",258.8,45.31,NA,NA,NA
"gnb","Guinea-Bissau","1981",255.33,45.45,NA,NA,NA
"gnb","Guinea-Bissau","1982",252.12,45.68,NA,NA,NA
"gnb","Guinea-Bissau","1983",249.32,45.9,NA,NA,NA
"gnb","Guinea-Bissau","1984",246.57,46.2,NA,NA,NA
"gnb","Guinea-Bissau","1985",244.02,46.53,NA,NA,NA
"gnb","Guinea-Bissau","1986",239.33,46.88,NA,NA,NA
"gnb","Guinea-Bissau","1987",234.89,47.24,NA,NA,NA
"gnb","Guinea-Bissau","1988",230.72,47.7,NA,NA,NA
"gnb","Guinea-Bissau","1989",226.45,48.15,NA,NA,NA
"gnb","Guinea-Bissau","1990",222.28,48.62,NA,NA,NA
"gnb","Guinea-Bissau","1991",217.89,49.04,NA,NA,NA
"gnb","Guinea-Bissau","1992",213.42,49.38,NA,NA,NA
"gnb","Guinea-Bissau","1993",208.88,49.7,NA,NA,NA
"gnb","Guinea-Bissau","1994",204.13,49.79,NA,NA,NA
"gnb","Guinea-Bissau","1995",199.15,50.27,NA,NA,NA
"gnb","Guinea-Bissau","1996",194.09,49.51,NA,NA,NA
"gnb","Guinea-Bissau","1997",189.11,50.04,NA,NA,NA
"gnb","Guinea-Bissau","1998",184.14,49.79,NA,NA,NA
"gnb","Guinea-Bissau","1999",179.04,49.95,NA,NA,NA
"gnb","Guinea-Bissau","2000",173.78,51.47,NA,NA,NA
"gnb","Guinea-Bissau","2001",168.4,51.8,NA,NA,NA
"gnb","Guinea-Bissau","2002",162.77,52.09,NA,NA,NA
"gnb","Guinea-Bissau","2003",156.79,52.41,NA,NA,NA
"gnb","Guinea-Bissau","2004",150.72,52.67,NA,NA,NA
"gnb","Guinea-Bissau","2005",144.51,52.75,NA,NA,NA
"gnb","Guinea-Bissau","2006",138.33,53.59,NA,NA,NA
"gnb","Guinea-Bissau","2007",132.2,54.26,NA,NA,NA
"gnb","Guinea-Bissau","2008",126.13,54.79,NA,NA,NA
"gnb","Guinea-Bissau","2009",120.24,55.52,NA,NA,NA
"gnb","Guinea-Bissau","2010",114.5,56.2,NA,NA,NA
"gnb","Guinea-Bissau","2011",109.1,56.87,NA,NA,NA
"gnb","Guinea-Bissau","2012",104.16,57.41,NA,NA,NA
"gnb","Guinea-Bissau","2013",99.67,57.92,NA,NA,NA
"gnb","Guinea-Bissau","2014",95.7,58.25,NA,NA,NA
"gnb","Guinea-Bissau","2015",92.08,58.75,NA,NA,NA
"gnb","Guinea-Bissau","2016",88.69,59.31,NA,NA,NA
"gnb","Guinea-Bissau","2017",85.52,59.84,NA,NA,NA
"gnb","Guinea-Bissau","2018",82.54,60.33,NA,NA,NA
"gnb","Guinea-Bissau","2019",79.61,60.95,NA,NA,NA
"gnb","Guinea-Bissau","2020",76.84,60.07,NA,NA,NA
"gnb","Guinea-Bissau","2021",74.32,59.72,NA,NA,NA
"gnb","Guinea-Bissau","2022",72.96,59.93,NA,NA,NA
"gnb","Guinea-Bissau","2023",74.67,60.63,NA,NA,NA
"gnb","Guinea-Bissau","2024",73.01,62,NA,NA,NA
"gnb","Guinea-Bissau","2025",71.86,62.19,NA,NA,NA
"gnq","Equatorial Guinea","1915",433.42,32.56,NA,NA,NA
"gnq","Equatorial Guinea","1916",432.37,32.6,NA,NA,NA
"gnq","Equatorial Guinea","1917",431.32,32.65,NA,NA,NA
"gnq","Equatorial Guinea","1918",430.27,12.64,NA,NA,NA
"gnq","Equatorial Guinea","1919",429.23,32.73,NA,NA,NA
"gnq","Equatorial Guinea","1920",428.18,32.77,NA,NA,NA
"gnq","Equatorial Guinea","1921",427.13,32.82,NA,NA,NA
"gnq","Equatorial Guinea","1922",426.08,32.86,NA,NA,NA
"gnq","Equatorial Guinea","1923",425.04,32.9,NA,NA,NA
"gnq","Equatorial Guinea","1924",423.99,32.94,NA,NA,NA
"gnq","Equatorial Guinea","1925",422.94,32.99,NA,NA,NA
"gnq","Equatorial Guinea","1926",421.89,33.03,NA,NA,NA
"gnq","Equatorial Guinea","1927",420.84,33.07,NA,NA,NA
"gnq","Equatorial Guinea","1928",419.8,33.11,NA,NA,NA
"gnq","Equatorial Guinea","1929",418.75,33.16,NA,NA,NA
"gnq","Equatorial Guinea","1930",417.7,33.2,NA,NA,NA
"gnq","Equatorial Guinea","1931",416.65,33.24,NA,NA,NA
"gnq","Equatorial Guinea","1932",415.6,33.28,NA,NA,NA
"gnq","Equatorial Guinea","1933",414.56,33.33,NA,NA,NA
"gnq","Equatorial Guinea","1934",413.51,33.37,NA,NA,NA
"gnq","Equatorial Guinea","1935",412.46,33.41,NA,NA,NA
"gnq","Equatorial Guinea","1936",411.41,33.45,NA,NA,NA
"gnq","Equatorial Guinea","1937",410.37,33.5,NA,NA,NA
"gnq","Equatorial Guinea","1938",409.32,33.54,NA,NA,NA
"gnq","Equatorial Guinea","1939",408.27,33.58,NA,NA,NA
"gnq","Equatorial Guinea","1940",407.22,33.62,NA,NA,NA
"gnq","Equatorial Guinea","1941",406.17,33.72,NA,NA,NA
"gnq","Equatorial Guinea","1942",405.13,33.81,NA,NA,NA
"gnq","Equatorial Guinea","1943",404.08,33.91,NA,NA,NA
"gnq","Equatorial Guinea","1944",403.03,34.01,NA,NA,NA
"gnq","Equatorial Guinea","1945",401.98,34.11,NA,NA,NA
"gnq","Equatorial Guinea","1946",391.31,35.13,NA,NA,NA
"gnq","Equatorial Guinea","1947",380.84,36.15,NA,NA,NA
"gnq","Equatorial Guinea","1948",370.59,37.19,NA,NA,NA
"gnq","Equatorial Guinea","1949",359.42,38.23,NA,NA,NA
"gnq","Equatorial Guinea","1950",349.6,39.25,NA,NA,NA
"gnq","Equatorial Guinea","1951",347.57,39.25,NA,NA,NA
"gnq","Equatorial Guinea","1952",343.41,39.25,NA,NA,NA
"gnq","Equatorial Guinea","1953",338.83,39.27,NA,NA,NA
"gnq","Equatorial Guinea","1954",333.83,39.32,NA,NA,NA
"gnq","Equatorial Guinea","1955",328.47,39.33,NA,NA,NA
"gnq","Equatorial Guinea","1956",322.74,39.45,NA,NA,NA
"gnq","Equatorial Guinea","1957",316.64,39.63,NA,NA,NA
"gnq","Equatorial Guinea","1958",310.19,39.79,NA,NA,NA
"gnq","Equatorial Guinea","1959",303.85,40.03,NA,NA,NA
"gnq","Equatorial Guinea","1960",297.55,40.37,NA,NA,NA
"gnq","Equatorial Guinea","1961",291.29,40.73,NA,NA,NA
"gnq","Equatorial Guinea","1962",285.13,41.14,NA,NA,NA
"gnq","Equatorial Guinea","1963",278.97,41.71,NA,NA,NA
"gnq","Equatorial Guinea","1964",272.82,42.3,NA,NA,NA
"gnq","Equatorial Guinea","1965",266.69,42.89,NA,NA,NA
"gnq","Equatorial Guinea","1966",260.57,43.43,NA,NA,NA
"gnq","Equatorial Guinea","1967",254.42,43.97,NA,NA,NA
"gnq","Equatorial Guinea","1968",248.64,44.49,NA,NA,NA
"gnq","Equatorial Guinea","1969",242.42,44.92,NA,NA,NA
"gnq","Equatorial Guinea","1970",237.36,45.21,NA,NA,NA
"gnq","Equatorial Guinea","1971",232.66,45.54,NA,NA,NA
"gnq","Equatorial Guinea","1972",228.31,45.85,NA,NA,NA
"gnq","Equatorial Guinea","1973",228.76,46.25,NA,NA,NA
"gnq","Equatorial Guinea","1974",230.39,46.73,NA,NA,NA
"gnq","Equatorial Guinea","1975",234.29,47.39,NA,NA,NA
"gnq","Equatorial Guinea","1976",244.34,48.2,NA,NA,NA
"gnq","Equatorial Guinea","1977",230.72,49,NA,NA,NA
"gnq","Equatorial Guinea","1978",229.2,49.62,NA,NA,NA
"gnq","Equatorial Guinea","1979",233.1,47.07,NA,NA,NA
"gnq","Equatorial Guinea","1980",213.01,50.47,NA,NA,NA
"gnq","Equatorial Guinea","1981",206.99,50.71,NA,NA,NA
"gnq","Equatorial Guinea","1982",200.43,50.91,NA,NA,NA
"gnq","Equatorial Guinea","1983",196.37,50.99,NA,NA,NA
"gnq","Equatorial Guinea","1984",192.27,50.83,NA,NA,NA
"gnq","Equatorial Guinea","1985",188.59,51.06,NA,NA,NA
"gnq","Equatorial Guinea","1986",185.55,51.1,NA,NA,NA
"gnq","Equatorial Guinea","1987",183.19,51.06,NA,NA,NA
"gnq","Equatorial Guinea","1988",181.27,51.02,NA,NA,NA
"gnq","Equatorial Guinea","1989",179.57,51.06,NA,NA,NA
"gnq","Equatorial Guinea","1990",178.01,51.06,NA,NA,NA
"gnq","Equatorial Guinea","1991",176.53,51.24,NA,NA,NA
"gnq","Equatorial Guinea","1992",175.25,51.57,NA,NA,NA
"gnq","Equatorial Guinea","1993",173.9,51.8,NA,NA,NA
"gnq","Equatorial Guinea","1994",172.47,51.99,NA,NA,NA
"gnq","Equatorial Guinea","1995",170.91,52.23,NA,NA,NA
"gnq","Equatorial Guinea","1996",168.87,52.69,NA,NA,NA
"gnq","Equatorial Guinea","1997",166.44,54.39,NA,NA,NA
"gnq","Equatorial Guinea","1998",163.38,55.51,NA,NA,NA
"gnq","Equatorial Guinea","1999",159.7,56.56,NA,NA,NA
"gnq","Equatorial Guinea","2000",155.74,57.61,NA,NA,NA
"gnq","Equatorial Guinea","2001",151.37,58.94,NA,NA,NA
"gnq","Equatorial Guinea","2002",147.11,60.02,NA,NA,NA
"gnq","Equatorial Guinea","2003",142.78,60.46,NA,NA,NA
"gnq","Equatorial Guinea","2004",138.16,60.94,NA,NA,NA
"gnq","Equatorial Guinea","2005",133.49,61.13,NA,NA,NA
"gnq","Equatorial Guinea","2006",129,61.97,NA,NA,NA
"gnq","Equatorial Guinea","2007",124.38,62.46,NA,NA,NA
"gnq","Equatorial Guinea","2008",119.72,62.9,NA,NA,NA
"gnq","Equatorial Guinea","2009",115.3,63.52,NA,NA,NA
"gnq","Equatorial Guinea","2010",111.17,63.54,NA,NA,NA
"gnq","Equatorial Guinea","2011",107.39,63.13,NA,NA,NA
"gnq","Equatorial Guinea","2012",103.59,63.39,NA,NA,NA
"gnq","Equatorial Guinea","2013",100.21,64.45,NA,NA,NA
"gnq","Equatorial Guinea","2014",96.84,65.02,NA,NA,NA
"gnq","Equatorial Guinea","2015",93.18,64.77,NA,NA,NA
"gnq","Equatorial Guinea","2016",90.01,64.93,NA,NA,NA
"gnq","Equatorial Guinea","2017",86.87,65.57,NA,NA,NA
"gnq","Equatorial Guinea","2018",83.92,65.85,NA,NA,NA
"gnq","Equatorial Guinea","2019",81.18,65.98,NA,NA,NA
"gnq","Equatorial Guinea","2020",78.58,64.98,NA,NA,NA
"gnq","Equatorial Guinea","2021",76.01,64.85,NA,NA,NA
"gnq","Equatorial Guinea","2022",71.97,65.49,NA,NA,NA
"gnq","Equatorial Guinea","2023",70.43,66.33,NA,NA,NA
"gnq","Equatorial Guinea","2024",71.2,66.85,NA,NA,NA
"gnq","Equatorial Guinea","2025",74.02,67.05,NA,NA,NA
"grc","Greece","1915",185.15,44.83,NA,NA,NA
"grc","Greece","1916",165.25,45.13,NA,NA,NA
"grc","Greece","1917",147.49,45.43,NA,NA,NA
"grc","Greece","1918",131.64,24.95,NA,NA,NA
"grc","Greece","1919",117.5,46.03,NA,NA,NA
"grc","Greece","1920",104.87,46.32,NA,NA,NA
"grc","Greece","1921",93.6,46.64,NA,NA,NA
"grc","Greece","1922",117.16,46.94,NA,NA,NA
"grc","Greece","1923",134.77,47.59,NA,NA,NA
"grc","Greece","1924",145.6,48.24,NA,NA,NA
"grc","Greece","1925",131.19,48.89,NA,NA,NA
"grc","Greece","1926",105.2,49.53,NA,NA,NA
"grc","Greece","1927",149.27,50.18,NA,NA,NA
"grc","Greece","1928",138.36,48.1,NA,NA,NA
"grc","Greece","1929",169.68,52.08,NA,NA,NA
"grc","Greece","1930",147.43,52.3,NA,NA,NA
"grc","Greece","1931",212.85,52.5,NA,NA,NA
"grc","Greece","1932",192.21,52.71,NA,NA,NA
"grc","Greece","1933",192.21,53.22,NA,NA,NA
"grc","Greece","1934",171.55,53.73,NA,NA,NA
"grc","Greece","1935",173.43,54.24,NA,NA,NA
"grc","Greece","1936",175.3,54.75,NA,NA,NA
"grc","Greece","1937",190.33,55.26,NA,NA,NA
"grc","Greece","1938",147.43,55.82,NA,NA,NA
"grc","Greece","1939",182.81,56.38,NA,NA,NA
"grc","Greece","1940",145.6,56.96,NA,NA,NA
"grc","Greece","1941",130.4,42.17,NA,NA,NA
"grc","Greece","1942",116.78,30.97,NA,NA,NA
"grc","Greece","1943",104.58,40.97,NA,NA,NA
"grc","Greece","1944",93.66,47.29,NA,NA,NA
"grc","Greece","1945",83.88,60.99,NA,NA,NA
"grc","Greece","1946",75.12,59.03,NA,NA,NA
"grc","Greece","1947",67.28,56.34,NA,NA,NA
"grc","Greece","1948",60.25,50.8,NA,NA,NA
"grc","Greece","1949",53.96,58.31,NA,NA,NA
"grc","Greece","1950",44.11,69,NA,NA,NA
"grc","Greece","1951",56.87,69.17,NA,NA,NA
"grc","Greece","1952",62.78,70.45,NA,NA,NA
"grc","Greece","1953",58.34,70.51,NA,NA,NA
"grc","Greece","1954",63.2,71.02,NA,NA,NA
"grc","Greece","1955",58.13,71.5,NA,NA,NA
"grc","Greece","1956",54.42,71.7,NA,NA,NA
"grc","Greece","1957",50.66,71.36,NA,NA,NA
"grc","Greece","1958",47.94,72.2,NA,NA,NA
"grc","Greece","1959",46.56,72.23,NA,NA,NA
"grc","Greece","1960",45.84,72.43,NA,NA,NA
"grc","Greece","1961",45.13,72.37,NA,NA,NA
"grc","Greece","1962",44.11,72.18,NA,NA,NA
"grc","Greece","1963",42.64,72.4,NA,NA,NA
"grc","Greece","1964",40.88,72.55,NA,NA,NA
"grc","Greece","1965",39.36,73.01,NA,NA,NA
"grc","Greece","1966",38.47,73.16,NA,NA,NA
"grc","Greece","1967",37.69,73.05,NA,NA,NA
"grc","Greece","1968",36.08,73.15,NA,NA,NA
"grc","Greece","1969",33.47,73.55,NA,NA,NA
"grc","Greece","1970",30.88,73.82,NA,NA,NA
"grc","Greece","1971",29.14,74.13,NA,NA,NA
"grc","Greece","1972",28.17,74.11,NA,NA,NA
"grc","Greece","1973",27.59,74.43,NA,NA,NA
"grc","Greece","1974",27.09,74.6,NA,NA,NA
"grc","Greece","1975",26.38,74.63,NA,NA,NA
"grc","Greece","1976",25.26,74.66,NA,NA,NA
"grc","Greece","1977",23.83,74.86,NA,NA,NA
"grc","Greece","1978",22.33,75.14,NA,NA,NA
"grc","Greece","1979",20.89,75.24,NA,NA,NA
"grc","Greece","1980",19.52,75.3,NA,NA,NA
"grc","Greece","1981",18.23,75.44,NA,NA,NA
"grc","Greece","1982",17.07,75.6,NA,NA,NA
"grc","Greece","1983",16.14,75.6,NA,NA,NA
"grc","Greece","1984",15.4,75.78,NA,NA,NA
"grc","Greece","1985",14.66,75.86,NA,NA,NA
"grc","Greece","1986",13.76,76.23,NA,NA,NA
"grc","Greece","1987",12.78,76.37,NA,NA,NA
"grc","Greece","1988",11.85,76.8,NA,NA,NA
"grc","Greece","1989",11.06,77.06,NA,NA,NA
"grc","Greece","1990",10.4,77.23,NA,NA,NA
"grc","Greece","1991",9.88,77.32,NA,NA,NA
"grc","Greece","1992",9.45,77.39,NA,NA,NA
"grc","Greece","1993",9.1,77.58,NA,NA,NA
"grc","Greece","1994",8.79,77.68,NA,NA,NA
"grc","Greece","1995",8.48,77.75,NA,NA,NA
"grc","Greece","1996",8.14,77.89,NA,NA,NA
"grc","Greece","1997",7.74,78.09,NA,NA,NA
"grc","Greece","1998",7.31,78.16,NA,NA,NA
"grc","Greece","1999",6.86,78.23,NA,NA,NA
"grc","Greece","2000",6.41,78.44,NA,NA,NA
"grc","Greece","2001",5.97,78.68,NA,NA,NA
"grc","Greece","2002",5.57,78.89,NA,NA,NA
"grc","Greece","2003",5.2,79.08,NA,NA,NA
"grc","Greece","2004",4.87,79.23,NA,NA,NA
"grc","Greece","2005",4.58,79.43,NA,NA,NA
"grc","Greece","2006",4.32,79.7,NA,NA,NA
"grc","Greece","2007",4.11,79.64,NA,NA,NA
"grc","Greece","2008",3.97,79.97,NA,NA,NA
"grc","Greece","2009",3.92,80.15,NA,NA,NA
"grc","Greece","2010",3.93,80.4,NA,NA,NA
"grc","Greece","2011",3.96,80.49,NA,NA,NA
"grc","Greece","2012",4.02,80.56,NA,NA,NA
"grc","Greece","2013",4.13,80.87,NA,NA,NA
"grc","Greece","2014",4.26,81.05,NA,NA,NA
"grc","Greece","2015",4.37,80.92,NA,NA,NA
"grc","Greece","2016",4.38,81,NA,NA,NA
"grc","Greece","2017",4.32,81.14,NA,NA,NA
"grc","Greece","2018",4.23,80.96,NA,NA,NA
"grc","Greece","2019",4.15,80.94,NA,NA,NA
"grc","Greece","2020",4.09,80.6,NA,NA,NA
"grc","Greece","2021",3.98,79.8,NA,NA,NA
"grc","Greece","2022",3.88,80.3,NA,NA,NA
"grc","Greece","2023",3.49,81.68,NA,NA,NA
"grc","Greece","2024",3.33,81.89,NA,NA,NA
"grc","Greece","2025",3.2,82.07,NA,NA,NA
"grd","Grenada","1915",202.81,38.68,NA,NA,NA
"grd","Grenada","1916",201.32,38.7,NA,NA,NA
"grd","Grenada","1917",199.85,38.72,NA,NA,NA
"grd","Grenada","1918",198.39,25.12,NA,NA,NA
"grd","Grenada","1919",196.93,38.76,NA,NA,NA
"grd","Grenada","1920",195.49,38.78,NA,NA,NA
"grd","Grenada","1921",194.06,38.8,NA,NA,NA
"grd","Grenada","1922",192.64,39.54,NA,NA,NA
"grd","Grenada","1923",191.23,40.28,NA,NA,NA
"grd","Grenada","1924",189.83,41.02,NA,NA,NA
"grd","Grenada","1925",188.43,41.77,NA,NA,NA
"grd","Grenada","1926",187.05,42.51,NA,NA,NA
"grd","Grenada","1927",185.68,43.25,NA,NA,NA
"grd","Grenada","1928",184.32,44,NA,NA,NA
"grd","Grenada","1929",182.97,44.74,NA,NA,NA
"grd","Grenada","1930",181.63,45.49,NA,NA,NA
"grd","Grenada","1931",179.9,46.23,NA,NA,NA
"grd","Grenada","1932",178.19,46.88,NA,NA,NA
"grd","Grenada","1933",176.48,47.51,NA,NA,NA
"grd","Grenada","1934",174.8,48.15,NA,NA,NA
"grd","Grenada","1935",173.13,48.8,NA,NA,NA
"grd","Grenada","1936",171.47,49.43,NA,NA,NA
"grd","Grenada","1937",169.83,50.08,NA,NA,NA
"grd","Grenada","1938",168.21,50.72,NA,NA,NA
"grd","Grenada","1939",166.6,51.36,NA,NA,NA
"grd","Grenada","1940",165,52.01,NA,NA,NA
"grd","Grenada","1941",163.42,52.69,NA,NA,NA
"grd","Grenada","1942",161.85,53.35,NA,NA,NA
"grd","Grenada","1943",160.3,54.03,NA,NA,NA
"grd","Grenada","1944",158.76,54.7,NA,NA,NA
"grd","Grenada","1945",157.23,55.38,NA,NA,NA
"grd","Grenada","1946",155.72,56.06,NA,NA,NA
"grd","Grenada","1947",154.22,56.7,NA,NA,NA
"grd","Grenada","1948",152.74,57.35,NA,NA,NA
"grd","Grenada","1949",151.27,57.99,NA,NA,NA
"grd","Grenada","1950",149.81,58.64,NA,NA,NA
"grd","Grenada","1951",148.69,59.01,NA,NA,NA
"grd","Grenada","1952",146.67,59.49,NA,NA,NA
"grd","Grenada","1953",143.64,60.2,NA,NA,NA
"grd","Grenada","1954",139.5,60.8,NA,NA,NA
"grd","Grenada","1955",134.55,61.2,NA,NA,NA
"grd","Grenada","1956",129.02,61.78,NA,NA,NA
"grd","Grenada","1957",122.97,62.66,NA,NA,NA
"grd","Grenada","1958",116.35,63.22,NA,NA,NA
"grd","Grenada","1959",109.26,63.68,NA,NA,NA
"grd","Grenada","1960",101.61,64.11,NA,NA,NA
"grd","Grenada","1961",93.54,64.62,NA,NA,NA
"grd","Grenada","1962",85.66,64.68,NA,NA,NA
"grd","Grenada","1963",78.53,64.66,NA,NA,NA
"grd","Grenada","1964",72.56,65.23,NA,NA,NA
"grd","Grenada","1965",67.81,65.58,NA,NA,NA
"grd","Grenada","1966",64.23,65.53,NA,NA,NA
"grd","Grenada","1967",61.59,65.83,NA,NA,NA
"grd","Grenada","1968",59.49,66.29,NA,NA,NA
"grd","Grenada","1969",57.74,66.72,NA,NA,NA
"grd","Grenada","1970",56.09,66.98,NA,NA,NA
"grd","Grenada","1971",54.55,67.41,NA,NA,NA
"grd","Grenada","1972",52.91,67.94,NA,NA,NA
"grd","Grenada","1973",51.24,68.38,NA,NA,NA
"grd","Grenada","1974",49.52,68.75,NA,NA,NA
"grd","Grenada","1975",47.74,69.02,NA,NA,NA
"grd","Grenada","1976",45.9,69.15,NA,NA,NA
"grd","Grenada","1977",43.97,69.09,NA,NA,NA
"grd","Grenada","1978",42,69.25,NA,NA,NA
"grd","Grenada","1979",40.01,69.46,NA,NA,NA
"grd","Grenada","1980",38.03,69.31,NA,NA,NA
"grd","Grenada","1981",36.04,69.52,NA,NA,NA
"grd","Grenada","1982",34.12,69.52,NA,NA,NA
"grd","Grenada","1983",32.29,66.18,NA,NA,NA
"grd","Grenada","1984",30.56,69.45,NA,NA,NA
"grd","Grenada","1985",28.96,69.55,NA,NA,NA
"grd","Grenada","1986",27.47,69.65,NA,NA,NA
"grd","Grenada","1987",26.08,69.5,NA,NA,NA
"grd","Grenada","1988",24.78,69.46,NA,NA,NA
"grd","Grenada","1989",23.56,69.42,NA,NA,NA
"grd","Grenada","1990",22.38,69.21,NA,NA,NA
"grd","Grenada","1991",21.24,69.66,NA,NA,NA
"grd","Grenada","1992",20.17,69.74,NA,NA,NA
"grd","Grenada","1993",19.2,69.89,NA,NA,NA
"grd","Grenada","1994",18.36,70.25,NA,NA,NA
"grd","Grenada","1995",17.64,70.7,NA,NA,NA
"grd","Grenada","1996",17.03,71.18,NA,NA,NA
"grd","Grenada","1997",16.51,71.62,NA,NA,NA
"grd","Grenada","1998",16.1,71.94,NA,NA,NA
"grd","Grenada","1999",15.77,71.89,NA,NA,NA
"grd","Grenada","2000",15.47,71.97,NA,NA,NA
"grd","Grenada","2001",15.21,72.07,NA,NA,NA
"grd","Grenada","2002",14.99,72.08,NA,NA,NA
"grd","Grenada","2003",14.82,72.16,NA,NA,NA
"grd","Grenada","2004",14.7,71.75,NA,NA,NA
"grd","Grenada","2005",14.61,72.38,NA,NA,NA
"grd","Grenada","2006",14.58,72.55,NA,NA,NA
"grd","Grenada","2007",14.62,72.6,NA,NA,NA
"grd","Grenada","2008",14.72,72.52,NA,NA,NA
"grd","Grenada","2009",14.87,72.5,NA,NA,NA
"grd","Grenada","2010",15.06,72.47,NA,NA,NA
"grd","Grenada","2011",15.28,72.58,NA,NA,NA
"grd","Grenada","2012",15.51,73.16,NA,NA,NA
"grd","Grenada","2013",15.75,73.12,NA,NA,NA
"grd","Grenada","2014",16,73.05,NA,NA,NA
"grd","Grenada","2015",16.22,73.09,NA,NA,NA
"grd","Grenada","2016",16.41,72.87,NA,NA,NA
"grd","Grenada","2017",16.57,73.03,NA,NA,NA
"grd","Grenada","2018",16.62,73.17,NA,NA,NA
"grd","Grenada","2019",16.53,73.32,NA,NA,NA
"grd","Grenada","2020",16.34,73.38,NA,NA,NA
"grd","Grenada","2021",16.08,73.39,NA,NA,NA
"grd","Grenada","2022",15.04,73.78,NA,NA,NA
"grd","Grenada","2023",14.6,73.93,NA,NA,NA
"grd","Grenada","2024",14.15,74.09,NA,NA,NA
"grd","Grenada","2025",13.76,74.25,NA,NA,NA
"gtm","Guatemala","1915",488.6,26.15,NA,NA,NA
"gtm","Guatemala","1916",487.42,26.15,NA,NA,NA
"gtm","Guatemala","1917",486.23,26.16,NA,NA,NA
"gtm","Guatemala","1918",485.05,9.82,NA,NA,NA
"gtm","Guatemala","1919",483.87,26.17,NA,NA,NA
"gtm","Guatemala","1920",482.69,26.17,NA,NA,NA
"gtm","Guatemala","1921",481.51,26.18,NA,NA,NA
"gtm","Guatemala","1922",480.33,26.18,NA,NA,NA
"gtm","Guatemala","1923",479.15,26.19,NA,NA,NA
"gtm","Guatemala","1924",477.97,26.18,NA,NA,NA
"gtm","Guatemala","1925",476.78,26.19,NA,NA,NA
"gtm","Guatemala","1926",475.6,26.19,NA,NA,NA
"gtm","Guatemala","1927",474.42,26.2,NA,NA,NA
"gtm","Guatemala","1928",473.24,26.2,NA,NA,NA
"gtm","Guatemala","1929",472.06,26.21,NA,NA,NA
"gtm","Guatemala","1930",470.88,26.21,NA,NA,NA
"gtm","Guatemala","1931",465.64,26.21,NA,NA,NA
"gtm","Guatemala","1932",460.42,26.21,NA,NA,NA
"gtm","Guatemala","1933",455.21,26.22,NA,NA,NA
"gtm","Guatemala","1934",450.02,26.22,NA,NA,NA
"gtm","Guatemala","1935",434.42,27,NA,NA,NA
"gtm","Guatemala","1936",420.53,27.78,NA,NA,NA
"gtm","Guatemala","1937",405.78,28.55,NA,NA,NA
"gtm","Guatemala","1938",392.68,29.32,NA,NA,NA
"gtm","Guatemala","1939",378.79,30.1,NA,NA,NA
"gtm","Guatemala","1940",365.29,30.88,NA,NA,NA
"gtm","Guatemala","1941",348.96,32.06,NA,NA,NA
"gtm","Guatemala","1942",333.21,33.24,NA,NA,NA
"gtm","Guatemala","1943",318.03,34.42,NA,NA,NA
"gtm","Guatemala","1944",303.39,35.6,NA,NA,NA
"gtm","Guatemala","1945",289.27,36.77,NA,NA,NA
"gtm","Guatemala","1946",275.64,37.94,NA,NA,NA
"gtm","Guatemala","1947",262.5,39.13,NA,NA,NA
"gtm","Guatemala","1948",253.14,40.31,NA,NA,NA
"gtm","Guatemala","1949",244.09,41.49,NA,NA,NA
"gtm","Guatemala","1950",235.33,42.67,NA,NA,NA
"gtm","Guatemala","1951",202.91,44.13,NA,NA,NA
"gtm","Guatemala","1952",255.96,42.63,NA,NA,NA
"gtm","Guatemala","1953",230.2,42.77,NA,NA,NA
"gtm","Guatemala","1954",172.79,44.54,NA,NA,NA
"gtm","Guatemala","1955",201.76,44.31,NA,NA,NA
"gtm","Guatemala","1956",181.51,44.19,NA,NA,NA
"gtm","Guatemala","1957",201.86,44.78,NA,NA,NA
"gtm","Guatemala","1958",232.27,45.35,NA,NA,NA
"gtm","Guatemala","1959",226.56,47.38,NA,NA,NA
"gtm","Guatemala","1960",221.15,47.9,NA,NA,NA
"gtm","Guatemala","1961",215.88,49.29,NA,NA,NA
"gtm","Guatemala","1962",210.83,48.77,NA,NA,NA
"gtm","Guatemala","1963",205.87,49.06,NA,NA,NA
"gtm","Guatemala","1964",200.89,49.47,NA,NA,NA
"gtm","Guatemala","1965",195.89,49.53,NA,NA,NA
"gtm","Guatemala","1966",190.9,49.27,NA,NA,NA
"gtm","Guatemala","1967",185.85,50.31,NA,NA,NA
"gtm","Guatemala","1968",180.87,49.51,NA,NA,NA
"gtm","Guatemala","1969",175.83,48.62,NA,NA,NA
"gtm","Guatemala","1970",170.78,49.87,NA,NA,NA
"gtm","Guatemala","1971",165.71,51.86,NA,NA,NA
"gtm","Guatemala","1972",160.6,53.52,NA,NA,NA
"gtm","Guatemala","1973",155.58,53.92,NA,NA,NA
"gtm","Guatemala","1974",150.59,54.26,NA,NA,NA
"gtm","Guatemala","1975",145.66,54.38,NA,NA,NA
"gtm","Guatemala","1976",161.79,46.34,NA,NA,NA
"gtm","Guatemala","1977",136.09,57.22,NA,NA,NA
"gtm","Guatemala","1978",131.3,58.22,NA,NA,NA
"gtm","Guatemala","1979",126.65,57.99,NA,NA,NA
"gtm","Guatemala","1980",122.07,57.95,NA,NA,NA
"gtm","Guatemala","1981",117.54,56.8,NA,NA,NA
"gtm","Guatemala","1982",134.7,55.46,NA,NA,NA
"gtm","Guatemala","1983",108.66,58.4,NA,NA,NA
"gtm","Guatemala","1984",104.38,59.83,NA,NA,NA
"gtm","Guatemala","1985",100.14,59.42,NA,NA,NA
"gtm","Guatemala","1986",95.95,59.88,NA,NA,NA
"gtm","Guatemala","1987",91.87,60.35,NA,NA,NA
"gtm","Guatemala","1988",87.92,60.99,NA,NA,NA
"gtm","Guatemala","1989",84.09,61.58,NA,NA,NA
"gtm","Guatemala","1990",80.42,61.4,NA,NA,NA
"gtm","Guatemala","1991",76.85,61.25,NA,NA,NA
"gtm","Guatemala","1992",73.44,61.42,NA,NA,NA
"gtm","Guatemala","1993",70.22,61.91,NA,NA,NA
"gtm","Guatemala","1994",67.16,62.48,NA,NA,NA
"gtm","Guatemala","1995",64.27,64.08,NA,NA,NA
"gtm","Guatemala","1996",61.57,65.18,NA,NA,NA
"gtm","Guatemala","1997",59.01,65.25,NA,NA,NA
"gtm","Guatemala","1998",56.58,65.43,NA,NA,NA
"gtm","Guatemala","1999",54.31,66.37,NA,NA,NA
"gtm","Guatemala","2000",52.14,66.74,NA,NA,NA
"gtm","Guatemala","2001",50.06,67.19,NA,NA,NA
"gtm","Guatemala","2002",48.07,67.76,NA,NA,NA
"gtm","Guatemala","2003",46.19,68.11,NA,NA,NA
"gtm","Guatemala","2004",44.39,68.4,NA,NA,NA
"gtm","Guatemala","2005",42.67,68.4,NA,NA,NA
"gtm","Guatemala","2006",40.99,68.91,NA,NA,NA
"gtm","Guatemala","2007",39.36,69.51,NA,NA,NA
"gtm","Guatemala","2008",37.8,69.86,NA,NA,NA
"gtm","Guatemala","2009",36.25,69.87,NA,NA,NA
"gtm","Guatemala","2010",34.78,70.27,NA,NA,NA
"gtm","Guatemala","2011",33.39,70.66,NA,NA,NA
"gtm","Guatemala","2012",32.02,71.07,NA,NA,NA
"gtm","Guatemala","2013",30.7,71.33,NA,NA,NA
"gtm","Guatemala","2014",29.46,71.58,NA,NA,NA
"gtm","Guatemala","2015",28.33,71.77,NA,NA,NA
"gtm","Guatemala","2016",27.31,71.95,NA,NA,NA
"gtm","Guatemala","2017",26.36,72.32,NA,NA,NA
"gtm","Guatemala","2018",25.4,72.41,NA,NA,NA
"gtm","Guatemala","2019",24.5,72.58,NA,NA,NA
"gtm","Guatemala","2020",23.67,71.25,NA,NA,NA
"gtm","Guatemala","2021",22.92,68.71,NA,NA,NA
"gtm","Guatemala","2022",23.85,68.16,NA,NA,NA
"gtm","Guatemala","2023",24.93,69.62,NA,NA,NA
"gtm","Guatemala","2024",21.32,73.45,NA,NA,NA
"gtm","Guatemala","2025",20.73,73.63,NA,NA,NA
"guy","Guyana","1915",299.15,30.46,NA,NA,NA
"guy","Guyana","1916",308.99,30.76,NA,NA,NA
"guy","Guyana","1917",323.63,31.05,NA,NA,NA
"guy","Guyana","1918",362.47,27.43,NA,NA,NA
"guy","Guyana","1919",300.8,31.64,NA,NA,NA
"guy","Guyana","1920",238.82,31.94,NA,NA,NA
"guy","Guyana","1921",317.13,32.23,NA,NA,NA
"guy","Guyana","1922",302.43,32.9,NA,NA,NA
"guy","Guyana","1923",287.67,33.56,NA,NA,NA
"guy","Guyana","1924",268.45,34.23,NA,NA,NA
"guy","Guyana","1925",251.47,34.89,NA,NA,NA
"guy","Guyana","1926",258.46,35.56,NA,NA,NA
"guy","Guyana","1927",256.73,36.23,NA,NA,NA
"guy","Guyana","1928",300.8,36.88,NA,NA,NA
"guy","Guyana","1929",235.16,37.54,NA,NA,NA
"guy","Guyana","1930",235.16,38.2,NA,NA,NA
"guy","Guyana","1931",221.93,38.87,NA,NA,NA
"guy","Guyana","1932",221.66,39.55,NA,NA,NA
"guy","Guyana","1933",248.78,40.22,NA,NA,NA
"guy","Guyana","1934",271.84,40.89,NA,NA,NA
"guy","Guyana","1935",189.17,41.56,NA,NA,NA
"guy","Guyana","1936",185.2,42.22,NA,NA,NA
"guy","Guyana","1937",186.84,42.89,NA,NA,NA
"guy","Guyana","1938",267.41,43.56,NA,NA,NA
"guy","Guyana","1939",184.52,44.22,NA,NA,NA
"guy","Guyana","1940",154.73,44.88,NA,NA,NA
"guy","Guyana","1941",119.02,45.58,NA,NA,NA
"guy","Guyana","1942",141.68,46.28,NA,NA,NA
"guy","Guyana","1943",222.33,46.98,NA,NA,NA
"guy","Guyana","1944",212.88,47.67,NA,NA,NA
"guy","Guyana","1945",148.33,48.36,NA,NA,NA
"guy","Guyana","1946",123.43,49.06,NA,NA,NA
"guy","Guyana","1947",119.83,49.75,NA,NA,NA
"guy","Guyana","1948",118.92,50.44,NA,NA,NA
"guy","Guyana","1949",115.65,51.12,NA,NA,NA
"guy","Guyana","1950",153.16,51.81,NA,NA,NA
"guy","Guyana","1951",146.15,52.56,NA,NA,NA
"guy","Guyana","1952",139.2,52.99,NA,NA,NA
"guy","Guyana","1953",132.44,53.44,NA,NA,NA
"guy","Guyana","1954",125.75,54.19,NA,NA,NA
"guy","Guyana","1955",119.29,55.05,NA,NA,NA
"guy","Guyana","1956",112.95,56.01,NA,NA,NA
"guy","Guyana","1957",107.02,56.66,NA,NA,NA
"guy","Guyana","1958",101.43,57.54,NA,NA,NA
"guy","Guyana","1959",96.42,58.09,NA,NA,NA
"guy","Guyana","1960",92.03,58.85,NA,NA,NA
"guy","Guyana","1961",88.23,59.41,NA,NA,NA
"guy","Guyana","1962",84.93,59.46,NA,NA,NA
"guy","Guyana","1963",82.14,59.74,NA,NA,NA
"guy","Guyana","1964",79.98,60.01,NA,NA,NA
"guy","Guyana","1965",78.16,60.28,NA,NA,NA
"guy","Guyana","1966",76.72,60.52,NA,NA,NA
"guy","Guyana","1967",75.61,60.78,NA,NA,NA
"guy","Guyana","1968",74.76,61.08,NA,NA,NA
"guy","Guyana","1969",74.18,61.29,NA,NA,NA
"guy","Guyana","1970",73.77,61.68,NA,NA,NA
"guy","Guyana","1971",73.47,61.54,NA,NA,NA
"guy","Guyana","1972",73.27,61.42,NA,NA,NA
"guy","Guyana","1973",73.04,61.22,NA,NA,NA
"guy","Guyana","1974",72.76,61,NA,NA,NA
"guy","Guyana","1975",72.52,61.22,NA,NA,NA
"guy","Guyana","1976",72.11,61.68,NA,NA,NA
"guy","Guyana","1977",71.68,61.67,NA,NA,NA
"guy","Guyana","1978",71.16,59.57,NA,NA,NA
"guy","Guyana","1979",70.57,61.99,NA,NA,NA
"guy","Guyana","1980",69.98,62.36,NA,NA,NA
"guy","Guyana","1981",69.33,62.46,NA,NA,NA
"guy","Guyana","1982",68.63,62.73,NA,NA,NA
"guy","Guyana","1983",67.95,62.72,NA,NA,NA
"guy","Guyana","1984",67.2,62.13,NA,NA,NA
"guy","Guyana","1985",66.43,62.61,NA,NA,NA
"guy","Guyana","1986",65.53,62.65,NA,NA,NA
"guy","Guyana","1987",64.53,62.79,NA,NA,NA
"guy","Guyana","1988",63.35,63.15,NA,NA,NA
"guy","Guyana","1989",62.03,62.18,NA,NA,NA
"guy","Guyana","1990",60.55,62.37,NA,NA,NA
"guy","Guyana","1991",59,62.95,NA,NA,NA
"guy","Guyana","1992",57.38,63.55,NA,NA,NA
"guy","Guyana","1993",55.8,63.18,NA,NA,NA
"guy","Guyana","1994",54.24,63.41,NA,NA,NA
"guy","Guyana","1995",52.78,63.1,NA,NA,NA
"guy","Guyana","1996",51.42,62.98,NA,NA,NA
"guy","Guyana","1997",50.11,63.34,NA,NA,NA
"guy","Guyana","1998",48.86,63.5,NA,NA,NA
"guy","Guyana","1999",47.61,64.11,NA,NA,NA
"guy","Guyana","2000",46.4,63.96,NA,NA,NA
"guy","Guyana","2001",45.24,63.94,NA,NA,NA
"guy","Guyana","2002",44.19,63.85,NA,NA,NA
"guy","Guyana","2003",43.2,64.08,NA,NA,NA
"guy","Guyana","2004",42.24,64.25,NA,NA,NA
"guy","Guyana","2005",41.38,64.39,NA,NA,NA
"guy","Guyana","2006",40.54,65.01,NA,NA,NA
"guy","Guyana","2007",39.74,65.24,NA,NA,NA
"guy","Guyana","2008",38.95,65.3,NA,NA,NA
"guy","Guyana","2009",38.17,65.87,NA,NA,NA
"guy","Guyana","2010",37.43,65.75,NA,NA,NA
"guy","Guyana","2011",36.66,65.74,NA,NA,NA
"guy","Guyana","2012",35.85,65.69,NA,NA,NA
"guy","Guyana","2013",34.99,65.99,NA,NA,NA
"guy","Guyana","2014",34.05,66.02,NA,NA,NA
"guy","Guyana","2015",33.09,66.41,NA,NA,NA
"guy","Guyana","2016",32.11,66.67,NA,NA,NA
"guy","Guyana","2017",31.17,66.88,NA,NA,NA
"guy","Guyana","2018",30.24,67.09,NA,NA,NA
"guy","Guyana","2019",29.34,67.31,NA,NA,NA
"guy","Guyana","2020",28.44,66.69,NA,NA,NA
"guy","Guyana","2021",27.59,63.95,NA,NA,NA
"guy","Guyana","2022",28.81,64.25,NA,NA,NA
"guy","Guyana","2023",25.84,67.97,NA,NA,NA
"guy","Guyana","2024",25.24,68.11,NA,NA,NA
"guy","Guyana","2025",24.66,68.26,NA,NA,NA
"hnd","Honduras","1915",381.92,33.5,NA,NA,NA
"hnd","Honduras","1916",380.99,33.49,NA,NA,NA
"hnd","Honduras","1917",380.07,33.48,NA,NA,NA
"hnd","Honduras","1918",379.15,29.6,NA,NA,NA
"hnd","Honduras","1919",378.22,33.47,NA,NA,NA
"hnd","Honduras","1920",377.3,33.47,NA,NA,NA
"hnd","Honduras","1921",376.38,33.46,NA,NA,NA
"hnd","Honduras","1922",375.45,33.45,NA,NA,NA
"hnd","Honduras","1923",374.53,33.45,NA,NA,NA
"hnd","Honduras","1924",373.61,33.44,NA,NA,NA
"hnd","Honduras","1925",372.68,33.43,NA,NA,NA
"hnd","Honduras","1926",371.76,33.43,NA,NA,NA
"hnd","Honduras","1927",370.84,33.42,NA,NA,NA
"hnd","Honduras","1928",369.91,33.42,NA,NA,NA
"hnd","Honduras","1929",368.99,33.41,NA,NA,NA
"hnd","Honduras","1930",368.07,33.4,NA,NA,NA
"hnd","Honduras","1931",363.39,33.74,NA,NA,NA
"hnd","Honduras","1932",357.63,34.07,NA,NA,NA
"hnd","Honduras","1933",353.02,34.41,NA,NA,NA
"hnd","Honduras","1934",347.39,34.75,NA,NA,NA
"hnd","Honduras","1935",342.9,35.09,NA,NA,NA
"hnd","Honduras","1936",337.34,35.41,NA,NA,NA
"hnd","Honduras","1937",332.98,35.75,NA,NA,NA
"hnd","Honduras","1938",327.57,36.09,NA,NA,NA
"hnd","Honduras","1939",323.25,36.43,NA,NA,NA
"hnd","Honduras","1940",317.99,36.75,NA,NA,NA
"hnd","Honduras","1941",313.78,37.16,NA,NA,NA
"hnd","Honduras","1942",308.59,37.57,NA,NA,NA
"hnd","Honduras","1943",304.49,37.98,NA,NA,NA
"hnd","Honduras","1944",299.41,38.38,NA,NA,NA
"hnd","Honduras","1945",295.38,38.78,NA,NA,NA
"hnd","Honduras","1946",290.43,39.19,NA,NA,NA
"hnd","Honduras","1947",284.67,39.59,NA,NA,NA
"hnd","Honduras","1948",279.03,40,NA,NA,NA
"hnd","Honduras","1949",273.49,40.4,NA,NA,NA
"hnd","Honduras","1950",268.07,40.81,NA,NA,NA
"hnd","Honduras","1951",265.82,41.7,NA,NA,NA
"hnd","Honduras","1952",261.06,41.77,NA,NA,NA
"hnd","Honduras","1953",256.13,42.41,NA,NA,NA
"hnd","Honduras","1954",250.88,42.92,NA,NA,NA
"hnd","Honduras","1955",245.33,43.6,NA,NA,NA
"hnd","Honduras","1956",239.56,44.52,NA,NA,NA
"hnd","Honduras","1957",231.24,45.44,NA,NA,NA
"hnd","Honduras","1958",223.21,46.44,NA,NA,NA
"hnd","Honduras","1959",215.63,47.79,NA,NA,NA
"hnd","Honduras","1960",208.44,49.05,NA,NA,NA
"hnd","Honduras","1961",201.59,50.07,NA,NA,NA
"hnd","Honduras","1962",194.92,51.27,NA,NA,NA
"hnd","Honduras","1963",188.45,52.34,NA,NA,NA
"hnd","Honduras","1964",182.03,53.37,NA,NA,NA
"hnd","Honduras","1965",175.84,54.39,NA,NA,NA
"hnd","Honduras","1966",169.68,55.31,NA,NA,NA
"hnd","Honduras","1967",163.65,56.02,NA,NA,NA
"hnd","Honduras","1968",157.71,56.56,NA,NA,NA
"hnd","Honduras","1969",151.85,56.15,NA,NA,NA
"hnd","Honduras","1970",146.08,57.69,NA,NA,NA
"hnd","Honduras","1971",140.41,58.45,NA,NA,NA
"hnd","Honduras","1972",134.89,59.02,NA,NA,NA
"hnd","Honduras","1973",129.45,57.61,NA,NA,NA
"hnd","Honduras","1974",148.7,54.74,NA,NA,NA
"hnd","Honduras","1975",118.93,62.45,NA,NA,NA
"hnd","Honduras","1976",113.87,63.81,NA,NA,NA
"hnd","Honduras","1977",108.91,64.8,NA,NA,NA
"hnd","Honduras","1978",104.04,65.96,NA,NA,NA
"hnd","Honduras","1979",99.36,66.84,NA,NA,NA
"hnd","Honduras","1980",94.79,67.86,NA,NA,NA
"hnd","Honduras","1981",90.37,67.5,NA,NA,NA
"hnd","Honduras","1982",86.11,68.31,NA,NA,NA
"hnd","Honduras","1983",82,69.19,NA,NA,NA
"hnd","Honduras","1984",78.08,68.96,NA,NA,NA
"hnd","Honduras","1985",74.26,68.86,NA,NA,NA
"hnd","Honduras","1986",70.7,68.74,NA,NA,NA
"hnd","Honduras","1987",67.31,69.7,NA,NA,NA
"hnd","Honduras","1988",64.09,69.21,NA,NA,NA
"hnd","Honduras","1989",61.03,69.06,NA,NA,NA
"hnd","Honduras","1990",58.16,69.09,NA,NA,NA
"hnd","Honduras","1991",55.48,69.57,NA,NA,NA
"hnd","Honduras","1992",52.98,69.39,NA,NA,NA
"hnd","Honduras","1993",50.62,69.53,NA,NA,NA
"hnd","Honduras","1994",48.42,69.98,NA,NA,NA
"hnd","Honduras","1995",46.34,69.45,NA,NA,NA
"hnd","Honduras","1996",44.35,69.38,NA,NA,NA
"hnd","Honduras","1997",42.42,69.56,NA,NA,NA
"hnd","Honduras","1998",63.7,63.35,NA,NA,NA
"hnd","Honduras","1999",38.74,69.88,NA,NA,NA
"hnd","Honduras","2000",37,70.07,NA,NA,NA
"hnd","Honduras","2001",35.32,70.22,NA,NA,NA
"hnd","Honduras","2002",33.68,70.38,NA,NA,NA
"hnd","Honduras","2003",32.11,70.47,NA,NA,NA
"hnd","Honduras","2004",30.6,70.67,NA,NA,NA
"hnd","Honduras","2005",29.21,70.89,NA,NA,NA
"hnd","Honduras","2006",27.89,71.06,NA,NA,NA
"hnd","Honduras","2007",26.66,71.2,NA,NA,NA
"hnd","Honduras","2008",25.48,71.27,NA,NA,NA
"hnd","Honduras","2009",24.36,71.29,NA,NA,NA
"hnd","Honduras","2010",23.32,71.1,NA,NA,NA
"hnd","Honduras","2011",22.38,70.97,NA,NA,NA
"hnd","Honduras","2012",21.53,69.28,NA,NA,NA
"hnd","Honduras","2013",20.73,69.64,NA,NA,NA
"hnd","Honduras","2014",19.98,69.86,NA,NA,NA
"hnd","Honduras","2015",19.24,69.9,NA,NA,NA
"hnd","Honduras","2016",18.62,71.53,NA,NA,NA
"hnd","Honduras","2017",18.01,71.73,NA,NA,NA
"hnd","Honduras","2018",17.37,71.92,NA,NA,NA
"hnd","Honduras","2019",16.77,72.07,NA,NA,NA
"hnd","Honduras","2020",16.27,70.66,NA,NA,NA
"hnd","Honduras","2021",15.94,69.34,NA,NA,NA
"hnd","Honduras","2022",15.17,69.94,NA,NA,NA
"hnd","Honduras","2023",15.12,72.65,NA,NA,NA
"hnd","Honduras","2024",14.75,72.79,NA,NA,NA
"hnd","Honduras","2025",14.42,72.93,NA,NA,NA
"hrv","Croatia","1915",356.08,34.04,NA,NA,NA
"hrv","Croatia","1916",355.22,34.01,NA,NA,NA
"hrv","Croatia","1917",354.36,33.97,NA,NA,NA
"hrv","Croatia","1918",353.5,13.18,NA,NA,NA
"hrv","Croatia","1919",352.64,33.91,NA,NA,NA
"hrv","Croatia","1920",351.78,33.88,NA,NA,NA
"hrv","Croatia","1921",341.93,34.61,NA,NA,NA
"hrv","Croatia","1922",332.29,35.32,NA,NA,NA
"hrv","Croatia","1923",322.81,36.05,NA,NA,NA
"hrv","Croatia","1924",313.49,36.76,NA,NA,NA
"hrv","Croatia","1925",304.34,37.48,NA,NA,NA
"hrv","Croatia","1926",295.37,38.2,NA,NA,NA
"hrv","Croatia","1927",286.57,38.91,NA,NA,NA
"hrv","Croatia","1928",277.91,39.62,NA,NA,NA
"hrv","Croatia","1929",269.41,40.34,NA,NA,NA
"hrv","Croatia","1930",260.1,41.04,NA,NA,NA
"hrv","Croatia","1931",249.04,41.76,NA,NA,NA
"hrv","Croatia","1932",238.33,42.46,NA,NA,NA
"hrv","Croatia","1933",227.93,43.17,NA,NA,NA
"hrv","Croatia","1934",217.84,43.87,NA,NA,NA
"hrv","Croatia","1935",208.04,44.58,NA,NA,NA
"hrv","Croatia","1936",198.55,45.28,NA,NA,NA
"hrv","Croatia","1937",189.37,45.98,NA,NA,NA
"hrv","Croatia","1938",180.47,46.68,NA,NA,NA
"hrv","Croatia","1939",171.85,47.38,NA,NA,NA
"hrv","Croatia","1940",163.49,48.07,NA,NA,NA
"hrv","Croatia","1941",155.37,38.35,NA,NA,NA
"hrv","Croatia","1942",147.56,35.13,NA,NA,NA
"hrv","Croatia","1943",140,32.81,NA,NA,NA
"hrv","Croatia","1944",132.68,31.35,NA,NA,NA
"hrv","Croatia","1945",125.61,33.74,NA,NA,NA
"hrv","Croatia","1946",118.78,45.9,NA,NA,NA
"hrv","Croatia","1947",112.21,52.18,NA,NA,NA
"hrv","Croatia","1948",105.87,53.5,NA,NA,NA
"hrv","Croatia","1949",99.75,54.28,NA,NA,NA
"hrv","Croatia","1950",93.34,55,NA,NA,NA
"hrv","Croatia","1951",91.08,54.32,NA,NA,NA
"hrv","Croatia","1952",85.59,57.94,NA,NA,NA
"hrv","Croatia","1953",81.85,58.18,NA,NA,NA
"hrv","Croatia","1954",77.48,60.63,NA,NA,NA
"hrv","Croatia","1955",74.68,60.23,NA,NA,NA
"hrv","Croatia","1956",71.81,61.43,NA,NA,NA
"hrv","Croatia","1957",68.09,62,NA,NA,NA
"hrv","Croatia","1958",63.89,64.58,NA,NA,NA
"hrv","Croatia","1959",61.18,64.18,NA,NA,NA
"hrv","Croatia","1960",57.33,64.71,NA,NA,NA
"hrv","Croatia","1961",54.01,65.96,NA,NA,NA
"hrv","Croatia","1962",51.81,65.39,NA,NA,NA
"hrv","Croatia","1963",49.28,66.58,NA,NA,NA
"hrv","Croatia","1964",46.63,66.61,NA,NA,NA
"hrv","Croatia","1965",44.29,67.64,NA,NA,NA
"hrv","Croatia","1966",42.44,68.82,NA,NA,NA
"hrv","Croatia","1967",40.74,68.47,NA,NA,NA
"hrv","Croatia","1968",39.23,68.54,NA,NA,NA
"hrv","Croatia","1969",37.29,68.02,NA,NA,NA
"hrv","Croatia","1970",35.77,68.67,NA,NA,NA
"hrv","Croatia","1971",33.88,69.15,NA,NA,NA
"hrv","Croatia","1972",32.48,69.13,NA,NA,NA
"hrv","Croatia","1973",30.54,70,NA,NA,NA
"hrv","Croatia","1974",29.09,70.38,NA,NA,NA
"hrv","Croatia","1975",27.28,70.58,NA,NA,NA
"hrv","Croatia","1976",26.58,70.84,NA,NA,NA
"hrv","Croatia","1977",25.64,70.94,NA,NA,NA
"hrv","Croatia","1978",25.46,70.72,NA,NA,NA
"hrv","Croatia","1979",24.08,70.71,NA,NA,NA
"hrv","Croatia","1980",24.23,70.67,NA,NA,NA
"hrv","Croatia","1981",23.62,70.72,NA,NA,NA
"hrv","Croatia","1982",22.16,70.64,NA,NA,NA
"hrv","Croatia","1983",20.77,70.33,NA,NA,NA
"hrv","Croatia","1984",19.45,70.67,NA,NA,NA
"hrv","Croatia","1985",18.18,71.32,NA,NA,NA
"hrv","Croatia","1986",16.96,71.63,NA,NA,NA
"hrv","Croatia","1987",15.8,71.38,NA,NA,NA
"hrv","Croatia","1988",14.72,71.77,NA,NA,NA
"hrv","Croatia","1989",13.74,72.21,NA,NA,NA
"hrv","Croatia","1990",12.87,72.46,NA,NA,NA
"hrv","Croatia","1991",14,72.01,NA,NA,NA
"hrv","Croatia","1992",11.47,72.41,NA,NA,NA
"hrv","Croatia","1993",10.91,72.7,NA,NA,NA
"hrv","Croatia","1994",10.42,73.28,NA,NA,NA
"hrv","Croatia","1995",10,73.01,NA,NA,NA
"hrv","Croatia","1996",9.61,73.49,NA,NA,NA
"hrv","Croatia","1997",9.26,73.48,NA,NA,NA
"hrv","Croatia","1998",8.93,73.82,NA,NA,NA
"hrv","Croatia","1999",8.62,74.11,NA,NA,NA
"hrv","Croatia","2000",8.3,74.65,NA,NA,NA
"hrv","Croatia","2001",7.98,74.93,NA,NA,NA
"hrv","Croatia","2002",7.67,75.05,NA,NA,NA
"hrv","Croatia","2003",7.35,75.06,NA,NA,NA
"hrv","Croatia","2004",7.03,75.58,NA,NA,NA
"hrv","Croatia","2005",6.72,75.57,NA,NA,NA
"hrv","Croatia","2006",6.43,75.96,NA,NA,NA
"hrv","Croatia","2007",6.16,75.91,NA,NA,NA
"hrv","Croatia","2008",5.91,75.94,NA,NA,NA
"hrv","Croatia","2009",5.68,76.48,NA,NA,NA
"hrv","Croatia","2010",5.48,76.8,NA,NA,NA
"hrv","Croatia","2011",5.31,77.13,NA,NA,NA
"hrv","Croatia","2012",5.18,77.37,NA,NA,NA
"hrv","Croatia","2013",5.07,77.85,NA,NA,NA
"hrv","Croatia","2014",4.98,77.94,NA,NA,NA
"hrv","Croatia","2015",4.91,77.72,NA,NA,NA
"hrv","Croatia","2016",4.84,78.39,NA,NA,NA
"hrv","Croatia","2017",4.77,78.5,NA,NA,NA
"hrv","Croatia","2018",4.7,78.61,NA,NA,NA
"hrv","Croatia","2019",4.63,78.66,NA,NA,NA
"hrv","Croatia","2020",4.85,77.91,NA,NA,NA
"hrv","Croatia","2021",5.02,77.5,NA,NA,NA
"hrv","Croatia","2022",3.94,79.16,NA,NA,NA
"hrv","Croatia","2023",3.82,79.32,NA,NA,NA
"hrv","Croatia","2024",3.7,79.49,NA,NA,NA
"hrv","Croatia","2025",3.58,79.65,NA,NA,NA
"hti","Haiti","1915",469.93,32.24,NA,NA,NA
"hti","Haiti","1916",468.92,32.29,NA,NA,NA
"hti","Haiti","1917",467.91,32.34,NA,NA,NA
"hti","Haiti","1918",466.91,21.01,NA,NA,NA
"hti","Haiti","1919",465.9,32.44,NA,NA,NA
"hti","Haiti","1920",464.9,32.49,NA,NA,NA
"hti","Haiti","1921",463.9,32.54,NA,NA,NA
"hti","Haiti","1922",462.91,32.59,NA,NA,NA
"hti","Haiti","1923",461.91,32.64,NA,NA,NA
"hti","Haiti","1924",460.92,32.69,NA,NA,NA
"hti","Haiti","1925",459.93,32.74,NA,NA,NA
"hti","Haiti","1926",458.94,32.79,NA,NA,NA
"hti","Haiti","1927",457.96,32.84,NA,NA,NA
"hti","Haiti","1928",456.97,32.89,NA,NA,NA
"hti","Haiti","1929",455.99,32.94,NA,NA,NA
"hti","Haiti","1930",455.01,32.99,NA,NA,NA
"hti","Haiti","1931",440.35,33.04,NA,NA,NA
"hti","Haiti","1932",425.99,33.09,NA,NA,NA
"hti","Haiti","1933",411.93,33.14,NA,NA,NA
"hti","Haiti","1934",398.17,33.19,NA,NA,NA
"hti","Haiti","1935",384.68,33.24,NA,NA,NA
"hti","Haiti","1936",371.49,33.29,NA,NA,NA
"hti","Haiti","1937",358.56,33.34,NA,NA,NA
"hti","Haiti","1938",345.91,33.39,NA,NA,NA
"hti","Haiti","1939",333.53,33.44,NA,NA,NA
"hti","Haiti","1940",321.41,33.49,NA,NA,NA
"hti","Haiti","1941",309.55,33.54,NA,NA,NA
"hti","Haiti","1942",297.93,33.57,NA,NA,NA
"hti","Haiti","1943",286.57,34.68,NA,NA,NA
"hti","Haiti","1944",275.45,35.79,NA,NA,NA
"hti","Haiti","1945",264.57,36.89,NA,NA,NA
"hti","Haiti","1946",253.93,37.99,NA,NA,NA
"hti","Haiti","1947",243.52,39.11,NA,NA,NA
"hti","Haiti","1948",233.33,40.22,NA,NA,NA
"hti","Haiti","1949",223.37,41.34,NA,NA,NA
"hti","Haiti","1950",213.62,42.47,NA,NA,NA
"hti","Haiti","1951",210.02,42.74,NA,NA,NA
"hti","Haiti","1952",203.08,43.01,NA,NA,NA
"hti","Haiti","1953",196.5,43.3,NA,NA,NA
"hti","Haiti","1954",329.39,43.38,NA,NA,NA
"hti","Haiti","1955",318.62,43.97,NA,NA,NA
"hti","Haiti","1956",309.78,44.29,NA,NA,NA
"hti","Haiti","1957",270.5,44.52,NA,NA,NA
"hti","Haiti","1958",299.51,44.77,NA,NA,NA
"hti","Haiti","1959",294.66,45.06,NA,NA,NA
"hti","Haiti","1960",244,45.41,NA,NA,NA
"hti","Haiti","1961",285.34,45.65,NA,NA,NA
"hti","Haiti","1962",280.9,45.95,NA,NA,NA
"hti","Haiti","1963",226.2,44.22,NA,NA,NA
"hti","Haiti","1964",272.13,46.3,NA,NA,NA
"hti","Haiti","1965",267.76,46.51,NA,NA,NA
"hti","Haiti","1966",263.3,46.59,NA,NA,NA
"hti","Haiti","1967",258.31,47.02,NA,NA,NA
"hti","Haiti","1968",238.4,47.36,NA,NA,NA
"hti","Haiti","1969",248.62,47.67,NA,NA,NA
"hti","Haiti","1970",211,47.96,NA,NA,NA
"hti","Haiti","1971",238.44,48.27,NA,NA,NA
"hti","Haiti","1972",222.1,48.51,NA,NA,NA
"hti","Haiti","1973",227.9,48.96,NA,NA,NA
"hti","Haiti","1974",183.7,49.41,NA,NA,NA
"hti","Haiti","1975",216.93,49.73,NA,NA,NA
"hti","Haiti","1976",177.2,50.06,NA,NA,NA
"hti","Haiti","1977",206.13,50.39,NA,NA,NA
"hti","Haiti","1978",200.87,50.62,NA,NA,NA
"hti","Haiti","1979",195.75,50.93,NA,NA,NA
"hti","Haiti","1980",190.67,51.28,NA,NA,NA
"hti","Haiti","1981",185.68,51.68,NA,NA,NA
"hti","Haiti","1982",180.81,51.99,NA,NA,NA
"hti","Haiti","1983",175.96,52.31,NA,NA,NA
"hti","Haiti","1984",171.24,52.67,NA,NA,NA
"hti","Haiti","1985",166.65,53.05,NA,NA,NA
"hti","Haiti","1986",162.11,53.35,NA,NA,NA
"hti","Haiti","1987",157.76,53.79,NA,NA,NA
"hti","Haiti","1988",153.48,54.14,NA,NA,NA
"hti","Haiti","1989",149.3,54.35,NA,NA,NA
"hti","Haiti","1990",145.18,54.57,NA,NA,NA
"hti","Haiti","1991",141.03,54.65,NA,NA,NA
"hti","Haiti","1992",136.86,54.93,NA,NA,NA
"hti","Haiti","1993",132.63,54.49,NA,NA,NA
"hti","Haiti","1994",128.38,54.79,NA,NA,NA
"hti","Haiti","1995",124.1,55.35,NA,NA,NA
"hti","Haiti","1996",119.86,55.71,NA,NA,NA
"hti","Haiti","1997",115.61,56.06,NA,NA,NA
"hti","Haiti","1998",111.5,56.55,NA,NA,NA
"hti","Haiti","1999",107.62,57.03,NA,NA,NA
"hti","Haiti","2000",103.93,57.43,NA,NA,NA
"hti","Haiti","2001",100.48,57.79,NA,NA,NA
"hti","Haiti","2002",97.34,58.17,NA,NA,NA
"hti","Haiti","2003",94.43,58.45,NA,NA,NA
"hti","Haiti","2004",91.78,57.54,NA,NA,NA
"hti","Haiti","2005",89.42,59.05,NA,NA,NA
"hti","Haiti","2006",87.23,59.5,NA,NA,NA
"hti","Haiti","2007",85.15,59.96,NA,NA,NA
"hti","Haiti","2008",83.16,60.23,NA,NA,NA
"hti","Haiti","2009",81.2,60.73,NA,NA,NA
"hti","Haiti","2010",203.59,32.52,NA,NA,NA
"hti","Haiti","2011",77.44,60.02,NA,NA,NA
"hti","Haiti","2012",75.59,61.42,NA,NA,NA
"hti","Haiti","2013",73.74,61.62,NA,NA,NA
"hti","Haiti","2014",71.89,61.93,NA,NA,NA
"hti","Haiti","2015",69.9,62.18,NA,NA,NA
"hti","Haiti","2016",67.9,62.41,NA,NA,NA
"hti","Haiti","2017",65.96,63.14,NA,NA,NA
"hti","Haiti","2018",64.07,63.49,NA,NA,NA
"hti","Haiti","2019",62.22,63.79,NA,NA,NA
"hti","Haiti","2020",60.29,63.59,NA,NA,NA
"hti","Haiti","2021",59.91,62.74,NA,NA,NA
"hti","Haiti","2022",56.49,63.27,NA,NA,NA
"hti","Haiti","2023",53.06,64.28,NA,NA,NA
"hti","Haiti","2024",52.21,64.9,NA,NA,NA
"hti","Haiti","2025",53.79,65.11,NA,NA,NA
"hun","Hungary","1915",428.73,40.82,NA,NA,NA
"hun","Hungary","1916",356.05,41.05,NA,NA,NA
"hun","Hungary","1917",351.19,41.27,NA,NA,NA
"hun","Hungary","1918",352.81,30.04,NA,NA,NA
"hun","Hungary","1919",266.83,41.73,NA,NA,NA
"hun","Hungary","1920",318.75,41.96,NA,NA,NA
"hun","Hungary","1921",313.89,42.76,NA,NA,NA
"hun","Hungary","1922",321.99,43.58,NA,NA,NA
"hun","Hungary","1923",299.15,44.39,NA,NA,NA
"hun","Hungary","1924",313.89,45.2,NA,NA,NA
"hun","Hungary","1925",273.18,46.01,NA,NA,NA
"hun","Hungary","1926",271.62,46.83,NA,NA,NA
"hun","Hungary","1927",300.8,47.64,NA,NA,NA
"hun","Hungary","1928",287.67,48.45,NA,NA,NA
"hun","Hungary","1929",290.96,49.26,NA,NA,NA
"hun","Hungary","1930",247.91,50.07,NA,NA,NA
"hun","Hungary","1931",261.96,50.75,NA,NA,NA
"hun","Hungary","1932",295.56,51.42,NA,NA,NA
"hun","Hungary","1933",212.69,52.1,NA,NA,NA
"hun","Hungary","1934",233.09,52.77,NA,NA,NA
"hun","Hungary","1935",238.72,53.45,NA,NA,NA
"hun","Hungary","1936",214.2,54.13,NA,NA,NA
"hun","Hungary","1937",202.12,54.79,NA,NA,NA
"hun","Hungary","1938",197.28,55.47,NA,NA,NA
"hun","Hungary","1939",178.27,56.15,NA,NA,NA
"hun","Hungary","1940",193.02,56.82,NA,NA,NA
"hun","Hungary","1941",167.23,56.38,NA,NA,NA
"hun","Hungary","1942",195.78,50.84,NA,NA,NA
"hun","Hungary","1943",165.08,40.88,NA,NA,NA
"hun","Hungary","1944",203.14,25.92,NA,NA,NA
"hun","Hungary","1945",249.98,46.85,NA,NA,NA
"hun","Hungary","1946",163.55,54.83,NA,NA,NA
"hun","Hungary","1947",139,58.81,NA,NA,NA
"hun","Hungary","1948",123.41,60.5,NA,NA,NA
"hun","Hungary","1949",117.81,61.1,NA,NA,NA
"hun","Hungary","1950",103.6,61.87,NA,NA,NA
"hun","Hungary","1951",84.66,62.45,NA,NA,NA
"hun","Hungary","1952",73.86,64.02,NA,NA,NA
"hun","Hungary","1953",68.54,64.22,NA,NA,NA
"hun","Hungary","1954",66.46,65.47,NA,NA,NA
"hun","Hungary","1955",65.96,66.64,NA,NA,NA
"hun","Hungary","1956",65.54,65.71,NA,NA,NA
"hun","Hungary","1957",63.89,66.32,NA,NA,NA
"hun","Hungary","1958",60.99,67.29,NA,NA,NA
"hun","Hungary","1959",57.52,67.33,NA,NA,NA
"hun","Hungary","1960",54.07,68.14,NA,NA,NA
"hun","Hungary","1961",51.14,68.81,NA,NA,NA
"hun","Hungary","1962",49.06,68.16,NA,NA,NA
"hun","Hungary","1963",47.57,68.9,NA,NA,NA
"hun","Hungary","1964",46.17,69.46,NA,NA,NA
"hun","Hungary","1965",44.64,69.37,NA,NA,NA
"hun","Hungary","1966",43.19,69.86,NA,NA,NA
"hun","Hungary","1967",41.98,69.62,NA,NA,NA
"hun","Hungary","1968",40.92,69.43,NA,NA,NA
"hun","Hungary","1969",39.79,69.35,NA,NA,NA
"hun","Hungary","1970",38.65,69.21,NA,NA,NA
"hun","Hungary","1971",38.02,69.13,NA,NA,NA
"hun","Hungary","1972",38.3,69.67,NA,NA,NA
"hun","Hungary","1973",38.73,69.75,NA,NA,NA
"hun","Hungary","1974",37.92,69.45,NA,NA,NA
"hun","Hungary","1975",35.38,69.43,NA,NA,NA
"hun","Hungary","1976",32.21,69.62,NA,NA,NA
"hun","Hungary","1977",29.36,69.88,NA,NA,NA
"hun","Hungary","1978",27.02,69.49,NA,NA,NA
"hun","Hungary","1979",25.1,69.53,NA,NA,NA
"hun","Hungary","1980",23.57,69.11,NA,NA,NA
"hun","Hungary","1981",22.54,69.07,NA,NA,NA
"hun","Hungary","1982",22.06,69.35,NA,NA,NA
"hun","Hungary","1983",21.94,68.92,NA,NA,NA
"hun","Hungary","1984",21.87,68.94,NA,NA,NA
"hun","Hungary","1985",21.58,68.92,NA,NA,NA
"hun","Hungary","1986",20.89,69.15,NA,NA,NA
"hun","Hungary","1987",19.74,69.57,NA,NA,NA
"hun","Hungary","1988",18.48,69.98,NA,NA,NA
"hun","Hungary","1989",17.62,69.42,NA,NA,NA
"hun","Hungary","1990",17.22,69.47,NA,NA,NA
"hun","Hungary","1991",16.76,69.5,NA,NA,NA
"hun","Hungary","1992",15.76,69.13,NA,NA,NA
"hun","Hungary","1993",14.45,69.17,NA,NA,NA
"hun","Hungary","1994",13.29,69.56,NA,NA,NA
"hun","Hungary","1995",12.49,69.95,NA,NA,NA
"hun","Hungary","1996",11.93,70.76,NA,NA,NA
"hun","Hungary","1997",11.5,71.01,NA,NA,NA
"hun","Hungary","1998",11.1,70.95,NA,NA,NA
"hun","Hungary","1999",10.66,71.12,NA,NA,NA
"hun","Hungary","2000",10.13,71.9,NA,NA,NA
"hun","Hungary","2001",9.55,72.47,NA,NA,NA
"hun","Hungary","2002",8.96,72.63,NA,NA,NA
"hun","Hungary","2003",8.4,72.71,NA,NA,NA
"hun","Hungary","2004",7.93,73.07,NA,NA,NA
"hun","Hungary","2005",7.55,73.07,NA,NA,NA
"hun","Hungary","2006",7.2,73.51,NA,NA,NA
"hun","Hungary","2007",6.85,73.6,NA,NA,NA
"hun","Hungary","2008",6.51,74.17,NA,NA,NA
"hun","Hungary","2009",6.22,74.36,NA,NA,NA
"hun","Hungary","2010",6.01,74.77,NA,NA,NA
"hun","Hungary","2011",5.86,75.1,NA,NA,NA
"hun","Hungary","2012",5.75,75.39,NA,NA,NA
"hun","Hungary","2013",5.61,75.87,NA,NA,NA
"hun","Hungary","2014",5.39,75.99,NA,NA,NA
"hun","Hungary","2015",5.06,75.9,NA,NA,NA
"hun","Hungary","2016",4.73,76.33,NA,NA,NA
"hun","Hungary","2017",4.45,76.34,NA,NA,NA
"hun","Hungary","2018",4.25,76.32,NA,NA,NA
"hun","Hungary","2019",4.12,76.61,NA,NA,NA
"hun","Hungary","2020",3.78,75.88,NA,NA,NA
"hun","Hungary","2021",3.86,74.68,NA,NA,NA
"hun","Hungary","2022",3.79,75.11,NA,NA,NA
"hun","Hungary","2023",3.43,77.25,NA,NA,NA
"hun","Hungary","2024",3.33,77.41,NA,NA,NA
"hun","Hungary","2025",3.22,77.57,NA,NA,NA
"idn","Indonesia","1915",430.77,33.57,NA,NA,NA
"idn","Indonesia","1916",429.73,33.63,NA,NA,NA
"idn","Indonesia","1917",428.69,33.68,NA,NA,NA
"idn","Indonesia","1918",427.65,15.78,NA,NA,NA
"idn","Indonesia","1919",426.61,33.79,NA,NA,NA
"idn","Indonesia","1920",425.57,33.85,NA,NA,NA
"idn","Indonesia","1921",424.52,33.9,NA,NA,NA
"idn","Indonesia","1922",423.48,33.96,NA,NA,NA
"idn","Indonesia","1923",422.44,34.01,NA,NA,NA
"idn","Indonesia","1924",421.4,34.07,NA,NA,NA
"idn","Indonesia","1925",420.36,34.12,NA,NA,NA
"idn","Indonesia","1926",419.32,34.18,NA,NA,NA
"idn","Indonesia","1927",418.28,34.23,NA,NA,NA
"idn","Indonesia","1928",410.97,34.86,NA,NA,NA
"idn","Indonesia","1929",403.69,35.49,NA,NA,NA
"idn","Indonesia","1930",396.59,36.12,NA,NA,NA
"idn","Indonesia","1931",389.14,36.75,NA,NA,NA
"idn","Indonesia","1932",381.86,37.38,NA,NA,NA
"idn","Indonesia","1933",374.63,38.02,NA,NA,NA
"idn","Indonesia","1934",367.56,38.66,NA,NA,NA
"idn","Indonesia","1935",360.53,39.29,NA,NA,NA
"idn","Indonesia","1936",353.67,39.94,NA,NA,NA
"idn","Indonesia","1937",346.85,40.58,NA,NA,NA
"idn","Indonesia","1938",362.41,41.08,NA,NA,NA
"idn","Indonesia","1939",378.33,41.58,NA,NA,NA
"idn","Indonesia","1940",394.77,42.09,NA,NA,NA
"idn","Indonesia","1941",411.63,42.6,NA,NA,NA
"idn","Indonesia","1942",396.86,33.91,NA,NA,NA
"idn","Indonesia","1943",382.62,32.81,NA,NA,NA
"idn","Indonesia","1944",368.89,31.7,NA,NA,NA
"idn","Indonesia","1945",355.66,30.58,NA,NA,NA
"idn","Indonesia","1946",342.89,35.93,NA,NA,NA
"idn","Indonesia","1947",330.59,36.59,NA,NA,NA
"idn","Indonesia","1948",318.73,37.25,NA,NA,NA
"idn","Indonesia","1949",307.29,37.92,NA,NA,NA
"idn","Indonesia","1950",296.26,43.2,NA,NA,NA
"idn","Indonesia","1951",292.12,43.5,NA,NA,NA
"idn","Indonesia","1952",283.69,43.99,NA,NA,NA
"idn","Indonesia","1953",275.34,44.57,NA,NA,NA
"idn","Indonesia","1954",267.29,45.17,NA,NA,NA
"idn","Indonesia","1955",259.33,45.7,NA,NA,NA
"idn","Indonesia","1956",251.71,46.27,NA,NA,NA
"idn","Indonesia","1957",244.24,46.89,NA,NA,NA
"idn","Indonesia","1958",237.23,47.23,NA,NA,NA
"idn","Indonesia","1959",230.44,47.89,NA,NA,NA
"idn","Indonesia","1960",224,48.63,NA,NA,NA
"idn","Indonesia","1961",217.86,49.15,NA,NA,NA
"idn","Indonesia","1962",212.01,49.46,NA,NA,NA
"idn","Indonesia","1963",206.21,50.15,NA,NA,NA
"idn","Indonesia","1964",200.55,50.77,NA,NA,NA
"idn","Indonesia","1965",229.53,51.24,NA,NA,NA
"idn","Indonesia","1966",189.08,51.6,NA,NA,NA
"idn","Indonesia","1967",183.37,52.16,NA,NA,NA
"idn","Indonesia","1968",177.63,52.79,NA,NA,NA
"idn","Indonesia","1969",171.94,53.43,NA,NA,NA
"idn","Indonesia","1970",166.33,54.09,NA,NA,NA
"idn","Indonesia","1971",160.87,54.62,NA,NA,NA
"idn","Indonesia","1972",155.65,55.18,NA,NA,NA
"idn","Indonesia","1973",150.55,55.8,NA,NA,NA
"idn","Indonesia","1974",145.69,56.46,NA,NA,NA
"idn","Indonesia","1975",141.07,56.92,NA,NA,NA
"idn","Indonesia","1976",136.67,57.31,NA,NA,NA
"idn","Indonesia","1977",132.5,57.92,NA,NA,NA
"idn","Indonesia","1978",128.49,58.47,NA,NA,NA
"idn","Indonesia","1979",124.64,59.06,NA,NA,NA
"idn","Indonesia","1980",120.9,59.71,NA,NA,NA
"idn","Indonesia","1981",117.19,60.27,NA,NA,NA
"idn","Indonesia","1982",113.5,60.86,NA,NA,NA
"idn","Indonesia","1983",109.84,61.34,NA,NA,NA
"idn","Indonesia","1984",106.17,61.71,NA,NA,NA
"idn","Indonesia","1985",102.5,62.11,NA,NA,NA
"idn","Indonesia","1986",98.89,62.51,NA,NA,NA
"idn","Indonesia","1987",95.25,62.82,NA,NA,NA
"idn","Indonesia","1988",91.55,63.21,NA,NA,NA
"idn","Indonesia","1989",87.83,63.66,NA,NA,NA
"idn","Indonesia","1990",84.04,64.05,NA,NA,NA
"idn","Indonesia","1991",80.26,64.5,NA,NA,NA
"idn","Indonesia","1992",76.59,64.9,NA,NA,NA
"idn","Indonesia","1993",73,65.3,NA,NA,NA
"idn","Indonesia","1994",69.54,65.68,NA,NA,NA
"idn","Indonesia","1995",66.24,66.04,NA,NA,NA
"idn","Indonesia","1996",63.11,66.39,NA,NA,NA
"idn","Indonesia","1997",60.15,66.65,NA,NA,NA
"idn","Indonesia","1998",57.36,66.81,NA,NA,NA
"idn","Indonesia","1999",54.72,66.99,NA,NA,NA
"idn","Indonesia","2000",52.21,67.24,NA,NA,NA
"idn","Indonesia","2001",49.84,67.45,NA,NA,NA
"idn","Indonesia","2002",47.62,67.65,NA,NA,NA
"idn","Indonesia","2003",45.52,67.84,NA,NA,NA
"idn","Indonesia","2004",49.63,66.25,NA,NA,NA
"idn","Indonesia","2005",41.69,68.26,NA,NA,NA
"idn","Indonesia","2006",39.93,68.39,NA,NA,NA
"idn","Indonesia","2007",38.28,68.67,NA,NA,NA
"idn","Indonesia","2008",36.71,68.89,NA,NA,NA
"idn","Indonesia","2009",35.22,69.09,NA,NA,NA
"idn","Indonesia","2010",33.83,69.34,NA,NA,NA
"idn","Indonesia","2011",32.48,69.6,NA,NA,NA
"idn","Indonesia","2012",31.21,69.83,NA,NA,NA
"idn","Indonesia","2013",29.98,70.03,NA,NA,NA
"idn","Indonesia","2014",28.8,70.24,NA,NA,NA
"idn","Indonesia","2015",27.67,70.44,NA,NA,NA
"idn","Indonesia","2016",26.6,70.7,NA,NA,NA
"idn","Indonesia","2017",25.61,70.89,NA,NA,NA
"idn","Indonesia","2018",24.64,71.1,NA,NA,NA
"idn","Indonesia","2019",23.8,71.39,NA,NA,NA
"idn","Indonesia","2020",23,69.65,NA,NA,NA
"idn","Indonesia","2021",22.24,68.4,NA,NA,NA
"idn","Indonesia","2022",21.31,69.09,NA,NA,NA
"idn","Indonesia","2023",21.19,71.97,NA,NA,NA
"idn","Indonesia","2024",20.62,72.12,NA,NA,NA
"idn","Indonesia","2025",20.13,72.25,NA,NA,NA
"ind","India","1915",328.51,27.79,NA,NA,NA
"ind","India","1916",328.51,28.07,NA,NA,NA
"ind","India","1917",333.4,28.35,NA,NA,NA
"ind","India","1918",433.6,9.48,NA,NA,NA
"ind","India","1919",364.1,28.8,NA,NA,NA
"ind","India","1920",317.13,29.03,NA,NA,NA
"ind","India","1921",321.99,29.25,NA,NA,NA
"ind","India","1922",284.37,29.83,NA,NA,NA
"ind","India","1923",286.02,30.43,NA,NA,NA
"ind","India","1924",307.34,31.03,NA,NA,NA
"ind","India","1925",282.71,31.61,NA,NA,NA
"ind","India","1926",307.34,32.21,NA,NA,NA
"ind","India","1927",271.62,32.81,NA,NA,NA
"ind","India","1928",281.07,33.41,NA,NA,NA
"ind","India","1929",289.32,34.01,NA,NA,NA
"ind","India","1930",294.24,34.62,NA,NA,NA
"ind","India","1931",291.77,35.22,NA,NA,NA
"ind","India","1932",276.25,35.69,NA,NA,NA
"ind","India","1933",280.09,36.16,NA,NA,NA
"ind","India","1934",307.48,36.63,NA,NA,NA
"ind","India","1935",270.56,37.11,NA,NA,NA
"ind","India","1936",267.96,37.57,NA,NA,NA
"ind","India","1937",268.7,38.05,NA,NA,NA
"ind","India","1938",277.69,38.53,NA,NA,NA
"ind","India","1939",259.61,39.02,NA,NA,NA
"ind","India","1940",267.44,39.49,NA,NA,NA
"ind","India","1941",264.62,39.96,NA,NA,NA
"ind","India","1942",274.09,40.35,NA,NA,NA
"ind","India","1943",278.2,39.51,NA,NA,NA
"ind","India","1944",285.46,40.19,NA,NA,NA
"ind","India","1945",254.55,41.5,NA,NA,NA
"ind","India","1946",259.78,41.88,NA,NA,NA
"ind","India","1947",265.11,40.15,NA,NA,NA
"ind","India","1948",270.54,42.34,NA,NA,NA
"ind","India","1949",276.09,43.03,NA,NA,NA
"ind","India","1950",281.75,43.42,NA,NA,NA
"ind","India","1951",279.97,44.03,NA,NA,NA
"ind","India","1952",275.51,44.48,NA,NA,NA
"ind","India","1953",271.91,44.8,NA,NA,NA
"ind","India","1954",267.43,45.41,NA,NA,NA
"ind","India","1955",263.04,45.84,NA,NA,NA
"ind","India","1956",258.67,46.03,NA,NA,NA
"ind","India","1957",254.25,45.92,NA,NA,NA
"ind","India","1958",250.13,45.82,NA,NA,NA
"ind","India","1959",246.34,46.08,NA,NA,NA
"ind","India","1960",242.58,45.75,NA,NA,NA
"ind","India","1961",239.18,45.95,NA,NA,NA
"ind","India","1962",235.93,46.39,NA,NA,NA
"ind","India","1963",232.86,46.68,NA,NA,NA
"ind","India","1964",229.98,47.09,NA,NA,NA
"ind","India","1965",227.21,45.71,NA,NA,NA
"ind","India","1966",224.46,46.04,NA,NA,NA
"ind","India","1967",221.84,46.37,NA,NA,NA
"ind","India","1968",219.22,48.29,NA,NA,NA
"ind","India","1969",216.47,48.73,NA,NA,NA
"ind","India","1970",213.59,49.33,NA,NA,NA
"ind","India","1971",210.38,49.68,NA,NA,NA
"ind","India","1972",206.96,50.13,NA,NA,NA
"ind","India","1973",203.23,50.88,NA,NA,NA
"ind","India","1974",199.13,51.51,NA,NA,NA
"ind","India","1975",194.6,51.59,NA,NA,NA
"ind","India","1976",189.72,52.15,NA,NA,NA
"ind","India","1977",184.5,52.75,NA,NA,NA
"ind","India","1978",179.07,53.59,NA,NA,NA
"ind","India","1979",173.56,54.69,NA,NA,NA
"ind","India","1980",168.14,55.17,NA,NA,NA
"ind","India","1981",162.99,55.53,NA,NA,NA
"ind","India","1982",158.19,56.28,NA,NA,NA
"ind","India","1983",153.79,56.65,NA,NA,NA
"ind","India","1984",149.67,56.87,NA,NA,NA
"ind","India","1985",145.67,57.3,NA,NA,NA
"ind","India","1986",141.72,57.82,NA,NA,NA
"ind","India","1987",137.8,58.31,NA,NA,NA
"ind","India","1988",133.84,58.6,NA,NA,NA
"ind","India","1989",129.94,59.1,NA,NA,NA
"ind","India","1990",126.19,59.58,NA,NA,NA
"ind","India","1991",122.67,59.77,NA,NA,NA
"ind","India","1992",119.28,60,NA,NA,NA
"ind","India","1993",115.97,60.59,NA,NA,NA
"ind","India","1994",112.72,61.21,NA,NA,NA
"ind","India","1995",109.38,61.74,NA,NA,NA
"ind","India","1996",105.96,62.05,NA,NA,NA
"ind","India","1997",102.46,61.89,NA,NA,NA
"ind","India","1998",98.88,62.11,NA,NA,NA
"ind","India","1999",95.27,62.56,NA,NA,NA
"ind","India","2000",91.65,62.94,NA,NA,NA
"ind","India","2001",88.07,63.27,NA,NA,NA
"ind","India","2002",84.54,63.79,NA,NA,NA
"ind","India","2003",81.13,64.47,NA,NA,NA
"ind","India","2004",77.75,65.2,NA,NA,NA
"ind","India","2005",74.44,65.39,NA,NA,NA
"ind","India","2006",71.15,65.59,NA,NA,NA
"ind","India","2007",67.86,65.84,NA,NA,NA
"ind","India","2008",64.6,66.08,NA,NA,NA
"ind","India","2009",61.36,66.81,NA,NA,NA
"ind","India","2010",58.15,67.28,NA,NA,NA
"ind","India","2011",55.04,67.56,NA,NA,NA
"ind","India","2012",51.97,68.01,NA,NA,NA
"ind","India","2013",49.03,68.36,NA,NA,NA
"ind","India","2014",46.22,69,NA,NA,NA
"ind","India","2015",43.53,69.36,NA,NA,NA
"ind","India","2016",40.97,69.96,NA,NA,NA
"ind","India","2017",38.56,70.34,NA,NA,NA
"ind","India","2018",36.33,70.46,NA,NA,NA
"ind","India","2019",34.37,70.77,NA,NA,NA
"ind","India","2020",32.65,70.01,NA,NA,NA
"ind","India","2021",31.19,67.1,NA,NA,NA
"ind","India","2022",32.42,67.61,NA,NA,NA
"ind","India","2023",30.53,71.88,NA,NA,NA
"ind","India","2024",29.33,72.14,NA,NA,NA
"ind","India","2025",28.13,72.4,NA,NA,NA
"irl","Ireland","1915",134.77,54.86,NA,NA,NA
"irl","Ireland","1916",118.9,55.12,NA,NA,NA
"irl","Ireland","1917",127.65,55.37,NA,NA,NA
"irl","Ireland","1918",124.13,49.72,NA,NA,NA
"irl","Ireland","1919",127.65,55.88,NA,NA,NA
"irl","Ireland","1920",118.9,56.13,NA,NA,NA
"irl","Ireland","1921",106.41,56.38,NA,NA,NA
"irl","Ireland","1922",95.24,56.64,NA,NA,NA
"irl","Ireland","1923",90.4,56.89,NA,NA,NA
"irl","Ireland","1924",100.18,57.15,NA,NA,NA
"irl","Ireland","1925",93.6,57.41,NA,NA,NA
"irl","Ireland","1926",103.53,57.66,NA,NA,NA
"irl","Ireland","1927",98.52,57.79,NA,NA,NA
"irl","Ireland","1928",93.6,57.92,NA,NA,NA
"irl","Ireland","1929",96.88,58.05,NA,NA,NA
"irl","Ireland","1930",93.6,58.18,NA,NA,NA
"irl","Ireland","1931",95.24,58.31,NA,NA,NA
"irl","Ireland","1932",100.18,58.44,NA,NA,NA
"irl","Ireland","1933",88.79,58.57,NA,NA,NA
"irl","Ireland","1934",85.73,58.71,NA,NA,NA
"irl","Ireland","1935",93.6,58.84,NA,NA,NA
"irl","Ireland","1936",103.53,58.97,NA,NA,NA
"irl","Ireland","1937",101.85,59.19,NA,NA,NA
"irl","Ireland","1938",91.99,59.41,NA,NA,NA
"irl","Ireland","1939",90.4,59.63,NA,NA,NA
"irl","Ireland","1940",90.4,59.85,NA,NA,NA
"irl","Ireland","1941",103.52,60.1,NA,NA,NA
"irl","Ireland","1942",95.23,60.4,NA,NA,NA
"irl","Ireland","1943",118.89,60.71,NA,NA,NA
"irl","Ireland","1944",111.99,61.03,NA,NA,NA
"irl","Ireland","1945",98.51,61.33,NA,NA,NA
"irl","Ireland","1946",88.78,61.64,NA,NA,NA
"irl","Ireland","1947",93.59,62.71,NA,NA,NA
"irl","Ireland","1948",59.29,63.8,NA,NA,NA
"irl","Ireland","1949",56.59,64.88,NA,NA,NA
"irl","Ireland","1950",54.19,65.96,NA,NA,NA
"irl","Ireland","1951",51.93,65.8,NA,NA,NA
"irl","Ireland","1952",49.55,67.29,NA,NA,NA
"irl","Ireland","1953",47.15,68.08,NA,NA,NA
"irl","Ireland","1954",44.91,68.3,NA,NA,NA
"irl","Ireland","1955",42.96,68.52,NA,NA,NA
"irl","Ireland","1956",41.27,69.1,NA,NA,NA
"irl","Ireland","1957",39.72,69.36,NA,NA,NA
"irl","Ireland","1958",38.23,69.57,NA,NA,NA
"irl","Ireland","1959",36.77,69.78,NA,NA,NA
"irl","Ireland","1960",35.29,70.12,NA,NA,NA
"irl","Ireland","1961",33.85,70.05,NA,NA,NA
"irl","Ireland","1962",32.54,70.22,NA,NA,NA
"irl","Ireland","1963",31.33,70.48,NA,NA,NA
"irl","Ireland","1964",30.07,70.61,NA,NA,NA
"irl","Ireland","1965",28.62,70.75,NA,NA,NA
"irl","Ireland","1966",27.06,70.68,NA,NA,NA
"irl","Ireland","1967",25.52,71.1,NA,NA,NA
"irl","Ireland","1968",24.14,71.17,NA,NA,NA
"irl","Ireland","1969",23.02,71.11,NA,NA,NA
"irl","Ireland","1970",22.24,71.23,NA,NA,NA
"irl","Ireland","1971",21.74,71.55,NA,NA,NA
"irl","Ireland","1972",21.38,71.4,NA,NA,NA
"irl","Ireland","1973",21.05,71.36,NA,NA,NA
"irl","Ireland","1974",20.62,71.41,NA,NA,NA
"irl","Ireland","1975",19.98,71.74,NA,NA,NA
"irl","Ireland","1976",19.12,71.99,NA,NA,NA
"irl","Ireland","1977",18.04,72.15,NA,NA,NA
"irl","Ireland","1978",16.8,72.18,NA,NA,NA
"irl","Ireland","1979",15.53,72.36,NA,NA,NA
"irl","Ireland","1980",14.32,72.69,NA,NA,NA
"irl","Ireland","1981",13.24,73.04,NA,NA,NA
"irl","Ireland","1982",12.36,73.27,NA,NA,NA
"irl","Ireland","1983",11.67,73.37,NA,NA,NA
"irl","Ireland","1984",11.14,73.67,NA,NA,NA
"irl","Ireland","1985",10.72,73.8,NA,NA,NA
"irl","Ireland","1986",10.39,73.94,NA,NA,NA
"irl","Ireland","1987",10.14,74.34,NA,NA,NA
"irl","Ireland","1988",9.9,74.53,NA,NA,NA
"irl","Ireland","1989",9.61,74.73,NA,NA,NA
"irl","Ireland","1990",9.16,74.98,NA,NA,NA
"irl","Ireland","1991",8.62,75.22,NA,NA,NA
"irl","Ireland","1992",8.11,75.44,NA,NA,NA
"irl","Ireland","1993",7.7,75.53,NA,NA,NA
"irl","Ireland","1994",7.42,75.78,NA,NA,NA
"irl","Ireland","1995",7.3,75.74,NA,NA,NA
"irl","Ireland","1996",7.29,75.98,NA,NA,NA
"irl","Ireland","1997",7.32,76.13,NA,NA,NA
"irl","Ireland","1998",7.33,76.31,NA,NA,NA
"irl","Ireland","1999",7.29,76.41,NA,NA,NA
"irl","Ireland","2000",7.14,76.77,NA,NA,NA
"irl","Ireland","2001",6.87,77.32,NA,NA,NA
"irl","Ireland","2002",6.5,77.79,NA,NA,NA
"irl","Ireland","2003",6.05,78.27,NA,NA,NA
"irl","Ireland","2004",5.59,78.66,NA,NA,NA
"irl","Ireland","2005",5.19,79.1,NA,NA,NA
"irl","Ireland","2006",4.87,79.38,NA,NA,NA
"irl","Ireland","2007",4.62,79.73,NA,NA,NA
"irl","Ireland","2008",4.43,79.97,NA,NA,NA
"irl","Ireland","2009",4.29,80.19,NA,NA,NA
"irl","Ireland","2010",4.17,80.78,NA,NA,NA
"irl","Ireland","2011",4.07,80.81,NA,NA,NA
"irl","Ireland","2012",3.98,81.02,NA,NA,NA
"irl","Ireland","2013",3.9,81.24,NA,NA,NA
"irl","Ireland","2014",3.81,81.5,NA,NA,NA
"irl","Ireland","2015",3.7,81.65,NA,NA,NA
"irl","Ireland","2016",3.57,81.87,NA,NA,NA
"irl","Ireland","2017",3.43,81.94,NA,NA,NA
"irl","Ireland","2018",3.29,81.97,NA,NA,NA
"irl","Ireland","2019",3.15,82.02,NA,NA,NA
"irl","Ireland","2020",3.07,82.23,NA,NA,NA
"irl","Ireland","2021",2.99,81.76,NA,NA,NA
"irl","Ireland","2022",2.94,82.48,NA,NA,NA
"irl","Ireland","2023",2.85,82.63,NA,NA,NA
"irl","Ireland","2024",2.76,82.78,NA,NA,NA
"irl","Ireland","2025",2.67,82.94,NA,NA,NA
"irn","Iran","1915",491.52,25.39,NA,NA,NA
"irn","Iran","1916",490.33,25.38,NA,NA,NA
"irn","Iran","1917",489.15,25.38,NA,NA,NA
"irn","Iran","1918",487.96,21.03,NA,NA,NA
"irn","Iran","1919",486.77,25.37,NA,NA,NA
"irn","Iran","1920",485.58,25.37,NA,NA,NA
"irn","Iran","1921",484.39,25.37,NA,NA,NA
"irn","Iran","1922",483.2,25.36,NA,NA,NA
"irn","Iran","1923",482.02,25.36,NA,NA,NA
"irn","Iran","1924",480.83,25.36,NA,NA,NA
"irn","Iran","1925",479.64,25.35,NA,NA,NA
"irn","Iran","1926",478.45,25.35,NA,NA,NA
"irn","Iran","1927",477.26,25.35,NA,NA,NA
"irn","Iran","1928",476.08,25.34,NA,NA,NA
"irn","Iran","1929",474.89,25.34,NA,NA,NA
"irn","Iran","1930",473.7,25.34,NA,NA,NA
"irn","Iran","1931",472.51,25.33,NA,NA,NA
"irn","Iran","1932",471.32,25.33,NA,NA,NA
"irn","Iran","1933",470.13,25.33,NA,NA,NA
"irn","Iran","1934",468.95,25.32,NA,NA,NA
"irn","Iran","1935",467.76,25.32,NA,NA,NA
"irn","Iran","1936",466.57,25.32,NA,NA,NA
"irn","Iran","1937",465.38,25.31,NA,NA,NA
"irn","Iran","1938",464.19,25.31,NA,NA,NA
"irn","Iran","1939",463,25.31,NA,NA,NA
"irn","Iran","1940",461.82,25.3,NA,NA,NA
"irn","Iran","1941",453.96,26.71,NA,NA,NA
"irn","Iran","1942",446.23,28.12,NA,NA,NA
"irn","Iran","1943",438.63,29.55,NA,NA,NA
"irn","Iran","1944",431.17,30.96,NA,NA,NA
"irn","Iran","1945",423.83,32.37,NA,NA,NA
"irn","Iran","1946",416.61,33.78,NA,NA,NA
"irn","Iran","1947",409.52,35.2,NA,NA,NA
"irn","Iran","1948",402.55,36.6,NA,NA,NA
"irn","Iran","1949",395.7,38.02,NA,NA,NA
"irn","Iran","1950",388.96,39.43,NA,NA,NA
"irn","Iran","1951",382.34,39.75,NA,NA,NA
"irn","Iran","1952",375.83,40.16,NA,NA,NA
"irn","Iran","1953",369.43,40.42,NA,NA,NA
"irn","Iran","1954",363.14,40.74,NA,NA,NA
"irn","Iran","1955",356.96,41.21,NA,NA,NA
"irn","Iran","1956",350.88,41.56,NA,NA,NA
"irn","Iran","1957",344.91,41.87,NA,NA,NA
"irn","Iran","1958",339.04,42.93,NA,NA,NA
"irn","Iran","1959",332.94,43.71,NA,NA,NA
"irn","Iran","1960",326.94,44.48,NA,NA,NA
"irn","Iran","1961",321.06,45.33,NA,NA,NA
"irn","Iran","1962",315.28,45.35,NA,NA,NA
"irn","Iran","1963",309.6,46.97,NA,NA,NA
"irn","Iran","1964",304.03,47.82,NA,NA,NA
"irn","Iran","1965",298.55,48.71,NA,NA,NA
"irn","Iran","1966",293.18,49.58,NA,NA,NA
"irn","Iran","1967",287.9,50.43,NA,NA,NA
"irn","Iran","1968",266.1,51.05,NA,NA,NA
"irn","Iran","1969",240.6,53.13,NA,NA,NA
"irn","Iran","1970",225.73,54.51,NA,NA,NA
"irn","Iran","1971",215,56.01,NA,NA,NA
"irn","Iran","1972",179.67,57.08,NA,NA,NA
"irn","Iran","1973",170.91,58.85,NA,NA,NA
"irn","Iran","1974",162.18,60.22,NA,NA,NA
"irn","Iran","1975",153.5,61.47,NA,NA,NA
"irn","Iran","1976",144.6,62.6,NA,NA,NA
"irn","Iran","1977",135.37,63.47,NA,NA,NA
"irn","Iran","1978",126.04,62.57,NA,NA,NA
"irn","Iran","1979",116.99,64.62,NA,NA,NA
"irn","Iran","1980",108.2,64.7,NA,NA,NA
"irn","Iran","1981",100.08,64.8,NA,NA,NA
"irn","Iran","1982",92.85,64.43,NA,NA,NA
"irn","Iran","1983",86.59,65.23,NA,NA,NA
"irn","Iran","1984",81.15,66.19,NA,NA,NA
"irn","Iran","1985",76.29,66.31,NA,NA,NA
"irn","Iran","1986",71.92,65.2,NA,NA,NA
"irn","Iran","1987",67.94,66.53,NA,NA,NA
"irn","Iran","1988",64.12,66.75,NA,NA,NA
"irn","Iran","1989",60.61,68.14,NA,NA,NA
"irn","Iran","1990",57.47,66.68,NA,NA,NA
"irn","Iran","1991",54.61,68.89,NA,NA,NA
"irn","Iran","1992",52.1,69.3,NA,NA,NA
"irn","Iran","1993",49.86,69.63,NA,NA,NA
"irn","Iran","1994",47.82,70.01,NA,NA,NA
"irn","Iran","1995",45.91,70.37,NA,NA,NA
"irn","Iran","1996",44.02,70.71,NA,NA,NA
"irn","Iran","1997",42.13,70.92,NA,NA,NA
"irn","Iran","1998",40.19,71.34,NA,NA,NA
"irn","Iran","1999",38.24,71.63,NA,NA,NA
"irn","Iran","2000",36.22,71.94,NA,NA,NA
"irn","Iran","2001",34.2,72.2,NA,NA,NA
"irn","Iran","2002",32.17,72.51,NA,NA,NA
"irn","Iran","2003",30.15,71.77,NA,NA,NA
"irn","Iran","2004",28.21,73.17,NA,NA,NA
"irn","Iran","2005",26.4,73.55,NA,NA,NA
"irn","Iran","2006",24.71,73.95,NA,NA,NA
"irn","Iran","2007",23.15,74.37,NA,NA,NA
"irn","Iran","2008",21.7,74.76,NA,NA,NA
"irn","Iran","2009",20.41,75.11,NA,NA,NA
"irn","Iran","2010",19.33,75.45,NA,NA,NA
"irn","Iran","2011",18.32,75.79,NA,NA,NA
"irn","Iran","2012",17.49,76.05,NA,NA,NA
"irn","Iran","2013",16.76,76.24,NA,NA,NA
"irn","Iran","2014",16.08,76.48,NA,NA,NA
"irn","Iran","2015",15.45,76.69,NA,NA,NA
"irn","Iran","2016",14.88,77.09,NA,NA,NA
"irn","Iran","2017",14.37,77.31,NA,NA,NA
"irn","Iran","2018",13.86,77.56,NA,NA,NA
"irn","Iran","2019",13.4,77.76,NA,NA,NA
"irn","Iran","2020",13,76.46,NA,NA,NA
"irn","Iran","2021",12.55,75.48,NA,NA,NA
"irn","Iran","2022",12.13,76.18,NA,NA,NA
"irn","Iran","2023",11.22,78.64,NA,NA,NA
"irn","Iran","2024",10.8,78.86,NA,NA,NA
"irn","Iran","2025",10.39,79.07,NA,NA,NA
"irq","Iraq","1915",415.31,44.02,NA,NA,NA
"irq","Iraq","1916",414.3,44.22,NA,NA,NA
"irq","Iraq","1917",413.3,44.41,NA,NA,NA
"irq","Iraq","1918",412.29,36.99,NA,NA,NA
"irq","Iraq","1919",411.29,44.81,NA,NA,NA
"irq","Iraq","1920",410.29,45.01,NA,NA,NA
"irq","Iraq","1921",409.28,45.2,NA,NA,NA
"irq","Iraq","1922",408.28,45.4,NA,NA,NA
"irq","Iraq","1923",407.27,45.6,NA,NA,NA
"irq","Iraq","1924",406.27,45.79,NA,NA,NA
"irq","Iraq","1925",405.27,45.99,NA,NA,NA
"irq","Iraq","1926",404.26,46.19,NA,NA,NA
"irq","Iraq","1927",403.26,46.39,NA,NA,NA
"irq","Iraq","1928",402.25,46.58,NA,NA,NA
"irq","Iraq","1929",401.25,46.78,NA,NA,NA
"irq","Iraq","1930",400.25,46.98,NA,NA,NA
"irq","Iraq","1931",398.74,47.18,NA,NA,NA
"irq","Iraq","1932",397.25,47.37,NA,NA,NA
"irq","Iraq","1933",395.74,47.57,NA,NA,NA
"irq","Iraq","1934",394.25,47.77,NA,NA,NA
"irq","Iraq","1935",392.76,47.96,NA,NA,NA
"irq","Iraq","1936",391.27,48.16,NA,NA,NA
"irq","Iraq","1937",389.78,48.36,NA,NA,NA
"irq","Iraq","1938",388.29,48.56,NA,NA,NA
"irq","Iraq","1939",386.81,48.75,NA,NA,NA
"irq","Iraq","1940",385.34,48.95,NA,NA,NA
"irq","Iraq","1941",382.25,49.65,NA,NA,NA
"irq","Iraq","1942",379.18,50.33,NA,NA,NA
"irq","Iraq","1943",376.14,51.03,NA,NA,NA
"irq","Iraq","1944",373.12,51.75,NA,NA,NA
"irq","Iraq","1945",370.12,52.45,NA,NA,NA
"irq","Iraq","1946",367.15,53.15,NA,NA,NA
"irq","Iraq","1947",364.2,53.88,NA,NA,NA
"irq","Iraq","1948",361.27,54.59,NA,NA,NA
"irq","Iraq","1949",358.37,55.31,NA,NA,NA
"irq","Iraq","1950",355.49,56.05,NA,NA,NA
"irq","Iraq","1951",334.08,56.25,NA,NA,NA
"irq","Iraq","1952",313.89,56.57,NA,NA,NA
"irq","Iraq","1953",294.93,57.43,NA,NA,NA
"irq","Iraq","1954",277.15,58.12,NA,NA,NA
"irq","Iraq","1955",260.18,58.52,NA,NA,NA
"irq","Iraq","1956",244.4,58.94,NA,NA,NA
"irq","Iraq","1957",229.65,59.29,NA,NA,NA
"irq","Iraq","1958",215.78,59.49,NA,NA,NA
"irq","Iraq","1959",203.05,59.35,NA,NA,NA
"irq","Iraq","1960",191.19,60.49,NA,NA,NA
"irq","Iraq","1961",180.29,59.06,NA,NA,NA
"irq","Iraq","1962",170.32,59.54,NA,NA,NA
"irq","Iraq","1963",161.11,59.71,NA,NA,NA
"irq","Iraq","1964",152.59,60.99,NA,NA,NA
"irq","Iraq","1965",144.87,61.13,NA,NA,NA
"irq","Iraq","1966",137.67,61.52,NA,NA,NA
"irq","Iraq","1967",131.04,61.87,NA,NA,NA
"irq","Iraq","1968",124.82,62.33,NA,NA,NA
"irq","Iraq","1969",118.95,62.5,NA,NA,NA
"irq","Iraq","1970",113.56,62.78,NA,NA,NA
"irq","Iraq","1971",108.39,63.98,NA,NA,NA
"irq","Iraq","1972",103.52,64.51,NA,NA,NA
"irq","Iraq","1973",98.88,64.72,NA,NA,NA
"irq","Iraq","1974",94.43,63.35,NA,NA,NA
"irq","Iraq","1975",90.2,64.23,NA,NA,NA
"irq","Iraq","1976",86.24,66.58,NA,NA,NA
"irq","Iraq","1977",82.48,66.78,NA,NA,NA
"irq","Iraq","1978",79.03,67.08,NA,NA,NA
"irq","Iraq","1979",75.86,67.63,NA,NA,NA
"irq","Iraq","1980",72.92,64.51,NA,NA,NA
"irq","Iraq","1981",70.2,63.57,NA,NA,NA
"irq","Iraq","1982",67.68,58.05,NA,NA,NA
"irq","Iraq","1983",65.4,59.98,NA,NA,NA
"irq","Iraq","1984",63.31,63.43,NA,NA,NA
"irq","Iraq","1985",61.37,62.73,NA,NA,NA
"irq","Iraq","1986",59.6,56.58,NA,NA,NA
"irq","Iraq","1987",58.01,61.9,NA,NA,NA
"irq","Iraq","1988",56.56,61.99,NA,NA,NA
"irq","Iraq","1989",55.25,66.78,NA,NA,NA
"irq","Iraq","1990",54.07,67,NA,NA,NA
"irq","Iraq","1991",52.98,67.03,NA,NA,NA
"irq","Iraq","1992",51.94,67,NA,NA,NA
"irq","Iraq","1993",50.96,67.07,NA,NA,NA
"irq","Iraq","1994",50.05,67.12,NA,NA,NA
"irq","Iraq","1995",49.13,67.16,NA,NA,NA
"irq","Iraq","1996",48.21,67.35,NA,NA,NA
"irq","Iraq","1997",47.27,67.5,NA,NA,NA
"irq","Iraq","1998",46.33,67.87,NA,NA,NA
"irq","Iraq","1999",45.39,68.27,NA,NA,NA
"irq","Iraq","2000",44.46,68.64,NA,NA,NA
"irq","Iraq","2001",43.53,69.05,NA,NA,NA
"irq","Iraq","2002",42.65,69.35,NA,NA,NA
"irq","Iraq","2003",41.77,68.14,NA,NA,NA
"irq","Iraq","2004",40.91,68.35,NA,NA,NA
"irq","Iraq","2005",40.02,67.68,NA,NA,NA
"irq","Iraq","2006",39.09,66.59,NA,NA,NA
"irq","Iraq","2007",38.11,67.2,NA,NA,NA
"irq","Iraq","2008",37.07,69.33,NA,NA,NA
"irq","Iraq","2009",36,70.13,NA,NA,NA
"irq","Iraq","2010",34.93,70.63,NA,NA,NA
"irq","Iraq","2011",33.83,71.02,NA,NA,NA
"irq","Iraq","2012",32.77,71.31,NA,NA,NA
"irq","Iraq","2013",31.72,70.9,NA,NA,NA
"irq","Iraq","2014",30.68,69.92,NA,NA,NA
"irq","Iraq","2015",29.71,70.74,NA,NA,NA
"irq","Iraq","2016",28.76,70.92,NA,NA,NA
"irq","Iraq","2017",27.86,71.45,NA,NA,NA
"irq","Iraq","2018",27,73.25,NA,NA,NA
"irq","Iraq","2019",26.09,73.27,NA,NA,NA
"irq","Iraq","2020",25.11,70.75,NA,NA,NA
"irq","Iraq","2021",24.25,72.04,NA,NA,NA
"irq","Iraq","2022",21.14,73.02,NA,NA,NA
"irq","Iraq","2023",23.55,73.75,NA,NA,NA
"irq","Iraq","2024",23.1,73.87,NA,NA,NA
"irq","Iraq","2025",22.65,73.98,NA,NA,NA
"isl","Iceland","1915",100.06,53.87,NA,NA,NA
"isl","Iceland","1916",124.03,54.75,NA,NA,NA
"isl","Iceland","1917",81.69,59.26,NA,NA,NA
"isl","Iceland","1918",79.01,51.28,NA,NA,NA
"isl","Iceland","1919",91.51,58.74,NA,NA,NA
"isl","Iceland","1920",135.44,54.81,NA,NA,NA
"isl","Iceland","1921",93.1,54.44,NA,NA,NA
"isl","Iceland","1922",87.71,57.2,NA,NA,NA
"isl","Iceland","1923",80.6,57.93,NA,NA,NA
"isl","Iceland","1924",99.09,54.24,NA,NA,NA
"isl","Iceland","1925",67.33,58.5,NA,NA,NA
"isl","Iceland","1926",66.94,61.07,NA,NA,NA
"isl","Iceland","1927",116.67,58.39,NA,NA,NA
"isl","Iceland","1928",61.99,62.1,NA,NA,NA
"isl","Iceland","1929",63.27,60.84,NA,NA,NA
"isl","Iceland","1930",63.95,60.52,NA,NA,NA
"isl","Iceland","1931",69.37,61.13,NA,NA,NA
"isl","Iceland","1932",60.04,62.47,NA,NA,NA
"isl","Iceland","1933",54.49,63.34,NA,NA,NA
"isl","Iceland","1934",69.79,63.69,NA,NA,NA
"isl","Iceland","1935",98.18,59.8,NA,NA,NA
"isl","Iceland","1936",67.03,63.08,NA,NA,NA
"isl","Iceland","1937",44.97,63.86,NA,NA,NA
"isl","Iceland","1938",40.33,65.44,NA,NA,NA
"isl","Iceland","1939",48.51,66.35,NA,NA,NA
"isl","Iceland","1940",49.34,66.15,NA,NA,NA
"isl","Iceland","1941",47.31,63.54,NA,NA,NA
"isl","Iceland","1942",66.31,64.49,NA,NA,NA
"isl","Iceland","1943",41.95,65.61,NA,NA,NA
"isl","Iceland","1944",48.5,67.21,NA,NA,NA
"isl","Iceland","1945",43.48,67.95,NA,NA,NA
"isl","Iceland","1946",38.06,69,NA,NA,NA
"isl","Iceland","1947",31.33,69.84,NA,NA,NA
"isl","Iceland","1948",33.01,70.64,NA,NA,NA
"isl","Iceland","1949",28.46,71.93,NA,NA,NA
"isl","Iceland","1950",29.62,71.5,NA,NA,NA
"isl","Iceland","1951",28.41,71.77,NA,NA,NA
"isl","Iceland","1952",27.26,72.03,NA,NA,NA
"isl","Iceland","1953",26.19,72.19,NA,NA,NA
"isl","Iceland","1954",25.22,72.53,NA,NA,NA
"isl","Iceland","1955",24.33,72.71,NA,NA,NA
"isl","Iceland","1956",23.57,72.85,NA,NA,NA
"isl","Iceland","1957",22.91,72.99,NA,NA,NA
"isl","Iceland","1958",22.35,73.11,NA,NA,NA
"isl","Iceland","1959",21.88,73.2,NA,NA,NA
"isl","Iceland","1960",21.48,73.38,NA,NA,NA
"isl","Iceland","1961",21.11,73.4,NA,NA,NA
"isl","Iceland","1962",20.72,73.55,NA,NA,NA
"isl","Iceland","1963",20.28,73.61,NA,NA,NA
"isl","Iceland","1964",19.77,73.65,NA,NA,NA
"isl","Iceland","1965",19.17,73.72,NA,NA,NA
"isl","Iceland","1966",18.52,73.76,NA,NA,NA
"isl","Iceland","1967",17.86,73.84,NA,NA,NA
"isl","Iceland","1968",17.22,73.91,NA,NA,NA
"isl","Iceland","1969",16.59,73.95,NA,NA,NA
"isl","Iceland","1970",15.97,73.93,NA,NA,NA
"isl","Iceland","1971",15.36,74.17,NA,NA,NA
"isl","Iceland","1972",14.75,74.54,NA,NA,NA
"isl","Iceland","1973",14.13,74.81,NA,NA,NA
"isl","Iceland","1974",13.48,75.09,NA,NA,NA
"isl","Iceland","1975",12.82,75.67,NA,NA,NA
"isl","Iceland","1976",12.15,75.92,NA,NA,NA
"isl","Iceland","1977",11.48,76.06,NA,NA,NA
"isl","Iceland","1978",10.84,76.23,NA,NA,NA
"isl","Iceland","1979",10.22,76.29,NA,NA,NA
"isl","Iceland","1980",9.64,76.49,NA,NA,NA
"isl","Iceland","1981",9.12,76.66,NA,NA,NA
"isl","Iceland","1982",8.67,76.97,NA,NA,NA
"isl","Iceland","1983",8.27,77.11,NA,NA,NA
"isl","Iceland","1984",7.92,77.32,NA,NA,NA
"isl","Iceland","1985",7.63,77.26,NA,NA,NA
"isl","Iceland","1986",7.36,77.27,NA,NA,NA
"isl","Iceland","1987",7.13,77.65,NA,NA,NA
"isl","Iceland","1988",6.91,77.71,NA,NA,NA
"isl","Iceland","1989",6.69,77.93,NA,NA,NA
"isl","Iceland","1990",6.47,78.11,NA,NA,NA
"isl","Iceland","1991",6.24,78.24,NA,NA,NA
"isl","Iceland","1992",6,78.45,NA,NA,NA
"isl","Iceland","1993",5.75,78.63,NA,NA,NA
"isl","Iceland","1994",5.49,78.73,NA,NA,NA
"isl","Iceland","1995",5.24,78.38,NA,NA,NA
"isl","Iceland","1996",4.98,78.97,NA,NA,NA
"isl","Iceland","1997",4.73,79.24,NA,NA,NA
"isl","Iceland","1998",4.5,79.54,NA,NA,NA
"isl","Iceland","1999",4.27,79.92,NA,NA,NA
"isl","Iceland","2000",4.06,80.35,NA,NA,NA
"isl","Iceland","2001",3.86,80.6,NA,NA,NA
"isl","Iceland","2002",3.69,80.82,NA,NA,NA
"isl","Iceland","2003",3.53,81.15,NA,NA,NA
"isl","Iceland","2004",3.38,81.42,NA,NA,NA
"isl","Iceland","2005",3.25,81.61,NA,NA,NA
"isl","Iceland","2006",3.12,81.73,NA,NA,NA
"isl","Iceland","2007",3.01,81.94,NA,NA,NA
"isl","Iceland","2008",2.9,82.22,NA,NA,NA
"isl","Iceland","2009",2.79,82.42,NA,NA,NA
"isl","Iceland","2010",2.7,82.64,NA,NA,NA
"isl","Iceland","2011",2.61,82.83,NA,NA,NA
"isl","Iceland","2012",2.52,82.94,NA,NA,NA
"isl","Iceland","2013",2.44,83.18,NA,NA,NA
"isl","Iceland","2014",2.36,83.67,NA,NA,NA
"isl","Iceland","2015",2.28,83.73,NA,NA,NA
"isl","Iceland","2016",2.21,83.83,NA,NA,NA
"isl","Iceland","2017",2.14,83.9,NA,NA,NA
"isl","Iceland","2018",2.07,84.02,NA,NA,NA
"isl","Iceland","2019",2,84.08,NA,NA,NA
"isl","Iceland","2020",1.85,84.25,NA,NA,NA
"isl","Iceland","2021",1.68,84.35,NA,NA,NA
"isl","Iceland","2022",2.13,84.49,NA,NA,NA
"isl","Iceland","2023",2.04,84.64,NA,NA,NA
"isl","Iceland","2024",1.95,84.78,NA,NA,NA
"isl","Iceland","2025",1.88,84.92,NA,NA,NA
"isr","Israel","1915",285.39,34.9,NA,NA,NA
"isr","Israel","1916",276.98,34.94,NA,NA,NA
"isr","Israel","1917",268.82,34.98,NA,NA,NA
"isr","Israel","1918",260.9,29.04,NA,NA,NA
"isr","Israel","1919",253.21,35.07,NA,NA,NA
"isr","Israel","1920",245.74,35.12,NA,NA,NA
"isr","Israel","1921",238.5,35.16,NA,NA,NA
"isr","Israel","1922",231.47,35.21,NA,NA,NA
"isr","Israel","1923",197.85,35.25,NA,NA,NA
"isr","Israel","1924",160.37,35.3,NA,NA,NA
"isr","Israel","1925",209.1,35.34,NA,NA,NA
"isr","Israel","1926",164.08,35.39,NA,NA,NA
"isr","Israel","1927",177.18,35.43,NA,NA,NA
"isr","Israel","1928",141.98,35.47,NA,NA,NA
"isr","Israel","1929",131.19,35.52,NA,NA,NA
"isr","Israel","1930",95.24,35.56,NA,NA,NA
"isr","Israel","1931",117.16,35.61,NA,NA,NA
"isr","Israel","1932",124.13,35.65,NA,NA,NA
"isr","Israel","1933",115.43,35.7,NA,NA,NA
"isr","Israel","1934",110.29,35.74,NA,NA,NA
"isr","Israel","1935",87.19,35.79,NA,NA,NA
"isr","Israel","1936",95.24,38.23,NA,NA,NA
"isr","Israel","1937",76.57,40.69,NA,NA,NA
"isr","Israel","1938",79.68,43.14,NA,NA,NA
"isr","Israel","1939",71.9,45.61,NA,NA,NA
"isr","Israel","1940",79.68,48.07,NA,NA,NA
"isr","Israel","1941",75.01,50.54,NA,NA,NA
"isr","Israel","1942",78.12,53.01,NA,NA,NA
"isr","Israel","1943",56.87,55.5,NA,NA,NA
"isr","Israel","1944",45.49,57.98,NA,NA,NA
"isr","Israel","1945",45.49,60.47,NA,NA,NA
"isr","Israel","1946",40.06,62.96,NA,NA,NA
"isr","Israel","1947",37.32,65.48,NA,NA,NA
"isr","Israel","1948",45.49,67.98,NA,NA,NA
"isr","Israel","1949",68.83,70.5,NA,NA,NA
"isr","Israel","1950",61.29,73.01,NA,NA,NA
"isr","Israel","1951",52.53,72.05,NA,NA,NA
"isr","Israel","1952",55.42,71.77,NA,NA,NA
"isr","Israel","1953",51.09,71.47,NA,NA,NA
"isr","Israel","1954",49.67,69.79,NA,NA,NA
"isr","Israel","1955",46.87,70.25,NA,NA,NA
"isr","Israel","1956",51.09,69.89,NA,NA,NA
"isr","Israel","1957",49.67,70.27,NA,NA,NA
"isr","Israel","1958",44.11,71.15,NA,NA,NA
"isr","Israel","1959",40.06,71.56,NA,NA,NA
"isr","Israel","1960",40.06,71.82,NA,NA,NA
"isr","Israel","1961",38.83,71.94,NA,NA,NA
"isr","Israel","1962",37.64,71.71,NA,NA,NA
"isr","Israel","1963",36.49,71.79,NA,NA,NA
"isr","Israel","1964",35.37,71.67,NA,NA,NA
"isr","Israel","1965",34.28,71.68,NA,NA,NA
"isr","Israel","1966",33.23,71.84,NA,NA,NA
"isr","Israel","1967",32.21,70.24,NA,NA,NA
"isr","Israel","1968",31.23,71.67,NA,NA,NA
"isr","Israel","1969",30.27,71.51,NA,NA,NA
"isr","Israel","1970",29.18,71.7,NA,NA,NA
"isr","Israel","1971",28.79,72.19,NA,NA,NA
"isr","Israel","1972",28.28,72.16,NA,NA,NA
"isr","Israel","1973",27.55,70.51,NA,NA,NA
"isr","Israel","1974",26.42,72.12,NA,NA,NA
"isr","Israel","1975",25.27,72.4,NA,NA,NA
"isr","Israel","1976",23.7,72.95,NA,NA,NA
"isr","Israel","1977",21.96,73.26,NA,NA,NA
"isr","Israel","1978",20.37,73.46,NA,NA,NA
"isr","Israel","1979",19.08,73.78,NA,NA,NA
"isr","Israel","1980",18.08,74.16,NA,NA,NA
"isr","Israel","1981",17.3,74.43,NA,NA,NA
"isr","Israel","1982",16.63,74.66,NA,NA,NA
"isr","Israel","1983",15.94,74.84,NA,NA,NA
"isr","Israel","1984",15.18,75.21,NA,NA,NA
"isr","Israel","1985",14.41,75.58,NA,NA,NA
"isr","Israel","1986",13.69,75.72,NA,NA,NA
"isr","Israel","1987",13.05,76.08,NA,NA,NA
"isr","Israel","1988",12.52,76.54,NA,NA,NA
"isr","Israel","1989",12.07,77,NA,NA,NA
"isr","Israel","1990",11.63,77.31,NA,NA,NA
"isr","Israel","1991",11.11,77.23,NA,NA,NA
"isr","Israel","1992",10.51,77.14,NA,NA,NA
"isr","Israel","1993",9.87,77.5,NA,NA,NA
"isr","Israel","1994",9.22,77.66,NA,NA,NA
"isr","Israel","1995",8.63,77.8,NA,NA,NA
"isr","Israel","1996",8.16,77.96,NA,NA,NA
"isr","Israel","1997",7.78,78.2,NA,NA,NA
"isr","Israel","1998",7.45,78.4,NA,NA,NA
"isr","Israel","1999",7.16,78.68,NA,NA,NA
"isr","Israel","2000",6.89,78.87,NA,NA,NA
"isr","Israel","2001",6.64,79.01,NA,NA,NA
"isr","Israel","2002",6.39,78.87,NA,NA,NA
"isr","Israel","2003",6.13,79.46,NA,NA,NA
"isr","Israel","2004",5.85,79.87,NA,NA,NA
"isr","Israel","2005",5.58,80.27,NA,NA,NA
"isr","Israel","2006",5.33,80.41,NA,NA,NA
"isr","Israel","2007",5.1,80.78,NA,NA,NA
"isr","Israel","2008",4.9,80.99,NA,NA,NA
"isr","Israel","2009",4.72,81.39,NA,NA,NA
"isr","Israel","2010",4.55,81.93,NA,NA,NA
"isr","Israel","2011",4.4,82.04,NA,NA,NA
"isr","Israel","2012",4.25,82.27,NA,NA,NA
"isr","Israel","2013",4.13,82.5,NA,NA,NA
"isr","Israel","2014",4.01,81.99,NA,NA,NA
"isr","Israel","2015",3.91,82.74,NA,NA,NA
"isr","Israel","2016",3.84,82.95,NA,NA,NA
"isr","Israel","2017",3.77,83.02,NA,NA,NA
"isr","Israel","2018",3.71,82.95,NA,NA,NA
"isr","Israel","2019",3.65,83,NA,NA,NA
"isr","Israel","2020",3.54,82.55,NA,NA,NA
"isr","Israel","2021",3.42,82.44,NA,NA,NA
"isr","Israel","2022",3.31,82.79,NA,NA,NA
"isr","Israel","2023",3.13,83.58,NA,NA,NA
"isr","Israel","2024",3.05,83.72,NA,NA,NA
"isr","Israel","2025",2.96,83.86,NA,NA,NA
"ita","Italy","1915",245.7,42.4,NA,NA,NA
"ita","Italy","1916",255.25,39.33,NA,NA,NA
"ita","Italy","1917",233.48,37.74,NA,NA,NA
"ita","Italy","1918",354.98,25.66,NA,NA,NA
"ita","Italy","1919",242.93,42.16,NA,NA,NA
"ita","Italy","1920",243.46,45.58,NA,NA,NA
"ita","Italy","1921",219.9,49.32,NA,NA,NA
"ita","Italy","1922",205.49,50.09,NA,NA,NA
"ita","Italy","1923",198.21,51.53,NA,NA,NA
"ita","Italy","1924",189.97,51.59,NA,NA,NA
"ita","Italy","1925",192.12,51.39,NA,NA,NA
"ita","Italy","1926",200.91,51.04,NA,NA,NA
"ita","Italy","1927",185.65,52.67,NA,NA,NA
"ita","Italy","1928",185.21,52.76,NA,NA,NA
"ita","Italy","1929",185.87,52.38,NA,NA,NA
"ita","Italy","1930",165.94,55.29,NA,NA,NA
"ita","Italy","1931",164.76,54.87,NA,NA,NA
"ita","Italy","1932",163.36,54.87,NA,NA,NA
"ita","Italy","1933",149.74,56.39,NA,NA,NA
"ita","Italy","1934",148.11,56.96,NA,NA,NA
"ita","Italy","1935",150.42,56.32,NA,NA,NA
"ita","Italy","1936",145.08,56.85,NA,NA,NA
"ita","Italy","1937",161.25,55.59,NA,NA,NA
"ita","Italy","1938",156.79,56.24,NA,NA,NA
"ita","Italy","1939",140.07,57.75,NA,NA,NA
"ita","Italy","1940",141.65,57.06,NA,NA,NA
"ita","Italy","1941",152.64,54.73,NA,NA,NA
"ita","Italy","1942",153.3,52.55,NA,NA,NA
"ita","Italy","1943",156.61,49.29,NA,NA,NA
"ita","Italy","1944",136.52,52.44,NA,NA,NA
"ita","Italy","1945",140.9,54.88,NA,NA,NA
"ita","Italy","1946",137.46,59.08,NA,NA,NA
"ita","Italy","1947",111.81,61.3,NA,NA,NA
"ita","Italy","1948",94.26,63.57,NA,NA,NA
"ita","Italy","1949",93.03,64.24,NA,NA,NA
"ita","Italy","1950",88.59,65.9,NA,NA,NA
"ita","Italy","1951",81.56,65.67,NA,NA,NA
"ita","Italy","1952",75.27,66.23,NA,NA,NA
"ita","Italy","1953",69.85,67.09,NA,NA,NA
"ita","Italy","1954",65.41,68.06,NA,NA,NA
"ita","Italy","1955",61.92,68.43,NA,NA,NA
"ita","Italy","1956",59.39,68.25,NA,NA,NA
"ita","Italy","1957",57.48,68.36,NA,NA,NA
"ita","Italy","1958",55.74,69.21,NA,NA,NA
"ita","Italy","1959",53.88,69.69,NA,NA,NA
"ita","Italy","1960",51.89,69.86,NA,NA,NA
"ita","Italy","1961",49.81,70.17,NA,NA,NA
"ita","Italy","1962",47.62,69.9,NA,NA,NA
"ita","Italy","1963",45.38,69.98,NA,NA,NA
"ita","Italy","1964",43.15,70.7,NA,NA,NA
"ita","Italy","1965",41.1,70.87,NA,NA,NA
"ita","Italy","1966",39.33,71.26,NA,NA,NA
"ita","Italy","1967",37.82,71.34,NA,NA,NA
"ita","Italy","1968",36.44,71.22,NA,NA,NA
"ita","Italy","1969",35.06,71.3,NA,NA,NA
"ita","Italy","1970",33.55,71.81,NA,NA,NA
"ita","Italy","1971",31.81,72.1,NA,NA,NA
"ita","Italy","1972",29.81,72.26,NA,NA,NA
"ita","Italy","1973",27.6,72.37,NA,NA,NA
"ita","Italy","1974",25.28,72.76,NA,NA,NA
"ita","Italy","1975",23.07,72.86,NA,NA,NA
"ita","Italy","1976",21.14,73.1,NA,NA,NA
"ita","Italy","1977",19.51,73.48,NA,NA,NA
"ita","Italy","1978",18.16,73.8,NA,NA,NA
"ita","Italy","1979",17.03,74.09,NA,NA,NA
"ita","Italy","1980",16.06,74.2,NA,NA,NA
"ita","Italy","1981",15.17,74.61,NA,NA,NA
"ita","Italy","1982",14.32,74.95,NA,NA,NA
"ita","Italy","1983",13.5,75.03,NA,NA,NA
"ita","Italy","1984",12.7,75.51,NA,NA,NA
"ita","Italy","1985",11.98,75.79,NA,NA,NA
"ita","Italy","1986",11.35,76.14,NA,NA,NA
"ita","Italy","1987",10.83,76.48,NA,NA,NA
"ita","Italy","1988",10.39,76.74,NA,NA,NA
"ita","Italy","1989",10.01,77.01,NA,NA,NA
"ita","Italy","1990",9.66,77.16,NA,NA,NA
"ita","Italy","1991",9.3,77.25,NA,NA,NA
"ita","Italy","1992",8.91,77.52,NA,NA,NA
"ita","Italy","1993",8.47,77.77,NA,NA,NA
"ita","Italy","1994",7.98,77.96,NA,NA,NA
"ita","Italy","1995",7.49,78.22,NA,NA,NA
"ita","Italy","1996",7.02,78.5,NA,NA,NA
"ita","Italy","1997",6.6,78.8,NA,NA,NA
"ita","Italy","1998",6.22,78.96,NA,NA,NA
"ita","Italy","1999",5.88,79.28,NA,NA,NA
"ita","Italy","2000",5.57,79.64,NA,NA,NA
"ita","Italy","2001",5.29,79.94,NA,NA,NA
"ita","Italy","2002",5.05,80.15,NA,NA,NA
"ita","Italy","2003",4.83,80.27,NA,NA,NA
"ita","Italy","2004",4.64,80.75,NA,NA,NA
"ita","Italy","2005",4.47,80.99,NA,NA,NA
"ita","Italy","2006",4.34,81.28,NA,NA,NA
"ita","Italy","2007",4.24,81.46,NA,NA,NA
"ita","Italy","2008",4.14,81.63,NA,NA,NA
"ita","Italy","2009",4.05,81.79,NA,NA,NA
"ita","Italy","2010",3.96,82.08,NA,NA,NA
"ita","Italy","2011",3.87,82.23,NA,NA,NA
"ita","Italy","2012",3.77,82.36,NA,NA,NA
"ita","Italy","2013",3.67,82.61,NA,NA,NA
"ita","Italy","2014",3.58,82.82,NA,NA,NA
"ita","Italy","2015",3.48,82.74,NA,NA,NA
"ita","Italy","2016",3.39,83.02,NA,NA,NA
"ita","Italy","2017",3.28,83.1,NA,NA,NA
"ita","Italy","2018",3.17,83.07,NA,NA,NA
"ita","Italy","2019",3.04,83.1,NA,NA,NA
"ita","Italy","2020",2.96,81.95,NA,NA,NA
"ita","Italy","2021",2.88,82.4,NA,NA,NA
"ita","Italy","2022",2.7,83.6,NA,NA,NA
"ita","Italy","2023",2.61,83.75,NA,NA,NA
"ita","Italy","2024",2.52,83.89,NA,NA,NA
"ita","Italy","2025",2.44,84.04,NA,NA,NA
"jam","Jamaica","1915",286.02,37.04,NA,NA,NA
"jam","Jamaica","1916",286.02,35.64,NA,NA,NA
"jam","Jamaica","1917",300.8,31.73,NA,NA,NA
"jam","Jamaica","1918",286.02,26.43,NA,NA,NA
"jam","Jamaica","1919",263.54,36.64,NA,NA,NA
"jam","Jamaica","1920",281.07,35.44,NA,NA,NA
"jam","Jamaica","1921",320.37,30.73,NA,NA,NA
"jam","Jamaica","1922",287.67,37.04,NA,NA,NA
"jam","Jamaica","1923",277.76,38.04,NA,NA,NA
"jam","Jamaica","1924",261.86,38.64,NA,NA,NA
"jam","Jamaica","1925",281.07,38.95,NA,NA,NA
"jam","Jamaica","1926",273.18,40.75,NA,NA,NA
"jam","Jamaica","1927",281.07,39.45,NA,NA,NA
"jam","Jamaica","1928",254.99,41.65,NA,NA,NA
"jam","Jamaica","1929",260.17,43.05,NA,NA,NA
"jam","Jamaica","1930",225.92,45.36,NA,NA,NA
"jam","Jamaica","1931",248.12,42.75,NA,NA,NA
"jam","Jamaica","1932",223.06,44.26,NA,NA,NA
"jam","Jamaica","1933",237.88,41.65,NA,NA,NA
"jam","Jamaica","1934",203.81,44.46,NA,NA,NA
"jam","Jamaica","1935",213.36,44.06,NA,NA,NA
"jam","Jamaica","1936",199.37,44.46,NA,NA,NA
"jam","Jamaica","1937",174.72,47.26,NA,NA,NA
"jam","Jamaica","1938",193.19,45.96,NA,NA,NA
"jam","Jamaica","1939",177.73,48.57,NA,NA,NA
"jam","Jamaica","1940",160.7,47.67,NA,NA,NA
"jam","Jamaica","1941",145.75,49.55,NA,NA,NA
"jam","Jamaica","1942",134.55,50.03,NA,NA,NA
"jam","Jamaica","1943",125.33,50.62,NA,NA,NA
"jam","Jamaica","1944",134.38,49.5,NA,NA,NA
"jam","Jamaica","1945",138.44,49.58,NA,NA,NA
"jam","Jamaica","1946",130.42,51.97,NA,NA,NA
"jam","Jamaica","1947",124.59,51.05,NA,NA,NA
"jam","Jamaica","1948",119.01,52.44,NA,NA,NA
"jam","Jamaica","1949",114.38,54.73,NA,NA,NA
"jam","Jamaica","1950",122.73,57.54,NA,NA,NA
"jam","Jamaica","1951",127.58,57.9,NA,NA,NA
"jam","Jamaica","1952",119.58,59.23,NA,NA,NA
"jam","Jamaica","1953",103.26,60.47,NA,NA,NA
"jam","Jamaica","1954",113.66,61.27,NA,NA,NA
"jam","Jamaica","1955",100.86,62.15,NA,NA,NA
"jam","Jamaica","1956",85.96,63.05,NA,NA,NA
"jam","Jamaica","1957",85.55,63.88,NA,NA,NA
"jam","Jamaica","1958",95.53,64.43,NA,NA,NA
"jam","Jamaica","1959",107.11,64.6,NA,NA,NA
"jam","Jamaica","1960",82.98,65.14,NA,NA,NA
"jam","Jamaica","1961",79.5,65.39,NA,NA,NA
"jam","Jamaica","1962",76.35,64.81,NA,NA,NA
"jam","Jamaica","1963",73.39,66.11,NA,NA,NA
"jam","Jamaica","1964",70.7,66.6,NA,NA,NA
"jam","Jamaica","1965",68.2,66.84,NA,NA,NA
"jam","Jamaica","1966",65.84,67.35,NA,NA,NA
"jam","Jamaica","1967",63.59,67.82,NA,NA,NA
"jam","Jamaica","1968",61.37,67.72,NA,NA,NA
"jam","Jamaica","1969",59.28,68.36,NA,NA,NA
"jam","Jamaica","1970",57.21,68.87,NA,NA,NA
"jam","Jamaica","1971",55.16,68.81,NA,NA,NA
"jam","Jamaica","1972",53.16,69.55,NA,NA,NA
"jam","Jamaica","1973",51.29,70.06,NA,NA,NA
"jam","Jamaica","1974",49.54,70.72,NA,NA,NA
"jam","Jamaica","1975",47.89,71.03,NA,NA,NA
"jam","Jamaica","1976",46.35,71.09,NA,NA,NA
"jam","Jamaica","1977",44.92,70.86,NA,NA,NA
"jam","Jamaica","1978",43.54,72.01,NA,NA,NA
"jam","Jamaica","1979",42.24,72.8,NA,NA,NA
"jam","Jamaica","1980",41,73.82,NA,NA,NA
"jam","Jamaica","1981",39.79,73.51,NA,NA,NA
"jam","Jamaica","1982",38.62,73.97,NA,NA,NA
"jam","Jamaica","1983",37.49,73.03,NA,NA,NA
"jam","Jamaica","1984",36.38,72.66,NA,NA,NA
"jam","Jamaica","1985",35.29,73.07,NA,NA,NA
"jam","Jamaica","1986",34.27,73.78,NA,NA,NA
"jam","Jamaica","1987",33.28,73.36,NA,NA,NA
"jam","Jamaica","1988",32.28,74.5,NA,NA,NA
"jam","Jamaica","1989",31.32,74.81,NA,NA,NA
"jam","Jamaica","1990",30.38,75.32,NA,NA,NA
"jam","Jamaica","1991",29.47,76.24,NA,NA,NA
"jam","Jamaica","1992",28.56,75.91,NA,NA,NA
"jam","Jamaica","1993",27.66,75.52,NA,NA,NA
"jam","Jamaica","1994",26.77,75.33,NA,NA,NA
"jam","Jamaica","1995",25.93,75.28,NA,NA,NA
"jam","Jamaica","1996",25.1,75.23,NA,NA,NA
"jam","Jamaica","1997",24.33,74.97,NA,NA,NA
"jam","Jamaica","1998",23.6,74.87,NA,NA,NA
"jam","Jamaica","1999",22.89,74.48,NA,NA,NA
"jam","Jamaica","2000",22.22,74.64,NA,NA,NA
"jam","Jamaica","2001",21.62,74.7,NA,NA,NA
"jam","Jamaica","2002",21.11,75.52,NA,NA,NA
"jam","Jamaica","2003",20.66,76.27,NA,NA,NA
"jam","Jamaica","2004",20.27,76.75,NA,NA,NA
"jam","Jamaica","2005",19.9,77.42,NA,NA,NA
"jam","Jamaica","2006",19.55,77.52,NA,NA,NA
"jam","Jamaica","2007",19.24,76.31,NA,NA,NA
"jam","Jamaica","2008",18.88,75.24,NA,NA,NA
"jam","Jamaica","2009",18.46,74.63,NA,NA,NA
"jam","Jamaica","2010",18,76.34,NA,NA,NA
"jam","Jamaica","2011",17.53,75.77,NA,NA,NA
"jam","Jamaica","2012",17.03,77,NA,NA,NA
"jam","Jamaica","2013",16.49,77.12,NA,NA,NA
"jam","Jamaica","2014",16,76.25,NA,NA,NA
"jam","Jamaica","2015",15.52,76.14,NA,NA,NA
"jam","Jamaica","2016",15.08,76.23,NA,NA,NA
"jam","Jamaica","2017",14.6,76.3,NA,NA,NA
"jam","Jamaica","2018",14.17,76.34,NA,NA,NA
"jam","Jamaica","2019",13.69,76.25,NA,NA,NA
"jam","Jamaica","2020",13.2,76.36,NA,NA,NA
"jam","Jamaica","2021",12.86,74.9,NA,NA,NA
"jam","Jamaica","2022",13.02,75.04,NA,NA,NA
"jam","Jamaica","2023",12.25,76.89,NA,NA,NA
"jam","Jamaica","2024",11.98,77.04,NA,NA,NA
"jam","Jamaica","2025",11.73,77.18,NA,NA,NA
"jor","Jordan","1915",408.98,37.08,NA,NA,NA
"jor","Jordan","1916",408,37.17,NA,NA,NA
"jor","Jordan","1917",407.01,37.25,NA,NA,NA
"jor","Jordan","1918",406.02,30.95,NA,NA,NA
"jor","Jordan","1919",405.03,37.41,NA,NA,NA
"jor","Jordan","1920",404.04,37.5,NA,NA,NA
"jor","Jordan","1921",403.05,37.58,NA,NA,NA
"jor","Jordan","1922",402.06,37.66,NA,NA,NA
"jor","Jordan","1923",401.07,37.74,NA,NA,NA
"jor","Jordan","1924",400.09,37.83,NA,NA,NA
"jor","Jordan","1925",399.1,37.91,NA,NA,NA
"jor","Jordan","1926",398.11,37.99,NA,NA,NA
"jor","Jordan","1927",397.12,38.08,NA,NA,NA
"jor","Jordan","1928",396.13,38.16,NA,NA,NA
"jor","Jordan","1929",395.14,38.24,NA,NA,NA
"jor","Jordan","1930",394.15,38.32,NA,NA,NA
"jor","Jordan","1931",393.05,38.41,NA,NA,NA
"jor","Jordan","1932",391.96,38.49,NA,NA,NA
"jor","Jordan","1933",390.86,38.57,NA,NA,NA
"jor","Jordan","1934",389.76,38.66,NA,NA,NA
"jor","Jordan","1935",388.66,38.74,NA,NA,NA
"jor","Jordan","1936",376.93,39.89,NA,NA,NA
"jor","Jordan","1937",366.62,41.04,NA,NA,NA
"jor","Jordan","1938",355.38,42.2,NA,NA,NA
"jor","Jordan","1939",344.39,43.36,NA,NA,NA
"jor","Jordan","1940",333.62,44.53,NA,NA,NA
"jor","Jordan","1941",327.24,45.75,NA,NA,NA
"jor","Jordan","1942",320.98,46.97,NA,NA,NA
"jor","Jordan","1943",314.84,48.19,NA,NA,NA
"jor","Jordan","1944",308.82,49.41,NA,NA,NA
"jor","Jordan","1945",302.92,50.64,NA,NA,NA
"jor","Jordan","1946",297.13,51.88,NA,NA,NA
"jor","Jordan","1947",291.44,53.12,NA,NA,NA
"jor","Jordan","1948",285.87,54.36,NA,NA,NA
"jor","Jordan","1949",280.4,55.61,NA,NA,NA
"jor","Jordan","1950",275.04,56.87,NA,NA,NA
"jor","Jordan","1951",260.69,56.97,NA,NA,NA
"jor","Jordan","1952",246.93,57.13,NA,NA,NA
"jor","Jordan","1953",233.6,57.34,NA,NA,NA
"jor","Jordan","1954",220.79,57.48,NA,NA,NA
"jor","Jordan","1955",208.57,57.53,NA,NA,NA
"jor","Jordan","1956",196.86,57.85,NA,NA,NA
"jor","Jordan","1957",185.78,58.13,NA,NA,NA
"jor","Jordan","1958",175.15,58.48,NA,NA,NA
"jor","Jordan","1959",164.98,58.87,NA,NA,NA
"jor","Jordan","1960",155.41,59.4,NA,NA,NA
"jor","Jordan","1961",146.51,59.64,NA,NA,NA
"jor","Jordan","1962",138.21,59.97,NA,NA,NA
"jor","Jordan","1963",130.35,60.07,NA,NA,NA
"jor","Jordan","1964",123.17,60.89,NA,NA,NA
"jor","Jordan","1965",116.47,61.36,NA,NA,NA
"jor","Jordan","1966",110.34,61.37,NA,NA,NA
"jor","Jordan","1967",104.6,61.65,NA,NA,NA
"jor","Jordan","1968",99.27,62.94,NA,NA,NA
"jor","Jordan","1969",94.29,63.52,NA,NA,NA
"jor","Jordan","1970",89.65,63.02,NA,NA,NA
"jor","Jordan","1971",85.27,64.38,NA,NA,NA
"jor","Jordan","1972",81.15,64.82,NA,NA,NA
"jor","Jordan","1973",77.25,65.15,NA,NA,NA
"jor","Jordan","1974",73.54,65.32,NA,NA,NA
"jor","Jordan","1975",70.04,65.43,NA,NA,NA
"jor","Jordan","1976",66.75,65.69,NA,NA,NA
"jor","Jordan","1977",63.62,66.25,NA,NA,NA
"jor","Jordan","1978",60.65,66.46,NA,NA,NA
"jor","Jordan","1979",57.85,66.74,NA,NA,NA
"jor","Jordan","1980",55.2,67.12,NA,NA,NA
"jor","Jordan","1981",52.7,67.46,NA,NA,NA
"jor","Jordan","1982",50.31,67.58,NA,NA,NA
"jor","Jordan","1983",48.04,68.09,NA,NA,NA
"jor","Jordan","1984",45.92,68.72,NA,NA,NA
"jor","Jordan","1985",43.92,69.13,NA,NA,NA
"jor","Jordan","1986",42.05,69.05,NA,NA,NA
"jor","Jordan","1987",40.32,69.64,NA,NA,NA
"jor","Jordan","1988",38.74,70.28,NA,NA,NA
"jor","Jordan","1989",37.31,70.74,NA,NA,NA
"jor","Jordan","1990",36,71.23,NA,NA,NA
"jor","Jordan","1991",34.8,71.44,NA,NA,NA
"jor","Jordan","1992",33.7,71.76,NA,NA,NA
"jor","Jordan","1993",32.68,71.63,NA,NA,NA
"jor","Jordan","1994",31.72,71.74,NA,NA,NA
"jor","Jordan","1995",30.82,71.78,NA,NA,NA
"jor","Jordan","1996",29.96,71.81,NA,NA,NA
"jor","Jordan","1997",29.13,72.05,NA,NA,NA
"jor","Jordan","1998",28.34,72.28,NA,NA,NA
"jor","Jordan","1999",27.56,72.53,NA,NA,NA
"jor","Jordan","2000",26.8,72.89,NA,NA,NA
"jor","Jordan","2001",26.06,73.03,NA,NA,NA
"jor","Jordan","2002",25.32,73.33,NA,NA,NA
"jor","Jordan","2003",24.61,73.85,NA,NA,NA
"jor","Jordan","2004",23.89,74.03,NA,NA,NA
"jor","Jordan","2005",23.21,74.1,NA,NA,NA
"jor","Jordan","2006",22.54,74.5,NA,NA,NA
"jor","Jordan","2007",21.9,75.46,NA,NA,NA
"jor","Jordan","2008",21.27,76.23,NA,NA,NA
"jor","Jordan","2009",20.66,76.69,NA,NA,NA
"jor","Jordan","2010",20.07,76.92,NA,NA,NA
"jor","Jordan","2011",19.51,77.16,NA,NA,NA
"jor","Jordan","2012",18.96,77.49,NA,NA,NA
"jor","Jordan","2013",18.44,77.9,NA,NA,NA
"jor","Jordan","2014",17.94,78.07,NA,NA,NA
"jor","Jordan","2015",17.46,78.15,NA,NA,NA
"jor","Jordan","2016",16.96,78.11,NA,NA,NA
"jor","Jordan","2017",16.45,78.18,NA,NA,NA
"jor","Jordan","2018",15.98,77.94,NA,NA,NA
"jor","Jordan","2019",15.48,78.23,NA,NA,NA
"jor","Jordan","2020",15.01,77.35,NA,NA,NA
"jor","Jordan","2021",14.54,76.39,NA,NA,NA
"jor","Jordan","2022",14.6,76.35,NA,NA,NA
"jor","Jordan","2023",14.64,77.18,NA,NA,NA
"jor","Jordan","2024",13.14,79.04,NA,NA,NA
"jor","Jordan","2025",12.69,79.2,NA,NA,NA
"jpn","Japan","1915",292.44,41.11,NA,NA,NA
"jpn","Japan","1916",287.82,41.34,NA,NA,NA
"jpn","Japan","1917",283.27,41.58,NA,NA,NA
"jpn","Japan","1918",278.79,32.87,NA,NA,NA
"jpn","Japan","1919",274.39,42.05,NA,NA,NA
"jpn","Japan","1920",270.05,42.27,NA,NA,NA
"jpn","Japan","1921",286.02,42.56,NA,NA,NA
"jpn","Japan","1922",270.05,42.86,NA,NA,NA
"jpn","Japan","1923",265.2,43.47,NA,NA,NA
"jpn","Japan","1924",253.24,44.08,NA,NA,NA
"jpn","Japan","1925",227.77,44.7,NA,NA,NA
"jpn","Japan","1926",218.46,45.32,NA,NA,NA
"jpn","Japan","1927",227.77,45.93,NA,NA,NA
"jpn","Japan","1928",220.33,46.26,NA,NA,NA
"jpn","Japan","1929",227.77,46.6,NA,NA,NA
"jpn","Japan","1930",195.97,46.92,NA,NA,NA
"jpn","Japan","1931",209.09,47.25,NA,NA,NA
"jpn","Japan","1932",182.79,47.57,NA,NA,NA
"jpn","Japan","1933",190.3,47.91,NA,NA,NA
"jpn","Japan","1934",195.93,48.23,NA,NA,NA
"jpn","Japan","1935",162.18,48.56,NA,NA,NA
"jpn","Japan","1936",180.87,48.95,NA,NA,NA
"jpn","Japan","1937",160.31,49.33,NA,NA,NA
"jpn","Japan","1938",177.1,49.34,NA,NA,NA
"jpn","Japan","1939",162.14,49.34,NA,NA,NA
"jpn","Japan","1940",131.12,49.34,NA,NA,NA
"jpn","Japan","1941",120.57,49.1,NA,NA,NA
"jpn","Japan","1942",124.05,48.85,NA,NA,NA
"jpn","Japan","1943",125.8,46.33,NA,NA,NA
"jpn","Japan","1944",130.9,40.29,NA,NA,NA
"jpn","Japan","1945",136.21,30.77,NA,NA,NA
"jpn","Japan","1946",141.73,46.85,NA,NA,NA
"jpn","Japan","1947",147.48,52.13,NA,NA,NA
"jpn","Japan","1948",99.11,57.32,NA,NA,NA
"jpn","Japan","1949",100.35,58.2,NA,NA,NA
"jpn","Japan","1950",91.3,59.75,NA,NA,NA
"jpn","Japan","1951",82.61,61.46,NA,NA,NA
"jpn","Japan","1952",74.94,63.4,NA,NA,NA
"jpn","Japan","1953",68.37,63.95,NA,NA,NA
"jpn","Japan","1954",62.8,64.95,NA,NA,NA
"jpn","Japan","1955",58.05,66.12,NA,NA,NA
"jpn","Japan","1956",53.97,66.06,NA,NA,NA
"jpn","Japan","1957",50.31,66.18,NA,NA,NA
"jpn","Japan","1958",46.78,67.4,NA,NA,NA
"jpn","Japan","1959",43.24,67.8,NA,NA,NA
"jpn","Japan","1960",39.7,68.31,NA,NA,NA
"jpn","Japan","1961",36.2,68.79,NA,NA,NA
"jpn","Japan","1962",32.84,69.29,NA,NA,NA
"jpn","Japan","1963",29.75,70.13,NA,NA,NA
"jpn","Japan","1964",27,70.65,NA,NA,NA
"jpn","Japan","1965",24.63,70.86,NA,NA,NA
"jpn","Japan","1966",22.65,71.48,NA,NA,NA
"jpn","Japan","1967",21,71.9,NA,NA,NA
"jpn","Japan","1968",19.63,72.18,NA,NA,NA
"jpn","Japan","1969",18.46,72.38,NA,NA,NA
"jpn","Japan","1970",17.45,72.65,NA,NA,NA
"jpn","Japan","1971",16.54,73.31,NA,NA,NA
"jpn","Japan","1972",15.68,73.72,NA,NA,NA
"jpn","Japan","1973",14.85,73.92,NA,NA,NA
"jpn","Japan","1974",14.05,74.3,NA,NA,NA
"jpn","Japan","1975",13.26,74.77,NA,NA,NA
"jpn","Japan","1976",12.5,75.23,NA,NA,NA
"jpn","Japan","1977",11.78,75.75,NA,NA,NA
"jpn","Japan","1978",11.11,76.13,NA,NA,NA
"jpn","Japan","1979",10.48,76.36,NA,NA,NA
"jpn","Japan","1980",9.89,76.57,NA,NA,NA
"jpn","Japan","1981",9.34,76.94,NA,NA,NA
"jpn","Japan","1982",8.82,77.34,NA,NA,NA
"jpn","Japan","1983",8.33,77.5,NA,NA,NA
"jpn","Japan","1984",7.88,77.82,NA,NA,NA
"jpn","Japan","1985",7.48,78.16,NA,NA,NA
"jpn","Japan","1986",7.13,78.53,NA,NA,NA
"jpn","Japan","1987",6.84,78.89,NA,NA,NA
"jpn","Japan","1988",6.61,79,NA,NA,NA
"jpn","Japan","1989",6.45,79.25,NA,NA,NA
"jpn","Japan","1990",6.32,79.41,NA,NA,NA
"jpn","Japan","1991",6.22,79.59,NA,NA,NA
"jpn","Japan","1992",6.13,79.72,NA,NA,NA
"jpn","Japan","1993",6.01,79.89,NA,NA,NA
"jpn","Japan","1994",5.86,80.19,NA,NA,NA
"jpn","Japan","1995",5.67,80.24,NA,NA,NA
"jpn","Japan","1996",5.45,80.71,NA,NA,NA
"jpn","Japan","1997",5.21,80.99,NA,NA,NA
"jpn","Japan","1998",4.97,81.03,NA,NA,NA
"jpn","Japan","1999",4.72,81.15,NA,NA,NA
"jpn","Japan","2000",4.5,81.57,NA,NA,NA
"jpn","Japan","2001",4.3,81.9,NA,NA,NA
"jpn","Japan","2002",4.13,82.18,NA,NA,NA
"jpn","Japan","2003",3.98,82.3,NA,NA,NA
"jpn","Japan","2004",3.86,82.46,NA,NA,NA
"jpn","Japan","2005",3.74,82.5,NA,NA,NA
"jpn","Japan","2006",3.63,82.75,NA,NA,NA
"jpn","Japan","2007",3.52,82.93,NA,NA,NA
"jpn","Japan","2008",3.42,83.09,NA,NA,NA
"jpn","Japan","2009",3.31,83.27,NA,NA,NA
"jpn","Japan","2010",3.21,83.34,NA,NA,NA
"jpn","Japan","2011",3.21,83.21,NA,NA,NA
"jpn","Japan","2012",3.01,83.63,NA,NA,NA
"jpn","Japan","2013",2.91,83.86,NA,NA,NA
"jpn","Japan","2014",2.83,84.1,NA,NA,NA
"jpn","Japan","2015",2.75,84.35,NA,NA,NA
"jpn","Japan","2016",2.68,84.5,NA,NA,NA
"jpn","Japan","2017",2.62,84.74,NA,NA,NA
"jpn","Japan","2018",2.57,84.78,NA,NA,NA
"jpn","Japan","2019",2.53,84.8,NA,NA,NA
"jpn","Japan","2020",2.24,85.07,NA,NA,NA
"jpn","Japan","2021",2.38,85.16,NA,NA,NA
"jpn","Japan","2022",2.31,85.2,NA,NA,NA
"jpn","Japan","2023",2.25,85.32,NA,NA,NA
"jpn","Japan","2024",2.2,85.46,NA,NA,NA
"jpn","Japan","2025",2.15,85.58,NA,NA,NA
"kaz","Kazakhstan","1915",397.77,32.1,NA,NA,NA
"kaz","Kazakhstan","1916",391.87,32.12,NA,NA,NA
"kaz","Kazakhstan","1917",387.3,29.03,NA,NA,NA
"kaz","Kazakhstan","1918",381.55,18.67,NA,NA,NA
"kaz","Kazakhstan","1919",375.85,24.36,NA,NA,NA
"kaz","Kazakhstan","1920",370.25,19.7,NA,NA,NA
"kaz","Kazakhstan","1921",364.67,23.14,NA,NA,NA
"kaz","Kazakhstan","1922",359.18,24.08,NA,NA,NA
"kaz","Kazakhstan","1923",353.73,33.35,NA,NA,NA
"kaz","Kazakhstan","1924",348.33,35.97,NA,NA,NA
"kaz","Kazakhstan","1925",343.03,35.05,NA,NA,NA
"kaz","Kazakhstan","1926",337.74,38.4,NA,NA,NA
"kaz","Kazakhstan","1927",330.37,37.74,NA,NA,NA
"kaz","Kazakhstan","1928",324.14,39.32,NA,NA,NA
"kaz","Kazakhstan","1929",316.97,38.05,NA,NA,NA
"kaz","Kazakhstan","1930",309.88,37.36,NA,NA,NA
"kaz","Kazakhstan","1931",299.71,16.71,NA,NA,NA
"kaz","Kazakhstan","1932",289.8,8.36,NA,NA,NA
"kaz","Kazakhstan","1933",280.09,4.18,NA,NA,NA
"kaz","Kazakhstan","1934",271.61,39.9,NA,NA,NA
"kaz","Kazakhstan","1935",262.35,41.56,NA,NA,NA
"kaz","Kazakhstan","1936",253.35,43.33,NA,NA,NA
"kaz","Kazakhstan","1937",244.57,42.31,NA,NA,NA
"kaz","Kazakhstan","1938",235.98,44.1,NA,NA,NA
"kaz","Kazakhstan","1939",227.64,46.64,NA,NA,NA
"kaz","Kazakhstan","1940",217.04,44.07,NA,NA,NA
"kaz","Kazakhstan","1941",207.58,28.37,NA,NA,NA
"kaz","Kazakhstan","1942",197.63,25.26,NA,NA,NA
"kaz","Kazakhstan","1943",188,24.24,NA,NA,NA
"kaz","Kazakhstan","1944",178.7,32.7,NA,NA,NA
"kaz","Kazakhstan","1945",169.71,41.15,NA,NA,NA
"kaz","Kazakhstan","1946",161.71,51.73,NA,NA,NA
"kaz","Kazakhstan","1947",153.29,43.36,NA,NA,NA
"kaz","Kazakhstan","1948",145.16,51.91,NA,NA,NA
"kaz","Kazakhstan","1949",137.28,54.91,NA,NA,NA
"kaz","Kazakhstan","1950",129.7,57.39,NA,NA,NA
"kaz","Kazakhstan","1951",128.53,57.64,NA,NA,NA
"kaz","Kazakhstan","1952",126.19,58.04,NA,NA,NA
"kaz","Kazakhstan","1953",123.87,58.43,NA,NA,NA
"kaz","Kazakhstan","1954",121.56,58.86,NA,NA,NA
"kaz","Kazakhstan","1955",119.28,59.29,NA,NA,NA
"kaz","Kazakhstan","1956",117.03,59.79,NA,NA,NA
"kaz","Kazakhstan","1957",114.8,60.23,NA,NA,NA
"kaz","Kazakhstan","1958",112.6,60.69,NA,NA,NA
"kaz","Kazakhstan","1959",110.41,60.99,NA,NA,NA
"kaz","Kazakhstan","1960",108.22,61.38,NA,NA,NA
"kaz","Kazakhstan","1961",106.04,61.79,NA,NA,NA
"kaz","Kazakhstan","1962",103.89,62.21,NA,NA,NA
"kaz","Kazakhstan","1963",101.75,62.5,NA,NA,NA
"kaz","Kazakhstan","1964",99.63,62.88,NA,NA,NA
"kaz","Kazakhstan","1965",97.53,63.36,NA,NA,NA
"kaz","Kazakhstan","1966",95.46,63.71,NA,NA,NA
"kaz","Kazakhstan","1967",93.43,64.04,NA,NA,NA
"kaz","Kazakhstan","1968",91.46,64.36,NA,NA,NA
"kaz","Kazakhstan","1969",89.56,64.47,NA,NA,NA
"kaz","Kazakhstan","1970",87.74,64.82,NA,NA,NA
"kaz","Kazakhstan","1971",86,65.12,NA,NA,NA
"kaz","Kazakhstan","1972",83.84,65.24,NA,NA,NA
"kaz","Kazakhstan","1973",81.79,65.36,NA,NA,NA
"kaz","Kazakhstan","1974",79.95,65.51,NA,NA,NA
"kaz","Kazakhstan","1975",78.35,65.7,NA,NA,NA
"kaz","Kazakhstan","1976",76.89,65.85,NA,NA,NA
"kaz","Kazakhstan","1977",75.59,66.08,NA,NA,NA
"kaz","Kazakhstan","1978",74.26,65.94,NA,NA,NA
"kaz","Kazakhstan","1979",72.63,66.55,NA,NA,NA
"kaz","Kazakhstan","1980",70.65,66.89,NA,NA,NA
"kaz","Kazakhstan","1981",68.47,67.02,NA,NA,NA
"kaz","Kazakhstan","1982",66.18,67.46,NA,NA,NA
"kaz","Kazakhstan","1983",63.89,67.4,NA,NA,NA
"kaz","Kazakhstan","1984",61.66,67.31,NA,NA,NA
"kaz","Kazakhstan","1985",59.56,67.65,NA,NA,NA
"kaz","Kazakhstan","1986",57.5,68.92,NA,NA,NA
"kaz","Kazakhstan","1987",55.58,68.8,NA,NA,NA
"kaz","Kazakhstan","1988",53.88,68.63,NA,NA,NA
"kaz","Kazakhstan","1989",52.64,68.25,NA,NA,NA
"kaz","Kazakhstan","1990",51.94,68.09,NA,NA,NA
"kaz","Kazakhstan","1991",51.76,67.58,NA,NA,NA
"kaz","Kazakhstan","1992",52.11,66.74,NA,NA,NA
"kaz","Kazakhstan","1993",52.7,65.67,NA,NA,NA
"kaz","Kazakhstan","1994",53.08,64.85,NA,NA,NA
"kaz","Kazakhstan","1995",52.77,64.03,NA,NA,NA
"kaz","Kazakhstan","1996",51.73,63.87,NA,NA,NA
"kaz","Kazakhstan","1997",50.01,64.1,NA,NA,NA
"kaz","Kazakhstan","1998",47.74,64.52,NA,NA,NA
"kaz","Kazakhstan","1999",45.18,64.85,NA,NA,NA
"kaz","Kazakhstan","2000",42.5,64.7,NA,NA,NA
"kaz","Kazakhstan","2001",39.91,64.7,NA,NA,NA
"kaz","Kazakhstan","2002",37.49,64.71,NA,NA,NA
"kaz","Kazakhstan","2003",35.22,64.58,NA,NA,NA
"kaz","Kazakhstan","2004",33.08,64.59,NA,NA,NA
"kaz","Kazakhstan","2005",31.02,64.59,NA,NA,NA
"kaz","Kazakhstan","2006",28.97,64.81,NA,NA,NA
"kaz","Kazakhstan","2007",26.82,65.33,NA,NA,NA
"kaz","Kazakhstan","2008",24.66,66.33,NA,NA,NA
"kaz","Kazakhstan","2009",22.49,67.27,NA,NA,NA
"kaz","Kazakhstan","2010",20.37,67.62,NA,NA,NA
"kaz","Kazakhstan","2011",18.31,68.12,NA,NA,NA
"kaz","Kazakhstan","2012",16.33,68.62,NA,NA,NA
"kaz","Kazakhstan","2013",14.55,69.42,NA,NA,NA
"kaz","Kazakhstan","2014",13.05,70.12,NA,NA,NA
"kaz","Kazakhstan","2015",11.87,70.64,NA,NA,NA
"kaz","Kazakhstan","2016",11.04,71.09,NA,NA,NA
"kaz","Kazakhstan","2017",10.55,71.54,NA,NA,NA
"kaz","Kazakhstan","2018",10.29,71.7,NA,NA,NA
"kaz","Kazakhstan","2019",10.15,71.94,NA,NA,NA
"kaz","Kazakhstan","2020",10.02,70.39,NA,NA,NA
"kaz","Kazakhstan","2021",9.89,69.72,NA,NA,NA
"kaz","Kazakhstan","2022",9.49,69.85,NA,NA,NA
"kaz","Kazakhstan","2023",9.44,70.73,NA,NA,NA
"kaz","Kazakhstan","2024",8.46,72.53,NA,NA,NA
"kaz","Kazakhstan","2025",8.24,72.65,NA,NA,NA
"ken","Kenya","1915",492.99,28.11,NA,NA,NA
"ken","Kenya","1916",491.79,28.15,NA,NA,NA
"ken","Kenya","1917",490.6,28.19,NA,NA,NA
"ken","Kenya","1918",489.41,6.65,NA,NA,NA
"ken","Kenya","1919",488.22,28.27,NA,NA,NA
"ken","Kenya","1920",487.03,28.31,NA,NA,NA
"ken","Kenya","1921",485.83,28.35,NA,NA,NA
"ken","Kenya","1922",484.64,28.39,NA,NA,NA
"ken","Kenya","1923",487.76,28.07,NA,NA,NA
"ken","Kenya","1924",490.88,27.77,NA,NA,NA
"ken","Kenya","1925",494.06,27.45,NA,NA,NA
"ken","Kenya","1926",498.68,27.14,NA,NA,NA
"ken","Kenya","1927",501.86,26.82,NA,NA,NA
"ken","Kenya","1928",496.21,27.14,NA,NA,NA
"ken","Kenya","1929",492.07,27.45,NA,NA,NA
"ken","Kenya","1930",486.5,27.77,NA,NA,NA
"ken","Kenya","1931",481.21,28.07,NA,NA,NA
"ken","Kenya","1932",476.01,28.4,NA,NA,NA
"ken","Kenya","1933",469.47,28.71,NA,NA,NA
"ken","Kenya","1934",464.38,29.03,NA,NA,NA
"ken","Kenya","1935",457.93,29.34,NA,NA,NA
"ken","Kenya","1936",452.93,29.67,NA,NA,NA
"ken","Kenya","1937",446.69,29.98,NA,NA,NA
"ken","Kenya","1938",440.49,30.38,NA,NA,NA
"ken","Kenya","1939",434.33,30.77,NA,NA,NA
"ken","Kenya","1940",428.32,31.16,NA,NA,NA
"ken","Kenya","1941",413.93,31.61,NA,NA,NA
"ken","Kenya","1942",400.01,32.07,NA,NA,NA
"ken","Kenya","1943",386.56,32.52,NA,NA,NA
"ken","Kenya","1944",373.56,32.98,NA,NA,NA
"ken","Kenya","1945",361,33.44,NA,NA,NA
"ken","Kenya","1946",348.85,36.48,NA,NA,NA
"ken","Kenya","1947",337.11,39.55,NA,NA,NA
"ken","Kenya","1948",325.77,42.6,NA,NA,NA
"ken","Kenya","1949",314.8,45.67,NA,NA,NA
"ken","Kenya","1950",304.2,48.76,NA,NA,NA
"ken","Kenya","1951",302.1,49.57,NA,NA,NA
"ken","Kenya","1952",297.83,49.11,NA,NA,NA
"ken","Kenya","1953",281.78,49.59,NA,NA,NA
"ken","Kenya","1954",266.55,50.28,NA,NA,NA
"ken","Kenya","1955",252.49,50.93,NA,NA,NA
"ken","Kenya","1956",239.36,51.53,NA,NA,NA
"ken","Kenya","1957",227.17,52.79,NA,NA,NA
"ken","Kenya","1958",216.12,53.34,NA,NA,NA
"ken","Kenya","1959",206.16,53.81,NA,NA,NA
"ken","Kenya","1960",197.2,54.29,NA,NA,NA
"ken","Kenya","1961",189.09,54.71,NA,NA,NA
"ken","Kenya","1962",182.02,55.15,NA,NA,NA
"ken","Kenya","1963",175.92,55.58,NA,NA,NA
"ken","Kenya","1964",170.87,55.98,NA,NA,NA
"ken","Kenya","1965",166.87,56.31,NA,NA,NA
"ken","Kenya","1966",163.5,56.69,NA,NA,NA
"ken","Kenya","1967",160.42,57.03,NA,NA,NA
"ken","Kenya","1968",157.35,57.4,NA,NA,NA
"ken","Kenya","1969",154.18,57.79,NA,NA,NA
"ken","Kenya","1970",150.89,58.15,NA,NA,NA
"ken","Kenya","1971",147.33,58.53,NA,NA,NA
"ken","Kenya","1972",143.69,58.96,NA,NA,NA
"ken","Kenya","1973",139.86,59.39,NA,NA,NA
"ken","Kenya","1974",135.88,59.83,NA,NA,NA
"ken","Kenya","1975",131.7,60.24,NA,NA,NA
"ken","Kenya","1976",127.43,60.63,NA,NA,NA
"ken","Kenya","1977",123.07,61.02,NA,NA,NA
"ken","Kenya","1978",118.71,61.46,NA,NA,NA
"ken","Kenya","1979",114.53,61.85,NA,NA,NA
"ken","Kenya","1980",110.68,62.21,NA,NA,NA
"ken","Kenya","1981",107.09,62.52,NA,NA,NA
"ken","Kenya","1982",103.82,62.77,NA,NA,NA
"ken","Kenya","1983",100.99,63.07,NA,NA,NA
"ken","Kenya","1984",98.71,63.26,NA,NA,NA
"ken","Kenya","1985",97.1,63.39,NA,NA,NA
"ken","Kenya","1986",96.22,63.47,NA,NA,NA
"ken","Kenya","1987",96.25,63.39,NA,NA,NA
"ken","Kenya","1988",97.18,63.26,NA,NA,NA
"ken","Kenya","1989",98.99,62.77,NA,NA,NA
"ken","Kenya","1990",101.5,62.12,NA,NA,NA
"ken","Kenya","1991",104.38,61.2,NA,NA,NA
"ken","Kenya","1992",107.18,60.08,NA,NA,NA
"ken","Kenya","1993",109.34,58.97,NA,NA,NA
"ken","Kenya","1994",110.63,57.87,NA,NA,NA
"ken","Kenya","1995",110.71,57.04,NA,NA,NA
"ken","Kenya","1996",109.82,56.27,NA,NA,NA
"ken","Kenya","1997",107.97,55.54,NA,NA,NA
"ken","Kenya","1998",105.36,55.07,NA,NA,NA
"ken","Kenya","1999",102.14,54.88,NA,NA,NA
"ken","Kenya","2000",98.46,54.83,NA,NA,NA
"ken","Kenya","2001",94.17,54.93,NA,NA,NA
"ken","Kenya","2002",89.81,55.05,NA,NA,NA
"ken","Kenya","2003",85.44,55.24,NA,NA,NA
"ken","Kenya","2004",81.05,55.74,NA,NA,NA
"ken","Kenya","2005",76.28,56.51,NA,NA,NA
"ken","Kenya","2006",72.02,57.47,NA,NA,NA
"ken","Kenya","2007",68,58.52,NA,NA,NA
"ken","Kenya","2008",63.47,59.38,NA,NA,NA
"ken","Kenya","2009",59.87,60.34,NA,NA,NA
"ken","Kenya","2010",57.42,61.18,NA,NA,NA
"ken","Kenya","2011",55.53,61.95,NA,NA,NA
"ken","Kenya","2012",54.05,62.63,NA,NA,NA
"ken","Kenya","2013",52.3,63.18,NA,NA,NA
"ken","Kenya","2014",50.64,63.75,NA,NA,NA
"ken","Kenya","2015",48.91,64.42,NA,NA,NA
"ken","Kenya","2016",47.22,65.12,NA,NA,NA
"ken","Kenya","2017",45.89,65.69,NA,NA,NA
"ken","Kenya","2018",44.33,66.14,NA,NA,NA
"ken","Kenya","2019",43,66.51,NA,NA,NA
"ken","Kenya","2020",42.18,66.23,NA,NA,NA
"ken","Kenya","2021",41.37,64.91,NA,NA,NA
"ken","Kenya","2022",38.82,65.57,NA,NA,NA
"ken","Kenya","2023",36.04,66.93,NA,NA,NA
"ken","Kenya","2024",35.69,67.73,NA,NA,NA
"ken","Kenya","2025",37.58,67.98,NA,NA,NA
"kgz","Kyrgyz Republic","1915",329.51,28.06,NA,NA,NA
"kgz","Kyrgyz Republic","1916",326.66,28.05,NA,NA,NA
"kgz","Kyrgyz Republic","1917",323.82,25.11,NA,NA,NA
"kgz","Kyrgyz Republic","1918",321.01,15.35,NA,NA,NA
"kgz","Kyrgyz Republic","1919",318.23,20.68,NA,NA,NA
"kgz","Kyrgyz Republic","1920",315.47,16.28,NA,NA,NA
"kgz","Kyrgyz Republic","1921",312.74,11.69,NA,NA,NA
"kgz","Kyrgyz Republic","1922",310.02,13.63,NA,NA,NA
"kgz","Kyrgyz Republic","1923",307.34,29.02,NA,NA,NA
"kgz","Kyrgyz Republic","1924",304.67,31.44,NA,NA,NA
"kgz","Kyrgyz Republic","1925",302.03,30.55,NA,NA,NA
"kgz","Kyrgyz Republic","1926",299.41,33.65,NA,NA,NA
"kgz","Kyrgyz Republic","1927",296.81,33,NA,NA,NA
"kgz","Kyrgyz Republic","1928",294.24,34.44,NA,NA,NA
"kgz","Kyrgyz Republic","1929",291.69,33.23,NA,NA,NA
"kgz","Kyrgyz Republic","1930",289.16,32.55,NA,NA,NA
"kgz","Kyrgyz Republic","1931",286.65,26.92,NA,NA,NA
"kgz","Kyrgyz Republic","1932",279.88,19.15,NA,NA,NA
"kgz","Kyrgyz Republic","1933",273.28,15.26,NA,NA,NA
"kgz","Kyrgyz Republic","1934",266.83,34.79,NA,NA,NA
"kgz","Kyrgyz Republic","1935",260.53,36.29,NA,NA,NA
"kgz","Kyrgyz Republic","1936",254.38,37.9,NA,NA,NA
"kgz","Kyrgyz Republic","1937",248.37,36.92,NA,NA,NA
"kgz","Kyrgyz Republic","1938",242.51,38.54,NA,NA,NA
"kgz","Kyrgyz Republic","1939",236.79,40.84,NA,NA,NA
"kgz","Kyrgyz Republic","1940",231.2,38.44,NA,NA,NA
"kgz","Kyrgyz Republic","1941",225.74,28.03,NA,NA,NA
"kgz","Kyrgyz Republic","1942",220.41,24.15,NA,NA,NA
"kgz","Kyrgyz Republic","1943",215.21,23.17,NA,NA,NA
"kgz","Kyrgyz Republic","1944",210.13,30.88,NA,NA,NA
"kgz","Kyrgyz Republic","1945",205.17,38.11,NA,NA,NA
"kgz","Kyrgyz Republic","1946",200.33,45.07,NA,NA,NA
"kgz","Kyrgyz Republic","1947",195.6,37.32,NA,NA,NA
"kgz","Kyrgyz Republic","1948",190.98,45.09,NA,NA,NA
"kgz","Kyrgyz Republic","1949",186.47,47.76,NA,NA,NA
"kgz","Kyrgyz Republic","1950",182.07,49.95,NA,NA,NA
"kgz","Kyrgyz Republic","1951",180.02,50.4,NA,NA,NA
"kgz","Kyrgyz Republic","1952",175.65,50.98,NA,NA,NA
"kgz","Kyrgyz Republic","1953",171.09,51.66,NA,NA,NA
"kgz","Kyrgyz Republic","1954",167.17,52.29,NA,NA,NA
"kgz","Kyrgyz Republic","1955",162.31,52.91,NA,NA,NA
"kgz","Kyrgyz Republic","1956",158.1,53.56,NA,NA,NA
"kgz","Kyrgyz Republic","1957",153,54.16,NA,NA,NA
"kgz","Kyrgyz Republic","1958",148.52,54.84,NA,NA,NA
"kgz","Kyrgyz Republic","1959",143.42,55.25,NA,NA,NA
"kgz","Kyrgyz Republic","1960",139.1,55.77,NA,NA,NA
"kgz","Kyrgyz Republic","1961",137.09,56.33,NA,NA,NA
"kgz","Kyrgyz Republic","1962",135.12,56.95,NA,NA,NA
"kgz","Kyrgyz Republic","1963",133.17,57.35,NA,NA,NA
"kgz","Kyrgyz Republic","1964",131.25,57.76,NA,NA,NA
"kgz","Kyrgyz Republic","1965",129.36,58.28,NA,NA,NA
"kgz","Kyrgyz Republic","1966",127.49,58.72,NA,NA,NA
"kgz","Kyrgyz Republic","1967",125.66,59.15,NA,NA,NA
"kgz","Kyrgyz Republic","1968",123.84,59.29,NA,NA,NA
"kgz","Kyrgyz Republic","1969",122.06,60.08,NA,NA,NA
"kgz","Kyrgyz Republic","1970",120.3,60.37,NA,NA,NA
"kgz","Kyrgyz Republic","1971",114.84,60.91,NA,NA,NA
"kgz","Kyrgyz Republic","1972",109.74,61.37,NA,NA,NA
"kgz","Kyrgyz Republic","1973",104.92,61.7,NA,NA,NA
"kgz","Kyrgyz Republic","1974",114.51,61.8,NA,NA,NA
"kgz","Kyrgyz Republic","1975",113.04,62.17,NA,NA,NA
"kgz","Kyrgyz Republic","1976",87,62.51,NA,NA,NA
"kgz","Kyrgyz Republic","1977",107.93,62.65,NA,NA,NA
"kgz","Kyrgyz Republic","1978",105.1,62.87,NA,NA,NA
"kgz","Kyrgyz Republic","1979",89,63.42,NA,NA,NA
"kgz","Kyrgyz Republic","1980",98.8,64.25,NA,NA,NA
"kgz","Kyrgyz Republic","1981",95.24,64.75,NA,NA,NA
"kgz","Kyrgyz Republic","1982",88,65.18,NA,NA,NA
"kgz","Kyrgyz Republic","1983",87.57,65.36,NA,NA,NA
"kgz","Kyrgyz Republic","1984",83.71,65.31,NA,NA,NA
"kgz","Kyrgyz Republic","1985",85,66.18,NA,NA,NA
"kgz","Kyrgyz Republic","1986",75.89,67.33,NA,NA,NA
"kgz","Kyrgyz Republic","1987",87,67.43,NA,NA,NA
"kgz","Kyrgyz Republic","1988",69.19,67.1,NA,NA,NA
"kgz","Kyrgyz Republic","1989",66.86,67.04,NA,NA,NA
"kgz","Kyrgyz Republic","1990",65.43,67.25,NA,NA,NA
"kgz","Kyrgyz Republic","1991",65.06,67.2,NA,NA,NA
"kgz","Kyrgyz Republic","1992",65.11,67.06,NA,NA,NA
"kgz","Kyrgyz Republic","1993",64.91,66.34,NA,NA,NA
"kgz","Kyrgyz Republic","1994",64.08,65.46,NA,NA,NA
"kgz","Kyrgyz Republic","1995",62.5,65.56,NA,NA,NA
"kgz","Kyrgyz Republic","1996",60.18,66.3,NA,NA,NA
"kgz","Kyrgyz Republic","1997",57.57,66.81,NA,NA,NA
"kgz","Kyrgyz Republic","1998",54.85,67.17,NA,NA,NA
"kgz","Kyrgyz Republic","1999",52.29,67.6,NA,NA,NA
"kgz","Kyrgyz Republic","2000",49.82,67.23,NA,NA,NA
"kgz","Kyrgyz Republic","2001",47.43,67.32,NA,NA,NA
"kgz","Kyrgyz Republic","2002",45.16,67.2,NA,NA,NA
"kgz","Kyrgyz Republic","2003",43.06,67.07,NA,NA,NA
"kgz","Kyrgyz Republic","2004",41.08,67.39,NA,NA,NA
"kgz","Kyrgyz Republic","2005",39.24,67.37,NA,NA,NA
"kgz","Kyrgyz Republic","2006",37.5,67.21,NA,NA,NA
"kgz","Kyrgyz Republic","2007",35.72,67.62,NA,NA,NA
"kgz","Kyrgyz Republic","2008",33.74,68.34,NA,NA,NA
"kgz","Kyrgyz Republic","2009",31.61,69.27,NA,NA,NA
"kgz","Kyrgyz Republic","2010",29.54,69.62,NA,NA,NA
"kgz","Kyrgyz Republic","2011",27.71,70.25,NA,NA,NA
"kgz","Kyrgyz Republic","2012",26.14,70.72,NA,NA,NA
"kgz","Kyrgyz Republic","2013",24.74,71.22,NA,NA,NA
"kgz","Kyrgyz Republic","2014",23.49,71.62,NA,NA,NA
"kgz","Kyrgyz Republic","2015",22.31,71.9,NA,NA,NA
"kgz","Kyrgyz Republic","2016",21.19,72.73,NA,NA,NA
"kgz","Kyrgyz Republic","2017",20.14,72.98,NA,NA,NA
"kgz","Kyrgyz Republic","2018",19.16,73.29,NA,NA,NA
"kgz","Kyrgyz Republic","2019",18.3,73.42,NA,NA,NA
"kgz","Kyrgyz Republic","2020",17.54,71.77,NA,NA,NA
"kgz","Kyrgyz Republic","2021",16.86,72.13,NA,NA,NA
"kgz","Kyrgyz Republic","2022",14.79,72.65,NA,NA,NA
"kgz","Kyrgyz Republic","2023",15.03,73.35,NA,NA,NA
"kgz","Kyrgyz Republic","2024",14.56,74.2,NA,NA,NA
"kgz","Kyrgyz Republic","2025",14.07,74.36,NA,NA,NA
"khm","Cambodia","1915",368.85,38.32,NA,NA,NA
"khm","Cambodia","1916",367.96,38.37,NA,NA,NA
"khm","Cambodia","1917",367.06,38.42,NA,NA,NA
"khm","Cambodia","1918",366.17,24.65,NA,NA,NA
"khm","Cambodia","1919",365.28,38.52,NA,NA,NA
"khm","Cambodia","1920",364.39,38.57,NA,NA,NA
"khm","Cambodia","1921",363.5,38.62,NA,NA,NA
"khm","Cambodia","1922",362.61,38.67,NA,NA,NA
"khm","Cambodia","1923",361.71,38.72,NA,NA,NA
"khm","Cambodia","1924",360.82,38.78,NA,NA,NA
"khm","Cambodia","1925",359.93,38.83,NA,NA,NA
"khm","Cambodia","1926",359.04,38.88,NA,NA,NA
"khm","Cambodia","1927",358.15,38.93,NA,NA,NA
"khm","Cambodia","1928",357.25,38.98,NA,NA,NA
"khm","Cambodia","1929",356.36,39.03,NA,NA,NA
"khm","Cambodia","1930",355.47,39.08,NA,NA,NA
"khm","Cambodia","1931",354.58,39.13,NA,NA,NA
"khm","Cambodia","1932",353.69,39.18,NA,NA,NA
"khm","Cambodia","1933",352.8,39.23,NA,NA,NA
"khm","Cambodia","1934",351.9,39.29,NA,NA,NA
"khm","Cambodia","1935",351.01,39.34,NA,NA,NA
"khm","Cambodia","1936",350.12,39.39,NA,NA,NA
"khm","Cambodia","1937",349.23,39.44,NA,NA,NA
"khm","Cambodia","1938",348.34,39.49,NA,NA,NA
"khm","Cambodia","1939",347.45,39.54,NA,NA,NA
"khm","Cambodia","1940",346.55,38.46,NA,NA,NA
"khm","Cambodia","1941",345.66,38.11,NA,NA,NA
"khm","Cambodia","1942",344.77,38.12,NA,NA,NA
"khm","Cambodia","1943",343.88,38.11,NA,NA,NA
"khm","Cambodia","1944",342.99,36.07,NA,NA,NA
"khm","Cambodia","1945",342.1,32.18,NA,NA,NA
"khm","Cambodia","1946",330.45,40.26,NA,NA,NA
"khm","Cambodia","1947",320.13,41.74,NA,NA,NA
"khm","Cambodia","1948",308.98,43.22,NA,NA,NA
"khm","Cambodia","1949",299.1,44.71,NA,NA,NA
"khm","Cambodia","1950",288.43,46.2,NA,NA,NA
"khm","Cambodia","1951",286.69,46.38,NA,NA,NA
"khm","Cambodia","1952",283.02,46.64,NA,NA,NA
"khm","Cambodia","1953",279.99,46.81,NA,NA,NA
"khm","Cambodia","1954",276.61,47.29,NA,NA,NA
"khm","Cambodia","1955",273.83,47.5,NA,NA,NA
"khm","Cambodia","1956",270.7,47.83,NA,NA,NA
"khm","Cambodia","1957",267.23,48.17,NA,NA,NA
"khm","Cambodia","1958",263.41,48.52,NA,NA,NA
"khm","Cambodia","1959",259.63,48.93,NA,NA,NA
"khm","Cambodia","1960",255.86,49.41,NA,NA,NA
"khm","Cambodia","1961",252.08,49.79,NA,NA,NA
"khm","Cambodia","1962",247.43,50.2,NA,NA,NA
"khm","Cambodia","1963",242.78,50.61,NA,NA,NA
"khm","Cambodia","1964",238.11,50.97,NA,NA,NA
"khm","Cambodia","1965",233.44,51.3,NA,NA,NA
"khm","Cambodia","1966",231.73,51.61,NA,NA,NA
"khm","Cambodia","1967",230.03,51.67,NA,NA,NA
"khm","Cambodia","1968",228.34,52,NA,NA,NA
"khm","Cambodia","1969",226.66,52.31,NA,NA,NA
"khm","Cambodia","1970",225,44.47,NA,NA,NA
"khm","Cambodia","1971",239.74,44.77,NA,NA,NA
"khm","Cambodia","1972",255.44,45.18,NA,NA,NA
"khm","Cambodia","1973",272.17,45.02,NA,NA,NA
"khm","Cambodia","1974",290,44.92,NA,NA,NA
"khm","Cambodia","1975",311.66,24.66,NA,NA,NA
"khm","Cambodia","1976",287.12,24.51,NA,NA,NA
"khm","Cambodia","1977",262.18,24.35,NA,NA,NA
"khm","Cambodia","1978",235.36,24.16,NA,NA,NA
"khm","Cambodia","1979",207.49,24.06,NA,NA,NA
"khm","Cambodia","1980",181.54,52.17,NA,NA,NA
"khm","Cambodia","1981",158.53,52.6,NA,NA,NA
"khm","Cambodia","1982",141.01,53.06,NA,NA,NA
"khm","Cambodia","1983",129.84,53.52,NA,NA,NA
"khm","Cambodia","1984",123.52,54,NA,NA,NA
"khm","Cambodia","1985",119.99,54.47,NA,NA,NA
"khm","Cambodia","1986",118.02,54.91,NA,NA,NA
"khm","Cambodia","1987",116.91,56.55,NA,NA,NA
"khm","Cambodia","1988",116.45,57.15,NA,NA,NA
"khm","Cambodia","1989",116.42,57.36,NA,NA,NA
"khm","Cambodia","1990",116.38,57.81,NA,NA,NA
"khm","Cambodia","1991",116.33,58.2,NA,NA,NA
"khm","Cambodia","1992",116.58,58.6,NA,NA,NA
"khm","Cambodia","1993",117.38,58.79,NA,NA,NA
"khm","Cambodia","1994",118.6,58.72,NA,NA,NA
"khm","Cambodia","1995",119.67,58.96,NA,NA,NA
"khm","Cambodia","1996",120.2,59.11,NA,NA,NA
"khm","Cambodia","1997",119.77,59.38,NA,NA,NA
"khm","Cambodia","1998",117.76,59.59,NA,NA,NA
"khm","Cambodia","1999",113.58,60.03,NA,NA,NA
"khm","Cambodia","2000",106.33,60.36,NA,NA,NA
"khm","Cambodia","2001",96.62,60.94,NA,NA,NA
"khm","Cambodia","2002",86.7,61.55,NA,NA,NA
"khm","Cambodia","2003",78.03,62.21,NA,NA,NA
"khm","Cambodia","2004",70.68,62.9,NA,NA,NA
"khm","Cambodia","2005",64.67,63.68,NA,NA,NA
"khm","Cambodia","2006",59.7,64.46,NA,NA,NA
"khm","Cambodia","2007",55.37,65.17,NA,NA,NA
"khm","Cambodia","2008",51.31,65.89,NA,NA,NA
"khm","Cambodia","2009",47.47,66.45,NA,NA,NA
"khm","Cambodia","2010",43.82,66.87,NA,NA,NA
"khm","Cambodia","2011",40.54,67.38,NA,NA,NA
"khm","Cambodia","2012",37.69,67.87,NA,NA,NA
"khm","Cambodia","2013",35.34,68.24,NA,NA,NA
"khm","Cambodia","2014",33.42,68.59,NA,NA,NA
"khm","Cambodia","2015",31.76,68.88,NA,NA,NA
"khm","Cambodia","2016",30.3,69.15,NA,NA,NA
"khm","Cambodia","2017",28.98,69.41,NA,NA,NA
"khm","Cambodia","2018",27.7,69.66,NA,NA,NA
"khm","Cambodia","2019",26.63,69.9,NA,NA,NA
"khm","Cambodia","2020",25.63,69.63,NA,NA,NA
"khm","Cambodia","2021",24.71,68.81,NA,NA,NA
"khm","Cambodia","2022",24.45,69.12,NA,NA,NA
"khm","Cambodia","2023",23.1,70.66,NA,NA,NA
"khm","Cambodia","2024",22.34,70.84,NA,NA,NA
"khm","Cambodia","2025",21.61,71.02,NA,NA,NA
"kir","Kiribati","1915",297.48,25.9,NA,NA,NA
"kir","Kiribati","1916",296.39,25.91,NA,NA,NA
"kir","Kiribati","1917",295.31,25.93,NA,NA,NA
"kir","Kiribati","1918",294.23,25.95,NA,NA,NA
"kir","Kiribati","1919",293.16,25.96,NA,NA,NA
"kir","Kiribati","1920",292.09,25.98,NA,NA,NA
"kir","Kiribati","1921",291.02,25.99,NA,NA,NA
"kir","Kiribati","1922",289.96,26.01,NA,NA,NA
"kir","Kiribati","1923",288.9,26.02,NA,NA,NA
"kir","Kiribati","1924",287.84,26.04,NA,NA,NA
"kir","Kiribati","1925",286.79,26.05,NA,NA,NA
"kir","Kiribati","1926",285.74,26.07,NA,NA,NA
"kir","Kiribati","1927",284.7,26.08,NA,NA,NA
"kir","Kiribati","1928",283.66,26.1,NA,NA,NA
"kir","Kiribati","1929",282.62,26.11,NA,NA,NA
"kir","Kiribati","1930",281.59,26.13,NA,NA,NA
"kir","Kiribati","1931",278.31,26.15,NA,NA,NA
"kir","Kiribati","1932",275.05,26.16,NA,NA,NA
"kir","Kiribati","1933",271.81,26.18,NA,NA,NA
"kir","Kiribati","1934",268.59,26.19,NA,NA,NA
"kir","Kiribati","1935",265.39,27.38,NA,NA,NA
"kir","Kiribati","1936",262.21,28.55,NA,NA,NA
"kir","Kiribati","1937",259.05,29.74,NA,NA,NA
"kir","Kiribati","1938",255.91,30.92,NA,NA,NA
"kir","Kiribati","1939",252.78,32.1,NA,NA,NA
"kir","Kiribati","1940",249.68,33.29,NA,NA,NA
"kir","Kiribati","1941",246.6,34.43,NA,NA,NA
"kir","Kiribati","1942",243.53,31.59,NA,NA,NA
"kir","Kiribati","1943",240.49,28.38,NA,NA,NA
"kir","Kiribati","1944",237.46,32.58,NA,NA,NA
"kir","Kiribati","1945",234.46,28.3,NA,NA,NA
"kir","Kiribati","1946",231.47,39.7,NA,NA,NA
"kir","Kiribati","1947",228.5,41.16,NA,NA,NA
"kir","Kiribati","1948",225.55,42.39,NA,NA,NA
"kir","Kiribati","1949",222.61,43.53,NA,NA,NA
"kir","Kiribati","1950",219.7,44.68,NA,NA,NA
"kir","Kiribati","1951",218.81,45.02,NA,NA,NA
"kir","Kiribati","1952",218.02,45.38,NA,NA,NA
"kir","Kiribati","1953",217.12,45.69,NA,NA,NA
"kir","Kiribati","1954",216.11,46.01,NA,NA,NA
"kir","Kiribati","1955",214.81,46.33,NA,NA,NA
"kir","Kiribati","1956",212.79,46.71,NA,NA,NA
"kir","Kiribati","1957",210.34,47.08,NA,NA,NA
"kir","Kiribati","1958",207.21,47.46,NA,NA,NA
"kir","Kiribati","1959",203.44,47.91,NA,NA,NA
"kir","Kiribati","1960",199.14,48.22,NA,NA,NA
"kir","Kiribati","1961",194.39,48.59,NA,NA,NA
"kir","Kiribati","1962",188.92,48.94,NA,NA,NA
"kir","Kiribati","1963",183.01,49.32,NA,NA,NA
"kir","Kiribati","1964",176.62,49.69,NA,NA,NA
"kir","Kiribati","1965",170.17,50.02,NA,NA,NA
"kir","Kiribati","1966",163.63,50.4,NA,NA,NA
"kir","Kiribati","1967",157.31,50.76,NA,NA,NA
"kir","Kiribati","1968",151.41,51.08,NA,NA,NA
"kir","Kiribati","1969",145.7,51.43,NA,NA,NA
"kir","Kiribati","1970",140.49,51.72,NA,NA,NA
"kir","Kiribati","1971",135.93,51.97,NA,NA,NA
"kir","Kiribati","1972",131.97,52.19,NA,NA,NA
"kir","Kiribati","1973",128.72,52.72,NA,NA,NA
"kir","Kiribati","1974",126.29,53.45,NA,NA,NA
"kir","Kiribati","1975",124.66,54.04,NA,NA,NA
"kir","Kiribati","1976",123.49,54.31,NA,NA,NA
"kir","Kiribati","1977",122.44,54.05,NA,NA,NA
"kir","Kiribati","1978",121.39,54.71,NA,NA,NA
"kir","Kiribati","1979",120.11,54.83,NA,NA,NA
"kir","Kiribati","1980",118.58,54.77,NA,NA,NA
"kir","Kiribati","1981",116.94,54.66,NA,NA,NA
"kir","Kiribati","1982",115.12,54.58,NA,NA,NA
"kir","Kiribati","1983",113.18,54.48,NA,NA,NA
"kir","Kiribati","1984",110.92,54.43,NA,NA,NA
"kir","Kiribati","1985",108.54,54.37,NA,NA,NA
"kir","Kiribati","1986",105.73,54.37,NA,NA,NA
"kir","Kiribati","1987",102.6,54.35,NA,NA,NA
"kir","Kiribati","1988",99.15,54.42,NA,NA,NA
"kir","Kiribati","1989",95.5,54.48,NA,NA,NA
"kir","Kiribati","1990",91.78,54.57,NA,NA,NA
"kir","Kiribati","1991",88.26,54.61,NA,NA,NA
"kir","Kiribati","1992",85.02,54.72,NA,NA,NA
"kir","Kiribati","1993",82.12,54.85,NA,NA,NA
"kir","Kiribati","1994",79.55,55.12,NA,NA,NA
"kir","Kiribati","1995",77.35,55.32,NA,NA,NA
"kir","Kiribati","1996",75.33,55.64,NA,NA,NA
"kir","Kiribati","1997",73.51,55.81,NA,NA,NA
"kir","Kiribati","1998",71.66,56.03,NA,NA,NA
"kir","Kiribati","1999",69.84,56.2,NA,NA,NA
"kir","Kiribati","2000",68.13,56.43,NA,NA,NA
"kir","Kiribati","2001",66.64,56.69,NA,NA,NA
"kir","Kiribati","2002",65.49,56.95,NA,NA,NA
"kir","Kiribati","2003",64.77,57.21,NA,NA,NA
"kir","Kiribati","2004",64.55,57.45,NA,NA,NA
"kir","Kiribati","2005",64.66,57.72,NA,NA,NA
"kir","Kiribati","2006",65.06,57.95,NA,NA,NA
"kir","Kiribati","2007",65.47,58.2,NA,NA,NA
"kir","Kiribati","2008",65.58,58.41,NA,NA,NA
"kir","Kiribati","2009",65.23,58.62,NA,NA,NA
"kir","Kiribati","2010",64.41,58.84,NA,NA,NA
"kir","Kiribati","2011",63.32,59.05,NA,NA,NA
"kir","Kiribati","2012",62.11,59.26,NA,NA,NA
"kir","Kiribati","2013",60.75,59.49,NA,NA,NA
"kir","Kiribati","2014",59.18,59.69,NA,NA,NA
"kir","Kiribati","2015",57.64,59.91,NA,NA,NA
"kir","Kiribati","2016",55.97,60.12,NA,NA,NA
"kir","Kiribati","2017",54.45,60.34,NA,NA,NA
"kir","Kiribati","2018",52.78,59.26,NA,NA,NA
"kir","Kiribati","2019",51.15,60.75,NA,NA,NA
"kir","Kiribati","2020",49.47,60.86,NA,NA,NA
"kir","Kiribati","2021",47.85,60.99,NA,NA,NA
"kir","Kiribati","2022",47.32,61.21,NA,NA,NA
"kir","Kiribati","2023",46.08,61.37,NA,NA,NA
"kir","Kiribati","2024",44.9,61.51,NA,NA,NA
"kir","Kiribati","2025",43.74,61.66,NA,NA,NA
"kna","St. Kitts and Nevis","1915",NA,NA,NA,NA,NA
"kna","St. Kitts and Nevis","1916",NA,NA,NA,NA,NA
"kna","St. Kitts and Nevis","1917",NA,NA,NA,NA,NA
"kna","St. Kitts and Nevis","1918",NA,NA,NA,NA,NA
"kna","St. Kitts and Nevis","1919",NA,NA,NA,NA,NA
"kna","St. Kitts and Nevis","1920",NA,NA,NA,NA,NA
"kna","St. Kitts and Nevis","1921",NA,NA,NA,NA,NA
"kna","St. Kitts and Nevis","1922",NA,NA,NA,NA,NA
"kna","St. Kitts and Nevis","1923",NA,NA,NA,NA,NA
"kna","St. Kitts and Nevis","1924",NA,NA,NA,NA,NA
"kna","St. Kitts and Nevis","1925",NA,NA,NA,NA,NA
"kna","St. Kitts and Nevis","1926",NA,NA,NA,NA,NA
"kna","St. Kitts and Nevis","1927",NA,NA,NA,NA,NA
"kna","St. Kitts and Nevis","1928",NA,NA,NA,NA,NA
"kna","St. Kitts and Nevis","1929",NA,NA,NA,NA,NA
"kna","St. Kitts and Nevis","1930",NA,NA,NA,NA,NA
"kna","St. Kitts and Nevis","1931",NA,NA,NA,NA,NA
"kna","St. Kitts and Nevis","1932",NA,NA,NA,NA,NA
"kna","St. Kitts and Nevis","1933",NA,NA,NA,NA,NA
"kna","St. Kitts and Nevis","1934",NA,NA,NA,NA,NA
"kna","St. Kitts and Nevis","1935",NA,NA,NA,NA,NA
"kna","St. Kitts and Nevis","1936",NA,NA,NA,NA,NA
"kna","St. Kitts and Nevis","1937",NA,NA,NA,NA,NA
"kna","St. Kitts and Nevis","1938",NA,NA,NA,NA,NA
"kna","St. Kitts and Nevis","1939",NA,NA,NA,NA,NA
"kna","St. Kitts and Nevis","1940",NA,NA,NA,NA,NA
"kna","St. Kitts and Nevis","1941",NA,NA,NA,NA,NA
"kna","St. Kitts and Nevis","1942",NA,NA,NA,NA,NA
"kna","St. Kitts and Nevis","1943",NA,NA,NA,NA,NA
"kna","St. Kitts and Nevis","1944",NA,NA,NA,NA,NA
"kna","St. Kitts and Nevis","1945",NA,NA,NA,NA,NA
"kna","St. Kitts and Nevis","1946",NA,NA,NA,NA,NA
"kna","St. Kitts and Nevis","1947",NA,NA,NA,NA,NA
"kna","St. Kitts and Nevis","1948",NA,NA,NA,NA,NA
"kna","St. Kitts and Nevis","1949",NA,NA,NA,NA,NA
"kna","St. Kitts and Nevis","1950",108.2,60.76,NA,NA,NA
"kna","St. Kitts and Nevis","1951",108.46,61.87,NA,NA,NA
"kna","St. Kitts and Nevis","1952",103.69,62.41,NA,NA,NA
"kna","St. Kitts and Nevis","1953",101.26,62.67,NA,NA,NA
"kna","St. Kitts and Nevis","1954",100.73,62.69,NA,NA,NA
"kna","St. Kitts and Nevis","1955",96.72,62.23,NA,NA,NA
"kna","St. Kitts and Nevis","1956",103.7,61.48,NA,NA,NA
"kna","St. Kitts and Nevis","1957",122.91,60.06,NA,NA,NA
"kna","St. Kitts and Nevis","1958",134.09,58.72,NA,NA,NA
"kna","St. Kitts and Nevis","1959",139.98,58.52,NA,NA,NA
"kna","St. Kitts and Nevis","1960",125.77,58.25,NA,NA,NA
"kna","St. Kitts and Nevis","1961",128.79,58.81,NA,NA,NA
"kna","St. Kitts and Nevis","1962",114.44,59.98,NA,NA,NA
"kna","St. Kitts and Nevis","1963",100.4,60.65,NA,NA,NA
"kna","St. Kitts and Nevis","1964",95.88,61.21,NA,NA,NA
"kna","St. Kitts and Nevis","1965",89.4,61.8,NA,NA,NA
"kna","St. Kitts and Nevis","1966",84.26,62.44,NA,NA,NA
"kna","St. Kitts and Nevis","1967",77.96,62.88,NA,NA,NA
"kna","St. Kitts and Nevis","1968",71.22,62.95,NA,NA,NA
"kna","St. Kitts and Nevis","1969",68.2,62.94,NA,NA,NA
"kna","St. Kitts and Nevis","1970",60.33,62.61,NA,NA,NA
"kna","St. Kitts and Nevis","1971",64.17,62.2,NA,NA,NA
"kna","St. Kitts and Nevis","1972",75.9,61.86,NA,NA,NA
"kna","St. Kitts and Nevis","1973",54.1,62,NA,NA,NA
"kna","St. Kitts and Nevis","1974",69.77,62.46,NA,NA,NA
"kna","St. Kitts and Nevis","1975",48.09,63.25,NA,NA,NA
"kna","St. Kitts and Nevis","1976",54.68,63.81,NA,NA,NA
"kna","St. Kitts and Nevis","1977",57.8,64.1,NA,NA,NA
"kna","St. Kitts and Nevis","1978",52.93,63.73,NA,NA,NA
"kna","St. Kitts and Nevis","1979",60.91,63.58,NA,NA,NA
"kna","St. Kitts and Nevis","1980",70.61,63.82,NA,NA,NA
"kna","St. Kitts and Nevis","1981",59.17,64.16,NA,NA,NA
"kna","St. Kitts and Nevis","1982",42.72,64.59,NA,NA,NA
"kna","St. Kitts and Nevis","1983",37.23,64.64,NA,NA,NA
"kna","St. Kitts and Nevis","1984",30.23,64.76,NA,NA,NA
"kna","St. Kitts and Nevis","1985",34.26,64.79,NA,NA,NA
"kna","St. Kitts and Nevis","1986",37.83,64.89,NA,NA,NA
"kna","St. Kitts and Nevis","1987",29.03,65.24,NA,NA,NA
"kna","St. Kitts and Nevis","1988",27.49,65.38,NA,NA,NA
"kna","St. Kitts and Nevis","1989",34.59,65.41,NA,NA,NA
"kna","St. Kitts and Nevis","1990",28.55,65.94,NA,NA,NA
"kna","St. Kitts and Nevis","1991",17.85,67.15,NA,NA,NA
"kna","St. Kitts and Nevis","1992",23.81,67.49,NA,NA,NA
"kna","St. Kitts and Nevis","1993",27.23,67.81,NA,NA,NA
"kna","St. Kitts and Nevis","1994",28.48,67.83,NA,NA,NA
"kna","St. Kitts and Nevis","1995",20.43,67.92,NA,NA,NA
"kna","St. Kitts and Nevis","1996",46.72,68.27,NA,NA,NA
"kna","St. Kitts and Nevis","1997",55.62,68.65,NA,NA,NA
"kna","St. Kitts and Nevis","1998",33.87,68.73,NA,NA,NA
"kna","St. Kitts and Nevis","1999",18.6,69.47,NA,NA,NA
"kna","St. Kitts and Nevis","2000",17.6,69.94,NA,NA,NA
"kna","St. Kitts and Nevis","2001",18.39,70.33,NA,NA,NA
"kna","St. Kitts and Nevis","2002",20.09,70.69,NA,NA,NA
"kna","St. Kitts and Nevis","2003",11.89,71.06,NA,NA,NA
"kna","St. Kitts and Nevis","2004",8.52,71.19,NA,NA,NA
"kna","St. Kitts and Nevis","2005",7.03,71.43,NA,NA,NA
"kna","St. Kitts and Nevis","2006",24.39,71.53,NA,NA,NA
"kna","St. Kitts and Nevis","2007",28.14,71.67,NA,NA,NA
"kna","St. Kitts and Nevis","2008",16.77,72.04,NA,NA,NA
"kna","St. Kitts and Nevis","2009",21.79,72.12,NA,NA,NA
"kna","St. Kitts and Nevis","2010",17.56,72.19,NA,NA,NA
"kna","St. Kitts and Nevis","2011",13.5,72.25,NA,NA,NA
"kna","St. Kitts and Nevis","2012",10.85,72.28,NA,NA,NA
"kna","St. Kitts and Nevis","2013",16.34,72.22,NA,NA,NA
"kna","St. Kitts and Nevis","2014",18.98,72.13,NA,NA,NA
"kna","St. Kitts and Nevis","2015",26,72.04,NA,NA,NA
"kna","St. Kitts and Nevis","2016",22.26,72.07,NA,NA,NA
"kna","St. Kitts and Nevis","2017",16.23,72.13,NA,NA,NA
"kna","St. Kitts and Nevis","2018",15.83,72.12,NA,NA,NA
"kna","St. Kitts and Nevis","2019",15.42,72.1,NA,NA,NA
"kna","St. Kitts and Nevis","2020",15.12,72.15,NA,NA,NA
"kna","St. Kitts and Nevis","2021",14.82,72.21,NA,NA,NA
"kna","St. Kitts and Nevis","2022",13.79,72.56,NA,NA,NA
"kna","St. Kitts and Nevis","2023",13.31,72.71,NA,NA,NA
"kna","St. Kitts and Nevis","2024",12.84,72.87,NA,NA,NA
"kna","St. Kitts and Nevis","2025",12.36,73.03,NA,NA,NA
"kor","South Korea","1915",488.6,24.61,NA,NA,NA
"kor","South Korea","1916",481.66,25.06,NA,NA,NA
"kor","South Korea","1917",474.82,25.51,NA,NA,NA
"kor","South Korea","1918",468.01,16.09,NA,NA,NA
"kor","South Korea","1919",460,25.95,NA,NA,NA
"kor","South Korea","1920",452.02,26.41,NA,NA,NA
"kor","South Korea","1921",444.23,26.87,NA,NA,NA
"kor","South Korea","1922",436.48,27.33,NA,NA,NA
"kor","South Korea","1923",428.93,27.78,NA,NA,NA
"kor","South Korea","1924",417.6,28.53,NA,NA,NA
"kor","South Korea","1925",405.27,29.27,NA,NA,NA
"kor","South Korea","1926",394.42,30.01,NA,NA,NA
"kor","South Korea","1927",383.83,30.74,NA,NA,NA
"kor","South Korea","1928",373.43,31.48,NA,NA,NA
"kor","South Korea","1929",363.24,32.16,NA,NA,NA
"kor","South Korea","1930",354.35,32.84,NA,NA,NA
"kor","South Korea","1931",345.27,33.51,NA,NA,NA
"kor","South Korea","1932",337.44,34.19,NA,NA,NA
"kor","South Korea","1933",328.63,34.87,NA,NA,NA
"kor","South Korea","1934",317.84,35.8,NA,NA,NA
"kor","South Korea","1935",306.21,36.74,NA,NA,NA
"kor","South Korea","1936",295.84,37.68,NA,NA,NA
"kor","South Korea","1937",285.67,38.6,NA,NA,NA
"kor","South Korea","1938",274.71,39.53,NA,NA,NA
"kor","South Korea","1939",268.76,40.04,NA,NA,NA
"kor","South Korea","1940",263.85,40.54,NA,NA,NA
"kor","South Korea","1941",272.46,41.04,NA,NA,NA
"kor","South Korea","1942",281.35,41.54,NA,NA,NA
"kor","South Korea","1943",290.54,39.76,NA,NA,NA
"kor","South Korea","1944",300.02,38.81,NA,NA,NA
"kor","South Korea","1945",309.81,39.24,NA,NA,NA
"kor","South Korea","1946",319.92,41.51,NA,NA,NA
"kor","South Korea","1947",330.35,43.31,NA,NA,NA
"kor","South Korea","1948",341.13,43.82,NA,NA,NA
"kor","South Korea","1949",352.25,44.19,NA,NA,NA
"kor","South Korea","1950",363.74,39.53,NA,NA,NA
"kor","South Korea","1951",308.17,43.64,NA,NA,NA
"kor","South Korea","1952",262.09,51.82,NA,NA,NA
"kor","South Korea","1953",224.64,54.23,NA,NA,NA
"kor","South Korea","1954",194.2,54.85,NA,NA,NA
"kor","South Korea","1955",170.36,55.9,NA,NA,NA
"kor","South Korea","1956",151.74,56.6,NA,NA,NA
"kor","South Korea","1957",137.63,57.36,NA,NA,NA
"kor","South Korea","1958",126.83,57.99,NA,NA,NA
"kor","South Korea","1959",118.49,58.55,NA,NA,NA
"kor","South Korea","1960",111.93,59.11,NA,NA,NA
"kor","South Korea","1961",106.47,59.53,NA,NA,NA
"kor","South Korea","1962",101.54,60.03,NA,NA,NA
"kor","South Korea","1963",96.77,60.47,NA,NA,NA
"kor","South Korea","1964",91.92,60.91,NA,NA,NA
"kor","South Korea","1965",86.94,61.36,NA,NA,NA
"kor","South Korea","1966",81.7,61.78,NA,NA,NA
"kor","South Korea","1967",76.32,62.23,NA,NA,NA
"kor","South Korea","1968",71.03,62.61,NA,NA,NA
"kor","South Korea","1969",65.92,63.12,NA,NA,NA
"kor","South Korea","1970",61.22,63.57,NA,NA,NA
"kor","South Korea","1971",57.06,64.09,NA,NA,NA
"kor","South Korea","1972",53.56,64.43,NA,NA,NA
"kor","South Korea","1973",50.61,64.95,NA,NA,NA
"kor","South Korea","1974",48.15,65.33,NA,NA,NA
"kor","South Korea","1975",46.05,65.73,NA,NA,NA
"kor","South Korea","1976",44.13,66.12,NA,NA,NA
"kor","South Korea","1977",42.27,66.46,NA,NA,NA
"kor","South Korea","1978",40.4,67.07,NA,NA,NA
"kor","South Korea","1979",38.39,67.64,NA,NA,NA
"kor","South Korea","1980",36.23,67.33,NA,NA,NA
"kor","South Korea","1981",33.97,68.49,NA,NA,NA
"kor","South Korea","1982",31.64,68.6,NA,NA,NA
"kor","South Korea","1983",29.26,68.5,NA,NA,NA
"kor","South Korea","1984",26.91,69.45,NA,NA,NA
"kor","South Korea","1985",24.6,69.87,NA,NA,NA
"kor","South Korea","1986",22.43,70.33,NA,NA,NA
"kor","South Korea","1987",20.43,70.61,NA,NA,NA
"kor","South Korea","1988",18.62,71.33,NA,NA,NA
"kor","South Korea","1989",17.02,71.7,NA,NA,NA
"kor","South Korea","1990",15.62,72.13,NA,NA,NA
"kor","South Korea","1991",14.37,72.54,NA,NA,NA
"kor","South Korea","1992",13.25,73.12,NA,NA,NA
"kor","South Korea","1993",12.23,73.57,NA,NA,NA
"kor","South Korea","1994",11.32,73.86,NA,NA,NA
"kor","South Korea","1995",10.49,74.34,NA,NA,NA
"kor","South Korea","1996",9.74,74.84,NA,NA,NA
"kor","South Korea","1997",9.07,75.27,NA,NA,NA
"kor","South Korea","1998",8.49,75.58,NA,NA,NA
"kor","South Korea","1999",7.99,75.96,NA,NA,NA
"kor","South Korea","2000",7.55,76.34,NA,NA,NA
"kor","South Korea","2001",7.15,76.87,NA,NA,NA
"kor","South Korea","2002",6.77,77.29,NA,NA,NA
"kor","South Korea","2003",6.39,77.71,NA,NA,NA
"kor","South Korea","2004",5.99,78.25,NA,NA,NA
"kor","South Korea","2005",5.57,78.78,NA,NA,NA
"kor","South Korea","2006",5.18,79.31,NA,NA,NA
"kor","South Korea","2007",4.83,79.75,NA,NA,NA
"kor","South Korea","2008",4.54,80.17,NA,NA,NA
"kor","South Korea","2009",4.31,80.53,NA,NA,NA
"kor","South Korea","2010",4.12,80.82,NA,NA,NA
"kor","South Korea","2011",3.98,81.16,NA,NA,NA
"kor","South Korea","2012",3.85,81.5,NA,NA,NA
"kor","South Korea","2013",3.73,81.93,NA,NA,NA
"kor","South Korea","2014",3.62,82.31,NA,NA,NA
"kor","South Korea","2015",3.52,82.61,NA,NA,NA
"kor","South Korea","2016",3.42,82.84,NA,NA,NA
"kor","South Korea","2017",3.33,82.88,NA,NA,NA
"kor","South Korea","2018",3.24,82.94,NA,NA,NA
"kor","South Korea","2019",3.14,82.92,NA,NA,NA
"kor","South Korea","2020",3.05,82.87,NA,NA,NA
"kor","South Korea","2021",2.92,82.96,NA,NA,NA
"kor","South Korea","2022",2.78,83.28,NA,NA,NA
"kor","South Korea","2023",2.72,83.4,NA,NA,NA
"kor","South Korea","2024",2.66,83.51,NA,NA,NA
"kor","South Korea","2025",2.6,83.63,NA,NA,NA
"kwt","Kuwait","1915",485.67,30.22,NA,NA,NA
"kwt","Kuwait","1916",484.5,30.29,NA,NA,NA
"kwt","Kuwait","1917",483.32,30.35,NA,NA,NA
"kwt","Kuwait","1918",482.15,25.21,NA,NA,NA
"kwt","Kuwait","1919",480.97,30.48,NA,NA,NA
"kwt","Kuwait","1920",479.8,30.55,NA,NA,NA
"kwt","Kuwait","1921",478.63,30.61,NA,NA,NA
"kwt","Kuwait","1922",477.45,30.68,NA,NA,NA
"kwt","Kuwait","1923",476.28,30.74,NA,NA,NA
"kwt","Kuwait","1924",475.1,30.81,NA,NA,NA
"kwt","Kuwait","1925",473.93,30.87,NA,NA,NA
"kwt","Kuwait","1926",472.76,30.94,NA,NA,NA
"kwt","Kuwait","1927",471.58,31,NA,NA,NA
"kwt","Kuwait","1928",470.41,31.07,NA,NA,NA
"kwt","Kuwait","1929",469.23,31.13,NA,NA,NA
"kwt","Kuwait","1930",468.06,31.2,NA,NA,NA
"kwt","Kuwait","1931",466.89,31.26,NA,NA,NA
"kwt","Kuwait","1932",465.71,31.33,NA,NA,NA
"kwt","Kuwait","1933",464.54,31.39,NA,NA,NA
"kwt","Kuwait","1934",463.36,31.46,NA,NA,NA
"kwt","Kuwait","1935",462.19,31.52,NA,NA,NA
"kwt","Kuwait","1936",461.01,31.59,NA,NA,NA
"kwt","Kuwait","1937",459.84,31.65,NA,NA,NA
"kwt","Kuwait","1938",458.67,31.72,NA,NA,NA
"kwt","Kuwait","1939",457.49,31.78,NA,NA,NA
"kwt","Kuwait","1940",426.08,34.66,NA,NA,NA
"kwt","Kuwait","1941",396.42,37.68,NA,NA,NA
"kwt","Kuwait","1942",368.33,40.7,NA,NA,NA
"kwt","Kuwait","1943",341.71,43.75,NA,NA,NA
"kwt","Kuwait","1944",316.39,46.8,NA,NA,NA
"kwt","Kuwait","1945",292.24,49.87,NA,NA,NA
"kwt","Kuwait","1946",269.19,52.93,NA,NA,NA
"kwt","Kuwait","1947",247.2,56.03,NA,NA,NA
"kwt","Kuwait","1948",226.16,59.13,NA,NA,NA
"kwt","Kuwait","1949",206.03,62.24,NA,NA,NA
"kwt","Kuwait","1950",200.27,65.35,NA,NA,NA
"kwt","Kuwait","1951",194.68,65.38,NA,NA,NA
"kwt","Kuwait","1952",189.24,65.52,NA,NA,NA
"kwt","Kuwait","1953",183.96,65.71,NA,NA,NA
"kwt","Kuwait","1954",178.82,65.93,NA,NA,NA
"kwt","Kuwait","1955",173.82,66.12,NA,NA,NA
"kwt","Kuwait","1956",168.97,65.56,NA,NA,NA
"kwt","Kuwait","1957",164.25,67.27,NA,NA,NA
"kwt","Kuwait","1958",159.66,68.07,NA,NA,NA
"kwt","Kuwait","1959",155.2,68.99,NA,NA,NA
"kwt","Kuwait","1960",144.7,69.24,NA,NA,NA
"kwt","Kuwait","1961",134.6,69.66,NA,NA,NA
"kwt","Kuwait","1962",125.3,71.31,NA,NA,NA
"kwt","Kuwait","1963",116.4,69.63,NA,NA,NA
"kwt","Kuwait","1964",108,68.97,NA,NA,NA
"kwt","Kuwait","1965",100.1,69.66,NA,NA,NA
"kwt","Kuwait","1966",92.57,70.03,NA,NA,NA
"kwt","Kuwait","1967",85.81,69.76,NA,NA,NA
"kwt","Kuwait","1968",79.83,69.46,NA,NA,NA
"kwt","Kuwait","1969",74.54,70.32,NA,NA,NA
"kwt","Kuwait","1970",69.98,70.55,NA,NA,NA
"kwt","Kuwait","1971",65.74,70.98,NA,NA,NA
"kwt","Kuwait","1972",61.79,70.96,NA,NA,NA
"kwt","Kuwait","1973",58.07,70.38,NA,NA,NA
"kwt","Kuwait","1974",54.53,70.6,NA,NA,NA
"kwt","Kuwait","1975",51.17,70.55,NA,NA,NA
"kwt","Kuwait","1976",47.93,70.64,NA,NA,NA
"kwt","Kuwait","1977",44.84,70.02,NA,NA,NA
"kwt","Kuwait","1978",41.85,71,NA,NA,NA
"kwt","Kuwait","1979",38.94,71.58,NA,NA,NA
"kwt","Kuwait","1980",36.01,72.53,NA,NA,NA
"kwt","Kuwait","1981",32.99,73.21,NA,NA,NA
"kwt","Kuwait","1982",30.02,73.5,NA,NA,NA
"kwt","Kuwait","1983",27.31,74.27,NA,NA,NA
"kwt","Kuwait","1984",24.96,75.11,NA,NA,NA
"kwt","Kuwait","1985",23.01,75.22,NA,NA,NA
"kwt","Kuwait","1986",21.48,76.07,NA,NA,NA
"kwt","Kuwait","1987",20.16,75.84,NA,NA,NA
"kwt","Kuwait","1988",18.84,75.42,NA,NA,NA
"kwt","Kuwait","1989",17.46,75.28,NA,NA,NA
"kwt","Kuwait","1990",16.21,74.92,NA,NA,NA
"kwt","Kuwait","1991",15.28,72.24,NA,NA,NA
"kwt","Kuwait","1992",14.65,79.5,NA,NA,NA
"kwt","Kuwait","1993",14.28,79.54,NA,NA,NA
"kwt","Kuwait","1994",14.09,78.71,NA,NA,NA
"kwt","Kuwait","1995",13.96,78.33,NA,NA,NA
"kwt","Kuwait","1996",13.75,78.82,NA,NA,NA
"kwt","Kuwait","1997",13.45,77.83,NA,NA,NA
"kwt","Kuwait","1998",13.1,78.55,NA,NA,NA
"kwt","Kuwait","1999",12.74,77.83,NA,NA,NA
"kwt","Kuwait","2000",12.41,78.07,NA,NA,NA
"kwt","Kuwait","2001",12.16,79.21,NA,NA,NA
"kwt","Kuwait","2002",11.96,78.56,NA,NA,NA
"kwt","Kuwait","2003",11.78,78.87,NA,NA,NA
"kwt","Kuwait","2004",11.58,78.79,NA,NA,NA
"kwt","Kuwait","2005",11.4,78.71,NA,NA,NA
"kwt","Kuwait","2006",11.24,78.75,NA,NA,NA
"kwt","Kuwait","2007",11.09,78.98,NA,NA,NA
"kwt","Kuwait","2008",10.91,78.11,NA,NA,NA
"kwt","Kuwait","2009",10.67,78.66,NA,NA,NA
"kwt","Kuwait","2010",10.36,80.09,NA,NA,NA
"kwt","Kuwait","2011",9.97,80.93,NA,NA,NA
"kwt","Kuwait","2012",9.56,80.97,NA,NA,NA
"kwt","Kuwait","2013",9.2,81.34,NA,NA,NA
"kwt","Kuwait","2014",8.93,81.56,NA,NA,NA
"kwt","Kuwait","2015",8.76,81.51,NA,NA,NA
"kwt","Kuwait","2016",8.67,81.61,NA,NA,NA
"kwt","Kuwait","2017",8.66,81.59,NA,NA,NA
"kwt","Kuwait","2018",8.71,81.6,NA,NA,NA
"kwt","Kuwait","2019",8.79,81.47,NA,NA,NA
"kwt","Kuwait","2020",8.85,78.64,NA,NA,NA
"kwt","Kuwait","2021",8.89,80.44,NA,NA,NA
"kwt","Kuwait","2022",7.82,82.06,NA,NA,NA
"kwt","Kuwait","2023",7.52,82.25,NA,NA,NA
"kwt","Kuwait","2024",7.24,82.43,NA,NA,NA
"kwt","Kuwait","2025",6.97,82.62,NA,NA,NA
"lao","Lao","1915",406.46,31.41,NA,NA,NA
"lao","Lao","1916",405.47,31.41,NA,NA,NA
"lao","Lao","1917",404.49,31.4,NA,NA,NA
"lao","Lao","1918",403.51,20.11,NA,NA,NA
"lao","Lao","1919",402.52,31.38,NA,NA,NA
"lao","Lao","1920",401.54,31.38,NA,NA,NA
"lao","Lao","1921",400.56,31.37,NA,NA,NA
"lao","Lao","1922",399.58,31.36,NA,NA,NA
"lao","Lao","1923",398.59,31.35,NA,NA,NA
"lao","Lao","1924",397.61,31.35,NA,NA,NA
"lao","Lao","1925",396.63,31.34,NA,NA,NA
"lao","Lao","1926",395.65,31.33,NA,NA,NA
"lao","Lao","1927",394.66,31.32,NA,NA,NA
"lao","Lao","1928",393.68,31.32,NA,NA,NA
"lao","Lao","1929",392.7,31.31,NA,NA,NA
"lao","Lao","1930",391.72,31.3,NA,NA,NA
"lao","Lao","1931",390.73,31.29,NA,NA,NA
"lao","Lao","1932",389.75,31.29,NA,NA,NA
"lao","Lao","1933",388.77,31.28,NA,NA,NA
"lao","Lao","1934",387.79,31.27,NA,NA,NA
"lao","Lao","1935",386.8,31.26,NA,NA,NA
"lao","Lao","1936",385.82,31.26,NA,NA,NA
"lao","Lao","1937",384.84,31.25,NA,NA,NA
"lao","Lao","1938",383.86,31.24,NA,NA,NA
"lao","Lao","1939",382.87,31.23,NA,NA,NA
"lao","Lao","1940",381.89,30.84,NA,NA,NA
"lao","Lao","1941",371.61,30.49,NA,NA,NA
"lao","Lao","1942",360.38,30.13,NA,NA,NA
"lao","Lao","1943",350.51,29.29,NA,NA,NA
"lao","Lao","1944",339.74,28.25,NA,NA,NA
"lao","Lao","1945",330.26,26.13,NA,NA,NA
"lao","Lao","1946",319.91,32.92,NA,NA,NA
"lao","Lao","1947",310.83,34.82,NA,NA,NA
"lao","Lao","1948",301.9,37.2,NA,NA,NA
"lao","Lao","1949",292.15,38.1,NA,NA,NA
"lao","Lao","1950",283.56,38.87,NA,NA,NA
"lao","Lao","1951",280.17,38.96,NA,NA,NA
"lao","Lao","1952",276.83,39.15,NA,NA,NA
"lao","Lao","1953",273.53,39.33,NA,NA,NA
"lao","Lao","1954",270.26,39.86,NA,NA,NA
"lao","Lao","1955",267.03,40.04,NA,NA,NA
"lao","Lao","1956",263.85,40.23,NA,NA,NA
"lao","Lao","1957",260.7,40.42,NA,NA,NA
"lao","Lao","1958",257.58,40.6,NA,NA,NA
"lao","Lao","1959",255.69,39.97,NA,NA,NA
"lao","Lao","1960",253.77,40.22,NA,NA,NA
"lao","Lao","1961",252.28,40.49,NA,NA,NA
"lao","Lao","1962",250.69,41.51,NA,NA,NA
"lao","Lao","1963",248.89,40.39,NA,NA,NA
"lao","Lao","1964",247.2,40.64,NA,NA,NA
"lao","Lao","1965",245.36,40.9,NA,NA,NA
"lao","Lao","1966",244.17,41,NA,NA,NA
"lao","Lao","1967",241.45,41.44,NA,NA,NA
"lao","Lao","1968",239.37,41.74,NA,NA,NA
"lao","Lao","1969",237.24,42.07,NA,NA,NA
"lao","Lao","1970",235.02,42.39,NA,NA,NA
"lao","Lao","1971",232.65,42.73,NA,NA,NA
"lao","Lao","1972",230.2,43.1,NA,NA,NA
"lao","Lao","1973",228.1,43.51,NA,NA,NA
"lao","Lao","1974",225.81,45.1,NA,NA,NA
"lao","Lao","1975",223.47,45.52,NA,NA,NA
"lao","Lao","1976",222.67,45.99,NA,NA,NA
"lao","Lao","1977",220.36,46.28,NA,NA,NA
"lao","Lao","1978",218.09,46.59,NA,NA,NA
"lao","Lao","1979",211.92,46.93,NA,NA,NA
"lao","Lao","1980",206.19,47.34,NA,NA,NA
"lao","Lao","1981",200.47,47.86,NA,NA,NA
"lao","Lao","1982",195.13,48.4,NA,NA,NA
"lao","Lao","1983",189.78,49.06,NA,NA,NA
"lao","Lao","1984",184.53,49.78,NA,NA,NA
"lao","Lao","1985",179.43,50.4,NA,NA,NA
"lao","Lao","1986",174.4,50.91,NA,NA,NA
"lao","Lao","1987",169.36,51.37,NA,NA,NA
"lao","Lao","1988",164.3,51.84,NA,NA,NA
"lao","Lao","1989",159.11,52.4,NA,NA,NA
"lao","Lao","1990",153.9,52.89,NA,NA,NA
"lao","Lao","1991",148.75,53.55,NA,NA,NA
"lao","Lao","1992",143.66,54.01,NA,NA,NA
"lao","Lao","1993",138.55,54.5,NA,NA,NA
"lao","Lao","1994",133.66,54.93,NA,NA,NA
"lao","Lao","1995",128.96,55.59,NA,NA,NA
"lao","Lao","1996",124.36,56.11,NA,NA,NA
"lao","Lao","1997",119.88,56.71,NA,NA,NA
"lao","Lao","1998",115.58,57.25,NA,NA,NA
"lao","Lao","1999",111.37,57.84,NA,NA,NA
"lao","Lao","2000",107.2,58.39,NA,NA,NA
"lao","Lao","2001",103.05,59,NA,NA,NA
"lao","Lao","2002",98.9,59.74,NA,NA,NA
"lao","Lao","2003",94.81,60.4,NA,NA,NA
"lao","Lao","2004",90.78,61.07,NA,NA,NA
"lao","Lao","2005",86.84,61.68,NA,NA,NA
"lao","Lao","2006",82.94,62.26,NA,NA,NA
"lao","Lao","2007",79.08,62.94,NA,NA,NA
"lao","Lao","2008",75.36,63.58,NA,NA,NA
"lao","Lao","2009",71.72,64.24,NA,NA,NA
"lao","Lao","2010",68.27,64.92,NA,NA,NA
"lao","Lao","2011",65.06,65.58,NA,NA,NA
"lao","Lao","2012",61.93,66.18,NA,NA,NA
"lao","Lao","2013",59.01,66.65,NA,NA,NA
"lao","Lao","2014",56.3,67.22,NA,NA,NA
"lao","Lao","2015",53.81,67.64,NA,NA,NA
"lao","Lao","2016",51.5,68.03,NA,NA,NA
"lao","Lao","2017",49.43,68.37,NA,NA,NA
"lao","Lao","2018",47.53,68.64,NA,NA,NA
"lao","Lao","2019",45.74,68.97,NA,NA,NA
"lao","Lao","2020",44.04,69.33,NA,NA,NA
"lao","Lao","2021",42.53,68.89,NA,NA,NA
"lao","Lao","2022",38.71,69.84,NA,NA,NA
"lao","Lao","2023",36.97,70.12,NA,NA,NA
"lao","Lao","2024",35.3,70.39,NA,NA,NA
"lao","Lao","2025",33.71,70.65,NA,NA,NA
"lbn","Lebanon","1915",434.74,29.51,NA,NA,NA
"lbn","Lebanon","1916",433.69,29.51,NA,NA,NA
"lbn","Lebanon","1917",432.64,29.5,NA,NA,NA
"lbn","Lebanon","1918",431.59,24.45,NA,NA,NA
"lbn","Lebanon","1919",430.54,29.5,NA,NA,NA
"lbn","Lebanon","1920",429.48,29.49,NA,NA,NA
"lbn","Lebanon","1921",428.43,29.49,NA,NA,NA
"lbn","Lebanon","1922",427.38,29.49,NA,NA,NA
"lbn","Lebanon","1923",426.33,29.48,NA,NA,NA
"lbn","Lebanon","1924",425.28,29.48,NA,NA,NA
"lbn","Lebanon","1925",424.23,29.48,NA,NA,NA
"lbn","Lebanon","1926",423.18,29.48,NA,NA,NA
"lbn","Lebanon","1927",422.13,29.47,NA,NA,NA
"lbn","Lebanon","1928",421.08,29.47,NA,NA,NA
"lbn","Lebanon","1929",420.03,29.47,NA,NA,NA
"lbn","Lebanon","1930",418.98,29.46,NA,NA,NA
"lbn","Lebanon","1931",411.33,29.46,NA,NA,NA
"lbn","Lebanon","1932",403.73,29.46,NA,NA,NA
"lbn","Lebanon","1933",396.15,29.45,NA,NA,NA
"lbn","Lebanon","1934",388.61,29.45,NA,NA,NA
"lbn","Lebanon","1935",381.11,29.45,NA,NA,NA
"lbn","Lebanon","1936",373.63,29.45,NA,NA,NA
"lbn","Lebanon","1937",366.19,29.44,NA,NA,NA
"lbn","Lebanon","1938",358.79,29.44,NA,NA,NA
"lbn","Lebanon","1939",351.41,29.44,NA,NA,NA
"lbn","Lebanon","1940",344.07,29.43,NA,NA,NA
"lbn","Lebanon","1941",307.16,32.37,NA,NA,NA
"lbn","Lebanon","1942",273.37,35.31,NA,NA,NA
"lbn","Lebanon","1943",242.37,38.25,NA,NA,NA
"lbn","Lebanon","1944",213.86,41.19,NA,NA,NA
"lbn","Lebanon","1945",188.34,44.13,NA,NA,NA
"lbn","Lebanon","1946",164.17,47.07,NA,NA,NA
"lbn","Lebanon","1947",146.68,50,NA,NA,NA
"lbn","Lebanon","1948",131,52.94,NA,NA,NA
"lbn","Lebanon","1949",116.93,55.87,NA,NA,NA
"lbn","Lebanon","1950",104.33,58.82,NA,NA,NA
"lbn","Lebanon","1951",102.45,59.95,NA,NA,NA
"lbn","Lebanon","1952",98.77,60.65,NA,NA,NA
"lbn","Lebanon","1953",95.24,61.38,NA,NA,NA
"lbn","Lebanon","1954",91.88,62.09,NA,NA,NA
"lbn","Lebanon","1955",92.99,62.08,NA,NA,NA
"lbn","Lebanon","1956",86.02,63.07,NA,NA,NA
"lbn","Lebanon","1957",83.52,63.76,NA,NA,NA
"lbn","Lebanon","1958",81.07,62.06,NA,NA,NA
"lbn","Lebanon","1959",78.49,64.49,NA,NA,NA
"lbn","Lebanon","1960",76.11,64.87,NA,NA,NA
"lbn","Lebanon","1961",73.95,65.24,NA,NA,NA
"lbn","Lebanon","1962",71.97,65.59,NA,NA,NA
"lbn","Lebanon","1963",70.23,65.89,NA,NA,NA
"lbn","Lebanon","1964",68.57,66.21,NA,NA,NA
"lbn","Lebanon","1965",67.16,66.56,NA,NA,NA
"lbn","Lebanon","1966",65.87,66.86,NA,NA,NA
"lbn","Lebanon","1967",64.69,67.06,NA,NA,NA
"lbn","Lebanon","1968",63.69,67.3,NA,NA,NA
"lbn","Lebanon","1969",62.8,67.46,NA,NA,NA
"lbn","Lebanon","1970",61.92,67.59,NA,NA,NA
"lbn","Lebanon","1971",61.14,67.78,NA,NA,NA
"lbn","Lebanon","1972",60.26,68.02,NA,NA,NA
"lbn","Lebanon","1973",59.3,68.16,NA,NA,NA
"lbn","Lebanon","1974",58.33,68.58,NA,NA,NA
"lbn","Lebanon","1975",57.31,62.04,NA,NA,NA
"lbn","Lebanon","1976",56.15,38.33,NA,NA,NA
"lbn","Lebanon","1977",54.83,69.23,NA,NA,NA
"lbn","Lebanon","1978",53.42,69.23,NA,NA,NA
"lbn","Lebanon","1979",51.89,69.39,NA,NA,NA
"lbn","Lebanon","1980",50.27,69.41,NA,NA,NA
"lbn","Lebanon","1981",48.58,69.36,NA,NA,NA
"lbn","Lebanon","1982",46.83,48.57,NA,NA,NA
"lbn","Lebanon","1983",44.98,64.21,NA,NA,NA
"lbn","Lebanon","1984",43.08,65.09,NA,NA,NA
"lbn","Lebanon","1985",41.17,65.13,NA,NA,NA
"lbn","Lebanon","1986",39.29,65.86,NA,NA,NA
"lbn","Lebanon","1987",37.43,70.88,NA,NA,NA
"lbn","Lebanon","1988",35.68,71.08,NA,NA,NA
"lbn","Lebanon","1989",34.01,70.35,NA,NA,NA
"lbn","Lebanon","1990",32.44,69.92,NA,NA,NA
"lbn","Lebanon","1991",30.92,71.71,NA,NA,NA
"lbn","Lebanon","1992",29.49,71.96,NA,NA,NA
"lbn","Lebanon","1993",28.16,72.29,NA,NA,NA
"lbn","Lebanon","1994",26.88,72.7,NA,NA,NA
"lbn","Lebanon","1995",25.66,73.15,NA,NA,NA
"lbn","Lebanon","1996",24.47,73.45,NA,NA,NA
"lbn","Lebanon","1997",23.31,73.87,NA,NA,NA
"lbn","Lebanon","1998",22.18,74.22,NA,NA,NA
"lbn","Lebanon","1999",21.04,74.56,NA,NA,NA
"lbn","Lebanon","2000",19.89,74.82,NA,NA,NA
"lbn","Lebanon","2001",18.7,75.08,NA,NA,NA
"lbn","Lebanon","2002",17.54,75.25,NA,NA,NA
"lbn","Lebanon","2003",16.37,75.34,NA,NA,NA
"lbn","Lebanon","2004",15.18,75.43,NA,NA,NA
"lbn","Lebanon","2005",14.05,75.44,NA,NA,NA
"lbn","Lebanon","2006",13.02,75.06,NA,NA,NA
"lbn","Lebanon","2007",12.11,75.46,NA,NA,NA
"lbn","Lebanon","2008",11.36,75.42,NA,NA,NA
"lbn","Lebanon","2009",10.72,75.55,NA,NA,NA
"lbn","Lebanon","2010",10.19,75.62,NA,NA,NA
"lbn","Lebanon","2011",9.74,75.67,NA,NA,NA
"lbn","Lebanon","2012",9.31,75.74,NA,NA,NA
"lbn","Lebanon","2013",8.95,75.79,NA,NA,NA
"lbn","Lebanon","2014",8.61,75.81,NA,NA,NA
"lbn","Lebanon","2015",8.28,75.93,NA,NA,NA
"lbn","Lebanon","2016",7.99,76.08,NA,NA,NA
"lbn","Lebanon","2017",7.7,76.22,NA,NA,NA
"lbn","Lebanon","2018",7.45,76.18,NA,NA,NA
"lbn","Lebanon","2019",7.22,76.64,NA,NA,NA
"lbn","Lebanon","2020",6.98,75.26,NA,NA,NA
"lbn","Lebanon","2021",6.76,72.59,NA,NA,NA
"lbn","Lebanon","2022",7.2,71.98,NA,NA,NA
"lbn","Lebanon","2023",7.6,73.58,NA,NA,NA
"lbn","Lebanon","2024",6.42,77.31,NA,NA,NA
"lbn","Lebanon","2025",6.28,77.43,NA,NA,NA
"lbr","Liberia","1915",416.57,34.2,NA,NA,NA
"lbr","Liberia","1916",415.56,34.25,NA,NA,NA
"lbr","Liberia","1917",414.56,34.29,NA,NA,NA
"lbr","Liberia","1918",413.55,13.28,NA,NA,NA
"lbr","Liberia","1919",412.54,34.39,NA,NA,NA
"lbr","Liberia","1920",411.53,34.44,NA,NA,NA
"lbr","Liberia","1921",410.53,34.48,NA,NA,NA
"lbr","Liberia","1922",409.52,34.53,NA,NA,NA
"lbr","Liberia","1923",408.51,34.58,NA,NA,NA
"lbr","Liberia","1924",407.51,34.63,NA,NA,NA
"lbr","Liberia","1925",406.5,34.68,NA,NA,NA
"lbr","Liberia","1926",405.49,34.72,NA,NA,NA
"lbr","Liberia","1927",404.49,34.77,NA,NA,NA
"lbr","Liberia","1928",403.48,34.82,NA,NA,NA
"lbr","Liberia","1929",402.47,34.87,NA,NA,NA
"lbr","Liberia","1930",401.46,34.91,NA,NA,NA
"lbr","Liberia","1931",396.88,34.96,NA,NA,NA
"lbr","Liberia","1932",392.3,35.01,NA,NA,NA
"lbr","Liberia","1933",387.74,35.06,NA,NA,NA
"lbr","Liberia","1934",383.22,35.1,NA,NA,NA
"lbr","Liberia","1935",378.69,35.15,NA,NA,NA
"lbr","Liberia","1936",374.19,35.2,NA,NA,NA
"lbr","Liberia","1937",369.71,35.25,NA,NA,NA
"lbr","Liberia","1938",365.25,35.29,NA,NA,NA
"lbr","Liberia","1939",360.8,35.34,NA,NA,NA
"lbr","Liberia","1940",356.37,35.39,NA,NA,NA
"lbr","Liberia","1941",351.97,35.47,NA,NA,NA
"lbr","Liberia","1942",347.57,35.55,NA,NA,NA
"lbr","Liberia","1943",343.2,35.64,NA,NA,NA
"lbr","Liberia","1944",338.85,35.71,NA,NA,NA
"lbr","Liberia","1945",334.51,35.79,NA,NA,NA
"lbr","Liberia","1946",327.18,36.24,NA,NA,NA
"lbr","Liberia","1947",319.45,36.69,NA,NA,NA
"lbr","Liberia","1948",311.87,37.13,NA,NA,NA
"lbr","Liberia","1949",304.43,37.58,NA,NA,NA
"lbr","Liberia","1950",297.14,38.02,NA,NA,NA
"lbr","Liberia","1951",296.31,38.26,NA,NA,NA
"lbr","Liberia","1952",295,38.53,NA,NA,NA
"lbr","Liberia","1953",306.74,38.86,NA,NA,NA
"lbr","Liberia","1954",305.55,39.18,NA,NA,NA
"lbr","Liberia","1955",280,39.47,NA,NA,NA
"lbr","Liberia","1956",308,39.77,NA,NA,NA
"lbr","Liberia","1957",309.29,40.02,NA,NA,NA
"lbr","Liberia","1958",278,40.27,NA,NA,NA
"lbr","Liberia","1959",311.97,40.56,NA,NA,NA
"lbr","Liberia","1960",312.89,40.83,NA,NA,NA
"lbr","Liberia","1961",263,41.01,NA,NA,NA
"lbr","Liberia","1962",312.43,41.33,NA,NA,NA
"lbr","Liberia","1963",311.45,41.91,NA,NA,NA
"lbr","Liberia","1964",269,42.33,NA,NA,NA
"lbr","Liberia","1965",307.16,42.66,NA,NA,NA
"lbr","Liberia","1966",277,43.1,NA,NA,NA
"lbr","Liberia","1967",300.59,43.47,NA,NA,NA
"lbr","Liberia","1968",296.19,43.97,NA,NA,NA
"lbr","Liberia","1969",291.35,44.74,NA,NA,NA
"lbr","Liberia","1970",286.34,45.29,NA,NA,NA
"lbr","Liberia","1971",281.28,45.81,NA,NA,NA
"lbr","Liberia","1972",276.83,46.4,NA,NA,NA
"lbr","Liberia","1973",272.3,46.92,NA,NA,NA
"lbr","Liberia","1974",267.58,47.5,NA,NA,NA
"lbr","Liberia","1975",263.02,48.11,NA,NA,NA
"lbr","Liberia","1976",258.51,48.68,NA,NA,NA
"lbr","Liberia","1977",254.49,49.19,NA,NA,NA
"lbr","Liberia","1978",250.85,49.65,NA,NA,NA
"lbr","Liberia","1979",247.27,50.15,NA,NA,NA
"lbr","Liberia","1980",244.06,50.26,NA,NA,NA
"lbr","Liberia","1981",241.19,50.98,NA,NA,NA
"lbr","Liberia","1982",238.83,51.32,NA,NA,NA
"lbr","Liberia","1983",237.49,51.68,NA,NA,NA
"lbr","Liberia","1984",237.66,51.96,NA,NA,NA
"lbr","Liberia","1985",239.48,52.2,NA,NA,NA
"lbr","Liberia","1986",243.24,52.39,NA,NA,NA
"lbr","Liberia","1987",248.31,52.53,NA,NA,NA
"lbr","Liberia","1988",254.21,52.75,NA,NA,NA
"lbr","Liberia","1989",259.91,52.78,NA,NA,NA
"lbr","Liberia","1990",264.39,49.14,NA,NA,NA
"lbr","Liberia","1991",266.55,52.18,NA,NA,NA
"lbr","Liberia","1992",265.64,52.3,NA,NA,NA
"lbr","Liberia","1993",261.97,50.15,NA,NA,NA
"lbr","Liberia","1994",255.77,48.58,NA,NA,NA
"lbr","Liberia","1995",247.45,50.28,NA,NA,NA
"lbr","Liberia","1996",237.62,49.57,NA,NA,NA
"lbr","Liberia","1997",226.62,52.42,NA,NA,NA
"lbr","Liberia","1998",214.75,52.97,NA,NA,NA
"lbr","Liberia","1999",202.42,53.77,NA,NA,NA
"lbr","Liberia","2000",189.67,54.84,NA,NA,NA
"lbr","Liberia","2001",176.6,55.72,NA,NA,NA
"lbr","Liberia","2002",163.66,55.43,NA,NA,NA
"lbr","Liberia","2003",151.29,55.49,NA,NA,NA
"lbr","Liberia","2004",139.79,58.45,NA,NA,NA
"lbr","Liberia","2005",129.59,59.22,NA,NA,NA
"lbr","Liberia","2006",121.01,59.96,NA,NA,NA
"lbr","Liberia","2007",113.95,60.61,NA,NA,NA
"lbr","Liberia","2008",108.24,61.08,NA,NA,NA
"lbr","Liberia","2009",103.55,61.5,NA,NA,NA
"lbr","Liberia","2010",99.82,61.94,NA,NA,NA
"lbr","Liberia","2011",96.75,62.42,NA,NA,NA
"lbr","Liberia","2012",94.2,62.9,NA,NA,NA
"lbr","Liberia","2013",91.95,63.37,NA,NA,NA
"lbr","Liberia","2014",92.14,59.86,NA,NA,NA
"lbr","Liberia","2015",88.25,62.53,NA,NA,NA
"lbr","Liberia","2016",86.12,64.51,NA,NA,NA
"lbr","Liberia","2017",84.32,65.1,NA,NA,NA
"lbr","Liberia","2018",82.46,65.65,NA,NA,NA
"lbr","Liberia","2019",80.37,66.11,NA,NA,NA
"lbr","Liberia","2020",78.11,65.94,NA,NA,NA
"lbr","Liberia","2021",75.54,65.72,NA,NA,NA
"lbr","Liberia","2022",74.86,66.11,NA,NA,NA
"lbr","Liberia","2023",73.85,67.12,NA,NA,NA
"lbr","Liberia","2024",72.37,67.36,NA,NA,NA
"lbr","Liberia","2025",70.95,67.61,NA,NA,NA
"lby","Libya","1915",392.82,38.19,NA,NA,NA
"lby","Libya","1916",391.87,38.27,NA,NA,NA
"lby","Libya","1917",390.92,38.35,NA,NA,NA
"lby","Libya","1918",389.97,29.4,NA,NA,NA
"lby","Libya","1919",389.02,38.5,NA,NA,NA
"lby","Libya","1920",388.07,38.58,NA,NA,NA
"lby","Libya","1921",387.12,38.66,NA,NA,NA
"lby","Libya","1922",386.17,38.74,NA,NA,NA
"lby","Libya","1923",385.22,38.82,NA,NA,NA
"lby","Libya","1924",384.27,38.89,NA,NA,NA
"lby","Libya","1925",383.32,38.97,NA,NA,NA
"lby","Libya","1926",382.37,39.05,NA,NA,NA
"lby","Libya","1927",381.42,39.13,NA,NA,NA
"lby","Libya","1928",380.47,39.21,NA,NA,NA
"lby","Libya","1929",379.52,39.28,NA,NA,NA
"lby","Libya","1930",378.57,39.36,NA,NA,NA
"lby","Libya","1931",377.92,39.44,NA,NA,NA
"lby","Libya","1932",377.27,39.52,NA,NA,NA
"lby","Libya","1933",376.63,39.6,NA,NA,NA
"lby","Libya","1934",375.97,39.68,NA,NA,NA
"lby","Libya","1935",375.32,39.75,NA,NA,NA
"lby","Libya","1936",374.66,39.83,NA,NA,NA
"lby","Libya","1937",374,39.91,NA,NA,NA
"lby","Libya","1938",373.34,39.99,NA,NA,NA
"lby","Libya","1939",372.68,40.07,NA,NA,NA
"lby","Libya","1940",372.01,39.78,NA,NA,NA
"lby","Libya","1941",372.16,37.79,NA,NA,NA
"lby","Libya","1942",372.31,36.89,NA,NA,NA
"lby","Libya","1943",372.46,36.96,NA,NA,NA
"lby","Libya","1944",372.61,37.4,NA,NA,NA
"lby","Libya","1945",372.76,40.4,NA,NA,NA
"lby","Libya","1946",372.91,42.44,NA,NA,NA
"lby","Libya","1947",373.05,43.66,NA,NA,NA
"lby","Libya","1948",373.2,44.87,NA,NA,NA
"lby","Libya","1949",373.35,46.08,NA,NA,NA
"lby","Libya","1950",373.5,47.31,NA,NA,NA
"lby","Libya","1951",375.69,47.79,NA,NA,NA
"lby","Libya","1952",378.64,48.24,NA,NA,NA
"lby","Libya","1953",378.37,48.6,NA,NA,NA
"lby","Libya","1954",374.95,48.82,NA,NA,NA
"lby","Libya","1955",368.59,49.35,NA,NA,NA
"lby","Libya","1956",358.87,50.03,NA,NA,NA
"lby","Libya","1957",336.44,50.69,NA,NA,NA
"lby","Libya","1958",315.07,51.33,NA,NA,NA
"lby","Libya","1959",295.35,52.02,NA,NA,NA
"lby","Libya","1960",276.57,52.82,NA,NA,NA
"lby","Libya","1961",258.58,53.59,NA,NA,NA
"lby","Libya","1962",242.14,54.66,NA,NA,NA
"lby","Libya","1963",226.18,55.36,NA,NA,NA
"lby","Libya","1964",211.08,57.12,NA,NA,NA
"lby","Libya","1965",196.69,58.52,NA,NA,NA
"lby","Libya","1966",183.17,59.63,NA,NA,NA
"lby","Libya","1967",170.33,60.8,NA,NA,NA
"lby","Libya","1968",158.15,62.07,NA,NA,NA
"lby","Libya","1969",146.8,63.35,NA,NA,NA
"lby","Libya","1970",136.13,64.58,NA,NA,NA
"lby","Libya","1971",126.31,65.48,NA,NA,NA
"lby","Libya","1972",117.36,66.15,NA,NA,NA
"lby","Libya","1973",109.14,66.75,NA,NA,NA
"lby","Libya","1974",101.81,67.29,NA,NA,NA
"lby","Libya","1975",95.27,67.73,NA,NA,NA
"lby","Libya","1976",89.33,67.97,NA,NA,NA
"lby","Libya","1977",84.01,67.84,NA,NA,NA
"lby","Libya","1978",79.22,69.01,NA,NA,NA
"lby","Libya","1979",74.95,69.42,NA,NA,NA
"lby","Libya","1980",70.96,69.81,NA,NA,NA
"lby","Libya","1981",67.39,70.02,NA,NA,NA
"lby","Libya","1982",64.03,70.39,NA,NA,NA
"lby","Libya","1983",60.81,70.75,NA,NA,NA
"lby","Libya","1984",57.81,71.03,NA,NA,NA
"lby","Libya","1985",54.86,71.35,NA,NA,NA
"lby","Libya","1986",52,71.67,NA,NA,NA
"lby","Libya","1987",49.28,69.35,NA,NA,NA
"lby","Libya","1988",46.72,72.05,NA,NA,NA
"lby","Libya","1989",44.25,72.22,NA,NA,NA
"lby","Libya","1990",41.87,72.61,NA,NA,NA
"lby","Libya","1991",39.69,73.02,NA,NA,NA
"lby","Libya","1992",37.75,73.4,NA,NA,NA
"lby","Libya","1993",36.02,73.9,NA,NA,NA
"lby","Libya","1994",34.47,74.25,NA,NA,NA
"lby","Libya","1995",33.14,74.62,NA,NA,NA
"lby","Libya","1996",31.92,73.45,NA,NA,NA
"lby","Libya","1997",30.82,74.97,NA,NA,NA
"lby","Libya","1998",29.84,74.85,NA,NA,NA
"lby","Libya","1999",28.95,74.87,NA,NA,NA
"lby","Libya","2000",28.1,74.91,NA,NA,NA
"lby","Libya","2001",27.27,75.03,NA,NA,NA
"lby","Libya","2002",26.45,75.04,NA,NA,NA
"lby","Libya","2003",25.52,75.53,NA,NA,NA
"lby","Libya","2004",24.41,76.37,NA,NA,NA
"lby","Libya","2005",23.13,76.75,NA,NA,NA
"lby","Libya","2006",21.68,76.87,NA,NA,NA
"lby","Libya","2007",20.17,76.05,NA,NA,NA
"lby","Libya","2008",18.76,75.92,NA,NA,NA
"lby","Libya","2009",17.58,75.74,NA,NA,NA
"lby","Libya","2010",16.59,76.2,NA,NA,NA
"lby","Libya","2011",19.43,73.15,NA,NA,NA
"lby","Libya","2012",15.01,76.48,NA,NA,NA
"lby","Libya","2013",14.38,76.66,NA,NA,NA
"lby","Libya","2014",13.79,74.33,NA,NA,NA
"lby","Libya","2015",13.27,74.6,NA,NA,NA
"lby","Libya","2016",12.79,74.27,NA,NA,NA
"lby","Libya","2017",12.32,75.58,NA,NA,NA
"lby","Libya","2018",11.9,75.65,NA,NA,NA
"lby","Libya","2019",11.51,75.93,NA,NA,NA
"lby","Libya","2020",10.85,75.94,NA,NA,NA
"lby","Libya","2021",9.84,75.35,NA,NA,NA
"lby","Libya","2022",9.79,75.6,NA,NA,NA
"lby","Libya","2023",9.93,76.75,NA,NA,NA
"lby","Libya","2024",9.61,76.96,NA,NA,NA
"lby","Libya","2025",9.31,77.15,NA,NA,NA
"lca","St. Lucia","1915",225.22,28.01,NA,NA,NA
"lca","St. Lucia","1916",223.83,28.01,NA,NA,NA
"lca","St. Lucia","1917",222.44,28.01,NA,NA,NA
"lca","St. Lucia","1918",221.07,18.16,NA,NA,NA
"lca","St. Lucia","1919",219.7,28.01,NA,NA,NA
"lca","St. Lucia","1920",218.34,28.01,NA,NA,NA
"lca","St. Lucia","1921",216.99,28.01,NA,NA,NA
"lca","St. Lucia","1922",215.65,28.84,NA,NA,NA
"lca","St. Lucia","1923",214.32,29.65,NA,NA,NA
"lca","St. Lucia","1924",212.99,30.48,NA,NA,NA
"lca","St. Lucia","1925",211.68,31.31,NA,NA,NA
"lca","St. Lucia","1926",210.37,32.14,NA,NA,NA
"lca","St. Lucia","1927",209.07,32.96,NA,NA,NA
"lca","St. Lucia","1928",207.78,33.79,NA,NA,NA
"lca","St. Lucia","1929",206.49,34.62,NA,NA,NA
"lca","St. Lucia","1930",205.22,35.45,NA,NA,NA
"lca","St. Lucia","1931",203.95,36.27,NA,NA,NA
"lca","St. Lucia","1932",202.69,37.1,NA,NA,NA
"lca","St. Lucia","1933",201.43,37.93,NA,NA,NA
"lca","St. Lucia","1934",200.19,38.76,NA,NA,NA
"lca","St. Lucia","1935",198.95,39.58,NA,NA,NA
"lca","St. Lucia","1936",197.72,40.41,NA,NA,NA
"lca","St. Lucia","1937",196.5,41.24,NA,NA,NA
"lca","St. Lucia","1938",195.28,42.07,NA,NA,NA
"lca","St. Lucia","1939",194.08,42.89,NA,NA,NA
"lca","St. Lucia","1940",192.88,43.72,NA,NA,NA
"lca","St. Lucia","1941",191.68,44.53,NA,NA,NA
"lca","St. Lucia","1942",190.5,45.34,NA,NA,NA
"lca","St. Lucia","1943",189.32,46.15,NA,NA,NA
"lca","St. Lucia","1944",188.15,46.96,NA,NA,NA
"lca","St. Lucia","1945",186.99,47.77,NA,NA,NA
"lca","St. Lucia","1946",185.83,48.58,NA,NA,NA
"lca","St. Lucia","1947",184.68,49.39,NA,NA,NA
"lca","St. Lucia","1948",183.54,50.19,NA,NA,NA
"lca","St. Lucia","1949",182.41,51.01,NA,NA,NA
"lca","St. Lucia","1950",181.28,51.82,NA,NA,NA
"lca","St. Lucia","1951",180.02,52.25,NA,NA,NA
"lca","St. Lucia","1952",177.98,53.17,NA,NA,NA
"lca","St. Lucia","1953",174.95,54.15,NA,NA,NA
"lca","St. Lucia","1954",170.19,55.11,NA,NA,NA
"lca","St. Lucia","1955",165.31,55.76,NA,NA,NA
"lca","St. Lucia","1956",159.56,56.27,NA,NA,NA
"lca","St. Lucia","1957",153,56.79,NA,NA,NA
"lca","St. Lucia","1958",145.71,57.5,NA,NA,NA
"lca","St. Lucia","1959",138.63,58.33,NA,NA,NA
"lca","St. Lucia","1960",131.73,59.2,NA,NA,NA
"lca","St. Lucia","1961",124.58,60.18,NA,NA,NA
"lca","St. Lucia","1962",117.82,61.15,NA,NA,NA
"lca","St. Lucia","1963",111.43,61.69,NA,NA,NA
"lca","St. Lucia","1964",105.38,62.69,NA,NA,NA
"lca","St. Lucia","1965",99.66,63.33,NA,NA,NA
"lca","St. Lucia","1966",96.95,63.93,NA,NA,NA
"lca","St. Lucia","1967",92.85,64.48,NA,NA,NA
"lca","St. Lucia","1968",87.51,65,NA,NA,NA
"lca","St. Lucia","1969",81.18,65.2,NA,NA,NA
"lca","St. Lucia","1970",74.1,65.43,NA,NA,NA
"lca","St. Lucia","1971",67.38,65.55,NA,NA,NA
"lca","St. Lucia","1972",61.34,65.69,NA,NA,NA
"lca","St. Lucia","1973",55.97,66.1,NA,NA,NA
"lca","St. Lucia","1974",51.19,66.52,NA,NA,NA
"lca","St. Lucia","1975",46.99,66.65,NA,NA,NA
"lca","St. Lucia","1976",43.32,66.88,NA,NA,NA
"lca","St. Lucia","1977",40.11,67.62,NA,NA,NA
"lca","St. Lucia","1978",37.3,68.35,NA,NA,NA
"lca","St. Lucia","1979",34.87,68.8,NA,NA,NA
"lca","St. Lucia","1980",32.75,68.73,NA,NA,NA
"lca","St. Lucia","1981",30.93,69.29,NA,NA,NA
"lca","St. Lucia","1982",29.35,69.55,NA,NA,NA
"lca","St. Lucia","1983",27.98,69.62,NA,NA,NA
"lca","St. Lucia","1984",26.77,69.93,NA,NA,NA
"lca","St. Lucia","1985",25.7,69.96,NA,NA,NA
"lca","St. Lucia","1986",24.74,70.07,NA,NA,NA
"lca","St. Lucia","1987",23.89,70.05,NA,NA,NA
"lca","St. Lucia","1988",23.12,70.16,NA,NA,NA
"lca","St. Lucia","1989",22.44,70.26,NA,NA,NA
"lca","St. Lucia","1990",21.82,70.22,NA,NA,NA
"lca","St. Lucia","1991",21.25,70.41,NA,NA,NA
"lca","St. Lucia","1992",20.74,70.46,NA,NA,NA
"lca","St. Lucia","1993",20.28,70.65,NA,NA,NA
"lca","St. Lucia","1994",19.88,70.98,NA,NA,NA
"lca","St. Lucia","1995",19.52,71.37,NA,NA,NA
"lca","St. Lucia","1996",19.19,71.82,NA,NA,NA
"lca","St. Lucia","1997",18.91,72.34,NA,NA,NA
"lca","St. Lucia","1998",18.68,72.75,NA,NA,NA
"lca","St. Lucia","1999",18.49,73.08,NA,NA,NA
"lca","St. Lucia","2000",18.36,73.36,NA,NA,NA
"lca","St. Lucia","2001",18.28,73.49,NA,NA,NA
"lca","St. Lucia","2002",18.24,73.6,NA,NA,NA
"lca","St. Lucia","2003",18.26,73.79,NA,NA,NA
"lca","St. Lucia","2004",18.33,73.97,NA,NA,NA
"lca","St. Lucia","2005",18.44,74.27,NA,NA,NA
"lca","St. Lucia","2006",18.6,74.64,NA,NA,NA
"lca","St. Lucia","2007",18.8,75.02,NA,NA,NA
"lca","St. Lucia","2008",19.03,75.29,NA,NA,NA
"lca","St. Lucia","2009",19.32,75.51,NA,NA,NA
"lca","St. Lucia","2010",19.65,75.62,NA,NA,NA
"lca","St. Lucia","2011",20.02,75.98,NA,NA,NA
"lca","St. Lucia","2012",20.43,75.99,NA,NA,NA
"lca","St. Lucia","2013",20.88,75.67,NA,NA,NA
"lca","St. Lucia","2014",21.35,75.61,NA,NA,NA
"lca","St. Lucia","2015",21.86,75.6,NA,NA,NA
"lca","St. Lucia","2016",22.4,75.1,NA,NA,NA
"lca","St. Lucia","2017",22.96,75.08,NA,NA,NA
"lca","St. Lucia","2018",23.5,75.08,NA,NA,NA
"lca","St. Lucia","2019",23.99,75.14,NA,NA,NA
"lca","St. Lucia","2020",24.17,75.11,NA,NA,NA
"lca","St. Lucia","2021",24.13,72.76,NA,NA,NA
"lca","St. Lucia","2022",24.36,72.94,NA,NA,NA
"lca","St. Lucia","2023",21.22,75.83,NA,NA,NA
"lca","St. Lucia","2024",20.64,75.99,NA,NA,NA
"lca","St. Lucia","2025",20.07,76.16,NA,NA,NA
"lie","Liechtenstein","1915",NA,NA,NA,NA,NA
"lie","Liechtenstein","1916",NA,NA,NA,NA,NA
"lie","Liechtenstein","1917",NA,NA,NA,NA,NA
"lie","Liechtenstein","1918",NA,NA,NA,NA,NA
"lie","Liechtenstein","1919",NA,NA,NA,NA,NA
"lie","Liechtenstein","1920",NA,NA,NA,NA,NA
"lie","Liechtenstein","1921",NA,NA,NA,NA,NA
"lie","Liechtenstein","1922",NA,NA,NA,NA,NA
"lie","Liechtenstein","1923",NA,NA,NA,NA,NA
"lie","Liechtenstein","1924",NA,NA,NA,NA,NA
"lie","Liechtenstein","1925",NA,NA,NA,NA,NA
"lie","Liechtenstein","1926",NA,NA,NA,NA,NA
"lie","Liechtenstein","1927",NA,NA,NA,NA,NA
"lie","Liechtenstein","1928",NA,NA,NA,NA,NA
"lie","Liechtenstein","1929",NA,NA,NA,NA,NA
"lie","Liechtenstein","1930",NA,NA,NA,NA,NA
"lie","Liechtenstein","1931",NA,NA,NA,NA,NA
"lie","Liechtenstein","1932",NA,NA,NA,NA,NA
"lie","Liechtenstein","1933",NA,NA,NA,NA,NA
"lie","Liechtenstein","1934",NA,NA,NA,NA,NA
"lie","Liechtenstein","1935",NA,NA,NA,NA,NA
"lie","Liechtenstein","1936",NA,NA,NA,NA,NA
"lie","Liechtenstein","1937",NA,NA,NA,NA,NA
"lie","Liechtenstein","1938",NA,NA,NA,NA,NA
"lie","Liechtenstein","1939",NA,NA,NA,NA,NA
"lie","Liechtenstein","1940",NA,NA,NA,NA,NA
"lie","Liechtenstein","1941",NA,NA,NA,NA,NA
"lie","Liechtenstein","1942",NA,NA,NA,NA,NA
"lie","Liechtenstein","1943",NA,NA,NA,NA,NA
"lie","Liechtenstein","1944",NA,NA,NA,NA,NA
"lie","Liechtenstein","1945",NA,NA,NA,NA,NA
"lie","Liechtenstein","1946",NA,NA,NA,NA,NA
"lie","Liechtenstein","1947",NA,NA,NA,NA,NA
"lie","Liechtenstein","1948",NA,NA,NA,NA,NA
"lie","Liechtenstein","1949",NA,NA,NA,NA,NA
"lie","Liechtenstein","1950",81.4,62.3,NA,NA,NA
"lie","Liechtenstein","1951",83.35,62.01,NA,NA,NA
"lie","Liechtenstein","1952",119.17,57.17,NA,NA,NA
"lie","Liechtenstein","1953",130.26,55.83,NA,NA,NA
"lie","Liechtenstein","1954",143.37,54.14,NA,NA,NA
"lie","Liechtenstein","1955",96.09,60.26,NA,NA,NA
"lie","Liechtenstein","1956",119.46,57.27,NA,NA,NA
"lie","Liechtenstein","1957",100.48,59.69,NA,NA,NA
"lie","Liechtenstein","1958",108.1,58.58,NA,NA,NA
"lie","Liechtenstein","1959",76.6,63.12,NA,NA,NA
"lie","Liechtenstein","1960",69.22,64.11,NA,NA,NA
"lie","Liechtenstein","1961",73.94,63.47,NA,NA,NA
"lie","Liechtenstein","1962",99.95,59.75,NA,NA,NA
"lie","Liechtenstein","1963",92.41,60.76,NA,NA,NA
"lie","Liechtenstein","1964",85.66,61.75,NA,NA,NA
"lie","Liechtenstein","1965",85.27,61.78,NA,NA,NA
"lie","Liechtenstein","1966",72.56,63.72,NA,NA,NA
"lie","Liechtenstein","1967",58.37,66.01,NA,NA,NA
"lie","Liechtenstein","1968",81.48,62.34,NA,NA,NA
"lie","Liechtenstein","1969",67.65,64.38,NA,NA,NA
"lie","Liechtenstein","1970",62.45,65.2,NA,NA,NA
"lie","Liechtenstein","1971",88.84,61.28,NA,NA,NA
"lie","Liechtenstein","1972",45.44,68.09,NA,NA,NA
"lie","Liechtenstein","1973",68.57,64.25,NA,NA,NA
"lie","Liechtenstein","1974",36.12,70.05,NA,NA,NA
"lie","Liechtenstein","1975",56.14,66.19,NA,NA,NA
"lie","Liechtenstein","1976",51.36,66.98,NA,NA,NA
"lie","Liechtenstein","1977",29.87,71.57,NA,NA,NA
"lie","Liechtenstein","1978",34.67,70.31,NA,NA,NA
"lie","Liechtenstein","1979",35.76,70,NA,NA,NA
"lie","Liechtenstein","1980",55.75,66.28,NA,NA,NA
"lie","Liechtenstein","1981",49.12,67.39,NA,NA,NA
"lie","Liechtenstein","1982",38.55,69.51,NA,NA,NA
"lie","Liechtenstein","1983",29.73,71.4,NA,NA,NA
"lie","Liechtenstein","1984",41.46,68.82,NA,NA,NA
"lie","Liechtenstein","1985",39.67,69.52,NA,NA,NA
"lie","Liechtenstein","1986",24.85,73.41,NA,NA,NA
"lie","Liechtenstein","1987",36.14,70.24,NA,NA,NA
"lie","Liechtenstein","1988",20.65,74.32,NA,NA,NA
"lie","Liechtenstein","1989",21.15,74.55,NA,NA,NA
"lie","Liechtenstein","1990",17.15,75.86,NA,NA,NA
"lie","Liechtenstein","1991",15.16,76.51,NA,NA,NA
"lie","Liechtenstein","1992",13.66,77.22,NA,NA,NA
"lie","Liechtenstein","1993",14.74,76.69,NA,NA,NA
"lie","Liechtenstein","1994",11.78,78.63,NA,NA,NA
"lie","Liechtenstein","1995",13.06,77.58,NA,NA,NA
"lie","Liechtenstein","1996",15.53,76.84,NA,NA,NA
"lie","Liechtenstein","1997",16.86,76.09,NA,NA,NA
"lie","Liechtenstein","1998",13.42,77.83,NA,NA,NA
"lie","Liechtenstein","1999",10.99,79.28,NA,NA,NA
"lie","Liechtenstein","2000",14.33,76.98,NA,NA,NA
"lie","Liechtenstein","2001",10.65,79.48,NA,NA,NA
"lie","Liechtenstein","2002",10.11,79.85,NA,NA,NA
"lie","Liechtenstein","2003",9.67,80.18,NA,NA,NA
"lie","Liechtenstein","2004",7.99,82,NA,NA,NA
"lie","Liechtenstein","2005",9.08,80.82,NA,NA,NA
"lie","Liechtenstein","2006",8.68,81.16,NA,NA,NA
"lie","Liechtenstein","2007",8.36,81.5,NA,NA,NA
"lie","Liechtenstein","2008",7.17,82.88,NA,NA,NA
"lie","Liechtenstein","2009",8.16,81.68,NA,NA,NA
"lie","Liechtenstein","2010",7.87,82,NA,NA,NA
"lie","Liechtenstein","2011",7.91,81.93,NA,NA,NA
"lie","Liechtenstein","2012",7.44,82.5,NA,NA,NA
"lie","Liechtenstein","2013",7.49,82.43,NA,NA,NA
"lie","Liechtenstein","2014",7.66,82.22,NA,NA,NA
"lie","Liechtenstein","2015",7.17,82.81,NA,NA,NA
"lie","Liechtenstein","2016",7.49,82.39,NA,NA,NA
"lie","Liechtenstein","2017",6.34,83.89,NA,NA,NA
"lie","Liechtenstein","2018",6.87,83.15,NA,NA,NA
"lie","Liechtenstein","2019",6.04,84.31,NA,NA,NA
"lie","Liechtenstein","2020",5.95,NA,NA,NA,NA
"lie","Liechtenstein","2021",6.15,NA,NA,NA,NA
"lie","Liechtenstein","2022",5.81,NA,NA,NA,NA
"lie","Liechtenstein","2023",5.72,NA,NA,NA,NA
"lie","Liechtenstein","2024",5.61,NA,NA,NA,NA
"lie","Liechtenstein","2025",5.52,NA,NA,NA,NA
"lka","Sri Lanka","1915",421.72,35.98,NA,NA,NA
"lka","Sri Lanka","1916",416.82,34.25,NA,NA,NA
"lka","Sri Lanka","1917",413.3,35.95,NA,NA,NA
"lka","Sri Lanka","1918",409.78,29.52,NA,NA,NA
"lka","Sri Lanka","1919",406.28,26.66,NA,NA,NA
"lka","Sri Lanka","1920",402.79,32.59,NA,NA,NA
"lka","Sri Lanka","1921",399.31,33.57,NA,NA,NA
"lka","Sri Lanka","1922",386.17,37.83,NA,NA,NA
"lka","Sri Lanka","1923",373.34,34.9,NA,NA,NA
"lka","Sri Lanka","1924",359.68,39.79,NA,NA,NA
"lka","Sri Lanka","1925",347.47,41.71,NA,NA,NA
"lka","Sri Lanka","1926",335.54,40.42,NA,NA,NA
"lka","Sri Lanka","1927",323.88,43.74,NA,NA,NA
"lka","Sri Lanka","1928",311.44,39.66,NA,NA,NA
"lka","Sri Lanka","1929",300.31,39.46,NA,NA,NA
"lka","Sri Lanka","1930",289.42,40.3,NA,NA,NA
"lka","Sri Lanka","1931",284.9,44.5,NA,NA,NA
"lka","Sri Lanka","1932",280.16,46.64,NA,NA,NA
"lka","Sri Lanka","1933",274.19,45.73,NA,NA,NA
"lka","Sri Lanka","1934",269,43.56,NA,NA,NA
"lka","Sri Lanka","1935",263.62,29.39,NA,NA,NA
"lka","Sri Lanka","1936",270.19,45.03,NA,NA,NA
"lka","Sri Lanka","1937",276.84,45.2,NA,NA,NA
"lka","Sri Lanka","1938",284.62,46.15,NA,NA,NA
"lka","Sri Lanka","1939",291.37,45.26,NA,NA,NA
"lka","Sri Lanka","1940",298.17,46.75,NA,NA,NA
"lka","Sri Lanka","1941",287.14,50.03,NA,NA,NA
"lka","Sri Lanka","1942",276.43,50.37,NA,NA,NA
"lka","Sri Lanka","1943",266.04,46.63,NA,NA,NA
"lka","Sri Lanka","1944",255.97,46.68,NA,NA,NA
"lka","Sri Lanka","1945",246.2,45.8,NA,NA,NA
"lka","Sri Lanka","1946",236.75,48.96,NA,NA,NA
"lka","Sri Lanka","1947",227.6,57,NA,NA,NA
"lka","Sri Lanka","1948",218.74,56.77,NA,NA,NA
"lka","Sri Lanka","1949",210.18,56.54,NA,NA,NA
"lka","Sri Lanka","1950",201.9,56.3,NA,NA,NA
"lka","Sri Lanka","1951",207.38,56.04,NA,NA,NA
"lka","Sri Lanka","1952",193.18,57.96,NA,NA,NA
"lka","Sri Lanka","1953",173.18,60.1,NA,NA,NA
"lka","Sri Lanka","1954",165.13,61.12,NA,NA,NA
"lka","Sri Lanka","1955",172.08,60.24,NA,NA,NA
"lka","Sri Lanka","1956",115.27,61.93,NA,NA,NA
"lka","Sri Lanka","1957",116.58,61.29,NA,NA,NA
"lka","Sri Lanka","1958",112.61,61.89,NA,NA,NA
"lka","Sri Lanka","1959",97.57,62.96,NA,NA,NA
"lka","Sri Lanka","1960",93.67,64.02,NA,NA,NA
"lka","Sri Lanka","1961",83.84,64.93,NA,NA,NA
"lka","Sri Lanka","1962",79.11,64.22,NA,NA,NA
"lka","Sri Lanka","1963",91.51,63.61,NA,NA,NA
"lka","Sri Lanka","1964",88.6,63.62,NA,NA,NA
"lka","Sri Lanka","1965",79.46,64.47,NA,NA,NA
"lka","Sri Lanka","1966",82.26,64.43,NA,NA,NA
"lka","Sri Lanka","1967",70.71,65.79,NA,NA,NA
"lka","Sri Lanka","1968",72.44,65.05,NA,NA,NA
"lka","Sri Lanka","1969",71.38,64.74,NA,NA,NA
"lka","Sri Lanka","1970",70.22,66.07,NA,NA,NA
"lka","Sri Lanka","1971",69.36,65.58,NA,NA,NA
"lka","Sri Lanka","1972",68.58,65.27,NA,NA,NA
"lka","Sri Lanka","1973",67.57,65.79,NA,NA,NA
"lka","Sri Lanka","1974",66.12,63.58,NA,NA,NA
"lka","Sri Lanka","1975",64,64.35,NA,NA,NA
"lka","Sri Lanka","1976",61.13,65.58,NA,NA,NA
"lka","Sri Lanka","1977",60.41,66.49,NA,NA,NA
"lka","Sri Lanka","1978",53.79,67.64,NA,NA,NA
"lka","Sri Lanka","1979",49.87,68.44,NA,NA,NA
"lka","Sri Lanka","1980",45.17,69.32,NA,NA,NA
"lka","Sri Lanka","1981",38.13,69.86,NA,NA,NA
"lka","Sri Lanka","1982",42.24,69.69,NA,NA,NA
"lka","Sri Lanka","1983",38.86,69.26,NA,NA,NA
"lka","Sri Lanka","1984",36.62,68.77,NA,NA,NA
"lka","Sri Lanka","1985",29.97,69.26,NA,NA,NA
"lka","Sri Lanka","1986",26.03,69.6,NA,NA,NA
"lka","Sri Lanka","1987",24.86,69.93,NA,NA,NA
"lka","Sri Lanka","1988",20.74,70.14,NA,NA,NA
"lka","Sri Lanka","1989",19.25,69.3,NA,NA,NA
"lka","Sri Lanka","1990",24.07,69.6,NA,NA,NA
"lka","Sri Lanka","1991",23.11,70.35,NA,NA,NA
"lka","Sri Lanka","1992",23.16,70.93,NA,NA,NA
"lka","Sri Lanka","1993",20.19,72.1,NA,NA,NA
"lka","Sri Lanka","1994",20.66,72.06,NA,NA,NA
"lka","Sri Lanka","1995",19.23,70.89,NA,NA,NA
"lka","Sri Lanka","1996",18.95,70.83,NA,NA,NA
"lka","Sri Lanka","1997",20.75,70.5,NA,NA,NA
"lka","Sri Lanka","1998",16.92,71.16,NA,NA,NA
"lka","Sri Lanka","1999",16.48,71.59,NA,NA,NA
"lka","Sri Lanka","2000",16.92,71.49,NA,NA,NA
"lka","Sri Lanka","2001",16.07,72.6,NA,NA,NA
"lka","Sri Lanka","2002",14.59,73.38,NA,NA,NA
"lka","Sri Lanka","2003",14.04,73.38,NA,NA,NA
"lka","Sri Lanka","2004",12.64,69.01,NA,NA,NA
"lka","Sri Lanka","2005",19.37,73.35,NA,NA,NA
"lka","Sri Lanka","2006",12.33,73.6,NA,NA,NA
"lka","Sri Lanka","2007",10.86,74.02,NA,NA,NA
"lka","Sri Lanka","2008",12.21,73.28,NA,NA,NA
"lka","Sri Lanka","2009",12.26,73.36,NA,NA,NA
"lka","Sri Lanka","2010",12.4,74.05,NA,NA,NA
"lka","Sri Lanka","2011",10.97,75.27,NA,NA,NA
"lka","Sri Lanka","2012",10.05,75.55,NA,NA,NA
"lka","Sri Lanka","2013",10.18,75.95,NA,NA,NA
"lka","Sri Lanka","2014",9.02,76.07,NA,NA,NA
"lka","Sri Lanka","2015",8.72,76.44,NA,NA,NA
"lka","Sri Lanka","2016",8.25,76.6,NA,NA,NA
"lka","Sri Lanka","2017",7.85,76.75,NA,NA,NA
"lka","Sri Lanka","2018",7.51,77.17,NA,NA,NA
"lka","Sri Lanka","2019",7.2,77.3,NA,NA,NA
"lka","Sri Lanka","2020",6.82,77.69,NA,NA,NA
"lka","Sri Lanka","2021",6.59,77.7,NA,NA,NA
"lka","Sri Lanka","2022",6.4,77.91,NA,NA,NA
"lka","Sri Lanka","2023",6.21,78.11,NA,NA,NA
"lka","Sri Lanka","2024",6.03,78.31,NA,NA,NA
"lka","Sri Lanka","2025",5.86,78.51,NA,NA,NA
"lso","Lesotho","1915",395.29,38.36,NA,NA,NA
"lso","Lesotho","1916",394.34,38.44,NA,NA,NA
"lso","Lesotho","1917",393.38,38.53,NA,NA,NA
"lso","Lesotho","1918",392.43,14.94,NA,NA,NA
"lso","Lesotho","1919",391.47,38.7,NA,NA,NA
"lso","Lesotho","1920",390.52,38.78,NA,NA,NA
"lso","Lesotho","1921",389.56,38.87,NA,NA,NA
"lso","Lesotho","1922",388.6,38.95,NA,NA,NA
"lso","Lesotho","1923",387.65,39.04,NA,NA,NA
"lso","Lesotho","1924",386.69,39.12,NA,NA,NA
"lso","Lesotho","1925",385.74,39.21,NA,NA,NA
"lso","Lesotho","1926",384.78,39.3,NA,NA,NA
"lso","Lesotho","1927",383.83,39.38,NA,NA,NA
"lso","Lesotho","1928",382.87,39.47,NA,NA,NA
"lso","Lesotho","1929",381.91,39.55,NA,NA,NA
"lso","Lesotho","1930",380.96,39.64,NA,NA,NA
"lso","Lesotho","1931",378.19,39.72,NA,NA,NA
"lso","Lesotho","1932",375.44,39.81,NA,NA,NA
"lso","Lesotho","1933",372.7,39.89,NA,NA,NA
"lso","Lesotho","1934",369.97,39.98,NA,NA,NA
"lso","Lesotho","1935",367.24,40.06,NA,NA,NA
"lso","Lesotho","1936",364.52,40.15,NA,NA,NA
"lso","Lesotho","1937",361.81,40.24,NA,NA,NA
"lso","Lesotho","1938",359.11,40.32,NA,NA,NA
"lso","Lesotho","1939",356.42,40.41,NA,NA,NA
"lso","Lesotho","1940",353.74,40.49,NA,NA,NA
"lso","Lesotho","1941",340.82,40.6,NA,NA,NA
"lso","Lesotho","1942",328.37,40.71,NA,NA,NA
"lso","Lesotho","1943",316.37,40.82,NA,NA,NA
"lso","Lesotho","1944",304.8,40.93,NA,NA,NA
"lso","Lesotho","1945",293.64,41.06,NA,NA,NA
"lso","Lesotho","1946",282.89,43.22,NA,NA,NA
"lso","Lesotho","1947",272.52,45.4,NA,NA,NA
"lso","Lesotho","1948",262.52,47.58,NA,NA,NA
"lso","Lesotho","1949",252.88,49.78,NA,NA,NA
"lso","Lesotho","1950",243.6,51.97,NA,NA,NA
"lso","Lesotho","1951",239.86,52.19,NA,NA,NA
"lso","Lesotho","1952",233.13,52.39,NA,NA,NA
"lso","Lesotho","1953",225.11,52.7,NA,NA,NA
"lso","Lesotho","1954",217.17,52.51,NA,NA,NA
"lso","Lesotho","1955",209.79,52.62,NA,NA,NA
"lso","Lesotho","1956",203.03,52.89,NA,NA,NA
"lso","Lesotho","1957",197.37,53.02,NA,NA,NA
"lso","Lesotho","1958",192.68,53.11,NA,NA,NA
"lso","Lesotho","1959",189.36,53.18,NA,NA,NA
"lso","Lesotho","1960",187.26,53.28,NA,NA,NA
"lso","Lesotho","1961",186.33,53.31,NA,NA,NA
"lso","Lesotho","1962",186.64,53.42,NA,NA,NA
"lso","Lesotho","1963",187.33,53.5,NA,NA,NA
"lso","Lesotho","1964",188.11,53.52,NA,NA,NA
"lso","Lesotho","1965",188.6,53.58,NA,NA,NA
"lso","Lesotho","1966",188.25,53.7,NA,NA,NA
"lso","Lesotho","1967",186.91,53.89,NA,NA,NA
"lso","Lesotho","1968",184.77,54.11,NA,NA,NA
"lso","Lesotho","1969",181.86,54.35,NA,NA,NA
"lso","Lesotho","1970",178.25,54.61,NA,NA,NA
"lso","Lesotho","1971",174.39,54.72,NA,NA,NA
"lso","Lesotho","1972",170.42,54.99,NA,NA,NA
"lso","Lesotho","1973",166.02,55.41,NA,NA,NA
"lso","Lesotho","1974",161.21,55.83,NA,NA,NA
"lso","Lesotho","1975",155.72,56.2,NA,NA,NA
"lso","Lesotho","1976",149.71,56.62,NA,NA,NA
"lso","Lesotho","1977",143.42,57.11,NA,NA,NA
"lso","Lesotho","1978",137.07,57.72,NA,NA,NA
"lso","Lesotho","1979",130.6,58.13,NA,NA,NA
"lso","Lesotho","1980",124.04,58.48,NA,NA,NA
"lso","Lesotho","1981",117.83,58.83,NA,NA,NA
"lso","Lesotho","1982",112.05,59.18,NA,NA,NA
"lso","Lesotho","1983",106.63,59.44,NA,NA,NA
"lso","Lesotho","1984",101.86,59.72,NA,NA,NA
"lso","Lesotho","1985",97.57,60,NA,NA,NA
"lso","Lesotho","1986",93.77,60.27,NA,NA,NA
"lso","Lesotho","1987",90.48,60.44,NA,NA,NA
"lso","Lesotho","1988",87.69,60.62,NA,NA,NA
"lso","Lesotho","1989",85.51,60.72,NA,NA,NA
"lso","Lesotho","1990",84.03,60.63,NA,NA,NA
"lso","Lesotho","1991",83.46,60.5,NA,NA,NA
"lso","Lesotho","1992",84.05,60.04,NA,NA,NA
"lso","Lesotho","1993",86.08,59.36,NA,NA,NA
"lso","Lesotho","1994",89.26,58.31,NA,NA,NA
"lso","Lesotho","1995",93.15,57.15,NA,NA,NA
"lso","Lesotho","1996",96.91,55.77,NA,NA,NA
"lso","Lesotho","1997",100.05,54.11,NA,NA,NA
"lso","Lesotho","1998",102.63,52.05,NA,NA,NA
"lso","Lesotho","1999",104.75,50.23,NA,NA,NA
"lso","Lesotho","2000",106.92,48.47,NA,NA,NA
"lso","Lesotho","2001",108.83,47.29,NA,NA,NA
"lso","Lesotho","2002",110.73,46.1,NA,NA,NA
"lso","Lesotho","2003",112.73,45,NA,NA,NA
"lso","Lesotho","2004",114.5,44.16,NA,NA,NA
"lso","Lesotho","2005",116.09,43.88,NA,NA,NA
"lso","Lesotho","2006",116.47,44.18,NA,NA,NA
"lso","Lesotho","2007",114.28,45.09,NA,NA,NA
"lso","Lesotho","2008",113.03,46.32,NA,NA,NA
"lso","Lesotho","2009",104.18,47.4,NA,NA,NA
"lso","Lesotho","2010",96.42,48.12,NA,NA,NA
"lso","Lesotho","2011",93.88,48.21,NA,NA,NA
"lso","Lesotho","2012",92.69,47.94,NA,NA,NA
"lso","Lesotho","2013",92.55,47.88,NA,NA,NA
"lso","Lesotho","2014",94.25,47.94,NA,NA,NA
"lso","Lesotho","2015",94.61,48.47,NA,NA,NA
"lso","Lesotho","2016",91.45,49.63,NA,NA,NA
"lso","Lesotho","2017",90.97,50.75,NA,NA,NA
"lso","Lesotho","2018",90.58,51.42,NA,NA,NA
"lso","Lesotho","2019",90.9,51.77,NA,NA,NA
"lso","Lesotho","2020",89.5,52.27,NA,NA,NA
"lso","Lesotho","2021",87.4,50.71,NA,NA,NA
"lso","Lesotho","2022",89.38,50.69,NA,NA,NA
"lso","Lesotho","2023",85.28,52.48,NA,NA,NA
"lso","Lesotho","2024",84.16,52.65,NA,NA,NA
"lso","Lesotho","2025",83.11,52.82,NA,NA,NA
"ltu","Lithuania","1915",242.93,40.93,NA,NA,NA
"ltu","Lithuania","1916",239.55,40.85,NA,NA,NA
"ltu","Lithuania","1917",235.27,40.45,NA,NA,NA
"ltu","Lithuania","1918",231.93,35.81,NA,NA,NA
"ltu","Lithuania","1919",227.74,40.5,NA,NA,NA
"ltu","Lithuania","1920",224.47,44.67,NA,NA,NA
"ltu","Lithuania","1921",220.34,51.03,NA,NA,NA
"ltu","Lithuania","1922",217.15,51.42,NA,NA,NA
"ltu","Lithuania","1923",213.09,51.82,NA,NA,NA
"ltu","Lithuania","1924",209.95,52.21,NA,NA,NA
"ltu","Lithuania","1925",205.99,52.61,NA,NA,NA
"ltu","Lithuania","1926",201.19,53.18,NA,NA,NA
"ltu","Lithuania","1927",196.49,53.75,NA,NA,NA
"ltu","Lithuania","1928",190.98,54.33,NA,NA,NA
"ltu","Lithuania","1929",186.37,54.9,NA,NA,NA
"ltu","Lithuania","1930",181.8,55.47,NA,NA,NA
"ltu","Lithuania","1931",172.46,56.05,NA,NA,NA
"ltu","Lithuania","1932",162.65,56.63,NA,NA,NA
"ltu","Lithuania","1933",153.92,57.2,NA,NA,NA
"ltu","Lithuania","1934",145.47,57.78,NA,NA,NA
"ltu","Lithuania","1935",137.32,58.35,NA,NA,NA
"ltu","Lithuania","1936",129.44,58.94,NA,NA,NA
"ltu","Lithuania","1937",121.24,59.52,NA,NA,NA
"ltu","Lithuania","1938",113.93,60.09,NA,NA,NA
"ltu","Lithuania","1939",106.89,57.72,NA,NA,NA
"ltu","Lithuania","1940",100.12,53.55,NA,NA,NA
"ltu","Lithuania","1941",93.1,12.61,NA,NA,NA
"ltu","Lithuania","1942",86.86,48.36,NA,NA,NA
"ltu","Lithuania","1943",80.86,46.71,NA,NA,NA
"ltu","Lithuania","1944",75.11,28.42,NA,NA,NA
"ltu","Lithuania","1945",69.58,42.12,NA,NA,NA
"ltu","Lithuania","1946",63.93,55.32,NA,NA,NA
"ltu","Lithuania","1947",58.88,47.98,NA,NA,NA
"ltu","Lithuania","1948",54.09,61.18,NA,NA,NA
"ltu","Lithuania","1949",49.48,63.85,NA,NA,NA
"ltu","Lithuania","1950",44.64,67.13,NA,NA,NA
"ltu","Lithuania","1951",44.41,67.11,NA,NA,NA
"ltu","Lithuania","1952",44.75,67.2,NA,NA,NA
"ltu","Lithuania","1953",44.31,67.34,NA,NA,NA
"ltu","Lithuania","1954",44.26,67.46,NA,NA,NA
"ltu","Lithuania","1955",44.53,67.54,NA,NA,NA
"ltu","Lithuania","1956",42.77,67.85,NA,NA,NA
"ltu","Lithuania","1957",39.08,68.04,NA,NA,NA
"ltu","Lithuania","1958",36.28,68.01,NA,NA,NA
"ltu","Lithuania","1959",33.17,68.37,NA,NA,NA
"ltu","Lithuania","1960",31.2,69.91,NA,NA,NA
"ltu","Lithuania","1961",30.99,70.57,NA,NA,NA
"ltu","Lithuania","1962",32.8,69.89,NA,NA,NA
"ltu","Lithuania","1963",29.95,70.69,NA,NA,NA
"ltu","Lithuania","1964",27.1,71.96,NA,NA,NA
"ltu","Lithuania","1965",27.43,71.99,NA,NA,NA
"ltu","Lithuania","1966",26.8,71.92,NA,NA,NA
"ltu","Lithuania","1967",26.07,72.04,NA,NA,NA
"ltu","Lithuania","1968",26.42,71.68,NA,NA,NA
"ltu","Lithuania","1969",24.95,71.47,NA,NA,NA
"ltu","Lithuania","1970",22.69,71.26,NA,NA,NA
"ltu","Lithuania","1971",21.22,71.86,NA,NA,NA
"ltu","Lithuania","1972",21.1,71.45,NA,NA,NA
"ltu","Lithuania","1973",21.68,71.6,NA,NA,NA
"ltu","Lithuania","1974",22.21,71.3,NA,NA,NA
"ltu","Lithuania","1975",22.48,71.12,NA,NA,NA
"ltu","Lithuania","1976",22.52,71.14,NA,NA,NA
"ltu","Lithuania","1977",22.34,70.82,NA,NA,NA
"ltu","Lithuania","1978",21.91,70.7,NA,NA,NA
"ltu","Lithuania","1979",21.22,70.65,NA,NA,NA
"ltu","Lithuania","1980",20.41,70.58,NA,NA,NA
"ltu","Lithuania","1981",19.71,70.67,NA,NA,NA
"ltu","Lithuania","1982",19.2,70.94,NA,NA,NA
"ltu","Lithuania","1983",18.75,70.96,NA,NA,NA
"ltu","Lithuania","1984",18.22,70.51,NA,NA,NA
"ltu","Lithuania","1985",17.47,70.86,NA,NA,NA
"ltu","Lithuania","1986",16.36,72.38,NA,NA,NA
"ltu","Lithuania","1987",15.09,72.19,NA,NA,NA
"ltu","Lithuania","1988",14.24,72.19,NA,NA,NA
"ltu","Lithuania","1989",14.31,71.58,NA,NA,NA
"ltu","Lithuania","1990",15.19,71.39,NA,NA,NA
"ltu","Lithuania","1991",16.51,70.51,NA,NA,NA
"ltu","Lithuania","1992",17.76,70.42,NA,NA,NA
"ltu","Lithuania","1993",18.15,69.02,NA,NA,NA
"ltu","Lithuania","1994",17.01,68.54,NA,NA,NA
"ltu","Lithuania","1995",15.04,69.03,NA,NA,NA
"ltu","Lithuania","1996",13.33,70.25,NA,NA,NA
"ltu","Lithuania","1997",12.29,71.22,NA,NA,NA
"ltu","Lithuania","1998",11.64,71.45,NA,NA,NA
"ltu","Lithuania","1999",11.15,71.91,NA,NA,NA
"ltu","Lithuania","2000",10.72,72.24,NA,NA,NA
"ltu","Lithuania","2001",10.3,71.71,NA,NA,NA
"ltu","Lithuania","2002",9.89,72.01,NA,NA,NA
"ltu","Lithuania","2003",9.54,72.01,NA,NA,NA
"ltu","Lithuania","2004",9.28,72.01,NA,NA,NA
"ltu","Lithuania","2005",9.03,71.25,NA,NA,NA
"ltu","Lithuania","2006",8.64,70.92,NA,NA,NA
"ltu","Lithuania","2007",8.04,70.58,NA,NA,NA
"ltu","Lithuania","2008",7.35,71.4,NA,NA,NA
"ltu","Lithuania","2009",6.66,72.97,NA,NA,NA
"ltu","Lithuania","2010",6.04,73.21,NA,NA,NA
"ltu","Lithuania","2011",5.55,73.67,NA,NA,NA
"ltu","Lithuania","2012",5.2,73.99,NA,NA,NA
"ltu","Lithuania","2013",5,74.04,NA,NA,NA
"ltu","Lithuania","2014",4.95,74.62,NA,NA,NA
"ltu","Lithuania","2015",4.93,74.65,NA,NA,NA
"ltu","Lithuania","2016",4.77,74.92,NA,NA,NA
"ltu","Lithuania","2017",4.43,75.97,NA,NA,NA
"ltu","Lithuania","2018",4.01,76.08,NA,NA,NA
"ltu","Lithuania","2019",3.61,76.24,NA,NA,NA
"ltu","Lithuania","2020",2.9,75.09,NA,NA,NA
"ltu","Lithuania","2021",3.06,73.74,NA,NA,NA
"ltu","Lithuania","2022",2.98,74.32,NA,NA,NA
"ltu","Lithuania","2023",2.94,76.88,NA,NA,NA
"ltu","Lithuania","2024",2.86,77.03,NA,NA,NA
"ltu","Lithuania","2025",2.78,77.19,NA,NA,NA
"lux","Luxembourg","1915",202.36,52.06,NA,NA,NA
"lux","Luxembourg","1916",214.1,50.71,NA,NA,NA
"lux","Luxembourg","1917",232.49,48.62,NA,NA,NA
"lux","Luxembourg","1918",286.87,42.84,NA,NA,NA
"lux","Luxembourg","1919",262.42,45.23,NA,NA,NA
"lux","Luxembourg","1920",174.06,55.3,NA,NA,NA
"lux","Luxembourg","1921",160.9,56.92,NA,NA,NA
"lux","Luxembourg","1922",167.61,55.98,NA,NA,NA
"lux","Luxembourg","1923",171.98,55.39,NA,NA,NA
"lux","Luxembourg","1924",155.08,57.51,NA,NA,NA
"lux","Luxembourg","1925",170.33,55.52,NA,NA,NA
"lux","Luxembourg","1926",181.19,54.13,NA,NA,NA
"lux","Luxembourg","1927",160.85,56.62,NA,NA,NA
"lux","Luxembourg","1928",164.35,56.12,NA,NA,NA
"lux","Luxembourg","1929",185.55,53.44,NA,NA,NA
"lux","Luxembourg","1930",152.78,57.61,NA,NA,NA
"lux","Luxembourg","1931",146.41,58.42,NA,NA,NA
"lux","Luxembourg","1932",152.77,57.49,NA,NA,NA
"lux","Luxembourg","1933",140.52,59.18,NA,NA,NA
"lux","Luxembourg","1934",128.7,60.79,NA,NA,NA
"lux","Luxembourg","1935",134.04,59.99,NA,NA,NA
"lux","Luxembourg","1936",119.07,62.14,NA,NA,NA
"lux","Luxembourg","1937",119.44,62,NA,NA,NA
"lux","Luxembourg","1938",132.32,60.13,NA,NA,NA
"lux","Luxembourg","1939",123.62,61.3,NA,NA,NA
"lux","Luxembourg","1940",113.17,62.94,NA,NA,NA
"lux","Luxembourg","1941",125.72,60.96,NA,NA,NA
"lux","Luxembourg","1942",137.33,59.27,NA,NA,NA
"lux","Luxembourg","1943",166.56,55.21,NA,NA,NA
"lux","Luxembourg","1944",218.97,48.62,NA,NA,NA
"lux","Luxembourg","1945",204.87,50.21,NA,NA,NA
"lux","Luxembourg","1946",113.4,62.64,NA,NA,NA
"lux","Luxembourg","1947",103.41,64.12,NA,NA,NA
"lux","Luxembourg","1948",94.45,65.58,NA,NA,NA
"lux","Luxembourg","1949",92.37,65.95,NA,NA,NA
"lux","Luxembourg","1950",89.73,66.37,NA,NA,NA
"lux","Luxembourg","1951",82.23,66.54,NA,NA,NA
"lux","Luxembourg","1952",75.35,66.59,NA,NA,NA
"lux","Luxembourg","1953",69.06,66.78,NA,NA,NA
"lux","Luxembourg","1954",63.28,67.12,NA,NA,NA
"lux","Luxembourg","1955",57.99,67.48,NA,NA,NA
"lux","Luxembourg","1956",53.14,67.67,NA,NA,NA
"lux","Luxembourg","1957",48.7,68.07,NA,NA,NA
"lux","Luxembourg","1958",44.63,68.5,NA,NA,NA
"lux","Luxembourg","1959",40.9,68.72,NA,NA,NA
"lux","Luxembourg","1960",37.48,68.94,NA,NA,NA
"lux","Luxembourg","1961",33.1,69.13,NA,NA,NA
"lux","Luxembourg","1962",34.86,69.12,NA,NA,NA
"lux","Luxembourg","1963",32.38,69.22,NA,NA,NA
"lux","Luxembourg","1964",30.36,69.36,NA,NA,NA
"lux","Luxembourg","1965",28.84,69.62,NA,NA,NA
"lux","Luxembourg","1966",27.42,69.67,NA,NA,NA
"lux","Luxembourg","1967",26.08,69.84,NA,NA,NA
"lux","Luxembourg","1968",24.81,70.09,NA,NA,NA
"lux","Luxembourg","1969",23.56,70.21,NA,NA,NA
"lux","Luxembourg","1970",22.35,70.15,NA,NA,NA
"lux","Luxembourg","1971",21.13,70.32,NA,NA,NA
"lux","Luxembourg","1972",19.92,70.57,NA,NA,NA
"lux","Luxembourg","1973",18.76,70.81,NA,NA,NA
"lux","Luxembourg","1974",17.67,70.99,NA,NA,NA
"lux","Luxembourg","1975",16.69,71.15,NA,NA,NA
"lux","Luxembourg","1976",15.81,71.44,NA,NA,NA
"lux","Luxembourg","1977",15.05,71.83,NA,NA,NA
"lux","Luxembourg","1978",14.4,72.1,NA,NA,NA
"lux","Luxembourg","1979",13.84,72.38,NA,NA,NA
"lux","Luxembourg","1980",13.35,72.63,NA,NA,NA
"lux","Luxembourg","1981",12.9,72.74,NA,NA,NA
"lux","Luxembourg","1982",12.47,72.88,NA,NA,NA
"lux","Luxembourg","1983",12.06,73.19,NA,NA,NA
"lux","Luxembourg","1984",11.64,73.45,NA,NA,NA
"lux","Luxembourg","1985",11.21,73.88,NA,NA,NA
"lux","Luxembourg","1986",10.78,74.2,NA,NA,NA
"lux","Luxembourg","1987",10.33,74.38,NA,NA,NA
"lux","Luxembourg","1988",9.86,74.64,NA,NA,NA
"lux","Luxembourg","1989",9.36,75,NA,NA,NA
"lux","Luxembourg","1990",8.85,75.25,NA,NA,NA
"lux","Luxembourg","1991",8.32,75.46,NA,NA,NA
"lux","Luxembourg","1992",7.79,75.79,NA,NA,NA
"lux","Luxembourg","1993",7.28,75.99,NA,NA,NA
"lux","Luxembourg","1994",6.78,76.35,NA,NA,NA
"lux","Luxembourg","1995",6.32,76.64,NA,NA,NA
"lux","Luxembourg","1996",5.89,76.87,NA,NA,NA
"lux","Luxembourg","1997",5.5,77.24,NA,NA,NA
"lux","Luxembourg","1998",5.15,77.52,NA,NA,NA
"lux","Luxembourg","1999",4.82,77.8,NA,NA,NA
"lux","Luxembourg","2000",4.52,78.01,NA,NA,NA
"lux","Luxembourg","2001",4.24,78.42,NA,NA,NA
"lux","Luxembourg","2002",3.99,78.65,NA,NA,NA
"lux","Luxembourg","2003",3.75,78.99,NA,NA,NA
"lux","Luxembourg","2004",3.54,79.24,NA,NA,NA
"lux","Luxembourg","2005",3.36,79.55,NA,NA,NA
"lux","Luxembourg","2006",3.21,79.81,NA,NA,NA
"lux","Luxembourg","2007",3.08,80.21,NA,NA,NA
"lux","Luxembourg","2008",2.97,80.57,NA,NA,NA
"lux","Luxembourg","2009",2.89,80.78,NA,NA,NA
"lux","Luxembourg","2010",2.83,81.02,NA,NA,NA
"lux","Luxembourg","2011",2.79,81.26,NA,NA,NA
"lux","Luxembourg","2012",2.77,81.5,NA,NA,NA
"lux","Luxembourg","2013",2.76,81.72,NA,NA,NA
"lux","Luxembourg","2014",2.76,82.01,NA,NA,NA
"lux","Luxembourg","2015",2.77,82.34,NA,NA,NA
"lux","Luxembourg","2016",2.79,82.74,NA,NA,NA
"lux","Luxembourg","2017",2.81,82.81,NA,NA,NA
"lux","Luxembourg","2018",2.82,82.87,NA,NA,NA
"lux","Luxembourg","2019",2.82,82.92,NA,NA,NA
"lux","Luxembourg","2020",2.91,82.2,NA,NA,NA
"lux","Luxembourg","2021",2.93,83.41,NA,NA,NA
"lux","Luxembourg","2022",2.03,83.37,NA,NA,NA
"lux","Luxembourg","2023",1.97,83.53,NA,NA,NA
"lux","Luxembourg","2024",1.92,83.68,NA,NA,NA
"lux","Luxembourg","2025",1.87,83.82,NA,NA,NA
"lva","Latvia","1915",207.57,44.08,NA,NA,NA
"lva","Latvia","1916",204.46,43.92,NA,NA,NA
"lva","Latvia","1917",201.38,43.32,NA,NA,NA
"lva","Latvia","1918",198.31,38.98,NA,NA,NA
"lva","Latvia","1919",195.27,44.09,NA,NA,NA
"lva","Latvia","1920",191.41,52.53,NA,NA,NA
"lva","Latvia","1921",188.42,63.01,NA,NA,NA
"lva","Latvia","1922",185.45,61.34,NA,NA,NA
"lva","Latvia","1923",182.54,62.66,NA,NA,NA
"lva","Latvia","1924",179.63,59.44,NA,NA,NA
"lva","Latvia","1925",175.94,58.65,NA,NA,NA
"lva","Latvia","1926",172.31,62,NA,NA,NA
"lva","Latvia","1927",168.69,60.21,NA,NA,NA
"lva","Latvia","1928",165.13,61.07,NA,NA,NA
"lva","Latvia","1929",161.61,58.92,NA,NA,NA
"lva","Latvia","1930",158.11,62.49,NA,NA,NA
"lva","Latvia","1931",154.67,63.37,NA,NA,NA
"lva","Latvia","1932",151.25,63.31,NA,NA,NA
"lva","Latvia","1933",147.89,65.59,NA,NA,NA
"lva","Latvia","1934",144.56,62.26,NA,NA,NA
"lva","Latvia","1935",141.26,65.2,NA,NA,NA
"lva","Latvia","1936",140.18,64.7,NA,NA,NA
"lva","Latvia","1937",139.1,63.83,NA,NA,NA
"lva","Latvia","1938",138.03,67.54,NA,NA,NA
"lva","Latvia","1939",136.96,66.88,NA,NA,NA
"lva","Latvia","1940",135.89,58.75,NA,NA,NA
"lva","Latvia","1941",134.83,35.07,NA,NA,NA
"lva","Latvia","1942",133.77,48.95,NA,NA,NA
"lva","Latvia","1943",132.01,47.76,NA,NA,NA
"lva","Latvia","1944",130.98,26.7,NA,NA,NA
"lva","Latvia","1945",129.95,43.22,NA,NA,NA
"lva","Latvia","1946",128.92,62.61,NA,NA,NA
"lva","Latvia","1947",127.9,54.71,NA,NA,NA
"lva","Latvia","1948",126.88,66.99,NA,NA,NA
"lva","Latvia","1949",125.86,67.66,NA,NA,NA
"lva","Latvia","1950",113.61,68.37,NA,NA,NA
"lva","Latvia","1951",102.56,68.52,NA,NA,NA
"lva","Latvia","1952",92.58,68.72,NA,NA,NA
"lva","Latvia","1953",83.57,68.89,NA,NA,NA
"lva","Latvia","1954",75.44,69.08,NA,NA,NA
"lva","Latvia","1955",68.1,69.29,NA,NA,NA
"lva","Latvia","1956",61.47,69.51,NA,NA,NA
"lva","Latvia","1957",55.49,69.67,NA,NA,NA
"lva","Latvia","1958",50.09,69.86,NA,NA,NA
"lva","Latvia","1959",45.22,70.11,NA,NA,NA
"lva","Latvia","1960",39.03,70.35,NA,NA,NA
"lva","Latvia","1961",34.65,70.44,NA,NA,NA
"lva","Latvia","1962",36.5,70.15,NA,NA,NA
"lva","Latvia","1963",36.97,70.55,NA,NA,NA
"lva","Latvia","1964",32.12,71.58,NA,NA,NA
"lva","Latvia","1965",28.18,71.4,NA,NA,NA
"lva","Latvia","1966",26.62,71.31,NA,NA,NA
"lva","Latvia","1967",27.4,71.01,NA,NA,NA
"lva","Latvia","1968",28.63,70.72,NA,NA,NA
"lva","Latvia","1969",26.95,70.45,NA,NA,NA
"lva","Latvia","1970",27.14,70.46,NA,NA,NA
"lva","Latvia","1971",23.8,70.59,NA,NA,NA
"lva","Latvia","1972",23.4,70.27,NA,NA,NA
"lva","Latvia","1973",23.3,70.21,NA,NA,NA
"lva","Latvia","1974",27.15,70.08,NA,NA,NA
"lva","Latvia","1975",29.35,69.47,NA,NA,NA
"lva","Latvia","1976",29.1,69.49,NA,NA,NA
"lva","Latvia","1977",26.02,69.37,NA,NA,NA
"lva","Latvia","1978",23.8,69.19,NA,NA,NA
"lva","Latvia","1979",20.83,69.04,NA,NA,NA
"lva","Latvia","1980",20.73,69.23,NA,NA,NA
"lva","Latvia","1981",20.57,69.17,NA,NA,NA
"lva","Latvia","1982",20.27,69.85,NA,NA,NA
"lva","Latvia","1983",19.66,69.67,NA,NA,NA
"lva","Latvia","1984",18.69,69.59,NA,NA,NA
"lva","Latvia","1985",17.5,69.93,NA,NA,NA
"lva","Latvia","1986",16.35,71.23,NA,NA,NA
"lva","Latvia","1987",15.49,71.27,NA,NA,NA
"lva","Latvia","1988",15.22,71.14,NA,NA,NA
"lva","Latvia","1989",15.8,70.34,NA,NA,NA
"lva","Latvia","1990",17.02,69.84,NA,NA,NA
"lva","Latvia","1991",18.35,69.44,NA,NA,NA
"lva","Latvia","1992",19.33,68.76,NA,NA,NA
"lva","Latvia","1993",19.89,66.94,NA,NA,NA
"lva","Latvia","1994",20.04,65.7,NA,NA,NA
"lva","Latvia","1995",19.76,66.69,NA,NA,NA
"lva","Latvia","1996",19.03,68.99,NA,NA,NA
"lva","Latvia","1997",17.92,69.69,NA,NA,NA
"lva","Latvia","1998",16.64,69.27,NA,NA,NA
"lva","Latvia","1999",15.36,70.14,NA,NA,NA
"lva","Latvia","2000",14.21,70.65,NA,NA,NA
"lva","Latvia","2001",13.28,70.13,NA,NA,NA
"lva","Latvia","2002",12.56,70.51,NA,NA,NA
"lva","Latvia","2003",11.9,70.96,NA,NA,NA
"lva","Latvia","2004",11.2,71.28,NA,NA,NA
"lva","Latvia","2005",10.48,70.93,NA,NA,NA
"lva","Latvia","2006",9.85,70.45,NA,NA,NA
"lva","Latvia","2007",9.32,70.92,NA,NA,NA
"lva","Latvia","2008",8.82,72.09,NA,NA,NA
"lva","Latvia","2009",8.32,72.88,NA,NA,NA
"lva","Latvia","2010",7.8,73.26,NA,NA,NA
"lva","Latvia","2011",7.22,73.89,NA,NA,NA
"lva","Latvia","2012",6.61,74.23,NA,NA,NA
"lva","Latvia","2013",6.01,74.19,NA,NA,NA
"lva","Latvia","2014",5.48,74.68,NA,NA,NA
"lva","Latvia","2015",5.03,75.08,NA,NA,NA
"lva","Latvia","2016",4.68,75.67,NA,NA,NA
"lva","Latvia","2017",4.43,75.75,NA,NA,NA
"lva","Latvia","2018",4.25,75.8,NA,NA,NA
"lva","Latvia","2019",4.11,75.86,NA,NA,NA
"lva","Latvia","2020",4.11,75.78,NA,NA,NA
"lva","Latvia","2021",4,73.9,NA,NA,NA
"lva","Latvia","2022",3.72,76.26,NA,NA,NA
"lva","Latvia","2023",3.63,76.39,NA,NA,NA
"lva","Latvia","2024",3.55,76.53,NA,NA,NA
"lva","Latvia","2025",3.47,76.67,NA,NA,NA
"mar","Morocco","1915",391.61,32.62,NA,NA,NA
"mar","Morocco","1916",390.66,32.61,NA,NA,NA
"mar","Morocco","1917",389.71,32.6,NA,NA,NA
"mar","Morocco","1918",388.77,24.94,NA,NA,NA
"mar","Morocco","1919",387.82,32.59,NA,NA,NA
"mar","Morocco","1920",386.87,32.58,NA,NA,NA
"mar","Morocco","1921",385.93,32.57,NA,NA,NA
"mar","Morocco","1922",384.98,32.56,NA,NA,NA
"mar","Morocco","1923",384.03,32.56,NA,NA,NA
"mar","Morocco","1924",383.09,32.55,NA,NA,NA
"mar","Morocco","1925",382.14,32.54,NA,NA,NA
"mar","Morocco","1926",381.19,32.53,NA,NA,NA
"mar","Morocco","1927",380.25,32.53,NA,NA,NA
"mar","Morocco","1928",379.3,32.52,NA,NA,NA
"mar","Morocco","1929",378.35,32.51,NA,NA,NA
"mar","Morocco","1930",377.41,32.51,NA,NA,NA
"mar","Morocco","1931",376.16,32.5,NA,NA,NA
"mar","Morocco","1932",374.91,32.49,NA,NA,NA
"mar","Morocco","1933",373.67,32.48,NA,NA,NA
"mar","Morocco","1934",372.43,32.48,NA,NA,NA
"mar","Morocco","1935",371.19,32.47,NA,NA,NA
"mar","Morocco","1936",369.95,32.46,NA,NA,NA
"mar","Morocco","1937",368.71,32.45,NA,NA,NA
"mar","Morocco","1938",367.47,32.45,NA,NA,NA
"mar","Morocco","1939",366.25,32.44,NA,NA,NA
"mar","Morocco","1940",365.01,32.43,NA,NA,NA
"mar","Morocco","1941",350.34,33.65,NA,NA,NA
"mar","Morocco","1942",336.1,34.87,NA,NA,NA
"mar","Morocco","1943",322.23,36.09,NA,NA,NA
"mar","Morocco","1944",308.75,37.31,NA,NA,NA
"mar","Morocco","1945",304.62,38.52,NA,NA,NA
"mar","Morocco","1946",300.54,39.73,NA,NA,NA
"mar","Morocco","1947",296.52,40.96,NA,NA,NA
"mar","Morocco","1948",292.56,42.17,NA,NA,NA
"mar","Morocco","1949",288.64,43.38,NA,NA,NA
"mar","Morocco","1950",284.78,44.6,NA,NA,NA
"mar","Morocco","1951",283.03,44.85,NA,NA,NA
"mar","Morocco","1952",278.84,45.16,NA,NA,NA
"mar","Morocco","1953",274.77,45.42,NA,NA,NA
"mar","Morocco","1954",270.66,45.66,NA,NA,NA
"mar","Morocco","1955",266.41,45.84,NA,NA,NA
"mar","Morocco","1956",261.99,46.24,NA,NA,NA
"mar","Morocco","1957",256.67,46.82,NA,NA,NA
"mar","Morocco","1958",251.71,47.29,NA,NA,NA
"mar","Morocco","1959",246.78,47.78,NA,NA,NA
"mar","Morocco","1960",241.82,46.67,NA,NA,NA
"mar","Morocco","1961",237,48.77,NA,NA,NA
"mar","Morocco","1962",232.17,49.29,NA,NA,NA
"mar","Morocco","1963",227.19,49.66,NA,NA,NA
"mar","Morocco","1964",222.05,50.31,NA,NA,NA
"mar","Morocco","1965",216.58,51.02,NA,NA,NA
"mar","Morocco","1966",210.84,51.61,NA,NA,NA
"mar","Morocco","1967",205.2,52.25,NA,NA,NA
"mar","Morocco","1968",199.73,52.92,NA,NA,NA
"mar","Morocco","1969",194.62,53.62,NA,NA,NA
"mar","Morocco","1970",189.97,54.28,NA,NA,NA
"mar","Morocco","1971",185.83,54.86,NA,NA,NA
"mar","Morocco","1972",181.83,55.46,NA,NA,NA
"mar","Morocco","1973",177.72,56,NA,NA,NA
"mar","Morocco","1974",173.13,56.62,NA,NA,NA
"mar","Morocco","1975",167.85,57.11,NA,NA,NA
"mar","Morocco","1976",161.87,57.86,NA,NA,NA
"mar","Morocco","1977",155.35,58.62,NA,NA,NA
"mar","Morocco","1978",148.42,59.31,NA,NA,NA
"mar","Morocco","1979",141.38,59.9,NA,NA,NA
"mar","Morocco","1980",134.37,60.62,NA,NA,NA
"mar","Morocco","1981",127.57,61.29,NA,NA,NA
"mar","Morocco","1982",121.01,62.39,NA,NA,NA
"mar","Morocco","1983",114.69,63.04,NA,NA,NA
"mar","Morocco","1984",108.64,63.77,NA,NA,NA
"mar","Morocco","1985",102.94,64.41,NA,NA,NA
"mar","Morocco","1986",97.62,64.92,NA,NA,NA
"mar","Morocco","1987",92.8,65.3,NA,NA,NA
"mar","Morocco","1988",88.32,65.74,NA,NA,NA
"mar","Morocco","1989",84.3,66.12,NA,NA,NA
"mar","Morocco","1990",80.63,66.69,NA,NA,NA
"mar","Morocco","1991",77.22,67,NA,NA,NA
"mar","Morocco","1992",73.94,66.91,NA,NA,NA
"mar","Morocco","1993",70.81,67.06,NA,NA,NA
"mar","Morocco","1994",67.8,67.48,NA,NA,NA
"mar","Morocco","1995",64.85,67.69,NA,NA,NA
"mar","Morocco","1996",62.05,68.14,NA,NA,NA
"mar","Morocco","1997",59.4,68.4,NA,NA,NA
"mar","Morocco","1998",56.91,68.75,NA,NA,NA
"mar","Morocco","1999",54.53,68.93,NA,NA,NA
"mar","Morocco","2000",52.32,69.51,NA,NA,NA
"mar","Morocco","2001",50.14,69.93,NA,NA,NA
"mar","Morocco","2002",48.02,70.26,NA,NA,NA
"mar","Morocco","2003",45.91,70.34,NA,NA,NA
"mar","Morocco","2004",43.73,70.55,NA,NA,NA
"mar","Morocco","2005",41.53,70.81,NA,NA,NA
"mar","Morocco","2006",39.3,71.01,NA,NA,NA
"mar","Morocco","2007",37.13,71.2,NA,NA,NA
"mar","Morocco","2008",35.03,71.38,NA,NA,NA
"mar","Morocco","2009",33.04,71.62,NA,NA,NA
"mar","Morocco","2010",31.19,71.86,NA,NA,NA
"mar","Morocco","2011",29.45,72.14,NA,NA,NA
"mar","Morocco","2012",27.82,72.33,NA,NA,NA
"mar","Morocco","2013",26.29,72.14,NA,NA,NA
"mar","Morocco","2014",24.86,72.35,NA,NA,NA
"mar","Morocco","2015",23.51,72.55,NA,NA,NA
"mar","Morocco","2016",22.31,72.76,NA,NA,NA
"mar","Morocco","2017",21.24,72.94,NA,NA,NA
"mar","Morocco","2018",20.32,73.13,NA,NA,NA
"mar","Morocco","2019",19.47,73.34,NA,NA,NA
"mar","Morocco","2020",18.77,73,NA,NA,NA
"mar","Morocco","2021",18.07,73.12,NA,NA,NA
"mar","Morocco","2022",16.99,74.04,NA,NA,NA
"mar","Morocco","2023",16.23,74.26,NA,NA,NA
"mar","Morocco","2024",15.52,74.49,NA,NA,NA
"mar","Morocco","2025",14.84,74.71,NA,NA,NA
"mco","Monaco","1915",NA,NA,NA,NA,NA
"mco","Monaco","1916",NA,NA,NA,NA,NA
"mco","Monaco","1917",NA,NA,NA,NA,NA
"mco","Monaco","1918",NA,NA,NA,NA,NA
"mco","Monaco","1919",NA,NA,NA,NA,NA
"mco","Monaco","1920",NA,NA,NA,NA,NA
"mco","Monaco","1921",NA,NA,NA,NA,NA
"mco","Monaco","1922",NA,NA,NA,NA,NA
"mco","Monaco","1923",NA,NA,NA,NA,NA
"mco","Monaco","1924",NA,NA,NA,NA,NA
"mco","Monaco","1925",NA,NA,NA,NA,NA
"mco","Monaco","1926",NA,NA,NA,NA,NA
"mco","Monaco","1927",NA,NA,NA,NA,NA
"mco","Monaco","1928",NA,NA,NA,NA,NA
"mco","Monaco","1929",NA,NA,NA,NA,NA
"mco","Monaco","1930",NA,NA,NA,NA,NA
"mco","Monaco","1931",NA,NA,NA,NA,NA
"mco","Monaco","1932",NA,NA,NA,NA,NA
"mco","Monaco","1933",NA,NA,NA,NA,NA
"mco","Monaco","1934",NA,NA,NA,NA,NA
"mco","Monaco","1935",NA,NA,NA,NA,NA
"mco","Monaco","1936",NA,NA,NA,NA,NA
"mco","Monaco","1937",NA,NA,NA,NA,NA
"mco","Monaco","1938",NA,NA,NA,NA,NA
"mco","Monaco","1939",NA,NA,NA,NA,NA
"mco","Monaco","1940",NA,NA,NA,NA,NA
"mco","Monaco","1941",NA,NA,NA,NA,NA
"mco","Monaco","1942",NA,NA,NA,NA,NA
"mco","Monaco","1943",NA,NA,NA,NA,NA
"mco","Monaco","1944",NA,NA,NA,NA,NA
"mco","Monaco","1945",NA,NA,NA,NA,NA
"mco","Monaco","1946",NA,NA,NA,NA,NA
"mco","Monaco","1947",NA,NA,NA,NA,NA
"mco","Monaco","1948",NA,NA,NA,NA,NA
"mco","Monaco","1949",NA,NA,NA,NA,NA
"mco","Monaco","1950",NA,68.15,NA,NA,NA
"mco","Monaco","1951",NA,68.14,NA,NA,NA
"mco","Monaco","1952",NA,68.34,NA,NA,NA
"mco","Monaco","1953",NA,68.65,NA,NA,NA
"mco","Monaco","1954",NA,68.98,NA,NA,NA
"mco","Monaco","1955",NA,69.31,NA,NA,NA
"mco","Monaco","1956",NA,69.66,NA,NA,NA
"mco","Monaco","1957",NA,70.01,NA,NA,NA
"mco","Monaco","1958",NA,70.36,NA,NA,NA
"mco","Monaco","1959",NA,70.7,NA,NA,NA
"mco","Monaco","1960",NA,70.9,NA,NA,NA
"mco","Monaco","1961",NA,71.09,NA,NA,NA
"mco","Monaco","1962",NA,71.3,NA,NA,NA
"mco","Monaco","1963",NA,71.5,NA,NA,NA
"mco","Monaco","1964",NA,71.81,NA,NA,NA
"mco","Monaco","1965",NA,72.08,NA,NA,NA
"mco","Monaco","1966",NA,72.35,NA,NA,NA
"mco","Monaco","1967",NA,72.61,NA,NA,NA
"mco","Monaco","1968",NA,72.92,NA,NA,NA
"mco","Monaco","1969",NA,73.26,NA,NA,NA
"mco","Monaco","1970",NA,73.62,NA,NA,NA
"mco","Monaco","1971",NA,73.88,NA,NA,NA
"mco","Monaco","1972",NA,74.18,NA,NA,NA
"mco","Monaco","1973",NA,74.47,NA,NA,NA
"mco","Monaco","1974",NA,74.75,NA,NA,NA
"mco","Monaco","1975",NA,74.99,NA,NA,NA
"mco","Monaco","1976",NA,75.21,NA,NA,NA
"mco","Monaco","1977",NA,75.42,NA,NA,NA
"mco","Monaco","1978",NA,75.6,NA,NA,NA
"mco","Monaco","1979",NA,75.79,NA,NA,NA
"mco","Monaco","1980",NA,75.97,NA,NA,NA
"mco","Monaco","1981",NA,76.15,NA,NA,NA
"mco","Monaco","1982",5.48,76.19,NA,NA,NA
"mco","Monaco","1983",5.03,76.42,NA,NA,NA
"mco","Monaco","1984",8.53,76.73,NA,NA,NA
"mco","Monaco","1985",9.69,77.04,NA,NA,NA
"mco","Monaco","1986",NA,77.35,NA,NA,NA
"mco","Monaco","1987",4.81,77.78,NA,NA,NA
"mco","Monaco","1988",8.46,77.85,NA,NA,NA
"mco","Monaco","1989",8.1,77.98,NA,NA,NA
"mco","Monaco","1990",7.8,78.11,NA,NA,NA
"mco","Monaco","1991",7.4,78.24,NA,NA,NA
"mco","Monaco","1992",7.1,78.35,NA,NA,NA
"mco","Monaco","1993",6.8,78.44,NA,NA,NA
"mco","Monaco","1994",6.5,78.51,NA,NA,NA
"mco","Monaco","1995",6.3,78.57,NA,NA,NA
"mco","Monaco","1996",6,78.62,NA,NA,NA
"mco","Monaco","1997",5.8,78.68,NA,NA,NA
"mco","Monaco","1998",5.5,78.74,NA,NA,NA
"mco","Monaco","1999",5.3,78.79,NA,NA,NA
"mco","Monaco","2000",5.1,78.84,NA,NA,NA
"mco","Monaco","2001",4.9,78.88,NA,NA,NA
"mco","Monaco","2002",4.8,78.92,NA,NA,NA
"mco","Monaco","2003",4.7,78.95,NA,NA,NA
"mco","Monaco","2004",4.6,78.97,NA,NA,NA
"mco","Monaco","2005",4.5,78.98,NA,NA,NA
"mco","Monaco","2006",4.4,79.01,NA,NA,NA
"mco","Monaco","2007",4.3,79.08,NA,NA,NA
"mco","Monaco","2008",4.2,79.13,NA,NA,NA
"mco","Monaco","2009",4.1,79.15,NA,NA,NA
"mco","Monaco","2010",4,79.16,NA,NA,NA
"mco","Monaco","2011",3.9,79.21,NA,NA,NA
"mco","Monaco","2012",3.82,79.26,NA,NA,NA
"mco","Monaco","2013",3.73,79.33,NA,NA,NA
"mco","Monaco","2014",3.63,79.43,NA,NA,NA
"mco","Monaco","2015",3.53,79.55,NA,NA,NA
"mco","Monaco","2016",3.43,79.68,NA,NA,NA
"mco","Monaco","2017",3.32,79.82,NA,NA,NA
"mco","Monaco","2018",3.22,79.94,NA,NA,NA
"mco","Monaco","2019",3.12,80.06,NA,NA,NA
"mco","Monaco","2020",3.02,80.06,NA,NA,NA
"mco","Monaco","2021",2.88,79.51,NA,NA,NA
"mco","Monaco","2022",2.92,80.39,NA,NA,NA
"mco","Monaco","2023",2.86,80.5,NA,NA,NA
"mco","Monaco","2024",2.79,80.61,NA,NA,NA
"mco","Monaco","2025",2.73,80.72,NA,NA,NA
"mda","Moldova","1915",270.17,31.35,NA,NA,NA
"mda","Moldova","1916",266.62,31.32,NA,NA,NA
"mda","Moldova","1917",263.11,31.29,NA,NA,NA
"mda","Moldova","1918",259.65,29.43,NA,NA,NA
"mda","Moldova","1919",256.24,31.24,NA,NA,NA
"mda","Moldova","1920",252.87,31.21,NA,NA,NA
"mda","Moldova","1921",249.54,31.63,NA,NA,NA
"mda","Moldova","1922",246.26,32.07,NA,NA,NA
"mda","Moldova","1923",243.02,32.5,NA,NA,NA
"mda","Moldova","1924",239.82,32.93,NA,NA,NA
"mda","Moldova","1925",236.67,33.35,NA,NA,NA
"mda","Moldova","1926",233.56,33.78,NA,NA,NA
"mda","Moldova","1927",230.48,34.21,NA,NA,NA
"mda","Moldova","1928",227.45,34.63,NA,NA,NA
"mda","Moldova","1929",224.46,35.06,NA,NA,NA
"mda","Moldova","1930",221.51,35.48,NA,NA,NA
"mda","Moldova","1931",216.24,35.9,NA,NA,NA
"mda","Moldova","1932",211.1,36.32,NA,NA,NA
"mda","Moldova","1933",206.08,37.28,NA,NA,NA
"mda","Moldova","1934",201.18,38.24,NA,NA,NA
"mda","Moldova","1935",196.4,39.19,NA,NA,NA
"mda","Moldova","1936",191.73,40.14,NA,NA,NA
"mda","Moldova","1937",187.17,41.09,NA,NA,NA
"mda","Moldova","1938",182.72,42.04,NA,NA,NA
"mda","Moldova","1939",178.38,42.99,NA,NA,NA
"mda","Moldova","1940",174.13,43.93,NA,NA,NA
"mda","Moldova","1941",169.99,37.43,NA,NA,NA
"mda","Moldova","1942",165.95,36.02,NA,NA,NA
"mda","Moldova","1943",162.01,32.3,NA,NA,NA
"mda","Moldova","1944",158.15,22.98,NA,NA,NA
"mda","Moldova","1945",154.39,41.02,NA,NA,NA
"mda","Moldova","1946",150.72,46.97,NA,NA,NA
"mda","Moldova","1947",147.14,19.37,NA,NA,NA
"mda","Moldova","1948",143.64,50.57,NA,NA,NA
"mda","Moldova","1949",140.22,51.91,NA,NA,NA
"mda","Moldova","1950",136.89,53.39,NA,NA,NA
"mda","Moldova","1951",134.33,53.78,NA,NA,NA
"mda","Moldova","1952",129.31,54.31,NA,NA,NA
"mda","Moldova","1953",124.41,54.85,NA,NA,NA
"mda","Moldova","1954",119.63,55.39,NA,NA,NA
"mda","Moldova","1955",114.97,55.99,NA,NA,NA
"mda","Moldova","1956",110.44,56.62,NA,NA,NA
"mda","Moldova","1957",106.02,57.21,NA,NA,NA
"mda","Moldova","1958",101.66,57.94,NA,NA,NA
"mda","Moldova","1959",97.41,58.03,NA,NA,NA
"mda","Moldova","1960",93.31,58.42,NA,NA,NA
"mda","Moldova","1961",89.31,58.83,NA,NA,NA
"mda","Moldova","1962",85.42,59.25,NA,NA,NA
"mda","Moldova","1963",81.67,59.65,NA,NA,NA
"mda","Moldova","1964",78.12,60.12,NA,NA,NA
"mda","Moldova","1965",74.86,60.77,NA,NA,NA
"mda","Moldova","1966",71.99,61.22,NA,NA,NA
"mda","Moldova","1967",69.59,61.7,NA,NA,NA
"mda","Moldova","1968",67.67,62.18,NA,NA,NA
"mda","Moldova","1969",66.23,62.66,NA,NA,NA
"mda","Moldova","1970",65.29,62.87,NA,NA,NA
"mda","Moldova","1971",64.84,63.05,NA,NA,NA
"mda","Moldova","1972",62.9,63.31,NA,NA,NA
"mda","Moldova","1973",61.07,63.52,NA,NA,NA
"mda","Moldova","1974",59.32,63.71,NA,NA,NA
"mda","Moldova","1975",57.59,64.05,NA,NA,NA
"mda","Moldova","1976",55.96,64.38,NA,NA,NA
"mda","Moldova","1977",54.42,64.83,NA,NA,NA
"mda","Moldova","1978",52.83,65.12,NA,NA,NA
"mda","Moldova","1979",51.4,65.61,NA,NA,NA
"mda","Moldova","1980",50.05,65.79,NA,NA,NA
"mda","Moldova","1981",48.59,66.06,NA,NA,NA
"mda","Moldova","1982",46.76,66.15,NA,NA,NA
"mda","Moldova","1983",44.73,65.33,NA,NA,NA
"mda","Moldova","1984",42.6,65.7,NA,NA,NA
"mda","Moldova","1985",40.51,66.32,NA,NA,NA
"mda","Moldova","1986",38.42,67.88,NA,NA,NA
"mda","Moldova","1987",36.58,68.6,NA,NA,NA
"mda","Moldova","1988",35,68.58,NA,NA,NA
"mda","Moldova","1989",33.96,68.59,NA,NA,NA
"mda","Moldova","1990",33.59,68.27,NA,NA,NA
"mda","Moldova","1991",33.85,67.64,NA,NA,NA
"mda","Moldova","1992",34.83,67.81,NA,NA,NA
"mda","Moldova","1993",36.26,67.84,NA,NA,NA
"mda","Moldova","1994",37.66,66.37,NA,NA,NA
"mda","Moldova","1995",38.63,66.03,NA,NA,NA
"mda","Moldova","1996",38.89,66.87,NA,NA,NA
"mda","Moldova","1997",38.19,68.14,NA,NA,NA
"mda","Moldova","1998",36.67,68.84,NA,NA,NA
"mda","Moldova","1999",34.36,68.79,NA,NA,NA
"mda","Moldova","2000",31.51,68.86,NA,NA,NA
"mda","Moldova","2001",28.56,69.19,NA,NA,NA
"mda","Moldova","2002",25.76,69.14,NA,NA,NA
"mda","Moldova","2003",23.35,69.13,NA,NA,NA
"mda","Moldova","2004",21.47,69.39,NA,NA,NA
"mda","Moldova","2005",20.05,68.9,NA,NA,NA
"mda","Moldova","2006",19.04,69.37,NA,NA,NA
"mda","Moldova","2007",18.33,69.6,NA,NA,NA
"mda","Moldova","2008",17.8,69.93,NA,NA,NA
"mda","Moldova","2009",17.44,70.07,NA,NA,NA
"mda","Moldova","2010",17.15,69.95,NA,NA,NA
"mda","Moldova","2011",16.85,71.69,NA,NA,NA
"mda","Moldova","2012",16.53,71.97,NA,NA,NA
"mda","Moldova","2013",16.26,72.65,NA,NA,NA
"mda","Moldova","2014",15.98,72.33,NA,NA,NA
"mda","Moldova","2015",15.76,72.08,NA,NA,NA
"mda","Moldova","2016",15.47,72.63,NA,NA,NA
"mda","Moldova","2017",15.26,73.66,NA,NA,NA
"mda","Moldova","2018",15.03,73.99,NA,NA,NA
"mda","Moldova","2019",14.76,74.33,NA,NA,NA
"mda","Moldova","2020",14.5,73.52,NA,NA,NA
"mda","Moldova","2021",14.27,72.14,NA,NA,NA
"mda","Moldova","2022",14.56,71.9,NA,NA,NA
"mda","Moldova","2023",13.96,72.83,NA,NA,NA
"mda","Moldova","2024",10.77,75.06,NA,NA,NA
"mda","Moldova","2025",10.45,75.22,NA,NA,NA
"mdg","Madagascar","1915",424.3,33.2,NA,NA,NA
"mdg","Madagascar","1916",423.28,33.24,NA,NA,NA
"mdg","Madagascar","1917",422.25,33.28,NA,NA,NA
"mdg","Madagascar","1918",421.23,13.89,NA,NA,NA
"mdg","Madagascar","1919",420.2,33.36,NA,NA,NA
"mdg","Madagascar","1920",419.17,33.4,NA,NA,NA
"mdg","Madagascar","1921",418.15,33.44,NA,NA,NA
"mdg","Madagascar","1922",417.12,33.49,NA,NA,NA
"mdg","Madagascar","1923",416.1,33.53,NA,NA,NA
"mdg","Madagascar","1924",415.07,33.57,NA,NA,NA
"mdg","Madagascar","1925",414.05,33.61,NA,NA,NA
"mdg","Madagascar","1926",413.02,33.65,NA,NA,NA
"mdg","Madagascar","1927",411.99,33.69,NA,NA,NA
"mdg","Madagascar","1928",410.97,33.73,NA,NA,NA
"mdg","Madagascar","1929",409.94,33.78,NA,NA,NA
"mdg","Madagascar","1930",408.92,33.82,NA,NA,NA
"mdg","Madagascar","1931",407.89,33.86,NA,NA,NA
"mdg","Madagascar","1932",406.87,33.9,NA,NA,NA
"mdg","Madagascar","1933",405.84,33.94,NA,NA,NA
"mdg","Madagascar","1934",404.81,33.98,NA,NA,NA
"mdg","Madagascar","1935",403.79,34.02,NA,NA,NA
"mdg","Madagascar","1936",402.76,34.07,NA,NA,NA
"mdg","Madagascar","1937",401.74,34.11,NA,NA,NA
"mdg","Madagascar","1938",400.71,34.15,NA,NA,NA
"mdg","Madagascar","1939",399.69,34.19,NA,NA,NA
"mdg","Madagascar","1940",398.66,34.23,NA,NA,NA
"mdg","Madagascar","1941",388.08,34.39,NA,NA,NA
"mdg","Madagascar","1942",377.78,34.54,NA,NA,NA
"mdg","Madagascar","1943",367.76,34.69,NA,NA,NA
"mdg","Madagascar","1944",358,34.85,NA,NA,NA
"mdg","Madagascar","1945",348.5,35,NA,NA,NA
"mdg","Madagascar","1946",339.26,36.26,NA,NA,NA
"mdg","Madagascar","1947",330.25,37.51,NA,NA,NA
"mdg","Madagascar","1948",321.49,38.77,NA,NA,NA
"mdg","Madagascar","1949",312.96,40.03,NA,NA,NA
"mdg","Madagascar","1950",304.66,41.29,NA,NA,NA
"mdg","Madagascar","1951",297.65,41.39,NA,NA,NA
"mdg","Madagascar","1952",290.81,41.59,NA,NA,NA
"mdg","Madagascar","1953",284.12,41.85,NA,NA,NA
"mdg","Madagascar","1954",277.59,42.14,NA,NA,NA
"mdg","Madagascar","1955",271.21,42.5,NA,NA,NA
"mdg","Madagascar","1956",264.97,42.83,NA,NA,NA
"mdg","Madagascar","1957",258.88,43.32,NA,NA,NA
"mdg","Madagascar","1958",252.93,43.83,NA,NA,NA
"mdg","Madagascar","1959",247.11,44.23,NA,NA,NA
"mdg","Madagascar","1960",241.43,44.83,NA,NA,NA
"mdg","Madagascar","1961",235.88,45.22,NA,NA,NA
"mdg","Madagascar","1962",230.45,45.65,NA,NA,NA
"mdg","Madagascar","1963",225.15,46.14,NA,NA,NA
"mdg","Madagascar","1964",219.98,46.6,NA,NA,NA
"mdg","Madagascar","1965",214.92,46.87,NA,NA,NA
"mdg","Madagascar","1966",209.98,46.88,NA,NA,NA
"mdg","Madagascar","1967",205.15,47.14,NA,NA,NA
"mdg","Madagascar","1968",200.43,47.55,NA,NA,NA
"mdg","Madagascar","1969",195.83,48.14,NA,NA,NA
"mdg","Madagascar","1970",191.32,48.44,NA,NA,NA
"mdg","Madagascar","1971",186.92,49.06,NA,NA,NA
"mdg","Madagascar","1972",182.63,49.82,NA,NA,NA
"mdg","Madagascar","1973",178.43,50.68,NA,NA,NA
"mdg","Madagascar","1974",174.32,51.4,NA,NA,NA
"mdg","Madagascar","1975",168.1,52.03,NA,NA,NA
"mdg","Madagascar","1976",165.08,52.65,NA,NA,NA
"mdg","Madagascar","1977",166.4,53.47,NA,NA,NA
"mdg","Madagascar","1978",167.89,54.1,NA,NA,NA
"mdg","Madagascar","1979",170.09,54.64,NA,NA,NA
"mdg","Madagascar","1980",172.19,54.9,NA,NA,NA
"mdg","Madagascar","1981",174.51,55.07,NA,NA,NA
"mdg","Madagascar","1982",176.61,54.51,NA,NA,NA
"mdg","Madagascar","1983",178.02,54.69,NA,NA,NA
"mdg","Madagascar","1984",178.33,54.7,NA,NA,NA
"mdg","Madagascar","1985",177.37,54.79,NA,NA,NA
"mdg","Madagascar","1986",175,54.42,NA,NA,NA
"mdg","Madagascar","1987",171.44,54.39,NA,NA,NA
"mdg","Madagascar","1988",166.86,54.87,NA,NA,NA
"mdg","Madagascar","1989",161.63,55.44,NA,NA,NA
"mdg","Madagascar","1990",156.07,55.92,NA,NA,NA
"mdg","Madagascar","1991",150.74,56.26,NA,NA,NA
"mdg","Madagascar","1992",145.69,56.61,NA,NA,NA
"mdg","Madagascar","1993",140.78,56.58,NA,NA,NA
"mdg","Madagascar","1994",135.96,57.31,NA,NA,NA
"mdg","Madagascar","1995",131.05,57.92,NA,NA,NA
"mdg","Madagascar","1996",125.92,58.17,NA,NA,NA
"mdg","Madagascar","1997",120.69,58.39,NA,NA,NA
"mdg","Madagascar","1998",115.46,58.64,NA,NA,NA
"mdg","Madagascar","1999",110.25,59.1,NA,NA,NA
"mdg","Madagascar","2000",105.37,59.52,NA,NA,NA
"mdg","Madagascar","2001",100.78,59.95,NA,NA,NA
"mdg","Madagascar","2002",96.49,60.01,NA,NA,NA
"mdg","Madagascar","2003",92.43,60.27,NA,NA,NA
"mdg","Madagascar","2004",88.5,60.58,NA,NA,NA
"mdg","Madagascar","2005",84.81,61.1,NA,NA,NA
"mdg","Madagascar","2006",81.28,61.51,NA,NA,NA
"mdg","Madagascar","2007",77.9,61.89,NA,NA,NA
"mdg","Madagascar","2008",74.81,62.14,NA,NA,NA
"mdg","Madagascar","2009",71.95,62.32,NA,NA,NA
"mdg","Madagascar","2010",69.32,62.57,NA,NA,NA
"mdg","Madagascar","2011",66.95,62.9,NA,NA,NA
"mdg","Madagascar","2012",64.77,63.21,NA,NA,NA
"mdg","Madagascar","2013",62.72,63.52,NA,NA,NA
"mdg","Madagascar","2014",60.83,63.83,NA,NA,NA
"mdg","Madagascar","2015",59.01,64.16,NA,NA,NA
"mdg","Madagascar","2016",57.23,64.5,NA,NA,NA
"mdg","Madagascar","2017",55.46,64.8,NA,NA,NA
"mdg","Madagascar","2018",53.67,65.11,NA,NA,NA
"mdg","Madagascar","2019",51.88,65.48,NA,NA,NA
"mdg","Madagascar","2020",50.26,64.79,NA,NA,NA
"mdg","Madagascar","2021",48.72,64.1,NA,NA,NA
"mdg","Madagascar","2022",44.83,64.84,NA,NA,NA
"mdg","Madagascar","2023",42.02,66.03,NA,NA,NA
"mdg","Madagascar","2024",41.72,66.76,NA,NA,NA
"mdg","Madagascar","2025",43.5,67.03,NA,NA,NA
"mdv","Maldives","1915",384.18,30.72,NA,NA,NA
"mdv","Maldives","1916",383.59,30.69,NA,NA,NA
"mdv","Maldives","1917",383,30.66,NA,NA,NA
"mdv","Maldives","1918",382.42,9.94,NA,NA,NA
"mdv","Maldives","1919",381.83,30.6,NA,NA,NA
"mdv","Maldives","1920",381.25,30.57,NA,NA,NA
"mdv","Maldives","1921",380.66,30.54,NA,NA,NA
"mdv","Maldives","1922",380.08,30.51,NA,NA,NA
"mdv","Maldives","1923",379.5,30.48,NA,NA,NA
"mdv","Maldives","1924",378.91,30.45,NA,NA,NA
"mdv","Maldives","1925",378.33,30.42,NA,NA,NA
"mdv","Maldives","1926",377.76,30.39,NA,NA,NA
"mdv","Maldives","1927",377.18,30.36,NA,NA,NA
"mdv","Maldives","1928",376.6,30.33,NA,NA,NA
"mdv","Maldives","1929",376.02,30.3,NA,NA,NA
"mdv","Maldives","1930",375.45,30.27,NA,NA,NA
"mdv","Maldives","1931",374.87,30.24,NA,NA,NA
"mdv","Maldives","1932",374.3,30.21,NA,NA,NA
"mdv","Maldives","1933",373.72,30.18,NA,NA,NA
"mdv","Maldives","1934",373.15,30.15,NA,NA,NA
"mdv","Maldives","1935",372.58,30.12,NA,NA,NA
"mdv","Maldives","1936",372.01,30.09,NA,NA,NA
"mdv","Maldives","1937",371.44,30.06,NA,NA,NA
"mdv","Maldives","1938",370.87,30.03,NA,NA,NA
"mdv","Maldives","1939",370.3,30,NA,NA,NA
"mdv","Maldives","1940",369.73,29.97,NA,NA,NA
"mdv","Maldives","1941",369.17,30.04,NA,NA,NA
"mdv","Maldives","1942",368.6,30.1,NA,NA,NA
"mdv","Maldives","1943",368.04,30.17,NA,NA,NA
"mdv","Maldives","1944",367.47,30.24,NA,NA,NA
"mdv","Maldives","1945",366.91,30.32,NA,NA,NA
"mdv","Maldives","1946",366.35,30.38,NA,NA,NA
"mdv","Maldives","1947",365.79,30.45,NA,NA,NA
"mdv","Maldives","1948",365.23,30.52,NA,NA,NA
"mdv","Maldives","1949",364.67,30.58,NA,NA,NA
"mdv","Maldives","1950",364.11,30.65,NA,NA,NA
"mdv","Maldives","1951",362.02,31.3,NA,NA,NA
"mdv","Maldives","1952",358.81,31.99,NA,NA,NA
"mdv","Maldives","1953",355.17,32.65,NA,NA,NA
"mdv","Maldives","1954",353.03,33.33,NA,NA,NA
"mdv","Maldives","1955",350.91,34.03,NA,NA,NA
"mdv","Maldives","1956",348.8,34.74,NA,NA,NA
"mdv","Maldives","1957",346.7,35.45,NA,NA,NA
"mdv","Maldives","1958",344.62,36.15,NA,NA,NA
"mdv","Maldives","1959",342.54,36.69,NA,NA,NA
"mdv","Maldives","1960",340.48,37.84,NA,NA,NA
"mdv","Maldives","1961",338.96,38.78,NA,NA,NA
"mdv","Maldives","1962",334.58,39.65,NA,NA,NA
"mdv","Maldives","1963",324.49,40.35,NA,NA,NA
"mdv","Maldives","1964",314.04,41.56,NA,NA,NA
"mdv","Maldives","1965",305.01,42.56,NA,NA,NA
"mdv","Maldives","1966",295.88,43.41,NA,NA,NA
"mdv","Maldives","1967",286.64,44.56,NA,NA,NA
"mdv","Maldives","1968",277.19,45.62,NA,NA,NA
"mdv","Maldives","1969",267.88,46.42,NA,NA,NA
"mdv","Maldives","1970",257.85,47.53,NA,NA,NA
"mdv","Maldives","1971",247.25,48.47,NA,NA,NA
"mdv","Maldives","1972",236.03,49.44,NA,NA,NA
"mdv","Maldives","1973",224.19,50.08,NA,NA,NA
"mdv","Maldives","1974",212.18,50.84,NA,NA,NA
"mdv","Maldives","1975",200.35,51.69,NA,NA,NA
"mdv","Maldives","1976",189.11,52.33,NA,NA,NA
"mdv","Maldives","1977",178.62,52.66,NA,NA,NA
"mdv","Maldives","1978",168.5,51.48,NA,NA,NA
"mdv","Maldives","1979",158.89,54.64,NA,NA,NA
"mdv","Maldives","1980",149.91,55.95,NA,NA,NA
"mdv","Maldives","1981",141.57,57.02,NA,NA,NA
"mdv","Maldives","1982",133.94,58.01,NA,NA,NA
"mdv","Maldives","1983",126.69,59.19,NA,NA,NA
"mdv","Maldives","1984",119.86,60.44,NA,NA,NA
"mdv","Maldives","1985",113.45,61.65,NA,NA,NA
"mdv","Maldives","1986",107.28,62.61,NA,NA,NA
"mdv","Maldives","1987",101.44,63.44,NA,NA,NA
"mdv","Maldives","1988",95.94,64.18,NA,NA,NA
"mdv","Maldives","1989",90.68,64.92,NA,NA,NA
"mdv","Maldives","1990",85.65,65.48,NA,NA,NA
"mdv","Maldives","1991",80.87,66.01,NA,NA,NA
"mdv","Maldives","1992",76.19,66.58,NA,NA,NA
"mdv","Maldives","1993",71.57,67.3,NA,NA,NA
"mdv","Maldives","1994",66.96,68.14,NA,NA,NA
"mdv","Maldives","1995",62.23,68.72,NA,NA,NA
"mdv","Maldives","1996",57.55,69.19,NA,NA,NA
"mdv","Maldives","1997",52.79,69.84,NA,NA,NA
"mdv","Maldives","1998",48.1,70.84,NA,NA,NA
"mdv","Maldives","1999",43.5,71.59,NA,NA,NA
"mdv","Maldives","2000",38.96,72.23,NA,NA,NA
"mdv","Maldives","2001",34.63,72.75,NA,NA,NA
"mdv","Maldives","2002",30.66,73.72,NA,NA,NA
"mdv","Maldives","2003",27.11,74.44,NA,NA,NA
"mdv","Maldives","2004",26.86,73.86,NA,NA,NA
"mdv","Maldives","2005",21.46,75.77,NA,NA,NA
"mdv","Maldives","2006",19.31,76.31,NA,NA,NA
"mdv","Maldives","2007",17.55,76.81,NA,NA,NA
"mdv","Maldives","2008",16.09,77.2,NA,NA,NA
"mdv","Maldives","2009",14.88,77.49,NA,NA,NA
"mdv","Maldives","2010",13.85,77.77,NA,NA,NA
"mdv","Maldives","2011",12.94,78.04,NA,NA,NA
"mdv","Maldives","2012",12.11,78.3,NA,NA,NA
"mdv","Maldives","2013",11.32,78.51,NA,NA,NA
"mdv","Maldives","2014",10.54,78.69,NA,NA,NA
"mdv","Maldives","2015",9.79,78.87,NA,NA,NA
"mdv","Maldives","2016",9.05,78.89,NA,NA,NA
"mdv","Maldives","2017",8.32,78.94,NA,NA,NA
"mdv","Maldives","2018",7.64,79.01,NA,NA,NA
"mdv","Maldives","2019",7.01,79.07,NA,NA,NA
"mdv","Maldives","2020",6.46,78.83,NA,NA,NA
"mdv","Maldives","2021",6.01,78.88,NA,NA,NA
"mdv","Maldives","2022",7.07,79.79,NA,NA,NA
"mdv","Maldives","2023",6.77,80.02,NA,NA,NA
"mdv","Maldives","2024",6.5,80.24,NA,NA,NA
"mdv","Maldives","2025",6.24,80.46,NA,NA,NA
"mex","Mexico","1915",436.06,29.6,NA,NA,NA
"mex","Mexico","1916",429.73,30.04,NA,NA,NA
"mex","Mexico","1917",423.54,30.47,NA,NA,NA
"mex","Mexico","1918",416.09,18.21,NA,NA,NA
"mex","Mexico","1919",410.04,31.33,NA,NA,NA
"mex","Mexico","1920",404.04,31.77,NA,NA,NA
"mex","Mexico","1921",396.88,32.21,NA,NA,NA
"mex","Mexico","1922",391.04,32.64,NA,NA,NA
"mex","Mexico","1923",379.28,33.54,NA,NA,NA
"mex","Mexico","1924",386.69,32.84,NA,NA,NA
"mex","Mexico","1925",394.19,32.14,NA,NA,NA
"mex","Mexico","1926",368.27,34.24,NA,NA,NA
"mex","Mexico","1927",300.79,40.35,NA,NA,NA
"mex","Mexico","1928",363,34.54,NA,NA,NA
"mex","Mexico","1929",351.87,35.44,NA,NA,NA
"mex","Mexico","1930",342.07,36.24,NA,NA,NA
"mex","Mexico","1931",324.93,37.75,NA,NA,NA
"mex","Mexico","1932",316.7,38.45,NA,NA,NA
"mex","Mexico","1933",327.57,37.35,NA,NA,NA
"mex","Mexico","1934",317.19,38.25,NA,NA,NA
"mex","Mexico","1935",293.79,40.45,NA,NA,NA
"mex","Mexico","1936",314.54,38.35,NA,NA,NA
"mex","Mexico","1937",329.59,36.85,NA,NA,NA
"mex","Mexico","1938",301.63,39.45,NA,NA,NA
"mex","Mexico","1939",242.29,45.56,NA,NA,NA
"mex","Mexico","1940",302.11,39.25,NA,NA,NA
"mex","Mexico","1941",267.94,42.67,NA,NA,NA
"mex","Mexico","1942",294.52,39.89,NA,NA,NA
"mex","Mexico","1943",264.66,42.9,NA,NA,NA
"mex","Mexico","1944",260.23,43.31,NA,NA,NA
"mex","Mexico","1945",250.32,44.33,NA,NA,NA
"mex","Mexico","1946",244.22,44.95,NA,NA,NA
"mex","Mexico","1947",230.25,46.46,NA,NA,NA
"mex","Mexico","1948",212.46,48.48,NA,NA,NA
"mex","Mexico","1949",233.42,45.99,NA,NA,NA
"mex","Mexico","1950",223.56,48.76,NA,NA,NA
"mex","Mexico","1951",237.49,48.9,NA,NA,NA
"mex","Mexico","1952",226.08,50.16,NA,NA,NA
"mex","Mexico","1953",215.27,51,NA,NA,NA
"mex","Mexico","1954",205.24,52.82,NA,NA,NA
"mex","Mexico","1955",195.57,53.59,NA,NA,NA
"mex","Mexico","1956",186.5,54.51,NA,NA,NA
"mex","Mexico","1957",177.97,54.92,NA,NA,NA
"mex","Mexico","1958",169.83,55.8,NA,NA,NA
"mex","Mexico","1959",162.42,56.28,NA,NA,NA
"mex","Mexico","1960",155.49,57.15,NA,NA,NA
"mex","Mexico","1961",149.03,58.17,NA,NA,NA
"mex","Mexico","1962",143.08,59.14,NA,NA,NA
"mex","Mexico","1963",137.64,58.94,NA,NA,NA
"mex","Mexico","1964",132.58,59.54,NA,NA,NA
"mex","Mexico","1965",127.76,59.87,NA,NA,NA
"mex","Mexico","1966",123.23,60.4,NA,NA,NA
"mex","Mexico","1967",118.96,60.83,NA,NA,NA
"mex","Mexico","1968",114.77,61,NA,NA,NA
"mex","Mexico","1969",110.74,61.23,NA,NA,NA
"mex","Mexico","1970",106.74,61.44,NA,NA,NA
"mex","Mexico","1971",102.82,62.49,NA,NA,NA
"mex","Mexico","1972",99.07,62.75,NA,NA,NA
"mex","Mexico","1973",95.39,63,NA,NA,NA
"mex","Mexico","1974",91.84,63.69,NA,NA,NA
"mex","Mexico","1975",88.31,64.21,NA,NA,NA
"mex","Mexico","1976",84.91,64.62,NA,NA,NA
"mex","Mexico","1977",81.53,65.06,NA,NA,NA
"mex","Mexico","1978",78.21,65.9,NA,NA,NA
"mex","Mexico","1979",74.91,65.93,NA,NA,NA
"mex","Mexico","1980",71.67,66.19,NA,NA,NA
"mex","Mexico","1981",68.52,66.57,NA,NA,NA
"mex","Mexico","1982",65.47,67.15,NA,NA,NA
"mex","Mexico","1983",62.57,67.76,NA,NA,NA
"mex","Mexico","1984",59.79,68.36,NA,NA,NA
"mex","Mexico","1985",57.18,68.62,NA,NA,NA
"mex","Mexico","1986",54.65,69.23,NA,NA,NA
"mex","Mexico","1987",52.22,69.65,NA,NA,NA
"mex","Mexico","1988",49.88,69.92,NA,NA,NA
"mex","Mexico","1989",47.62,70.33,NA,NA,NA
"mex","Mexico","1990",45.44,70.85,NA,NA,NA
"mex","Mexico","1991",43.36,71.29,NA,NA,NA
"mex","Mexico","1992",41.37,71.55,NA,NA,NA
"mex","Mexico","1993",39.46,71.82,NA,NA,NA
"mex","Mexico","1994",37.64,72.18,NA,NA,NA
"mex","Mexico","1995",35.91,72.35,NA,NA,NA
"mex","Mexico","1996",34.24,72.69,NA,NA,NA
"mex","Mexico","1997",32.66,72.93,NA,NA,NA
"mex","Mexico","1998",31.16,73.2,NA,NA,NA
"mex","Mexico","1999",29.73,73.69,NA,NA,NA
"mex","Mexico","2000",28.38,74.21,NA,NA,NA
"mex","Mexico","2001",27.12,74.57,NA,NA,NA
"mex","Mexico","2002",25.95,74.62,NA,NA,NA
"mex","Mexico","2003",24.86,74.68,NA,NA,NA
"mex","Mexico","2004",23.87,75.05,NA,NA,NA
"mex","Mexico","2005",22.95,75.01,NA,NA,NA
"mex","Mexico","2006",22.09,75.34,NA,NA,NA
"mex","Mexico","2007",21.29,75.57,NA,NA,NA
"mex","Mexico","2008",20.55,75.24,NA,NA,NA
"mex","Mexico","2009",19.86,75.05,NA,NA,NA
"mex","Mexico","2010",19.2,75.25,NA,NA,NA
"mex","Mexico","2011",18.55,75.55,NA,NA,NA
"mex","Mexico","2012",17.93,75.72,NA,NA,NA
"mex","Mexico","2013",17.34,75.52,NA,NA,NA
"mex","Mexico","2014",16.76,75.61,NA,NA,NA
"mex","Mexico","2015",16.21,75.73,NA,NA,NA
"mex","Mexico","2016",15.69,75.47,NA,NA,NA
"mex","Mexico","2017",15.16,75.5,NA,NA,NA
"mex","Mexico","2018",14.64,75.48,NA,NA,NA
"mex","Mexico","2019",14.15,75.63,NA,NA,NA
"mex","Mexico","2020",13.67,71.48,NA,NA,NA
"mex","Mexico","2021",13.56,71.56,NA,NA,NA
"mex","Mexico","2022",12.89,76.27,NA,NA,NA
"mex","Mexico","2023",12.43,76.48,NA,NA,NA
"mex","Mexico","2024",12.01,76.68,NA,NA,NA
"mex","Mexico","2025",11.6,76.88,NA,NA,NA
"mhl","Marshall Islands","1915",NA,NA,NA,NA,NA
"mhl","Marshall Islands","1916",NA,NA,NA,NA,NA
"mhl","Marshall Islands","1917",NA,NA,NA,NA,NA
"mhl","Marshall Islands","1918",NA,NA,NA,NA,NA
"mhl","Marshall Islands","1919",NA,NA,NA,NA,NA
"mhl","Marshall Islands","1920",NA,NA,NA,NA,NA
"mhl","Marshall Islands","1921",NA,NA,NA,NA,NA
"mhl","Marshall Islands","1922",NA,NA,NA,NA,NA
"mhl","Marshall Islands","1923",NA,NA,NA,NA,NA
"mhl","Marshall Islands","1924",NA,NA,NA,NA,NA
"mhl","Marshall Islands","1925",NA,NA,NA,NA,NA
"mhl","Marshall Islands","1926",NA,NA,NA,NA,NA
"mhl","Marshall Islands","1927",NA,NA,NA,NA,NA
"mhl","Marshall Islands","1928",NA,NA,NA,NA,NA
"mhl","Marshall Islands","1929",NA,NA,NA,NA,NA
"mhl","Marshall Islands","1930",NA,NA,NA,NA,NA
"mhl","Marshall Islands","1931",NA,NA,NA,NA,NA
"mhl","Marshall Islands","1932",NA,NA,NA,NA,NA
"mhl","Marshall Islands","1933",NA,NA,NA,NA,NA
"mhl","Marshall Islands","1934",NA,NA,NA,NA,NA
"mhl","Marshall Islands","1935",NA,NA,NA,NA,NA
"mhl","Marshall Islands","1936",NA,NA,NA,NA,NA
"mhl","Marshall Islands","1937",NA,NA,NA,NA,NA
"mhl","Marshall Islands","1938",NA,NA,NA,NA,NA
"mhl","Marshall Islands","1939",NA,NA,NA,NA,NA
"mhl","Marshall Islands","1940",NA,NA,NA,NA,NA
"mhl","Marshall Islands","1941",NA,NA,NA,NA,NA
"mhl","Marshall Islands","1942",NA,NA,NA,NA,NA
"mhl","Marshall Islands","1943",NA,NA,NA,NA,NA
"mhl","Marshall Islands","1944",NA,NA,NA,NA,NA
"mhl","Marshall Islands","1945",NA,NA,NA,NA,NA
"mhl","Marshall Islands","1946",NA,NA,NA,NA,NA
"mhl","Marshall Islands","1947",NA,NA,NA,NA,NA
"mhl","Marshall Islands","1948",NA,NA,NA,NA,NA
"mhl","Marshall Islands","1949",NA,NA,NA,NA,NA
"mhl","Marshall Islands","1950",130.82,52.14,NA,NA,NA
"mhl","Marshall Islands","1951",130.67,52.59,NA,NA,NA
"mhl","Marshall Islands","1952",130.3,53.01,NA,NA,NA
"mhl","Marshall Islands","1953",129.93,53.44,NA,NA,NA
"mhl","Marshall Islands","1954",129.52,53.85,NA,NA,NA
"mhl","Marshall Islands","1955",129.18,54.28,NA,NA,NA
"mhl","Marshall Islands","1956",128.71,54.73,NA,NA,NA
"mhl","Marshall Islands","1957",128.22,55.15,NA,NA,NA
"mhl","Marshall Islands","1958",127.73,55.57,NA,NA,NA
"mhl","Marshall Islands","1959",127.18,55.97,NA,NA,NA
"mhl","Marshall Islands","1960",121.11,56.34,NA,NA,NA
"mhl","Marshall Islands","1961",115.38,56.66,NA,NA,NA
"mhl","Marshall Islands","1962",110.15,56.95,NA,NA,NA
"mhl","Marshall Islands","1963",105.26,57.24,NA,NA,NA
"mhl","Marshall Islands","1964",100.73,57.58,NA,NA,NA
"mhl","Marshall Islands","1965",96.54,57.9,NA,NA,NA
"mhl","Marshall Islands","1966",92.75,58.18,NA,NA,NA
"mhl","Marshall Islands","1967",89,58.46,NA,NA,NA
"mhl","Marshall Islands","1968",85.48,58.74,NA,NA,NA
"mhl","Marshall Islands","1969",82.15,59.04,NA,NA,NA
"mhl","Marshall Islands","1970",78.9,59.36,NA,NA,NA
"mhl","Marshall Islands","1971",75.98,59.72,NA,NA,NA
"mhl","Marshall Islands","1972",73.44,60.04,NA,NA,NA
"mhl","Marshall Islands","1973",71.33,60.47,NA,NA,NA
"mhl","Marshall Islands","1974",69.8,60.92,NA,NA,NA
"mhl","Marshall Islands","1975",68.72,61.29,NA,NA,NA
"mhl","Marshall Islands","1976",67.93,61.68,NA,NA,NA
"mhl","Marshall Islands","1977",67.12,62.02,NA,NA,NA
"mhl","Marshall Islands","1978",66.3,62.34,NA,NA,NA
"mhl","Marshall Islands","1979",65.34,62.65,NA,NA,NA
"mhl","Marshall Islands","1980",64.29,62.87,NA,NA,NA
"mhl","Marshall Islands","1981",63.08,63.08,NA,NA,NA
"mhl","Marshall Islands","1982",61.6,63.23,NA,NA,NA
"mhl","Marshall Islands","1983",60.03,62.82,NA,NA,NA
"mhl","Marshall Islands","1984",58.32,62.91,NA,NA,NA
"mhl","Marshall Islands","1985",56.54,63.07,NA,NA,NA
"mhl","Marshall Islands","1986",54.77,63.26,NA,NA,NA
"mhl","Marshall Islands","1987",52.95,63.4,NA,NA,NA
"mhl","Marshall Islands","1988",51.05,63.3,NA,NA,NA
"mhl","Marshall Islands","1989",49.17,63.12,NA,NA,NA
"mhl","Marshall Islands","1990",47.31,62.88,NA,NA,NA
"mhl","Marshall Islands","1991",45.59,62.79,NA,NA,NA
"mhl","Marshall Islands","1992",44.03,62.69,NA,NA,NA
"mhl","Marshall Islands","1993",42.68,62.77,NA,NA,NA
"mhl","Marshall Islands","1994",41.73,63.43,NA,NA,NA
"mhl","Marshall Islands","1995",41.2,63.33,NA,NA,NA
"mhl","Marshall Islands","1996",41.05,63.28,NA,NA,NA
"mhl","Marshall Islands","1997",41.18,63.14,NA,NA,NA
"mhl","Marshall Islands","1998",41.5,63.07,NA,NA,NA
"mhl","Marshall Islands","1999",41.83,62.99,NA,NA,NA
"mhl","Marshall Islands","2000",42,62.67,NA,NA,NA
"mhl","Marshall Islands","2001",42.05,62.95,NA,NA,NA
"mhl","Marshall Islands","2002",41.93,62.98,NA,NA,NA
"mhl","Marshall Islands","2003",41.65,63.01,NA,NA,NA
"mhl","Marshall Islands","2004",41.32,63.07,NA,NA,NA
"mhl","Marshall Islands","2005",41.02,63.14,NA,NA,NA
"mhl","Marshall Islands","2006",40.65,63.19,NA,NA,NA
"mhl","Marshall Islands","2007",40.22,63.37,NA,NA,NA
"mhl","Marshall Islands","2008",39.78,63.56,NA,NA,NA
"mhl","Marshall Islands","2009",39.36,63.75,NA,NA,NA
"mhl","Marshall Islands","2010",38.99,63.95,NA,NA,NA
"mhl","Marshall Islands","2011",38.56,64.16,NA,NA,NA
"mhl","Marshall Islands","2012",37.94,64.38,NA,NA,NA
"mhl","Marshall Islands","2013",37.17,64.59,NA,NA,NA
"mhl","Marshall Islands","2014",36.27,64.77,NA,NA,NA
"mhl","Marshall Islands","2015",35.4,64.92,NA,NA,NA
"mhl","Marshall Islands","2016",34.44,65.06,NA,NA,NA
"mhl","Marshall Islands","2017",33.54,65.22,NA,NA,NA
"mhl","Marshall Islands","2018",32.49,65.35,NA,NA,NA
"mhl","Marshall Islands","2019",31.63,65.49,NA,NA,NA
"mhl","Marshall Islands","2020",30.69,65.73,NA,NA,NA
"mhl","Marshall Islands","2021",29.72,66.02,NA,NA,NA
"mhl","Marshall Islands","2022",30.06,65.9,NA,NA,NA
"mhl","Marshall Islands","2023",29.77,66.04,NA,NA,NA
"mhl","Marshall Islands","2024",29.5,66.17,NA,NA,NA
"mhl","Marshall Islands","2025",29.21,66.31,NA,NA,NA
"mkd","North Macedonia","1915",335.07,34.8,NA,NA,NA
"mkd","North Macedonia","1916",332.16,34.78,NA,NA,NA
"mkd","North Macedonia","1917",329.27,34.76,NA,NA,NA
"mkd","North Macedonia","1918",326.41,19.06,NA,NA,NA
"mkd","North Macedonia","1919",323.58,34.72,NA,NA,NA
"mkd","North Macedonia","1920",320.77,34.7,NA,NA,NA
"mkd","North Macedonia","1921",317.98,35.19,NA,NA,NA
"mkd","North Macedonia","1922",315.22,35.68,NA,NA,NA
"mkd","North Macedonia","1923",312.49,36.16,NA,NA,NA
"mkd","North Macedonia","1924",309.77,36.64,NA,NA,NA
"mkd","North Macedonia","1925",307.08,37.13,NA,NA,NA
"mkd","North Macedonia","1926",304.42,37.62,NA,NA,NA
"mkd","North Macedonia","1927",301.77,38.09,NA,NA,NA
"mkd","North Macedonia","1928",299.15,38.58,NA,NA,NA
"mkd","North Macedonia","1929",296.56,39.06,NA,NA,NA
"mkd","North Macedonia","1930",293.98,39.55,NA,NA,NA
"mkd","North Macedonia","1931",298.62,40.03,NA,NA,NA
"mkd","North Macedonia","1932",297.57,40.5,NA,NA,NA
"mkd","North Macedonia","1933",296.35,40.99,NA,NA,NA
"mkd","North Macedonia","1934",294.99,41.47,NA,NA,NA
"mkd","North Macedonia","1935",293.49,41.95,NA,NA,NA
"mkd","North Macedonia","1936",291.85,42.43,NA,NA,NA
"mkd","North Macedonia","1937",290.09,42.9,NA,NA,NA
"mkd","North Macedonia","1938",288.21,43.38,NA,NA,NA
"mkd","North Macedonia","1939",286.22,43.86,NA,NA,NA
"mkd","North Macedonia","1940",284.13,44.33,NA,NA,NA
"mkd","North Macedonia","1941",281.94,43.69,NA,NA,NA
"mkd","North Macedonia","1942",279.67,42.38,NA,NA,NA
"mkd","North Macedonia","1943",277.31,41.17,NA,NA,NA
"mkd","North Macedonia","1944",274.88,40.06,NA,NA,NA
"mkd","North Macedonia","1945",272.38,40.02,NA,NA,NA
"mkd","North Macedonia","1946",269.81,45.51,NA,NA,NA
"mkd","North Macedonia","1947",267.19,47.86,NA,NA,NA
"mkd","North Macedonia","1948",264.51,48.79,NA,NA,NA
"mkd","North Macedonia","1949",261.78,49.53,NA,NA,NA
"mkd","North Macedonia","1950",259,50.21,NA,NA,NA
"mkd","North Macedonia","1951",294,46.22,NA,NA,NA
"mkd","North Macedonia","1952",258.58,50.72,NA,NA,NA
"mkd","North Macedonia","1953",263.84,50.35,NA,NA,NA
"mkd","North Macedonia","1954",241.85,53.22,NA,NA,NA
"mkd","North Macedonia","1955",253.11,51.72,NA,NA,NA
"mkd","North Macedonia","1956",232.03,53.57,NA,NA,NA
"mkd","North Macedonia","1957",227.15,54.06,NA,NA,NA
"mkd","North Macedonia","1958",197.4,57.77,NA,NA,NA
"mkd","North Macedonia","1959",198.62,57.12,NA,NA,NA
"mkd","North Macedonia","1960",194.34,57.49,NA,NA,NA
"mkd","North Macedonia","1961",180.23,59.33,NA,NA,NA
"mkd","North Macedonia","1962",180.54,58.61,NA,NA,NA
"mkd","North Macedonia","1963",176.77,57.43,NA,NA,NA
"mkd","North Macedonia","1964",164.49,60.46,NA,NA,NA
"mkd","North Macedonia","1965",154.36,61.77,NA,NA,NA
"mkd","North Macedonia","1966",137.4,63.85,NA,NA,NA
"mkd","North Macedonia","1967",133.28,63.74,NA,NA,NA
"mkd","North Macedonia","1968",125.14,64.35,NA,NA,NA
"mkd","North Macedonia","1969",120.93,64.24,NA,NA,NA
"mkd","North Macedonia","1970",114.06,65.32,NA,NA,NA
"mkd","North Macedonia","1971",105.52,66.29,NA,NA,NA
"mkd","North Macedonia","1972",97.42,66.82,NA,NA,NA
"mkd","North Macedonia","1973",92.35,67.78,NA,NA,NA
"mkd","North Macedonia","1974",86.18,68.5,NA,NA,NA
"mkd","North Macedonia","1975",81.21,68.7,NA,NA,NA
"mkd","North Macedonia","1976",74.86,69.32,NA,NA,NA
"mkd","North Macedonia","1977",71.39,69.64,NA,NA,NA
"mkd","North Macedonia","1978",64.39,69.72,NA,NA,NA
"mkd","North Macedonia","1979",60.79,69.97,NA,NA,NA
"mkd","North Macedonia","1980",62.08,70.09,NA,NA,NA
"mkd","North Macedonia","1981",57.75,70.26,NA,NA,NA
"mkd","North Macedonia","1982",55.29,70.81,NA,NA,NA
"mkd","North Macedonia","1983",52.49,69.46,NA,NA,NA
"mkd","North Macedonia","1984",50.63,70.14,NA,NA,NA
"mkd","North Macedonia","1985",49.95,70.54,NA,NA,NA
"mkd","North Macedonia","1986",49.14,70.48,NA,NA,NA
"mkd","North Macedonia","1987",46.92,69.86,NA,NA,NA
"mkd","North Macedonia","1988",43.58,69.4,NA,NA,NA
"mkd","North Macedonia","1989",40.02,69.37,NA,NA,NA
"mkd","North Macedonia","1990",36.87,70.48,NA,NA,NA
"mkd","North Macedonia","1991",34.51,70.75,NA,NA,NA
"mkd","North Macedonia","1992",32.98,70.3,NA,NA,NA
"mkd","North Macedonia","1993",31.38,70.21,NA,NA,NA
"mkd","North Macedonia","1994",28.49,70.55,NA,NA,NA
"mkd","North Macedonia","1995",24.47,70.71,NA,NA,NA
"mkd","North Macedonia","1996",21.06,70.97,NA,NA,NA
"mkd","North Macedonia","1997",19.24,71.19,NA,NA,NA
"mkd","North Macedonia","1998",18.37,71.1,NA,NA,NA
"mkd","North Macedonia","1999",17.38,71.37,NA,NA,NA
"mkd","North Macedonia","2000",15.98,71.55,NA,NA,NA
"mkd","North Macedonia","2001",14.78,71.43,NA,NA,NA
"mkd","North Macedonia","2002",14.33,71.55,NA,NA,NA
"mkd","North Macedonia","2003",14.36,71.68,NA,NA,NA
"mkd","North Macedonia","2004",14.26,72.18,NA,NA,NA
"mkd","North Macedonia","2005",13.72,72.46,NA,NA,NA
"mkd","North Macedonia","2006",12.98,72.32,NA,NA,NA
"mkd","North Macedonia","2007",12.29,72.42,NA,NA,NA
"mkd","North Macedonia","2008",11.66,72.89,NA,NA,NA
"mkd","North Macedonia","2009",11,72.98,NA,NA,NA
"mkd","North Macedonia","2010",10.36,73.41,NA,NA,NA
"mkd","North Macedonia","2011",10,73.74,NA,NA,NA
"mkd","North Macedonia","2012",10.14,73.69,NA,NA,NA
"mkd","North Macedonia","2013",10.65,73.96,NA,NA,NA
"mkd","North Macedonia","2014",11.17,73.95,NA,NA,NA
"mkd","North Macedonia","2015",11.36,73.95,NA,NA,NA
"mkd","North Macedonia","2016",10.88,73.84,NA,NA,NA
"mkd","North Macedonia","2017",9.62,74.12,NA,NA,NA
"mkd","North Macedonia","2018",8.08,74.27,NA,NA,NA
"mkd","North Macedonia","2019",6.79,74.37,NA,NA,NA
"mkd","North Macedonia","2020",6.47,72.33,NA,NA,NA
"mkd","North Macedonia","2021",6.42,71.05,NA,NA,NA
"mkd","North Macedonia","2022",6.35,71.1,NA,NA,NA
"mkd","North Macedonia","2023",7.36,72.41,NA,NA,NA
"mkd","North Macedonia","2024",6.79,75.15,NA,NA,NA
"mkd","North Macedonia","2025",6.6,75.3,NA,NA,NA
"mli","Mali","1915",479.98,31.52,NA,NA,NA
"mli","Mali","1916",478.82,31.6,NA,NA,NA
"mli","Mali","1917",477.66,31.68,NA,NA,NA
"mli","Mali","1918",476.5,12.28,NA,NA,NA
"mli","Mali","1919",475.33,31.84,NA,NA,NA
"mli","Mali","1920",474.17,31.91,NA,NA,NA
"mli","Mali","1921",469.56,31.99,NA,NA,NA
"mli","Mali","1922",464.99,32.07,NA,NA,NA
"mli","Mali","1923",460.46,32.15,NA,NA,NA
"mli","Mali","1924",455.98,32.23,NA,NA,NA
"mli","Mali","1925",451.55,32.31,NA,NA,NA
"mli","Mali","1926",447.15,32.39,NA,NA,NA
"mli","Mali","1927",442.8,32.46,NA,NA,NA
"mli","Mali","1928",438.49,32.54,NA,NA,NA
"mli","Mali","1929",434.23,32.62,NA,NA,NA
"mli","Mali","1930",430,32.7,NA,NA,NA
"mli","Mali","1931",430.87,32.78,NA,NA,NA
"mli","Mali","1932",431.74,32.86,NA,NA,NA
"mli","Mali","1933",432.6,32.94,NA,NA,NA
"mli","Mali","1934",433.47,33.01,NA,NA,NA
"mli","Mali","1935",434.33,33.09,NA,NA,NA
"mli","Mali","1936",435.19,33.17,NA,NA,NA
"mli","Mali","1937",436.05,33.25,NA,NA,NA
"mli","Mali","1938",436.9,33.33,NA,NA,NA
"mli","Mali","1939",437.76,33.41,NA,NA,NA
"mli","Mali","1940",438.61,33.49,NA,NA,NA
"mli","Mali","1941",439.46,33.65,NA,NA,NA
"mli","Mali","1942",440.31,33.82,NA,NA,NA
"mli","Mali","1943",441.15,33.99,NA,NA,NA
"mli","Mali","1944",441.99,34.16,NA,NA,NA
"mli","Mali","1945",442.83,34.33,NA,NA,NA
"mli","Mali","1946",443.67,34.5,NA,NA,NA
"mli","Mali","1947",444.51,34.67,NA,NA,NA
"mli","Mali","1948",445.34,34.84,NA,NA,NA
"mli","Mali","1949",446.17,35.02,NA,NA,NA
"mli","Mali","1950",447,35.19,NA,NA,NA
"mli","Mali","1951",360,35.37,NA,NA,NA
"mli","Mali","1952",447,35.61,NA,NA,NA
"mli","Mali","1953",360,35.92,NA,NA,NA
"mli","Mali","1954",447,36.19,NA,NA,NA
"mli","Mali","1955",358,36.43,NA,NA,NA
"mli","Mali","1956",352.68,36.68,NA,NA,NA
"mli","Mali","1957",351,36.92,NA,NA,NA
"mli","Mali","1958",432.98,37.15,NA,NA,NA
"mli","Mali","1959",432.04,37.41,NA,NA,NA
"mli","Mali","1960",430.53,37.66,NA,NA,NA
"mli","Mali","1961",429.04,37.87,NA,NA,NA
"mli","Mali","1962",427.34,38.08,NA,NA,NA
"mli","Mali","1963",424.98,38.31,NA,NA,NA
"mli","Mali","1964",417.64,38.43,NA,NA,NA
"mli","Mali","1965",410.22,38.65,NA,NA,NA
"mli","Mali","1966",403.62,38.94,NA,NA,NA
"mli","Mali","1967",397.09,39.2,NA,NA,NA
"mli","Mali","1968",390.91,39.48,NA,NA,NA
"mli","Mali","1969",384.69,39.72,NA,NA,NA
"mli","Mali","1970",378.96,40.21,NA,NA,NA
"mli","Mali","1971",372.78,40.47,NA,NA,NA
"mli","Mali","1972",366.16,41.12,NA,NA,NA
"mli","Mali","1973",359.41,41.54,NA,NA,NA
"mli","Mali","1974",351.97,41.92,NA,NA,NA
"mli","Mali","1975",343.89,42.42,NA,NA,NA
"mli","Mali","1976",335.41,43.05,NA,NA,NA
"mli","Mali","1977",326.73,43.74,NA,NA,NA
"mli","Mali","1978",318.25,44.38,NA,NA,NA
"mli","Mali","1979",309.82,45.15,NA,NA,NA
"mli","Mali","1980",301.46,45.75,NA,NA,NA
"mli","Mali","1981",293.22,46.15,NA,NA,NA
"mli","Mali","1982",285.05,46.78,NA,NA,NA
"mli","Mali","1983",276.84,47.36,NA,NA,NA
"mli","Mali","1984",268.8,47.73,NA,NA,NA
"mli","Mali","1985",261.23,48.26,NA,NA,NA
"mli","Mali","1986",254.09,49.01,NA,NA,NA
"mli","Mali","1987",247.42,49.35,NA,NA,NA
"mli","Mali","1988",241.27,49.7,NA,NA,NA
"mli","Mali","1989",235.68,50.02,NA,NA,NA
"mli","Mali","1990",230.71,50.19,NA,NA,NA
"mli","Mali","1991",226.25,50.65,NA,NA,NA
"mli","Mali","1992",222.31,50.96,NA,NA,NA
"mli","Mali","1993",218.75,51.3,NA,NA,NA
"mli","Mali","1994",215.3,51.36,NA,NA,NA
"mli","Mali","1995",211.79,51.66,NA,NA,NA
"mli","Mali","1996",208.1,51.89,NA,NA,NA
"mli","Mali","1997",203.84,51.15,NA,NA,NA
"mli","Mali","1998",198.98,50.99,NA,NA,NA
"mli","Mali","1999",193.42,52.93,NA,NA,NA
"mli","Mali","2000",187.42,53.28,NA,NA,NA
"mli","Mali","2001",181.07,53.82,NA,NA,NA
"mli","Mali","2002",174.67,54.28,NA,NA,NA
"mli","Mali","2003",168.35,54.91,NA,NA,NA
"mli","Mali","2004",162.19,55.65,NA,NA,NA
"mli","Mali","2005",156.37,56.16,NA,NA,NA
"mli","Mali","2006",150.79,56.6,NA,NA,NA
"mli","Mali","2007",145.37,57.11,NA,NA,NA
"mli","Mali","2008",140.21,57.57,NA,NA,NA
"mli","Mali","2009",135.13,58,NA,NA,NA
"mli","Mali","2010",130.28,58.44,NA,NA,NA
"mli","Mali","2011",125.56,58.9,NA,NA,NA
"mli","Mali","2012",120.99,59.15,NA,NA,NA
"mli","Mali","2013",116.61,59.16,NA,NA,NA
"mli","Mali","2014",112.39,59.53,NA,NA,NA
"mli","Mali","2015",108.31,59.88,NA,NA,NA
"mli","Mali","2016",104.47,60.4,NA,NA,NA
"mli","Mali","2017",100.89,60.84,NA,NA,NA
"mli","Mali","2018",97.43,61.23,NA,NA,NA
"mli","Mali","2019",94.18,61.83,NA,NA,NA
"mli","Mali","2020",91.05,60.76,NA,NA,NA
"mli","Mali","2021",87.75,61.08,NA,NA,NA
"mli","Mali","2022",84.42,61.57,NA,NA,NA
"mli","Mali","2023",85.77,62.21,NA,NA,NA
"mli","Mali","2024",85.92,63.05,NA,NA,NA
"mli","Mali","2025",84.44,63.28,NA,NA,NA
"mlt","Malta","1915",199.02,47.72,NA,NA,NA
"mlt","Malta","1916",192.75,48.16,NA,NA,NA
"mlt","Malta","1917",186.67,48.6,NA,NA,NA
"mlt","Malta","1918",180.79,45.82,NA,NA,NA
"mlt","Malta","1919",175.1,49.48,NA,NA,NA
"mlt","Malta","1920",169.58,49.91,NA,NA,NA
"mlt","Malta","1921",164.24,50.35,NA,NA,NA
"mlt","Malta","1922",159.06,50.78,NA,NA,NA
"mlt","Malta","1923",154.05,51.23,NA,NA,NA
"mlt","Malta","1924",149.2,51.66,NA,NA,NA
"mlt","Malta","1925",144.49,52.1,NA,NA,NA
"mlt","Malta","1926",139.94,52.54,NA,NA,NA
"mlt","Malta","1927",135.53,52.97,NA,NA,NA
"mlt","Malta","1928",131.26,53.4,NA,NA,NA
"mlt","Malta","1929",127.13,53.84,NA,NA,NA
"mlt","Malta","1930",123.12,54.28,NA,NA,NA
"mlt","Malta","1931",119.24,54.71,NA,NA,NA
"mlt","Malta","1932",115.48,55.14,NA,NA,NA
"mlt","Malta","1933",111.85,55.57,NA,NA,NA
"mlt","Malta","1934",108.32,56.01,NA,NA,NA
"mlt","Malta","1935",104.91,56.44,NA,NA,NA
"mlt","Malta","1936",101.6,56.54,NA,NA,NA
"mlt","Malta","1937",98.4,56.64,NA,NA,NA
"mlt","Malta","1938",95.3,56.74,NA,NA,NA
"mlt","Malta","1939",92.3,56.85,NA,NA,NA
"mlt","Malta","1940",89.39,55.38,NA,NA,NA
"mlt","Malta","1941",86.57,51.06,NA,NA,NA
"mlt","Malta","1942",83.85,53.95,NA,NA,NA
"mlt","Malta","1943",81.2,58.78,NA,NA,NA
"mlt","Malta","1944",78.65,60.22,NA,NA,NA
"mlt","Malta","1945",76.17,60.92,NA,NA,NA
"mlt","Malta","1946",73.77,61.38,NA,NA,NA
"mlt","Malta","1947",71.44,61.84,NA,NA,NA
"mlt","Malta","1948",69.19,62.3,NA,NA,NA
"mlt","Malta","1949",67.01,62.76,NA,NA,NA
"mlt","Malta","1950",64.9,63.23,NA,NA,NA
"mlt","Malta","1951",62.86,63.56,NA,NA,NA
"mlt","Malta","1952",60.88,64.8,NA,NA,NA
"mlt","Malta","1953",73.98,65.91,NA,NA,NA
"mlt","Malta","1954",80.55,66.58,NA,NA,NA
"mlt","Malta","1955",71.13,67.5,NA,NA,NA
"mlt","Malta","1956",61.86,68.06,NA,NA,NA
"mlt","Malta","1957",53.88,68.44,NA,NA,NA
"mlt","Malta","1958",47.77,68.88,NA,NA,NA
"mlt","Malta","1959",43.36,69.07,NA,NA,NA
"mlt","Malta","1960",40.26,69.08,NA,NA,NA
"mlt","Malta","1961",38.17,69.18,NA,NA,NA
"mlt","Malta","1962",36.72,69.31,NA,NA,NA
"mlt","Malta","1963",35.66,69.41,NA,NA,NA
"mlt","Malta","1964",34.76,69.56,NA,NA,NA
"mlt","Malta","1965",33.84,69.73,NA,NA,NA
"mlt","Malta","1966",32.82,69.96,NA,NA,NA
"mlt","Malta","1967",31.7,70.17,NA,NA,NA
"mlt","Malta","1968",30.48,70.42,NA,NA,NA
"mlt","Malta","1969",29.19,70.63,NA,NA,NA
"mlt","Malta","1970",27.86,70.93,NA,NA,NA
"mlt","Malta","1971",26.52,71.17,NA,NA,NA
"mlt","Malta","1972",25.19,71.41,NA,NA,NA
"mlt","Malta","1973",23.89,71.58,NA,NA,NA
"mlt","Malta","1974",22.61,71.78,NA,NA,NA
"mlt","Malta","1975",21.41,71.98,NA,NA,NA
"mlt","Malta","1976",20.28,72.19,NA,NA,NA
"mlt","Malta","1977",19.26,72.39,NA,NA,NA
"mlt","Malta","1978",18.37,72.36,NA,NA,NA
"mlt","Malta","1979",17.59,72.57,NA,NA,NA
"mlt","Malta","1980",16.9,72.74,NA,NA,NA
"mlt","Malta","1981",16.28,73.1,NA,NA,NA
"mlt","Malta","1982",15.69,73.39,NA,NA,NA
"mlt","Malta","1983",15.1,73.72,NA,NA,NA
"mlt","Malta","1984",14.5,74.26,NA,NA,NA
"mlt","Malta","1985",13.9,74.73,NA,NA,NA
"mlt","Malta","1986",13.29,75.29,NA,NA,NA
"mlt","Malta","1987",12.71,75.78,NA,NA,NA
"mlt","Malta","1988",12.19,76.08,NA,NA,NA
"mlt","Malta","1989",11.71,76.26,NA,NA,NA
"mlt","Malta","1990",11.28,76.59,NA,NA,NA
"mlt","Malta","1991",10.9,76.85,NA,NA,NA
"mlt","Malta","1992",10.53,77.04,NA,NA,NA
"mlt","Malta","1993",10.18,77.34,NA,NA,NA
"mlt","Malta","1994",9.82,77.69,NA,NA,NA
"mlt","Malta","1995",9.46,77.84,NA,NA,NA
"mlt","Malta","1996",9.1,78.02,NA,NA,NA
"mlt","Malta","1997",8.74,78.2,NA,NA,NA
"mlt","Malta","1998",8.39,78.49,NA,NA,NA
"mlt","Malta","1999",8.07,78.62,NA,NA,NA
"mlt","Malta","2000",7.79,78.83,NA,NA,NA
"mlt","Malta","2001",7.55,79.03,NA,NA,NA
"mlt","Malta","2002",7.35,79.13,NA,NA,NA
"mlt","Malta","2003",7.18,79.32,NA,NA,NA
"mlt","Malta","2004",7.05,79.62,NA,NA,NA
"mlt","Malta","2005",6.95,79.98,NA,NA,NA
"mlt","Malta","2006",6.88,80.26,NA,NA,NA
"mlt","Malta","2007",6.81,80.41,NA,NA,NA
"mlt","Malta","2008",6.75,80.58,NA,NA,NA
"mlt","Malta","2009",6.71,80.83,NA,NA,NA
"mlt","Malta","2010",6.67,81.08,NA,NA,NA
"mlt","Malta","2011",6.65,81.2,NA,NA,NA
"mlt","Malta","2012",6.62,81.36,NA,NA,NA
"mlt","Malta","2013",6.61,81.59,NA,NA,NA
"mlt","Malta","2014",6.59,81.82,NA,NA,NA
"mlt","Malta","2015",6.57,82.18,NA,NA,NA
"mlt","Malta","2016",6.56,82.25,NA,NA,NA
"mlt","Malta","2017",6.56,82.38,NA,NA,NA
"mlt","Malta","2018",6.54,82.5,NA,NA,NA
"mlt","Malta","2019",6.51,82.57,NA,NA,NA
"mlt","Malta","2020",3.58,82.72,NA,NA,NA
"mlt","Malta","2021",3.82,83.14,NA,NA,NA
"mlt","Malta","2022",5.33,83.07,NA,NA,NA
"mlt","Malta","2023",5.21,83.21,NA,NA,NA
"mlt","Malta","2024",5.09,83.35,NA,NA,NA
"mlt","Malta","2025",4.97,83.48,NA,NA,NA
"mmr","Myanmar","1915",420.42,31.72,NA,NA,NA
"mmr","Myanmar","1916",419.41,31.73,NA,NA,NA
"mmr","Myanmar","1917",418.39,31.74,NA,NA,NA
"mmr","Myanmar","1918",417.37,18.69,NA,NA,NA
"mmr","Myanmar","1919",416.36,31.77,NA,NA,NA
"mmr","Myanmar","1920",415.34,31.79,NA,NA,NA
"mmr","Myanmar","1921",414.32,31.8,NA,NA,NA
"mmr","Myanmar","1922",413.31,31.81,NA,NA,NA
"mmr","Myanmar","1923",412.29,31.83,NA,NA,NA
"mmr","Myanmar","1924",411.27,31.84,NA,NA,NA
"mmr","Myanmar","1925",410.26,31.86,NA,NA,NA
"mmr","Myanmar","1926",409.24,31.87,NA,NA,NA
"mmr","Myanmar","1927",408.23,31.89,NA,NA,NA
"mmr","Myanmar","1928",407.21,31.9,NA,NA,NA
"mmr","Myanmar","1929",406.19,31.91,NA,NA,NA
"mmr","Myanmar","1930",405.18,31.93,NA,NA,NA
"mmr","Myanmar","1931",403.74,31.94,NA,NA,NA
"mmr","Myanmar","1932",402.31,31.96,NA,NA,NA
"mmr","Myanmar","1933",400.89,31.97,NA,NA,NA
"mmr","Myanmar","1934",399.46,31.98,NA,NA,NA
"mmr","Myanmar","1935",398.03,32,NA,NA,NA
"mmr","Myanmar","1936",396.61,32.01,NA,NA,NA
"mmr","Myanmar","1937",395.19,32.03,NA,NA,NA
"mmr","Myanmar","1938",393.78,32.04,NA,NA,NA
"mmr","Myanmar","1939",392.36,32.05,NA,NA,NA
"mmr","Myanmar","1940",390.94,32.07,NA,NA,NA
"mmr","Myanmar","1941",389.54,32.06,NA,NA,NA
"mmr","Myanmar","1942",422.39,29.13,NA,NA,NA
"mmr","Myanmar","1943",414.63,29.64,NA,NA,NA
"mmr","Myanmar","1944",418.09,29.21,NA,NA,NA
"mmr","Myanmar","1945",417.81,29.1,NA,NA,NA
"mmr","Myanmar","1946",405.19,30.05,NA,NA,NA
"mmr","Myanmar","1947",391.69,31.03,NA,NA,NA
"mmr","Myanmar","1948",379.71,31.99,NA,NA,NA
"mmr","Myanmar","1949",364.61,33.27,NA,NA,NA
"mmr","Myanmar","1950",348.91,34.56,NA,NA,NA
"mmr","Myanmar","1951",341.5,35.41,NA,NA,NA
"mmr","Myanmar","1952",324.83,35.8,NA,NA,NA
"mmr","Myanmar","1953",311.1,36.12,NA,NA,NA
"mmr","Myanmar","1954",298.47,36.29,NA,NA,NA
"mmr","Myanmar","1955",286.99,36.63,NA,NA,NA
"mmr","Myanmar","1956",277.28,37.08,NA,NA,NA
"mmr","Myanmar","1957",268.37,37.44,NA,NA,NA
"mmr","Myanmar","1958",260.78,37.77,NA,NA,NA
"mmr","Myanmar","1959",254.27,38.23,NA,NA,NA
"mmr","Myanmar","1960",247.87,38.74,NA,NA,NA
"mmr","Myanmar","1961",241.33,39.07,NA,NA,NA
"mmr","Myanmar","1962",234.72,39.57,NA,NA,NA
"mmr","Myanmar","1963",226.85,40.09,NA,NA,NA
"mmr","Myanmar","1964",217.82,40.31,NA,NA,NA
"mmr","Myanmar","1965",208.11,40.76,NA,NA,NA
"mmr","Myanmar","1966",198.33,41.18,NA,NA,NA
"mmr","Myanmar","1967",189.36,41.54,NA,NA,NA
"mmr","Myanmar","1968",181.76,41.66,NA,NA,NA
"mmr","Myanmar","1969",178.21,42.2,NA,NA,NA
"mmr","Myanmar","1970",175.02,43.09,NA,NA,NA
"mmr","Myanmar","1971",171.69,44.22,NA,NA,NA
"mmr","Myanmar","1972",168.18,44.96,NA,NA,NA
"mmr","Myanmar","1973",164.7,45.66,NA,NA,NA
"mmr","Myanmar","1974",161.26,46.39,NA,NA,NA
"mmr","Myanmar","1975",157.79,47.02,NA,NA,NA
"mmr","Myanmar","1976",154.24,47.8,NA,NA,NA
"mmr","Myanmar","1977",150.84,48.47,NA,NA,NA
"mmr","Myanmar","1978",147.38,49.09,NA,NA,NA
"mmr","Myanmar","1979",144.22,50.01,NA,NA,NA
"mmr","Myanmar","1980",141.22,50.57,NA,NA,NA
"mmr","Myanmar","1981",138.32,51.12,NA,NA,NA
"mmr","Myanmar","1982",135.55,51.7,NA,NA,NA
"mmr","Myanmar","1983",132.83,52.29,NA,NA,NA
"mmr","Myanmar","1984",130.36,52.86,NA,NA,NA
"mmr","Myanmar","1985",127.88,53.38,NA,NA,NA
"mmr","Myanmar","1986",125.52,53.9,NA,NA,NA
"mmr","Myanmar","1987",123.1,54.32,NA,NA,NA
"mmr","Myanmar","1988",120.61,54.49,NA,NA,NA
"mmr","Myanmar","1989",118.06,55.07,NA,NA,NA
"mmr","Myanmar","1990",115.55,55.42,NA,NA,NA
"mmr","Myanmar","1991",112.94,55.65,NA,NA,NA
"mmr","Myanmar","1992",110.2,55.92,NA,NA,NA
"mmr","Myanmar","1993",107.46,56.31,NA,NA,NA
"mmr","Myanmar","1994",104.82,56.63,NA,NA,NA
"mmr","Myanmar","1995",102.1,56.96,NA,NA,NA
"mmr","Myanmar","1996",99.46,57.36,NA,NA,NA
"mmr","Myanmar","1997",96.89,57.72,NA,NA,NA
"mmr","Myanmar","1998",94.4,58.11,NA,NA,NA
"mmr","Myanmar","1999",91.98,58.52,NA,NA,NA
"mmr","Myanmar","2000",89.58,58.93,NA,NA,NA
"mmr","Myanmar","2001",87.15,59.37,NA,NA,NA
"mmr","Myanmar","2002",84.74,59.81,NA,NA,NA
"mmr","Myanmar","2003",82.29,60.3,NA,NA,NA
"mmr","Myanmar","2004",79.75,60.76,NA,NA,NA
"mmr","Myanmar","2005",77.17,61.38,NA,NA,NA
"mmr","Myanmar","2006",74.51,61.97,NA,NA,NA
"mmr","Myanmar","2007",71.84,62.65,NA,NA,NA
"mmr","Myanmar","2008",98.43,57.66,NA,NA,NA
"mmr","Myanmar","2009",66.33,64.03,NA,NA,NA
"mmr","Myanmar","2010",63.66,64.76,NA,NA,NA
"mmr","Myanmar","2011",61.04,65.4,NA,NA,NA
"mmr","Myanmar","2012",58.58,66.06,NA,NA,NA
"mmr","Myanmar","2013",56.23,66.69,NA,NA,NA
"mmr","Myanmar","2014",54.07,67.3,NA,NA,NA
"mmr","Myanmar","2015",52.19,67.73,NA,NA,NA
"mmr","Myanmar","2016",50.32,68.23,NA,NA,NA
"mmr","Myanmar","2017",48.51,68.26,NA,NA,NA
"mmr","Myanmar","2018",46.75,69.1,NA,NA,NA
"mmr","Myanmar","2019",45.18,69.46,NA,NA,NA
"mmr","Myanmar","2020",43.61,69.66,NA,NA,NA
"mmr","Myanmar","2021",42.63,68.49,NA,NA,NA
"mmr","Myanmar","2022",41.7,70.14,NA,NA,NA
"mmr","Myanmar","2023",40.64,70.35,NA,NA,NA
"mmr","Myanmar","2024",39.61,70.56,NA,NA,NA
"mmr","Myanmar","2025",38.64,70.76,NA,NA,NA
"mne","Montenegro","1915",364.2,38.63,NA,NA,NA
"mne","Montenegro","1916",363.32,38.68,NA,NA,NA
"mne","Montenegro","1917",362.43,38.73,NA,NA,NA
"mne","Montenegro","1918",361.55,21.28,NA,NA,NA
"mne","Montenegro","1919",360.67,38.83,NA,NA,NA
"mne","Montenegro","1920",359.79,38.88,NA,NA,NA
"mne","Montenegro","1921",349.79,39.8,NA,NA,NA
"mne","Montenegro","1922",339.98,40.73,NA,NA,NA
"mne","Montenegro","1923",330.37,41.65,NA,NA,NA
"mne","Montenegro","1924",320.94,42.58,NA,NA,NA
"mne","Montenegro","1925",311.67,43.5,NA,NA,NA
"mne","Montenegro","1926",302.56,44.44,NA,NA,NA
"mne","Montenegro","1927",294.63,45.37,NA,NA,NA
"mne","Montenegro","1928",285.85,46.31,NA,NA,NA
"mne","Montenegro","1929",277.22,47.24,NA,NA,NA
"mne","Montenegro","1930",268.74,48.19,NA,NA,NA
"mne","Montenegro","1931",259.94,49.13,NA,NA,NA
"mne","Montenegro","1932",251.34,50.08,NA,NA,NA
"mne","Montenegro","1933",242.92,51.02,NA,NA,NA
"mne","Montenegro","1934",234.66,51.98,NA,NA,NA
"mne","Montenegro","1935",226.56,52.93,NA,NA,NA
"mne","Montenegro","1936",218.62,53.88,NA,NA,NA
"mne","Montenegro","1937",210.84,54.84,NA,NA,NA
"mne","Montenegro","1938",203.23,55.8,NA,NA,NA
"mne","Montenegro","1939",195.77,56.76,NA,NA,NA
"mne","Montenegro","1940",188.47,57.72,NA,NA,NA
"mne","Montenegro","1941",182.08,45.6,NA,NA,NA
"mne","Montenegro","1942",175.03,42.28,NA,NA,NA
"mne","Montenegro","1943",168.14,41.04,NA,NA,NA
"mne","Montenegro","1944",161.4,39.31,NA,NA,NA
"mne","Montenegro","1945",154.78,41.38,NA,NA,NA
"mne","Montenegro","1946",148.31,52.21,NA,NA,NA
"mne","Montenegro","1947",141.99,63.65,NA,NA,NA
"mne","Montenegro","1948",135.82,64.98,NA,NA,NA
"mne","Montenegro","1949",129.77,66.51,NA,NA,NA
"mne","Montenegro","1950",123.85,67.51,NA,NA,NA
"mne","Montenegro","1951",126.3,67.16,NA,NA,NA
"mne","Montenegro","1952",101.86,68.23,NA,NA,NA
"mne","Montenegro","1953",100.85,68.37,NA,NA,NA
"mne","Montenegro","1954",96.67,68.94,NA,NA,NA
"mne","Montenegro","1955",96.41,68.81,NA,NA,NA
"mne","Montenegro","1956",92.97,69.07,NA,NA,NA
"mne","Montenegro","1957",89.16,69.59,NA,NA,NA
"mne","Montenegro","1958",82.85,70.47,NA,NA,NA
"mne","Montenegro","1959",82.01,70.52,NA,NA,NA
"mne","Montenegro","1960",77.69,70.79,NA,NA,NA
"mne","Montenegro","1961",73.8,71.19,NA,NA,NA
"mne","Montenegro","1962",51.98,71.09,NA,NA,NA
"mne","Montenegro","1963",48.55,71.55,NA,NA,NA
"mne","Montenegro","1964",47.6,71.81,NA,NA,NA
"mne","Montenegro","1965",44.07,72.44,NA,NA,NA
"mne","Montenegro","1966",41.1,73.15,NA,NA,NA
"mne","Montenegro","1967",40.42,73.27,NA,NA,NA
"mne","Montenegro","1968",38.58,73.47,NA,NA,NA
"mne","Montenegro","1969",38.05,73.39,NA,NA,NA
"mne","Montenegro","1970",36.72,73.66,NA,NA,NA
"mne","Montenegro","1971",35.1,73.69,NA,NA,NA
"mne","Montenegro","1972",36.94,73.81,NA,NA,NA
"mne","Montenegro","1973",35.42,73.56,NA,NA,NA
"mne","Montenegro","1974",33.35,73.37,NA,NA,NA
"mne","Montenegro","1975",32.17,73.22,NA,NA,NA
"mne","Montenegro","1976",29.85,73.2,NA,NA,NA
"mne","Montenegro","1977",29.55,73.19,NA,NA,NA
"mne","Montenegro","1978",28.42,73.15,NA,NA,NA
"mne","Montenegro","1979",28.23,72.42,NA,NA,NA
"mne","Montenegro","1980",25.7,73.6,NA,NA,NA
"mne","Montenegro","1981",26,73.74,NA,NA,NA
"mne","Montenegro","1982",29.29,73.34,NA,NA,NA
"mne","Montenegro","1983",29.09,72.81,NA,NA,NA
"mne","Montenegro","1984",27.31,72.83,NA,NA,NA
"mne","Montenegro","1985",24.79,73,NA,NA,NA
"mne","Montenegro","1986",22.53,73.28,NA,NA,NA
"mne","Montenegro","1987",20.54,73.55,NA,NA,NA
"mne","Montenegro","1988",18.85,73.85,NA,NA,NA
"mne","Montenegro","1989",17.48,74.21,NA,NA,NA
"mne","Montenegro","1990",16.47,74.67,NA,NA,NA
"mne","Montenegro","1991",13.1,75.02,NA,NA,NA
"mne","Montenegro","1992",15.35,75.02,NA,NA,NA
"mne","Montenegro","1993",15.15,74.72,NA,NA,NA
"mne","Montenegro","1994",15.09,74.37,NA,NA,NA
"mne","Montenegro","1995",15.09,74.27,NA,NA,NA
"mne","Montenegro","1996",15.09,74.11,NA,NA,NA
"mne","Montenegro","1997",15.03,73.82,NA,NA,NA
"mne","Montenegro","1998",14.88,73.73,NA,NA,NA
"mne","Montenegro","1999",14.6,73.64,NA,NA,NA
"mne","Montenegro","2000",14.18,73.71,NA,NA,NA
"mne","Montenegro","2001",15.7,73.77,NA,NA,NA
"mne","Montenegro","2002",12.94,73.88,NA,NA,NA
"mne","Montenegro","2003",12.17,73.8,NA,NA,NA
"mne","Montenegro","2004",11.37,73.81,NA,NA,NA
"mne","Montenegro","2005",10.54,73.8,NA,NA,NA
"mne","Montenegro","2006",9.72,73.86,NA,NA,NA
"mne","Montenegro","2007",8.7,74.06,NA,NA,NA
"mne","Montenegro","2008",8.2,74.26,NA,NA,NA
"mne","Montenegro","2009",6,74.44,NA,NA,NA
"mne","Montenegro","2010",7.5,74.73,NA,NA,NA
"mne","Montenegro","2011",5.7,74.93,NA,NA,NA
"mne","Montenegro","2012",5.46,75.15,NA,NA,NA
"mne","Montenegro","2013",4.92,75.14,NA,NA,NA
"mne","Montenegro","2014",4.43,75.2,NA,NA,NA
"mne","Montenegro","2015",3.98,75.31,NA,NA,NA
"mne","Montenegro","2016",3.57,75.38,NA,NA,NA
"mne","Montenegro","2017",3.2,75.45,NA,NA,NA
"mne","Montenegro","2018",2.88,75.64,NA,NA,NA
"mne","Montenegro","2019",2.61,75.86,NA,NA,NA
"mne","Montenegro","2020",2.37,75.09,NA,NA,NA
"mne","Montenegro","2021",1.21,75.17,NA,NA,NA
"mne","Montenegro","2022",1.53,75.67,NA,NA,NA
"mne","Montenegro","2023",2.44,76.58,NA,NA,NA
"mne","Montenegro","2024",2.36,76.76,NA,NA,NA
"mne","Montenegro","2025",2.28,76.92,NA,NA,NA
"mng","Mongolia","1915",407.72,29.85,NA,NA,NA
"mng","Mongolia","1916",406.73,29.82,NA,NA,NA
"mng","Mongolia","1917",405.75,29.79,NA,NA,NA
"mng","Mongolia","1918",404.76,19.08,NA,NA,NA
"mng","Mongolia","1919",403.78,29.73,NA,NA,NA
"mng","Mongolia","1920",402.79,29.7,NA,NA,NA
"mng","Mongolia","1921",401.81,29.67,NA,NA,NA
"mng","Mongolia","1922",400.82,29.64,NA,NA,NA
"mng","Mongolia","1923",399.83,29.61,NA,NA,NA
"mng","Mongolia","1924",398.85,29.58,NA,NA,NA
"mng","Mongolia","1925",397.86,29.55,NA,NA,NA
"mng","Mongolia","1926",396.88,29.52,NA,NA,NA
"mng","Mongolia","1927",395.89,29.49,NA,NA,NA
"mng","Mongolia","1928",394.91,29.46,NA,NA,NA
"mng","Mongolia","1929",393.92,29.43,NA,NA,NA
"mng","Mongolia","1930",392.93,29.4,NA,NA,NA
"mng","Mongolia","1931",391.95,29.37,NA,NA,NA
"mng","Mongolia","1932",390.96,29.35,NA,NA,NA
"mng","Mongolia","1933",389.98,29.32,NA,NA,NA
"mng","Mongolia","1934",388.99,29.29,NA,NA,NA
"mng","Mongolia","1935",388.01,29.26,NA,NA,NA
"mng","Mongolia","1936",387.02,29.23,NA,NA,NA
"mng","Mongolia","1937",386.04,29.2,NA,NA,NA
"mng","Mongolia","1938",385.05,29.17,NA,NA,NA
"mng","Mongolia","1939",384.06,29.14,NA,NA,NA
"mng","Mongolia","1940",383.08,29.11,NA,NA,NA
"mng","Mongolia","1941",382.09,29.11,NA,NA,NA
"mng","Mongolia","1942",381.11,29.12,NA,NA,NA
"mng","Mongolia","1943",380.12,29.13,NA,NA,NA
"mng","Mongolia","1944",379.14,29.13,NA,NA,NA
"mng","Mongolia","1945",378.15,29.14,NA,NA,NA
"mng","Mongolia","1946",353.29,31.09,NA,NA,NA
"mng","Mongolia","1947",328.53,33.05,NA,NA,NA
"mng","Mongolia","1948",305.94,34.99,NA,NA,NA
"mng","Mongolia","1949",283.34,36.95,NA,NA,NA
"mng","Mongolia","1950",262.65,38.89,NA,NA,NA
"mng","Mongolia","1951",259.02,39.25,NA,NA,NA
"mng","Mongolia","1952",255.43,39.65,NA,NA,NA
"mng","Mongolia","1953",251.9,40.07,NA,NA,NA
"mng","Mongolia","1954",248.41,40.54,NA,NA,NA
"mng","Mongolia","1955",244.97,41.02,NA,NA,NA
"mng","Mongolia","1956",241.58,41.53,NA,NA,NA
"mng","Mongolia","1957",238.24,40.44,NA,NA,NA
"mng","Mongolia","1958",234.94,42.6,NA,NA,NA
"mng","Mongolia","1959",231.69,43.25,NA,NA,NA
"mng","Mongolia","1960",228.49,43.93,NA,NA,NA
"mng","Mongolia","1961",225.33,44.54,NA,NA,NA
"mng","Mongolia","1962",222.21,45.27,NA,NA,NA
"mng","Mongolia","1963",219.13,46.02,NA,NA,NA
"mng","Mongolia","1964",216.1,46.72,NA,NA,NA
"mng","Mongolia","1965",213.11,47.72,NA,NA,NA
"mng","Mongolia","1966",210.16,48.03,NA,NA,NA
"mng","Mongolia","1967",207.25,48.75,NA,NA,NA
"mng","Mongolia","1968",204.38,49.4,NA,NA,NA
"mng","Mongolia","1969",201.56,50,NA,NA,NA
"mng","Mongolia","1970",198.77,50.55,NA,NA,NA
"mng","Mongolia","1971",196.02,51.51,NA,NA,NA
"mng","Mongolia","1972",193.3,52.53,NA,NA,NA
"mng","Mongolia","1973",190.63,53.51,NA,NA,NA
"mng","Mongolia","1974",175.36,54.88,NA,NA,NA
"mng","Mongolia","1975",160.83,55.61,NA,NA,NA
"mng","Mongolia","1976",148.23,55.9,NA,NA,NA
"mng","Mongolia","1977",136.1,56.26,NA,NA,NA
"mng","Mongolia","1978",125,56.53,NA,NA,NA
"mng","Mongolia","1979",168.86,56.89,NA,NA,NA
"mng","Mongolia","1980",162.95,57.19,NA,NA,NA
"mng","Mongolia","1981",128,57.66,NA,NA,NA
"mng","Mongolia","1982",151.43,57.97,NA,NA,NA
"mng","Mongolia","1983",133,58.28,NA,NA,NA
"mng","Mongolia","1984",140.51,58.64,NA,NA,NA
"mng","Mongolia","1985",131,58.85,NA,NA,NA
"mng","Mongolia","1986",129.11,59.36,NA,NA,NA
"mng","Mongolia","1987",128,59.94,NA,NA,NA
"mng","Mongolia","1988",117.69,59.95,NA,NA,NA
"mng","Mongolia","1989",112.39,60.19,NA,NA,NA
"mng","Mongolia","1990",107.45,60.41,NA,NA,NA
"mng","Mongolia","1991",102.94,60.43,NA,NA,NA
"mng","Mongolia","1992",98.74,60.11,NA,NA,NA
"mng","Mongolia","1993",94.69,59.77,NA,NA,NA
"mng","Mongolia","1994",90.76,59.65,NA,NA,NA
"mng","Mongolia","1995",86.77,59.55,NA,NA,NA
"mng","Mongolia","1996",82.57,59.59,NA,NA,NA
"mng","Mongolia","1997",78.07,59.95,NA,NA,NA
"mng","Mongolia","1998",73.36,60.38,NA,NA,NA
"mng","Mongolia","1999",68.44,60.73,NA,NA,NA
"mng","Mongolia","2000",63.45,60.99,NA,NA,NA
"mng","Mongolia","2001",58.49,61.27,NA,NA,NA
"mng","Mongolia","2002",53.67,61.7,NA,NA,NA
"mng","Mongolia","2003",49.1,62.09,NA,NA,NA
"mng","Mongolia","2004",44.85,62.5,NA,NA,NA
"mng","Mongolia","2005",40.94,62.94,NA,NA,NA
"mng","Mongolia","2006",37.36,63.49,NA,NA,NA
"mng","Mongolia","2007",34.12,64.05,NA,NA,NA
"mng","Mongolia","2008",31.2,64.55,NA,NA,NA
"mng","Mongolia","2009",28.57,64.81,NA,NA,NA
"mng","Mongolia","2010",26.29,65.08,NA,NA,NA
"mng","Mongolia","2011",24.37,65.51,NA,NA,NA
"mng","Mongolia","2012",22.77,66.06,NA,NA,NA
"mng","Mongolia","2013",21.47,66.62,NA,NA,NA
"mng","Mongolia","2014",20.39,67.18,NA,NA,NA
"mng","Mongolia","2015",19.43,67.65,NA,NA,NA
"mng","Mongolia","2016",18.5,67.78,NA,NA,NA
"mng","Mongolia","2017",17.61,67.88,NA,NA,NA
"mng","Mongolia","2018",16.78,68.03,NA,NA,NA
"mng","Mongolia","2019",16.04,68.08,NA,NA,NA
"mng","Mongolia","2020",15.35,68.38,NA,NA,NA
"mng","Mongolia","2021",14.73,67.28,NA,NA,NA
"mng","Mongolia","2022",10.6,68.88,NA,NA,NA
"mng","Mongolia","2023",9.94,69.14,NA,NA,NA
"mng","Mongolia","2024",9.33,69.39,NA,NA,NA
"mng","Mongolia","2025",8.76,69.64,NA,NA,NA
"moz","Mozambique","1915",426.89,37.15,NA,NA,NA
"moz","Mozambique","1916",425.86,37.26,NA,NA,NA
"moz","Mozambique","1917",424.83,37.36,NA,NA,NA
"moz","Mozambique","1918",423.79,14.49,NA,NA,NA
"moz","Mozambique","1919",422.76,37.58,NA,NA,NA
"moz","Mozambique","1920",421.73,37.68,NA,NA,NA
"moz","Mozambique","1921",420.7,37.79,NA,NA,NA
"moz","Mozambique","1922",419.67,37.89,NA,NA,NA
"moz","Mozambique","1923",418.63,38,NA,NA,NA
"moz","Mozambique","1924",417.6,38.1,NA,NA,NA
"moz","Mozambique","1925",416.57,38.21,NA,NA,NA
"moz","Mozambique","1926",415.54,38.32,NA,NA,NA
"moz","Mozambique","1927",414.51,38.42,NA,NA,NA
"moz","Mozambique","1928",413.47,38.53,NA,NA,NA
"moz","Mozambique","1929",412.44,38.63,NA,NA,NA
"moz","Mozambique","1930",411.41,38.74,NA,NA,NA
"moz","Mozambique","1931",400.14,38.84,NA,NA,NA
"moz","Mozambique","1932",388.92,38.95,NA,NA,NA
"moz","Mozambique","1933",377.75,39.06,NA,NA,NA
"moz","Mozambique","1934",366.63,39.16,NA,NA,NA
"moz","Mozambique","1935",355.57,39.27,NA,NA,NA
"moz","Mozambique","1936",344.55,39.37,NA,NA,NA
"moz","Mozambique","1937",333.59,39.48,NA,NA,NA
"moz","Mozambique","1938",322.67,39.58,NA,NA,NA
"moz","Mozambique","1939",311.82,39.69,NA,NA,NA
"moz","Mozambique","1940",301.01,39.8,NA,NA,NA
"moz","Mozambique","1941",290.25,40.11,NA,NA,NA
"moz","Mozambique","1942",279.55,40.42,NA,NA,NA
"moz","Mozambique","1943",268.89,40.74,NA,NA,NA
"moz","Mozambique","1944",258.29,41.06,NA,NA,NA
"moz","Mozambique","1945",247.74,41.38,NA,NA,NA
"moz","Mozambique","1946",237.24,41.69,NA,NA,NA
"moz","Mozambique","1947",226.79,42.01,NA,NA,NA
"moz","Mozambique","1948",216.39,42.33,NA,NA,NA
"moz","Mozambique","1949",206.05,42.64,NA,NA,NA
"moz","Mozambique","1950",195.76,42.97,NA,NA,NA
"moz","Mozambique","1951",194.19,43.13,NA,NA,NA
"moz","Mozambique","1952",191.1,43.3,NA,NA,NA
"moz","Mozambique","1953",195.66,43.51,NA,NA,NA
"moz","Mozambique","1954",192.38,43.71,NA,NA,NA
"moz","Mozambique","1955",189.19,43.95,NA,NA,NA
"moz","Mozambique","1956",186,44.12,NA,NA,NA
"moz","Mozambique","1957",195.33,44.33,NA,NA,NA
"moz","Mozambique","1958",192.03,44.56,NA,NA,NA
"moz","Mozambique","1959",189.04,44.82,NA,NA,NA
"moz","Mozambique","1960",186.3,45.09,NA,NA,NA
"moz","Mozambique","1961",270.51,45.35,NA,NA,NA
"moz","Mozambique","1962",267.9,45.65,NA,NA,NA
"moz","Mozambique","1963",266.13,45.91,NA,NA,NA
"moz","Mozambique","1964",267.77,45.73,NA,NA,NA
"moz","Mozambique","1965",187.6,45.98,NA,NA,NA
"moz","Mozambique","1966",270.61,46.18,NA,NA,NA
"moz","Mozambique","1967",271.96,46.49,NA,NA,NA
"moz","Mozambique","1968",219.9,46.85,NA,NA,NA
"moz","Mozambique","1969",273.34,47.27,NA,NA,NA
"moz","Mozambique","1970",273.31,47.65,NA,NA,NA
"moz","Mozambique","1971",273.13,47.99,NA,NA,NA
"moz","Mozambique","1972",272.4,48.34,NA,NA,NA
"moz","Mozambique","1973",271.7,48.71,NA,NA,NA
"moz","Mozambique","1974",270.89,49.17,NA,NA,NA
"moz","Mozambique","1975",269.92,49.79,NA,NA,NA
"moz","Mozambique","1976",268.99,49.93,NA,NA,NA
"moz","Mozambique","1977",268.48,49.94,NA,NA,NA
"moz","Mozambique","1978",268.1,50.13,NA,NA,NA
"moz","Mozambique","1979",267.96,50.2,NA,NA,NA
"moz","Mozambique","1980",268.14,50.45,NA,NA,NA
"moz","Mozambique","1981",268.14,47.97,NA,NA,NA
"moz","Mozambique","1982",267.26,48.18,NA,NA,NA
"moz","Mozambique","1983",265.61,48.31,NA,NA,NA
"moz","Mozambique","1984",263.29,45.81,NA,NA,NA
"moz","Mozambique","1985",260.53,45.83,NA,NA,NA
"moz","Mozambique","1986",257.31,47.6,NA,NA,NA
"moz","Mozambique","1987",254.16,47.71,NA,NA,NA
"moz","Mozambique","1988",251.08,51.05,NA,NA,NA
"moz","Mozambique","1989",247.98,51.39,NA,NA,NA
"moz","Mozambique","1990",244.87,51.58,NA,NA,NA
"moz","Mozambique","1991",241.61,51.82,NA,NA,NA
"moz","Mozambique","1992",237.76,52.13,NA,NA,NA
"moz","Mozambique","1993",232.98,52.37,NA,NA,NA
"moz","Mozambique","1994",227.13,52.58,NA,NA,NA
"moz","Mozambique","1995",219.84,52.6,NA,NA,NA
"moz","Mozambique","1996",211.2,52.64,NA,NA,NA
"moz","Mozambique","1997",201.45,52.57,NA,NA,NA
"moz","Mozambique","1998",191,52.56,NA,NA,NA
"moz","Mozambique","1999",180.48,52.42,NA,NA,NA
"moz","Mozambique","2000",170.42,52.19,NA,NA,NA
"moz","Mozambique","2001",161.03,52.29,NA,NA,NA
"moz","Mozambique","2002",152.56,52.17,NA,NA,NA
"moz","Mozambique","2003",144.99,52.13,NA,NA,NA
"moz","Mozambique","2004",138.17,52.08,NA,NA,NA
"moz","Mozambique","2005",132.04,52.06,NA,NA,NA
"moz","Mozambique","2006",126.15,52.32,NA,NA,NA
"moz","Mozambique","2007",118.83,52.82,NA,NA,NA
"moz","Mozambique","2008",112.88,53.36,NA,NA,NA
"moz","Mozambique","2009",107.34,53.51,NA,NA,NA
"moz","Mozambique","2010",104.9,53.53,NA,NA,NA
"moz","Mozambique","2011",100.5,53.61,NA,NA,NA
"moz","Mozambique","2012",96.31,53.63,NA,NA,NA
"moz","Mozambique","2013",92.29,54.01,NA,NA,NA
"moz","Mozambique","2014",88.44,54.91,NA,NA,NA
"moz","Mozambique","2015",83.95,55.83,NA,NA,NA
"moz","Mozambique","2016",80.36,56.65,NA,NA,NA
"moz","Mozambique","2017",77.99,57.34,NA,NA,NA
"moz","Mozambique","2018",75.62,57.88,NA,NA,NA
"moz","Mozambique","2019",72.88,58.38,NA,NA,NA
"moz","Mozambique","2020",70.44,58.39,NA,NA,NA
"moz","Mozambique","2021",68.33,56.62,NA,NA,NA
"moz","Mozambique","2022",69.54,56.91,NA,NA,NA
"moz","Mozambique","2023",65.2,59.53,NA,NA,NA
"moz","Mozambique","2024",63.54,59.79,NA,NA,NA
"moz","Mozambique","2025",61.81,60.06,NA,NA,NA
"mrt","Mauritania","1915",405.19,37.49,NA,NA,NA
"mrt","Mauritania","1916",404.21,37.58,NA,NA,NA
"mrt","Mauritania","1917",403.23,37.66,NA,NA,NA
"mrt","Mauritania","1918",402.25,14.6,NA,NA,NA
"mrt","Mauritania","1919",401.27,37.83,NA,NA,NA
"mrt","Mauritania","1920",400.29,37.91,NA,NA,NA
"mrt","Mauritania","1921",399.31,38,NA,NA,NA
"mrt","Mauritania","1922",398.33,38.08,NA,NA,NA
"mrt","Mauritania","1923",397.35,38.17,NA,NA,NA
"mrt","Mauritania","1924",396.38,38.25,NA,NA,NA
"mrt","Mauritania","1925",395.4,38.34,NA,NA,NA
"mrt","Mauritania","1926",394.42,38.42,NA,NA,NA
"mrt","Mauritania","1927",393.44,38.51,NA,NA,NA
"mrt","Mauritania","1928",392.46,38.59,NA,NA,NA
"mrt","Mauritania","1929",391.48,38.67,NA,NA,NA
"mrt","Mauritania","1930",390.5,38.76,NA,NA,NA
"mrt","Mauritania","1931",389.45,38.84,NA,NA,NA
"mrt","Mauritania","1932",388.41,38.93,NA,NA,NA
"mrt","Mauritania","1933",387.36,39.01,NA,NA,NA
"mrt","Mauritania","1934",386.32,39.1,NA,NA,NA
"mrt","Mauritania","1935",385.27,39.18,NA,NA,NA
"mrt","Mauritania","1936",384.23,39.27,NA,NA,NA
"mrt","Mauritania","1937",383.18,39.35,NA,NA,NA
"mrt","Mauritania","1938",382.14,39.43,NA,NA,NA
"mrt","Mauritania","1939",381.1,39.52,NA,NA,NA
"mrt","Mauritania","1940",380.05,39.6,NA,NA,NA
"mrt","Mauritania","1941",372.37,39.71,NA,NA,NA
"mrt","Mauritania","1942",364.84,39.82,NA,NA,NA
"mrt","Mauritania","1943",357.47,39.93,NA,NA,NA
"mrt","Mauritania","1944",350.24,40.04,NA,NA,NA
"mrt","Mauritania","1945",343.16,40.16,NA,NA,NA
"mrt","Mauritania","1946",336.22,41.64,NA,NA,NA
"mrt","Mauritania","1947",329.42,43.12,NA,NA,NA
"mrt","Mauritania","1948",322.76,44.61,NA,NA,NA
"mrt","Mauritania","1949",316.24,46.1,NA,NA,NA
"mrt","Mauritania","1950",309.84,47.6,NA,NA,NA
"mrt","Mauritania","1951",305.08,47.94,NA,NA,NA
"mrt","Mauritania","1952",299.93,48.32,NA,NA,NA
"mrt","Mauritania","1953",294.66,48.72,NA,NA,NA
"mrt","Mauritania","1954",289.09,49.09,NA,NA,NA
"mrt","Mauritania","1955",283.61,49.45,NA,NA,NA
"mrt","Mauritania","1956",277.97,50.04,NA,NA,NA
"mrt","Mauritania","1957",271.95,49.82,NA,NA,NA
"mrt","Mauritania","1958",265.88,49.8,NA,NA,NA
"mrt","Mauritania","1959",259.38,50.3,NA,NA,NA
"mrt","Mauritania","1960",252.77,50.61,NA,NA,NA
"mrt","Mauritania","1961",246.34,50.96,NA,NA,NA
"mrt","Mauritania","1962",239.93,51.42,NA,NA,NA
"mrt","Mauritania","1963",233.61,51.69,NA,NA,NA
"mrt","Mauritania","1964",227.09,52.16,NA,NA,NA
"mrt","Mauritania","1965",220.71,52.8,NA,NA,NA
"mrt","Mauritania","1966",214.46,53.34,NA,NA,NA
"mrt","Mauritania","1967",208.08,53.8,NA,NA,NA
"mrt","Mauritania","1968",202.12,54.3,NA,NA,NA
"mrt","Mauritania","1969",197.3,54.68,NA,NA,NA
"mrt","Mauritania","1970",194.01,55.03,NA,NA,NA
"mrt","Mauritania","1971",192,55.17,NA,NA,NA
"mrt","Mauritania","1972",191,55.33,NA,NA,NA
"mrt","Mauritania","1973",190.4,55.4,NA,NA,NA
"mrt","Mauritania","1974",189.44,55.53,NA,NA,NA
"mrt","Mauritania","1975",187.25,54.92,NA,NA,NA
"mrt","Mauritania","1976",184.19,55.18,NA,NA,NA
"mrt","Mauritania","1977",180.04,55.45,NA,NA,NA
"mrt","Mauritania","1978",175.23,55.65,NA,NA,NA
"mrt","Mauritania","1979",170.28,56.59,NA,NA,NA
"mrt","Mauritania","1980",165.44,56.82,NA,NA,NA
"mrt","Mauritania","1981",160.72,57.07,NA,NA,NA
"mrt","Mauritania","1982",155.86,57.21,NA,NA,NA
"mrt","Mauritania","1983",150.74,57.37,NA,NA,NA
"mrt","Mauritania","1984",145.22,57.54,NA,NA,NA
"mrt","Mauritania","1985",139.35,57.76,NA,NA,NA
"mrt","Mauritania","1986",133.62,58.12,NA,NA,NA
"mrt","Mauritania","1987",128.43,58.4,NA,NA,NA
"mrt","Mauritania","1988",123.92,58.82,NA,NA,NA
"mrt","Mauritania","1989",120.19,58.97,NA,NA,NA
"mrt","Mauritania","1990",117.58,59.38,NA,NA,NA
"mrt","Mauritania","1991",115.76,59.86,NA,NA,NA
"mrt","Mauritania","1992",114.54,60.22,NA,NA,NA
"mrt","Mauritania","1993",113.75,60.61,NA,NA,NA
"mrt","Mauritania","1994",113.34,60.84,NA,NA,NA
"mrt","Mauritania","1995",113.25,61.33,NA,NA,NA
"mrt","Mauritania","1996",113.34,61.73,NA,NA,NA
"mrt","Mauritania","1997",113.32,62.19,NA,NA,NA
"mrt","Mauritania","1998",113.19,62.62,NA,NA,NA
"mrt","Mauritania","1999",112.94,63.14,NA,NA,NA
"mrt","Mauritania","2000",112.47,63.61,NA,NA,NA
"mrt","Mauritania","2001",112.07,64.06,NA,NA,NA
"mrt","Mauritania","2002",111.5,64.55,NA,NA,NA
"mrt","Mauritania","2003",110.83,65,NA,NA,NA
"mrt","Mauritania","2004",109.71,65.45,NA,NA,NA
"mrt","Mauritania","2005",108.06,65.8,NA,NA,NA
"mrt","Mauritania","2006",106.07,66.46,NA,NA,NA
"mrt","Mauritania","2007",103.71,66.92,NA,NA,NA
"mrt","Mauritania","2008",101.07,67.4,NA,NA,NA
"mrt","Mauritania","2009",98.37,67.76,NA,NA,NA
"mrt","Mauritania","2010",95.6,68.09,NA,NA,NA
"mrt","Mauritania","2011",93.03,68.38,NA,NA,NA
"mrt","Mauritania","2012",90.52,68.7,NA,NA,NA
"mrt","Mauritania","2013",87.74,68.99,NA,NA,NA
"mrt","Mauritania","2014",85.07,69.32,NA,NA,NA
"mrt","Mauritania","2015",82.68,69.6,NA,NA,NA
"mrt","Mauritania","2016",80.12,69.94,NA,NA,NA
"mrt","Mauritania","2017",77.7,70.23,NA,NA,NA
"mrt","Mauritania","2018",75.52,70.49,NA,NA,NA
"mrt","Mauritania","2019",73.01,70.78,NA,NA,NA
"mrt","Mauritania","2020",70.81,69.54,NA,NA,NA
"mrt","Mauritania","2021",68.57,69.35,NA,NA,NA
"mrt","Mauritania","2022",65.98,69.71,NA,NA,NA
"mrt","Mauritania","2023",66.81,70.55,NA,NA,NA
"mrt","Mauritania","2024",63.85,72.02,NA,NA,NA
"mrt","Mauritania","2025",62.21,72.25,NA,NA,NA
"mus","Mauritius","1915",270.05,30.45,NA,NA,NA
"mus","Mauritius","1916",220.33,34.88,NA,NA,NA
"mus","Mauritius","1917",290.96,32.88,NA,NA,NA
"mus","Mauritius","1918",323.63,31.66,NA,NA,NA
"mus","Mauritius","1919",344.73,12.87,NA,NA,NA
"mus","Mauritius","1920",314.91,33.49,NA,NA,NA
"mus","Mauritius","1921",287.67,25.66,NA,NA,NA
"mus","Mauritius","1922",261.86,30.57,NA,NA,NA
"mus","Mauritius","1923",246.11,36.63,NA,NA,NA
"mus","Mauritius","1924",224.05,37.56,NA,NA,NA
"mus","Mauritius","1925",201.61,41.88,NA,NA,NA
"mus","Mauritius","1926",201.61,40.44,NA,NA,NA
"mus","Mauritius","1927",235.16,40.73,NA,NA,NA
"mus","Mauritius","1928",212.85,37.14,NA,NA,NA
"mus","Mauritius","1929",225.92,34.49,NA,NA,NA
"mus","Mauritius","1930",321.99,29.99,NA,NA,NA
"mus","Mauritius","1931",330.14,26.86,NA,NA,NA
"mus","Mauritius","1932",258.46,32.49,NA,NA,NA
"mus","Mauritius","1933",209.1,38.35,NA,NA,NA
"mus","Mauritius","1934",205.35,40.27,NA,NA,NA
"mus","Mauritius","1935",222.2,39.36,NA,NA,NA
"mus","Mauritius","1936",227.77,39.52,NA,NA,NA
"mus","Mauritius","1937",249.7,36.8,NA,NA,NA
"mus","Mauritius","1938",265.2,35.64,NA,NA,NA
"mus","Mauritius","1939",256.73,37.77,NA,NA,NA
"mus","Mauritius","1940",263.54,40.75,NA,NA,NA
"mus","Mauritius","1941",214.72,40.67,NA,NA,NA
"mus","Mauritius","1942",265.2,36.53,NA,NA,NA
"mus","Mauritius","1943",227.77,40.36,NA,NA,NA
"mus","Mauritius","1944",225.92,38.97,NA,NA,NA
"mus","Mauritius","1945",305.71,29.78,NA,NA,NA
"mus","Mauritius","1946",233.32,36.33,NA,NA,NA
"mus","Mauritius","1947",175.3,42.54,NA,NA,NA
"mus","Mauritius","1948",302.43,46.05,NA,NA,NA
"mus","Mauritius","1949",132.98,49.58,NA,NA,NA
"mus","Mauritius","1950",106.89,53.1,NA,NA,NA
"mus","Mauritius","1951",120.64,52.9,NA,NA,NA
"mus","Mauritius","1952",115.43,52.71,NA,NA,NA
"mus","Mauritius","1953",138.36,51.69,NA,NA,NA
"mus","Mauritius","1954",115.43,52.84,NA,NA,NA
"mus","Mauritius","1955",129,55.89,NA,NA,NA
"mus","Mauritius","1956",110.74,57.11,NA,NA,NA
"mus","Mauritius","1957",109.27,55.51,NA,NA,NA
"mus","Mauritius","1958",109.5,57.01,NA,NA,NA
"mus","Mauritius","1959",107.98,58.29,NA,NA,NA
"mus","Mauritius","1960",104.32,58.06,NA,NA,NA
"mus","Mauritius","1961",98.72,60.07,NA,NA,NA
"mus","Mauritius","1962",92.46,61.3,NA,NA,NA
"mus","Mauritius","1963",87.08,61.08,NA,NA,NA
"mus","Mauritius","1964",83.98,62.34,NA,NA,NA
"mus","Mauritius","1965",84.77,62.51,NA,NA,NA
"mus","Mauritius","1966",90.85,62.28,NA,NA,NA
"mus","Mauritius","1967",98.05,62.12,NA,NA,NA
"mus","Mauritius","1968",97.54,61.34,NA,NA,NA
"mus","Mauritius","1969",87.46,62.72,NA,NA,NA
"mus","Mauritius","1970",78.36,63.69,NA,NA,NA
"mus","Mauritius","1971",77.69,64,NA,NA,NA
"mus","Mauritius","1972",81.86,63.7,NA,NA,NA
"mus","Mauritius","1973",81.9,63.93,NA,NA,NA
"mus","Mauritius","1974",73.61,65.07,NA,NA,NA
"mus","Mauritius","1975",63.18,63.96,NA,NA,NA
"mus","Mauritius","1976",55.34,64.88,NA,NA,NA
"mus","Mauritius","1977",50.24,65.05,NA,NA,NA
"mus","Mauritius","1978",46.74,66.4,NA,NA,NA
"mus","Mauritius","1979",43.91,66.49,NA,NA,NA
"mus","Mauritius","1980",40.98,67.24,NA,NA,NA
"mus","Mauritius","1981",37.4,67.58,NA,NA,NA
"mus","Mauritius","1982",33.81,68.46,NA,NA,NA
"mus","Mauritius","1983",31.08,68.75,NA,NA,NA
"mus","Mauritius","1984",29.5,69.12,NA,NA,NA
"mus","Mauritius","1985",28.82,68.82,NA,NA,NA
"mus","Mauritius","1986",28.69,69.23,NA,NA,NA
"mus","Mauritius","1987",28.48,69.49,NA,NA,NA
"mus","Mauritius","1988",27.33,69.67,NA,NA,NA
"mus","Mauritius","1989",25.16,69.91,NA,NA,NA
"mus","Mauritius","1990",23.01,70.2,NA,NA,NA
"mus","Mauritius","1991",21.64,70.79,NA,NA,NA
"mus","Mauritius","1992",21.11,70.8,NA,NA,NA
"mus","Mauritius","1993",21.19,70.69,NA,NA,NA
"mus","Mauritius","1994",21.67,70.84,NA,NA,NA
"mus","Mauritius","1995",22.27,71.09,NA,NA,NA
"mus","Mauritius","1996",22.69,71.16,NA,NA,NA
"mus","Mauritius","1997",22.61,71.06,NA,NA,NA
"mus","Mauritius","1998",21.81,71.76,NA,NA,NA
"mus","Mauritius","1999",20.36,71.9,NA,NA,NA
"mus","Mauritius","2000",18.78,72.32,NA,NA,NA
"mus","Mauritius","2001",17.49,72.63,NA,NA,NA
"mus","Mauritius","2002",16.57,72.66,NA,NA,NA
"mus","Mauritius","2003",16.03,72.86,NA,NA,NA
"mus","Mauritius","2004",15.76,73.18,NA,NA,NA
"mus","Mauritius","2005",15.64,73.16,NA,NA,NA
"mus","Mauritius","2006",15.46,73.34,NA,NA,NA
"mus","Mauritius","2007",15.2,73.75,NA,NA,NA
"mus","Mauritius","2008",14.9,73.73,NA,NA,NA
"mus","Mauritius","2009",14.62,73.84,NA,NA,NA
"mus","Mauritius","2010",14.49,74.21,NA,NA,NA
"mus","Mauritius","2011",14.65,74.61,NA,NA,NA
"mus","Mauritius","2012",14.95,74.74,NA,NA,NA
"mus","Mauritius","2013",15.02,75.07,NA,NA,NA
"mus","Mauritius","2014",14.76,75,NA,NA,NA
"mus","Mauritius","2015",14.48,75.17,NA,NA,NA
"mus","Mauritius","2016",14.5,75.21,NA,NA,NA
"mus","Mauritius","2017",14.86,75.25,NA,NA,NA
"mus","Mauritius","2018",15.4,75.32,NA,NA,NA
"mus","Mauritius","2019",15.98,75.48,NA,NA,NA
"mus","Mauritius","2020",16.51,74.69,NA,NA,NA
"mus","Mauritius","2021",16.99,73.91,NA,NA,NA
"mus","Mauritius","2022",15.84,74.33,NA,NA,NA
"mus","Mauritius","2023",13.1,76.05,NA,NA,NA
"mus","Mauritius","2024",12.75,76.2,NA,NA,NA
"mus","Mauritius","2025",12.4,76.35,NA,NA,NA
"mwi","Malawi","1915",426.89,29.22,NA,NA,NA
"mwi","Malawi","1916",425.86,29.21,NA,NA,NA
"mwi","Malawi","1917",424.83,29.19,NA,NA,NA
"mwi","Malawi","1918",423.79,11.28,NA,NA,NA
"mwi","Malawi","1919",422.76,29.16,NA,NA,NA
"mwi","Malawi","1920",421.73,29.14,NA,NA,NA
"mwi","Malawi","1921",420.7,29.12,NA,NA,NA
"mwi","Malawi","1922",419.67,29.11,NA,NA,NA
"mwi","Malawi","1923",418.63,29.09,NA,NA,NA
"mwi","Malawi","1924",417.6,29.07,NA,NA,NA
"mwi","Malawi","1925",416.57,29.06,NA,NA,NA
"mwi","Malawi","1926",415.54,29.04,NA,NA,NA
"mwi","Malawi","1927",414.51,29.02,NA,NA,NA
"mwi","Malawi","1928",413.47,29.01,NA,NA,NA
"mwi","Malawi","1929",412.44,28.99,NA,NA,NA
"mwi","Malawi","1930",411.41,28.97,NA,NA,NA
"mwi","Malawi","1931",409.67,28.96,NA,NA,NA
"mwi","Malawi","1932",407.93,28.94,NA,NA,NA
"mwi","Malawi","1933",406.19,28.92,NA,NA,NA
"mwi","Malawi","1934",404.45,28.91,NA,NA,NA
"mwi","Malawi","1935",402.73,28.89,NA,NA,NA
"mwi","Malawi","1936",401,28.87,NA,NA,NA
"mwi","Malawi","1937",399.28,28.86,NA,NA,NA
"mwi","Malawi","1938",397.56,28.84,NA,NA,NA
"mwi","Malawi","1939",395.84,28.82,NA,NA,NA
"mwi","Malawi","1940",394.13,28.81,NA,NA,NA
"mwi","Malawi","1941",392.19,28.82,NA,NA,NA
"mwi","Malawi","1942",390.24,28.84,NA,NA,NA
"mwi","Malawi","1943",388.31,28.85,NA,NA,NA
"mwi","Malawi","1944",386.39,28.86,NA,NA,NA
"mwi","Malawi","1945",384.47,28.88,NA,NA,NA
"mwi","Malawi","1946",382.57,29.98,NA,NA,NA
"mwi","Malawi","1947",380.67,31.08,NA,NA,NA
"mwi","Malawi","1948",378.78,32.17,NA,NA,NA
"mwi","Malawi","1949",376.9,33.26,NA,NA,NA
"mwi","Malawi","1950",375.02,34.36,NA,NA,NA
"mwi","Malawi","1951",374.17,34.63,NA,NA,NA
"mwi","Malawi","1952",372.58,34.94,NA,NA,NA
"mwi","Malawi","1953",370.69,35.35,NA,NA,NA
"mwi","Malawi","1954",368.41,35.58,NA,NA,NA
"mwi","Malawi","1955",366,35.85,NA,NA,NA
"mwi","Malawi","1956",370.67,36.19,NA,NA,NA
"mwi","Malawi","1957",367.89,36.56,NA,NA,NA
"mwi","Malawi","1958",365,36.98,NA,NA,NA
"mwi","Malawi","1959",376.01,37.39,NA,NA,NA
"mwi","Malawi","1960",373.06,37.71,NA,NA,NA
"mwi","Malawi","1961",370,38.16,NA,NA,NA
"mwi","Malawi","1962",359.49,38.53,NA,NA,NA
"mwi","Malawi","1963",351,38.9,NA,NA,NA
"mwi","Malawi","1964",356.21,39.2,NA,NA,NA
"mwi","Malawi","1965",355.13,39.55,NA,NA,NA
"mwi","Malawi","1966",380,40.06,NA,NA,NA
"mwi","Malawi","1967",421,40.55,NA,NA,NA
"mwi","Malawi","1968",350.82,41.01,NA,NA,NA
"mwi","Malawi","1969",348.88,41.54,NA,NA,NA
"mwi","Malawi","1970",345.42,42.05,NA,NA,NA
"mwi","Malawi","1971",340.16,42.73,NA,NA,NA
"mwi","Malawi","1972",333.34,43.46,NA,NA,NA
"mwi","Malawi","1973",325.06,44.18,NA,NA,NA
"mwi","Malawi","1974",316.45,44.87,NA,NA,NA
"mwi","Malawi","1975",307.26,45.55,NA,NA,NA
"mwi","Malawi","1976",297.98,46.19,NA,NA,NA
"mwi","Malawi","1977",288.2,46.77,NA,NA,NA
"mwi","Malawi","1978",277.77,47.55,NA,NA,NA
"mwi","Malawi","1979",266.95,48.29,NA,NA,NA
"mwi","Malawi","1980",258.15,48.83,NA,NA,NA
"mwi","Malawi","1981",250.65,49.22,NA,NA,NA
"mwi","Malawi","1982",246.34,49.55,NA,NA,NA
"mwi","Malawi","1983",246.24,49.83,NA,NA,NA
"mwi","Malawi","1984",249.49,50.02,NA,NA,NA
"mwi","Malawi","1985",253.96,50.16,NA,NA,NA
"mwi","Malawi","1986",257.24,50.15,NA,NA,NA
"mwi","Malawi","1987",257.87,50.09,NA,NA,NA
"mwi","Malawi","1988",255.96,50,NA,NA,NA
"mwi","Malawi","1989",251.58,49.67,NA,NA,NA
"mwi","Malawi","1990",245.67,49.38,NA,NA,NA
"mwi","Malawi","1991",238.05,48.97,NA,NA,NA
"mwi","Malawi","1992",230.27,48.53,NA,NA,NA
"mwi","Malawi","1993",222.82,47.79,NA,NA,NA
"mwi","Malawi","1994",215.81,46.91,NA,NA,NA
"mwi","Malawi","1995",209.55,46.33,NA,NA,NA
"mwi","Malawi","1996",204.61,45.97,NA,NA,NA
"mwi","Malawi","1997",199.67,45.72,NA,NA,NA
"mwi","Malawi","1998",193.64,45.49,NA,NA,NA
"mwi","Malawi","1999",185.51,45.52,NA,NA,NA
"mwi","Malawi","2000",174.59,45.9,NA,NA,NA
"mwi","Malawi","2001",160.54,46.26,NA,NA,NA
"mwi","Malawi","2002",145.55,46.74,NA,NA,NA
"mwi","Malawi","2003",131.58,47.37,NA,NA,NA
"mwi","Malawi","2004",119.71,47.97,NA,NA,NA
"mwi","Malawi","2005",110.54,48.88,NA,NA,NA
"mwi","Malawi","2006",104.24,50.13,NA,NA,NA
"mwi","Malawi","2007",99.91,51.64,NA,NA,NA
"mwi","Malawi","2008",94.52,53.36,NA,NA,NA
"mwi","Malawi","2009",89.4,54.96,NA,NA,NA
"mwi","Malawi","2010",84.18,56.32,NA,NA,NA
"mwi","Malawi","2011",77.63,57.72,NA,NA,NA
"mwi","Malawi","2012",70.67,59.28,NA,NA,NA
"mwi","Malawi","2013",63.45,60.56,NA,NA,NA
"mwi","Malawi","2014",57.58,61.46,NA,NA,NA
"mwi","Malawi","2015",53.3,62.04,NA,NA,NA
"mwi","Malawi","2016",49.5,62.61,NA,NA,NA
"mwi","Malawi","2017",46.15,63.4,NA,NA,NA
"mwi","Malawi","2018",43.09,64.14,NA,NA,NA
"mwi","Malawi","2019",40.65,64.71,NA,NA,NA
"mwi","Malawi","2020",38.98,64.3,NA,NA,NA
"mwi","Malawi","2021",37.66,63.48,NA,NA,NA
"mwi","Malawi","2022",37.62,63.48,NA,NA,NA
"mwi","Malawi","2023",38.13,64.25,NA,NA,NA
"mwi","Malawi","2024",35.67,65.97,NA,NA,NA
"mwi","Malawi","2025",34.89,66.2,NA,NA,NA
"mys","Malaysia","1915",423.01,30.54,NA,NA,NA
"mys","Malaysia","1916",421.99,30.53,NA,NA,NA
"mys","Malaysia","1917",420.96,30.53,NA,NA,NA
"mys","Malaysia","1918",419.94,19.57,NA,NA,NA
"mys","Malaysia","1919",418.92,30.53,NA,NA,NA
"mys","Malaysia","1920",417.9,30.53,NA,NA,NA
"mys","Malaysia","1921",416.87,30.53,NA,NA,NA
"mys","Malaysia","1922",415.85,30.53,NA,NA,NA
"mys","Malaysia","1923",414.83,30.53,NA,NA,NA
"mys","Malaysia","1924",413.81,30.53,NA,NA,NA
"mys","Malaysia","1925",412.78,30.53,NA,NA,NA
"mys","Malaysia","1926",411.76,30.52,NA,NA,NA
"mys","Malaysia","1927",410.74,30.52,NA,NA,NA
"mys","Malaysia","1928",409.72,30.52,NA,NA,NA
"mys","Malaysia","1929",408.69,30.52,NA,NA,NA
"mys","Malaysia","1930",407.67,30.52,NA,NA,NA
"mys","Malaysia","1931",393.47,31.66,NA,NA,NA
"mys","Malaysia","1932",378.47,32.8,NA,NA,NA
"mys","Malaysia","1933",365.02,33.94,NA,NA,NA
"mys","Malaysia","1934",350.81,35.08,NA,NA,NA
"mys","Malaysia","1935",338.05,36.22,NA,NA,NA
"mys","Malaysia","1936",324.52,37.36,NA,NA,NA
"mys","Malaysia","1937",312.37,38.5,NA,NA,NA
"mys","Malaysia","1938",299.48,39.64,NA,NA,NA
"mys","Malaysia","1939",287.89,40.78,NA,NA,NA
"mys","Malaysia","1940",276.57,41.92,NA,NA,NA
"mys","Malaysia","1941",264.57,41.7,NA,NA,NA
"mys","Malaysia","1942",253.78,36.03,NA,NA,NA
"mys","Malaysia","1943",242.31,38.44,NA,NA,NA
"mys","Malaysia","1944",231.99,38.26,NA,NA,NA
"mys","Malaysia","1945",221.02,38.09,NA,NA,NA
"mys","Malaysia","1946",211.17,44.99,NA,NA,NA
"mys","Malaysia","1947",199.37,48,NA,NA,NA
"mys","Malaysia","1948",188.23,50.51,NA,NA,NA
"mys","Malaysia","1949",177.71,52.02,NA,NA,NA
"mys","Malaysia","1950",167.78,53.52,NA,NA,NA
"mys","Malaysia","1951",158.44,53.64,NA,NA,NA
"mys","Malaysia","1952",149.87,54.26,NA,NA,NA
"mys","Malaysia","1953",141.68,56.15,NA,NA,NA
"mys","Malaysia","1954",134.05,57.13,NA,NA,NA
"mys","Malaysia","1955",126.92,58.94,NA,NA,NA
"mys","Malaysia","1956",120.2,59.5,NA,NA,NA
"mys","Malaysia","1957",113.58,58.81,NA,NA,NA
"mys","Malaysia","1958",107.01,61.15,NA,NA,NA
"mys","Malaysia","1959",100.39,63.56,NA,NA,NA
"mys","Malaysia","1960",93.91,62.82,NA,NA,NA
"mys","Malaysia","1961",87.75,63.55,NA,NA,NA
"mys","Malaysia","1962",82.03,63.21,NA,NA,NA
"mys","Malaysia","1963",76.87,63.88,NA,NA,NA
"mys","Malaysia","1964",72.35,65.53,NA,NA,NA
"mys","Malaysia","1965",68.46,65.51,NA,NA,NA
"mys","Malaysia","1966",65.17,66.68,NA,NA,NA
"mys","Malaysia","1967",62.37,66.09,NA,NA,NA
"mys","Malaysia","1968",59.94,65.96,NA,NA,NA
"mys","Malaysia","1969",57.65,66.45,NA,NA,NA
"mys","Malaysia","1970",55.4,67.29,NA,NA,NA
"mys","Malaysia","1971",53.02,67.41,NA,NA,NA
"mys","Malaysia","1972",50.47,67.86,NA,NA,NA
"mys","Malaysia","1973",47.73,68.07,NA,NA,NA
"mys","Malaysia","1974",44.94,67.87,NA,NA,NA
"mys","Malaysia","1975",42.19,67.51,NA,NA,NA
"mys","Malaysia","1976",39.55,67.63,NA,NA,NA
"mys","Malaysia","1977",37.06,67.7,NA,NA,NA
"mys","Malaysia","1978",34.69,69.79,NA,NA,NA
"mys","Malaysia","1979",32.43,70.3,NA,NA,NA
"mys","Malaysia","1980",30.27,70.48,NA,NA,NA
"mys","Malaysia","1981",28.25,70.33,NA,NA,NA
"mys","Malaysia","1982",26.38,70.16,NA,NA,NA
"mys","Malaysia","1983",24.66,69.98,NA,NA,NA
"mys","Malaysia","1984",23.09,69.97,NA,NA,NA
"mys","Malaysia","1985",21.68,70.03,NA,NA,NA
"mys","Malaysia","1986",20.41,70.68,NA,NA,NA
"mys","Malaysia","1987",19.3,71.03,NA,NA,NA
"mys","Malaysia","1988",18.31,71.21,NA,NA,NA
"mys","Malaysia","1989",17.42,71.59,NA,NA,NA
"mys","Malaysia","1990",16.6,71.91,NA,NA,NA
"mys","Malaysia","1991",15.83,72.21,NA,NA,NA
"mys","Malaysia","1992",15.1,72.4,NA,NA,NA
"mys","Malaysia","1993",14.43,72.35,NA,NA,NA
"mys","Malaysia","1994",13.84,72.17,NA,NA,NA
"mys","Malaysia","1995",13.36,71.82,NA,NA,NA
"mys","Malaysia","1996",12.91,72.19,NA,NA,NA
"mys","Malaysia","1997",12.38,72.48,NA,NA,NA
"mys","Malaysia","1998",11.73,72.92,NA,NA,NA
"mys","Malaysia","1999",10.99,72.08,NA,NA,NA
"mys","Malaysia","2000",10.19,73,NA,NA,NA
"mys","Malaysia","2001",9.45,73.34,NA,NA,NA
"mys","Malaysia","2002",8.88,73.46,NA,NA,NA
"mys","Malaysia","2003",8.54,73.47,NA,NA,NA
"mys","Malaysia","2004",8.33,73.83,NA,NA,NA
"mys","Malaysia","2005",8.21,74.12,NA,NA,NA
"mys","Malaysia","2006",8.14,74.36,NA,NA,NA
"mys","Malaysia","2007",8.11,74.51,NA,NA,NA
"mys","Malaysia","2008",8.1,74.33,NA,NA,NA
"mys","Malaysia","2009",8.09,74.17,NA,NA,NA
"mys","Malaysia","2010",8.06,74.44,NA,NA,NA
"mys","Malaysia","2011",8,74.61,NA,NA,NA
"mys","Malaysia","2012",7.96,74.76,NA,NA,NA
"mys","Malaysia","2013",7.96,75.32,NA,NA,NA
"mys","Malaysia","2014",7.99,75.08,NA,NA,NA
"mys","Malaysia","2015",8.05,75.04,NA,NA,NA
"mys","Malaysia","2016",8.15,75.03,NA,NA,NA
"mys","Malaysia","2017",8.28,75.07,NA,NA,NA
"mys","Malaysia","2018",8.44,75.2,NA,NA,NA
"mys","Malaysia","2019",8.57,75.04,NA,NA,NA
"mys","Malaysia","2020",8.62,75.22,NA,NA,NA
"mys","Malaysia","2021",8.59,74.17,NA,NA,NA
"mys","Malaysia","2022",6.95,75.54,NA,NA,NA
"mys","Malaysia","2023",6.74,75.7,NA,NA,NA
"mys","Malaysia","2024",6.53,75.86,NA,NA,NA
"mys","Malaysia","2025",6.34,76.03,NA,NA,NA
"nam","Namibia","1915",400.24,39.96,NA,NA,NA
"nam","Namibia","1916",399.27,40.08,NA,NA,NA
"nam","Namibia","1917",398.31,40.19,NA,NA,NA
"nam","Namibia","1918",397.34,15.59,NA,NA,NA
"nam","Namibia","1919",396.37,40.43,NA,NA,NA
"nam","Namibia","1920",395.4,40.54,NA,NA,NA
"nam","Namibia","1921",394.44,40.66,NA,NA,NA
"nam","Namibia","1922",393.47,40.78,NA,NA,NA
"nam","Namibia","1923",392.5,40.89,NA,NA,NA
"nam","Namibia","1924",391.53,41.01,NA,NA,NA
"nam","Namibia","1925",390.57,41.12,NA,NA,NA
"nam","Namibia","1926",389.6,41.24,NA,NA,NA
"nam","Namibia","1927",388.63,41.36,NA,NA,NA
"nam","Namibia","1928",387.66,41.47,NA,NA,NA
"nam","Namibia","1929",386.7,41.59,NA,NA,NA
"nam","Namibia","1930",385.73,41.71,NA,NA,NA
"nam","Namibia","1931",376.46,41.82,NA,NA,NA
"nam","Namibia","1932",367.23,41.94,NA,NA,NA
"nam","Namibia","1933",358.06,42.05,NA,NA,NA
"nam","Namibia","1934",348.91,42.17,NA,NA,NA
"nam","Namibia","1935",339.81,42.29,NA,NA,NA
"nam","Namibia","1936",330.75,42.4,NA,NA,NA
"nam","Namibia","1937",321.74,42.52,NA,NA,NA
"nam","Namibia","1938",312.76,42.64,NA,NA,NA
"nam","Namibia","1939",303.83,42.75,NA,NA,NA
"nam","Namibia","1940",294.93,42.87,NA,NA,NA
"nam","Namibia","1941",279.05,44.05,NA,NA,NA
"nam","Namibia","1942",263.74,45.22,NA,NA,NA
"nam","Namibia","1943",249.04,46.39,NA,NA,NA
"nam","Namibia","1944",235.63,47.57,NA,NA,NA
"nam","Namibia","1945",221.97,48.77,NA,NA,NA
"nam","Namibia","1946",208.82,49.97,NA,NA,NA
"nam","Namibia","1947",196.2,51.18,NA,NA,NA
"nam","Namibia","1948",184.06,52.37,NA,NA,NA
"nam","Namibia","1949",172.41,53.59,NA,NA,NA
"nam","Namibia","1950",161.23,54.81,NA,NA,NA
"nam","Namibia","1951",159.29,54.92,NA,NA,NA
"nam","Namibia","1952",155.35,55.04,NA,NA,NA
"nam","Namibia","1953",151.41,55.22,NA,NA,NA
"nam","Namibia","1954",147.45,55.26,NA,NA,NA
"nam","Namibia","1955",143.39,55.36,NA,NA,NA
"nam","Namibia","1956",139.2,55.5,NA,NA,NA
"nam","Namibia","1957",134.96,55.62,NA,NA,NA
"nam","Namibia","1958",130.69,55.73,NA,NA,NA
"nam","Namibia","1959",126.4,55.86,NA,NA,NA
"nam","Namibia","1960",122.07,56.04,NA,NA,NA
"nam","Namibia","1961",117.82,56.2,NA,NA,NA
"nam","Namibia","1962",113.8,56.43,NA,NA,NA
"nam","Namibia","1963",109.81,56.66,NA,NA,NA
"nam","Namibia","1964",105.97,57.03,NA,NA,NA
"nam","Namibia","1965",102.38,57.39,NA,NA,NA
"nam","Namibia","1966",98.96,56.88,NA,NA,NA
"nam","Namibia","1967",95.74,57.17,NA,NA,NA
"nam","Namibia","1968",96.01,57.46,NA,NA,NA
"nam","Namibia","1969",96.37,57.74,NA,NA,NA
"nam","Namibia","1970",96.59,57.94,NA,NA,NA
"nam","Namibia","1971",97.05,58.11,NA,NA,NA
"nam","Namibia","1972",97.52,58.27,NA,NA,NA
"nam","Namibia","1973",98.1,58.42,NA,NA,NA
"nam","Namibia","1974",98.88,58.62,NA,NA,NA
"nam","Namibia","1975",99.8,58.79,NA,NA,NA
"nam","Namibia","1976",100.82,58.9,NA,NA,NA
"nam","Namibia","1977",101.78,59.05,NA,NA,NA
"nam","Namibia","1978",102.41,59.08,NA,NA,NA
"nam","Namibia","1979",102.51,59.12,NA,NA,NA
"nam","Namibia","1980",101.85,58.89,NA,NA,NA
"nam","Namibia","1981",100.33,59.14,NA,NA,NA
"nam","Namibia","1982",98.06,59.38,NA,NA,NA
"nam","Namibia","1983",94.99,59.73,NA,NA,NA
"nam","Namibia","1984",91.49,60.03,NA,NA,NA
"nam","Namibia","1985",87.73,60.24,NA,NA,NA
"nam","Namibia","1986",83.98,60.68,NA,NA,NA
"nam","Namibia","1987",80.55,61.08,NA,NA,NA
"nam","Namibia","1988",77.59,61.08,NA,NA,NA
"nam","Namibia","1989",74.95,62.28,NA,NA,NA
"nam","Namibia","1990",72.71,62.36,NA,NA,NA
"nam","Namibia","1991",71.01,62.41,NA,NA,NA
"nam","Namibia","1992",69.83,62.32,NA,NA,NA
"nam","Namibia","1993",69.42,61.98,NA,NA,NA
"nam","Namibia","1994",69.93,61.05,NA,NA,NA
"nam","Namibia","1995",71.24,60.34,NA,NA,NA
"nam","Namibia","1996",72.82,59.2,NA,NA,NA
"nam","Namibia","1997",74.33,57.95,NA,NA,NA
"nam","Namibia","1998",75.42,56.53,NA,NA,NA
"nam","Namibia","1999",75.96,55.24,NA,NA,NA
"nam","Namibia","2000",75.84,53.94,NA,NA,NA
"nam","Namibia","2001",75.29,53.14,NA,NA,NA
"nam","Namibia","2002",74.7,52.46,NA,NA,NA
"nam","Namibia","2003",74.41,52.08,NA,NA,NA
"nam","Namibia","2004",74.36,52.4,NA,NA,NA
"nam","Namibia","2005",70.57,53.52,NA,NA,NA
"nam","Namibia","2006",65.37,55.25,NA,NA,NA
"nam","Namibia","2007",60.81,57.43,NA,NA,NA
"nam","Namibia","2008",55.1,59.2,NA,NA,NA
"nam","Namibia","2009",51.61,60.08,NA,NA,NA
"nam","Namibia","2010",49.11,60.91,NA,NA,NA
"nam","Namibia","2011",48.88,61.88,NA,NA,NA
"nam","Namibia","2012",50.47,62.94,NA,NA,NA
"nam","Namibia","2013",49.06,63.34,NA,NA,NA
"nam","Namibia","2014",47.91,63.34,NA,NA,NA
"nam","Namibia","2015",47.63,63.45,NA,NA,NA
"nam","Namibia","2016",46.33,63.71,NA,NA,NA
"nam","Namibia","2017",44.86,64.08,NA,NA,NA
"nam","Namibia","2018",43.9,64.74,NA,NA,NA
"nam","Namibia","2019",41.85,65.22,NA,NA,NA
"nam","Namibia","2020",40.46,64.97,NA,NA,NA
"nam","Namibia","2021",39.26,61.29,NA,NA,NA
"nam","Namibia","2022",42.25,60.04,NA,NA,NA
"nam","Namibia","2023",44.53,61.56,NA,NA,NA
"nam","Namibia","2024",37.93,66.3,NA,NA,NA
"nam","Namibia","2025",37.33,66.49,NA,NA,NA
"ner","Niger","1915",420.42,32.08,NA,NA,NA
"ner","Niger","1916",419.41,32.1,NA,NA,NA
"ner","Niger","1917",418.39,32.12,NA,NA,NA
"ner","Niger","1918",417.37,12.43,NA,NA,NA
"ner","Niger","1919",416.36,32.15,NA,NA,NA
"ner","Niger","1920",415.34,32.17,NA,NA,NA
"ner","Niger","1921",414.32,32.19,NA,NA,NA
"ner","Niger","1922",413.31,32.21,NA,NA,NA
"ner","Niger","1923",412.29,32.23,NA,NA,NA
"ner","Niger","1924",411.27,32.25,NA,NA,NA
"ner","Niger","1925",410.26,32.27,NA,NA,NA
"ner","Niger","1926",409.24,32.29,NA,NA,NA
"ner","Niger","1927",408.23,32.31,NA,NA,NA
"ner","Niger","1928",407.21,32.33,NA,NA,NA
"ner","Niger","1929",406.19,32.35,NA,NA,NA
"ner","Niger","1930",405.18,32.37,NA,NA,NA
"ner","Niger","1931",404.16,32.39,NA,NA,NA
"ner","Niger","1932",403.14,32.41,NA,NA,NA
"ner","Niger","1933",402.13,32.43,NA,NA,NA
"ner","Niger","1934",401.11,32.45,NA,NA,NA
"ner","Niger","1935",400.09,32.47,NA,NA,NA
"ner","Niger","1936",399.08,32.49,NA,NA,NA
"ner","Niger","1937",398.06,32.51,NA,NA,NA
"ner","Niger","1938",397.05,32.53,NA,NA,NA
"ner","Niger","1939",396.03,32.55,NA,NA,NA
"ner","Niger","1940",395.01,32.57,NA,NA,NA
"ner","Niger","1941",394,32.65,NA,NA,NA
"ner","Niger","1942",392.98,32.74,NA,NA,NA
"ner","Niger","1943",391.96,32.83,NA,NA,NA
"ner","Niger","1944",390.95,32.92,NA,NA,NA
"ner","Niger","1945",389.93,33,NA,NA,NA
"ner","Niger","1946",379.5,33.97,NA,NA,NA
"ner","Niger","1947",369.28,34.91,NA,NA,NA
"ner","Niger","1948",359.25,35.88,NA,NA,NA
"ner","Niger","1949",348.32,36.83,NA,NA,NA
"ner","Niger","1950",338.72,37.79,NA,NA,NA
"ner","Niger","1951",337.83,37.74,NA,NA,NA
"ner","Niger","1952",336.93,38.03,NA,NA,NA
"ner","Niger","1953",334.53,38.54,NA,NA,NA
"ner","Niger","1954",332.76,38.79,NA,NA,NA
"ner","Niger","1955",329.51,38.95,NA,NA,NA
"ner","Niger","1956",325.84,39.24,NA,NA,NA
"ner","Niger","1957",321.76,39.44,NA,NA,NA
"ner","Niger","1958",320.81,39.69,NA,NA,NA
"ner","Niger","1959",319.87,40.02,NA,NA,NA
"ner","Niger","1960",318.92,40.33,NA,NA,NA
"ner","Niger","1961",317.98,40.63,NA,NA,NA
"ner","Niger","1962",317.05,41.02,NA,NA,NA
"ner","Niger","1963",316.11,41.48,NA,NA,NA
"ner","Niger","1964",315.55,41.89,NA,NA,NA
"ner","Niger","1965",315.51,42.32,NA,NA,NA
"ner","Niger","1966",315.88,43.08,NA,NA,NA
"ner","Niger","1967",316.95,42.37,NA,NA,NA
"ner","Niger","1968",321.04,42.66,NA,NA,NA
"ner","Niger","1969",324.98,42.79,NA,NA,NA
"ner","Niger","1970",329.69,43.05,NA,NA,NA
"ner","Niger","1971",333.9,42.79,NA,NA,NA
"ner","Niger","1972",337.38,42.98,NA,NA,NA
"ner","Niger","1973",339.96,43.04,NA,NA,NA
"ner","Niger","1974",340.97,43.04,NA,NA,NA
"ner","Niger","1975",339.92,43.14,NA,NA,NA
"ner","Niger","1976",337.34,43.2,NA,NA,NA
"ner","Niger","1977",333.2,43.41,NA,NA,NA
"ner","Niger","1978",328.56,44.01,NA,NA,NA
"ner","Niger","1979",324.23,44.38,NA,NA,NA
"ner","Niger","1980",321.81,44.94,NA,NA,NA
"ner","Niger","1981",321.26,45.07,NA,NA,NA
"ner","Niger","1982",323.03,45.11,NA,NA,NA
"ner","Niger","1983",326.8,45.29,NA,NA,NA
"ner","Niger","1984",331.32,45.22,NA,NA,NA
"ner","Niger","1985",335.59,45.46,NA,NA,NA
"ner","Niger","1986",338.41,45.43,NA,NA,NA
"ner","Niger","1987",339.2,45.83,NA,NA,NA
"ner","Niger","1988",337.84,46.56,NA,NA,NA
"ner","Niger","1989",334.49,46.91,NA,NA,NA
"ner","Niger","1990",329.58,47.41,NA,NA,NA
"ner","Niger","1991",322.96,47.37,NA,NA,NA
"ner","Niger","1992",314.38,47.98,NA,NA,NA
"ner","Niger","1993",304.02,48.22,NA,NA,NA
"ner","Niger","1994",292.05,48.84,NA,NA,NA
"ner","Niger","1995",278.93,48.57,NA,NA,NA
"ner","Niger","1996",265.96,49.98,NA,NA,NA
"ner","Niger","1997",254.24,50.53,NA,NA,NA
"ner","Niger","1998",243.86,51.08,NA,NA,NA
"ner","Niger","1999",234.23,51.49,NA,NA,NA
"ner","Niger","2000",224.9,51.85,NA,NA,NA
"ner","Niger","2001",215.19,52.31,NA,NA,NA
"ner","Niger","2002",204.46,53.25,NA,NA,NA
"ner","Niger","2003",193.13,53.74,NA,NA,NA
"ner","Niger","2004",181.55,55.01,NA,NA,NA
"ner","Niger","2005",170.19,55.62,NA,NA,NA
"ner","Niger","2006",159.35,56.66,NA,NA,NA
"ner","Niger","2007",149.04,57.2,NA,NA,NA
"ner","Niger","2008",139.34,58.26,NA,NA,NA
"ner","Niger","2009",130.26,58.72,NA,NA,NA
"ner","Niger","2010",121.9,59.05,NA,NA,NA
"ner","Niger","2011",114.49,59.32,NA,NA,NA
"ner","Niger","2012",108.17,59.57,NA,NA,NA
"ner","Niger","2013",102.66,59.97,NA,NA,NA
"ner","Niger","2014",98.03,60.36,NA,NA,NA
"ner","Niger","2015",93.76,60.64,NA,NA,NA
"ner","Niger","2016",90.06,61.08,NA,NA,NA
"ner","Niger","2017",86.64,61.53,NA,NA,NA
"ner","Niger","2018",83.48,62.01,NA,NA,NA
"ner","Niger","2019",80.34,62.51,NA,NA,NA
"ner","Niger","2020",77.52,61.07,NA,NA,NA
"ner","Niger","2021",75.08,61.2,NA,NA,NA
"ner","Niger","2022",71.47,61.7,NA,NA,NA
"ner","Niger","2023",72.54,62.54,NA,NA,NA
"ner","Niger","2024",70.68,63.83,NA,NA,NA
"ner","Niger","2025",68.87,64.09,NA,NA,NA
"nga","Nigeria","1915",425.6,35.96,NA,NA,NA
"nga","Nigeria","1916",424.57,36.04,NA,NA,NA
"nga","Nigeria","1917",423.54,36.13,NA,NA,NA
"nga","Nigeria","1918",422.51,17.11,NA,NA,NA
"nga","Nigeria","1919",421.48,36.3,NA,NA,NA
"nga","Nigeria","1920",420.45,36.38,NA,NA,NA
"nga","Nigeria","1921",419.42,36.47,NA,NA,NA
"nga","Nigeria","1922",418.39,36.56,NA,NA,NA
"nga","Nigeria","1923",417.37,36.64,NA,NA,NA
"nga","Nigeria","1924",416.34,36.73,NA,NA,NA
"nga","Nigeria","1925",415.31,36.81,NA,NA,NA
"nga","Nigeria","1926",414.28,36.9,NA,NA,NA
"nga","Nigeria","1927",413.25,36.98,NA,NA,NA
"nga","Nigeria","1928",412.22,37.07,NA,NA,NA
"nga","Nigeria","1929",411.19,37.15,NA,NA,NA
"nga","Nigeria","1930",410.16,37.24,NA,NA,NA
"nga","Nigeria","1931",409.14,37.33,NA,NA,NA
"nga","Nigeria","1932",408.11,37.41,NA,NA,NA
"nga","Nigeria","1933",407.08,37.5,NA,NA,NA
"nga","Nigeria","1934",406.05,37.58,NA,NA,NA
"nga","Nigeria","1935",405.02,37.67,NA,NA,NA
"nga","Nigeria","1936",403.99,37.75,NA,NA,NA
"nga","Nigeria","1937",402.96,37.84,NA,NA,NA
"nga","Nigeria","1938",401.93,37.92,NA,NA,NA
"nga","Nigeria","1939",400.9,38.01,NA,NA,NA
"nga","Nigeria","1940",399.88,38.09,NA,NA,NA
"nga","Nigeria","1941",398.85,38.38,NA,NA,NA
"nga","Nigeria","1942",397.82,38.67,NA,NA,NA
"nga","Nigeria","1943",396.79,38.96,NA,NA,NA
"nga","Nigeria","1944",395.76,39.25,NA,NA,NA
"nga","Nigeria","1945",394.73,39.54,NA,NA,NA
"nga","Nigeria","1946",386.52,40.58,NA,NA,NA
"nga","Nigeria","1947",378.51,41.61,NA,NA,NA
"nga","Nigeria","1948",370.59,42.66,NA,NA,NA
"nga","Nigeria","1949",363.94,43.7,NA,NA,NA
"nga","Nigeria","1950",356.25,44.75,NA,NA,NA
"nga","Nigeria","1951",344.13,44.91,NA,NA,NA
"nga","Nigeria","1952",331.19,45.21,NA,NA,NA
"nga","Nigeria","1953",319.02,45.41,NA,NA,NA
"nga","Nigeria","1954",307.13,45.65,NA,NA,NA
"nga","Nigeria","1955",295.56,45.86,NA,NA,NA
"nga","Nigeria","1956",284.51,46.01,NA,NA,NA
"nga","Nigeria","1957",273.75,46.15,NA,NA,NA
"nga","Nigeria","1958",248.48,46.31,NA,NA,NA
"nga","Nigeria","1959",236.26,46.56,NA,NA,NA
"nga","Nigeria","1960",224.32,46.81,NA,NA,NA
"nga","Nigeria","1961",236.55,47.06,NA,NA,NA
"nga","Nigeria","1962",185.13,47.31,NA,NA,NA
"nga","Nigeria","1963",171.74,47.71,NA,NA,NA
"nga","Nigeria","1964",196.3,47.94,NA,NA,NA
"nga","Nigeria","1965",193.1,48.15,NA,NA,NA
"nga","Nigeria","1966",202.4,48.38,NA,NA,NA
"nga","Nigeria","1967",198.1,47.94,NA,NA,NA
"nga","Nigeria","1968",205.1,47.51,NA,NA,NA
"nga","Nigeria","1969",194.1,47.71,NA,NA,NA
"nga","Nigeria","1970",184.4,49.05,NA,NA,NA
"nga","Nigeria","1971",177.9,49.61,NA,NA,NA
"nga","Nigeria","1972",164.5,50.22,NA,NA,NA
"nga","Nigeria","1973",175.8,50.85,NA,NA,NA
"nga","Nigeria","1974",161.9,51.5,NA,NA,NA
"nga","Nigeria","1975",149.6,52.01,NA,NA,NA
"nga","Nigeria","1976",135.2,52.43,NA,NA,NA
"nga","Nigeria","1977",140.3,52.91,NA,NA,NA
"nga","Nigeria","1978",149.9,53.31,NA,NA,NA
"nga","Nigeria","1979",150.2,53.74,NA,NA,NA
"nga","Nigeria","1980",143.1,54.06,NA,NA,NA
"nga","Nigeria","1981",209.89,54.26,NA,NA,NA
"nga","Nigeria","1982",208.01,54.51,NA,NA,NA
"nga","Nigeria","1983",207.21,54.68,NA,NA,NA
"nga","Nigeria","1984",207.31,54.79,NA,NA,NA
"nga","Nigeria","1985",207.86,54.91,NA,NA,NA
"nga","Nigeria","1986",208.77,54.76,NA,NA,NA
"nga","Nigeria","1987",209.64,54.63,NA,NA,NA
"nga","Nigeria","1988",210.17,54.59,NA,NA,NA
"nga","Nigeria","1989",210.35,54.62,NA,NA,NA
"nga","Nigeria","1990",210.05,54.69,NA,NA,NA
"nga","Nigeria","1991",209.53,54.52,NA,NA,NA
"nga","Nigeria","1992",208.7,54.7,NA,NA,NA
"nga","Nigeria","1993",207.66,54.71,NA,NA,NA
"nga","Nigeria","1994",206.27,54.68,NA,NA,NA
"nga","Nigeria","1995",204.24,54.63,NA,NA,NA
"nga","Nigeria","1996",201.46,54.37,NA,NA,NA
"nga","Nigeria","1997",197.83,54.64,NA,NA,NA
"nga","Nigeria","1998",193.28,54.61,NA,NA,NA
"nga","Nigeria","1999",188.24,54.58,NA,NA,NA
"nga","Nigeria","2000",182.86,54.63,NA,NA,NA
"nga","Nigeria","2001",177.25,54.82,NA,NA,NA
"nga","Nigeria","2002",171.54,55.09,NA,NA,NA
"nga","Nigeria","2003",165.94,55.5,NA,NA,NA
"nga","Nigeria","2004",160.3,55.98,NA,NA,NA
"nga","Nigeria","2005",155.03,56.63,NA,NA,NA
"nga","Nigeria","2006",150.1,57.24,NA,NA,NA
"nga","Nigeria","2007",145.58,57.9,NA,NA,NA
"nga","Nigeria","2008",141.72,58.49,NA,NA,NA
"nga","Nigeria","2009",138.34,59.05,NA,NA,NA
"nga","Nigeria","2010",135.53,59.64,NA,NA,NA
"nga","Nigeria","2011",133.13,60.18,NA,NA,NA
"nga","Nigeria","2012",131.11,60.7,NA,NA,NA
"nga","Nigeria","2013",129.42,61.17,NA,NA,NA
"nga","Nigeria","2014",127.89,61.58,NA,NA,NA
"nga","Nigeria","2015",126.45,62.11,NA,NA,NA
"nga","Nigeria","2016",124.69,62.7,NA,NA,NA
"nga","Nigeria","2017",122.53,63.26,NA,NA,NA
"nga","Nigeria","2018",119.9,63.77,NA,NA,NA
"nga","Nigeria","2019",116.94,64.34,NA,NA,NA
"nga","Nigeria","2020",114.08,64.31,NA,NA,NA
"nga","Nigeria","2021",111.15,64.05,NA,NA,NA
"nga","Nigeria","2022",110.73,65.21,NA,NA,NA
"nga","Nigeria","2023",108.98,65.5,NA,NA,NA
"nga","Nigeria","2024",107.27,65.79,NA,NA,NA
"nga","Nigeria","2025",105.59,66.07,NA,NA,NA
"nic","Nicaragua","1915",494.45,27.24,NA,NA,NA
"nic","Nicaragua","1916",493.25,27.27,NA,NA,NA
"nic","Nicaragua","1917",494.97,27.08,NA,NA,NA
"nic","Nicaragua","1918",496.67,23.96,NA,NA,NA
"nic","Nicaragua","1919",498.44,26.68,NA,NA,NA
"nic","Nicaragua","1920",500.18,26.48,NA,NA,NA
"nic","Nicaragua","1921",501.92,26.28,NA,NA,NA
"nic","Nicaragua","1922",493.31,26.88,NA,NA,NA
"nic","Nicaragua","1923",484.89,27.49,NA,NA,NA
"nic","Nicaragua","1924",476.54,28.1,NA,NA,NA
"nic","Nicaragua","1925",466.98,28.7,NA,NA,NA
"nic","Nicaragua","1926",458.9,29.3,NA,NA,NA
"nic","Nicaragua","1927",451.02,29.92,NA,NA,NA
"nic","Nicaragua","1928",441.86,30.53,NA,NA,NA
"nic","Nicaragua","1929",434.21,31.14,NA,NA,NA
"nic","Nicaragua","1930",426.62,31.74,NA,NA,NA
"nic","Nicaragua","1931",406.43,32.37,NA,NA,NA
"nic","Nicaragua","1932",388,32.98,NA,NA,NA
"nic","Nicaragua","1933",370.08,33.59,NA,NA,NA
"nic","Nicaragua","1934",351.56,34.2,NA,NA,NA
"nic","Nicaragua","1935",334.65,34.83,NA,NA,NA
"nic","Nicaragua","1936",318.21,35.45,NA,NA,NA
"nic","Nicaragua","1937",301.27,36.07,NA,NA,NA
"nic","Nicaragua","1938",285.78,36.69,NA,NA,NA
"nic","Nicaragua","1939",270.7,37.31,NA,NA,NA
"nic","Nicaragua","1940",255.28,37.94,NA,NA,NA
"nic","Nicaragua","1941",240.32,38.9,NA,NA,NA
"nic","Nicaragua","1942",225.16,39.88,NA,NA,NA
"nic","Nicaragua","1943",211.23,40.83,NA,NA,NA
"nic","Nicaragua","1944",197.11,41.8,NA,NA,NA
"nic","Nicaragua","1945",183.55,42.79,NA,NA,NA
"nic","Nicaragua","1946",168.11,43.76,NA,NA,NA
"nic","Nicaragua","1947",153.59,44.73,NA,NA,NA
"nic","Nicaragua","1948",139.96,45.71,NA,NA,NA
"nic","Nicaragua","1949",127.15,46.69,NA,NA,NA
"nic","Nicaragua","1950",115.14,47.67,NA,NA,NA
"nic","Nicaragua","1951",90.09,48.44,NA,NA,NA
"nic","Nicaragua","1952",104.04,49.69,NA,NA,NA
"nic","Nicaragua","1953",96.95,50.66,NA,NA,NA
"nic","Nicaragua","1954",87.5,51.61,NA,NA,NA
"nic","Nicaragua","1955",82.75,52.29,NA,NA,NA
"nic","Nicaragua","1956",67.87,53.12,NA,NA,NA
"nic","Nicaragua","1957",77.41,53.21,NA,NA,NA
"nic","Nicaragua","1958",91.61,53.58,NA,NA,NA
"nic","Nicaragua","1959",199.12,53.28,NA,NA,NA
"nic","Nicaragua","1960",197.48,53.6,NA,NA,NA
"nic","Nicaragua","1961",195.54,55.38,NA,NA,NA
"nic","Nicaragua","1962",193.54,56.08,NA,NA,NA
"nic","Nicaragua","1963",191.64,56.47,NA,NA,NA
"nic","Nicaragua","1964",189.5,56.79,NA,NA,NA
"nic","Nicaragua","1965",187.25,57.19,NA,NA,NA
"nic","Nicaragua","1966",184.64,57.34,NA,NA,NA
"nic","Nicaragua","1967",181.77,57.27,NA,NA,NA
"nic","Nicaragua","1968",178.63,56.49,NA,NA,NA
"nic","Nicaragua","1969",175.32,55.97,NA,NA,NA
"nic","Nicaragua","1970",171.49,58.08,NA,NA,NA
"nic","Nicaragua","1971",167.35,59.23,NA,NA,NA
"nic","Nicaragua","1972",186.35,50.47,NA,NA,NA
"nic","Nicaragua","1973",157.35,61.15,NA,NA,NA
"nic","Nicaragua","1974",151.29,61.97,NA,NA,NA
"nic","Nicaragua","1975",144.65,62.65,NA,NA,NA
"nic","Nicaragua","1976",137.53,62.93,NA,NA,NA
"nic","Nicaragua","1977",130.1,63.75,NA,NA,NA
"nic","Nicaragua","1978",122.69,63.14,NA,NA,NA
"nic","Nicaragua","1979",115.4,58.88,NA,NA,NA
"nic","Nicaragua","1980",108.45,66.37,NA,NA,NA
"nic","Nicaragua","1981",102,66.51,NA,NA,NA
"nic","Nicaragua","1982",96.13,66.77,NA,NA,NA
"nic","Nicaragua","1983",90.9,62.51,NA,NA,NA
"nic","Nicaragua","1984",86.28,61.57,NA,NA,NA
"nic","Nicaragua","1985",82.33,63.31,NA,NA,NA
"nic","Nicaragua","1986",78.82,65.35,NA,NA,NA
"nic","Nicaragua","1987",75.66,64.19,NA,NA,NA
"nic","Nicaragua","1988",72.67,68.22,NA,NA,NA
"nic","Nicaragua","1989",69.72,71.68,NA,NA,NA
"nic","Nicaragua","1990",66.69,72.72,NA,NA,NA
"nic","Nicaragua","1991",63.62,72.06,NA,NA,NA
"nic","Nicaragua","1992",60.51,72.44,NA,NA,NA
"nic","Nicaragua","1993",57.42,72.64,NA,NA,NA
"nic","Nicaragua","1994",54.34,73,NA,NA,NA
"nic","Nicaragua","1995",51.36,71.46,NA,NA,NA
"nic","Nicaragua","1996",48.48,71.52,NA,NA,NA
"nic","Nicaragua","1997",45.74,72.44,NA,NA,NA
"nic","Nicaragua","1998",50.17,70.42,NA,NA,NA
"nic","Nicaragua","1999",40.76,73.26,NA,NA,NA
"nic","Nicaragua","2000",38.55,73.73,NA,NA,NA
"nic","Nicaragua","2001",36.51,73.73,NA,NA,NA
"nic","Nicaragua","2002",34.63,73.61,NA,NA,NA
"nic","Nicaragua","2003",32.9,73.6,NA,NA,NA
"nic","Nicaragua","2004",31.33,73.65,NA,NA,NA
"nic","Nicaragua","2005",29.88,73.46,NA,NA,NA
"nic","Nicaragua","2006",28.52,74.25,NA,NA,NA
"nic","Nicaragua","2007",27.26,73.92,NA,NA,NA
"nic","Nicaragua","2008",26.06,73.96,NA,NA,NA
"nic","Nicaragua","2009",24.94,74.11,NA,NA,NA
"nic","Nicaragua","2010",23.9,74.37,NA,NA,NA
"nic","Nicaragua","2011",22.92,74.33,NA,NA,NA
"nic","Nicaragua","2012",21.97,74.39,NA,NA,NA
"nic","Nicaragua","2013",21.08,74.46,NA,NA,NA
"nic","Nicaragua","2014",20.22,74.5,NA,NA,NA
"nic","Nicaragua","2015",19.4,74.91,NA,NA,NA
"nic","Nicaragua","2016",18.65,74.77,NA,NA,NA
"nic","Nicaragua","2017",17.92,75.04,NA,NA,NA
"nic","Nicaragua","2018",17.26,75.18,NA,NA,NA
"nic","Nicaragua","2019",16.62,75.38,NA,NA,NA
"nic","Nicaragua","2020",16.03,73.08,NA,NA,NA
"nic","Nicaragua","2021",15.44,75.16,NA,NA,NA
"nic","Nicaragua","2022",14.65,75.95,NA,NA,NA
"nic","Nicaragua","2023",14.17,76.14,NA,NA,NA
"nic","Nicaragua","2024",13.69,76.32,NA,NA,NA
"nic","Nicaragua","2025",13.22,76.51,NA,NA,NA
"nld","Netherlands","1915",135.15,57.29,NA,NA,NA
"nld","Netherlands","1916",140.74,56.23,NA,NA,NA
"nld","Netherlands","1917",140.44,55.74,NA,NA,NA
"nld","Netherlands","1918",179.07,47.67,NA,NA,NA
"nld","Netherlands","1919",149.77,55.06,NA,NA,NA
"nld","Netherlands","1920",123.7,57.92,NA,NA,NA
"nld","Netherlands","1921",115.2,59.86,NA,NA,NA
"nld","Netherlands","1922",105.38,59.93,NA,NA,NA
"nld","Netherlands","1923",94.3,62.15,NA,NA,NA
"nld","Netherlands","1924",82.89,63.06,NA,NA,NA
"nld","Netherlands","1925",81.42,63.27,NA,NA,NA
"nld","Netherlands","1926",85.79,63.14,NA,NA,NA
"nld","Netherlands","1927",83.34,62.75,NA,NA,NA
"nld","Netherlands","1928",73.72,63.84,NA,NA,NA
"nld","Netherlands","1929",81.7,62.29,NA,NA,NA
"nld","Netherlands","1930",70.15,64.83,NA,NA,NA
"nld","Netherlands","1931",67.14,64.45,NA,NA,NA
"nld","Netherlands","1932",62.3,65.55,NA,NA,NA
"nld","Netherlands","1933",56.75,66.19,NA,NA,NA
"nld","Netherlands","1934",56.24,66.73,NA,NA,NA
"nld","Netherlands","1935",52.32,66.65,NA,NA,NA
"nld","Netherlands","1936",51.88,66.88,NA,NA,NA
"nld","Netherlands","1937",49.12,67.1,NA,NA,NA
"nld","Netherlands","1938",49.32,67.52,NA,NA,NA
"nld","Netherlands","1939",44.75,67.85,NA,NA,NA
"nld","Netherlands","1940",51.89,65.52,NA,NA,NA
"nld","Netherlands","1941",56.64,65.45,NA,NA,NA
"nld","Netherlands","1942",53.96,65.96,NA,NA,NA
"nld","Netherlands","1943",61.88,64.55,NA,NA,NA
"nld","Netherlands","1944",70.51,61.38,NA,NA,NA
"nld","Netherlands","1945",103.4,55.56,NA,NA,NA
"nld","Netherlands","1946",61.85,67.7,NA,NA,NA
"nld","Netherlands","1947",41.7,69.66,NA,NA,NA
"nld","Netherlands","1948",35.73,71.18,NA,NA,NA
"nld","Netherlands","1949",33.26,70.41,NA,NA,NA
"nld","Netherlands","1950",31.89,71.58,NA,NA,NA
"nld","Netherlands","1951",30.46,71.67,NA,NA,NA
"nld","Netherlands","1952",29.05,72.06,NA,NA,NA
"nld","Netherlands","1953",27.68,71.52,NA,NA,NA
"nld","Netherlands","1954",26.36,72.41,NA,NA,NA
"nld","Netherlands","1955",25.12,72.62,NA,NA,NA
"nld","Netherlands","1956",24,72.77,NA,NA,NA
"nld","Netherlands","1957",23.03,73.07,NA,NA,NA
"nld","Netherlands","1958",22.2,73.26,NA,NA,NA
"nld","Netherlands","1959",21.48,73.34,NA,NA,NA
"nld","Netherlands","1960",20.83,73.5,NA,NA,NA
"nld","Netherlands","1961",20.25,73.62,NA,NA,NA
"nld","Netherlands","1962",19.73,73.07,NA,NA,NA
"nld","Netherlands","1963",19.24,73.52,NA,NA,NA
"nld","Netherlands","1964",18.78,73.68,NA,NA,NA
"nld","Netherlands","1965",18.32,73.69,NA,NA,NA
"nld","Netherlands","1966",17.87,73.68,NA,NA,NA
"nld","Netherlands","1967",17.4,73.81,NA,NA,NA
"nld","Netherlands","1968",16.91,73.76,NA,NA,NA
"nld","Netherlands","1969",16.39,73.69,NA,NA,NA
"nld","Netherlands","1970",15.83,73.73,NA,NA,NA
"nld","Netherlands","1971",15.26,73.89,NA,NA,NA
"nld","Netherlands","1972",14.69,73.97,NA,NA,NA
"nld","Netherlands","1973",14.15,74.3,NA,NA,NA
"nld","Netherlands","1974",13.61,74.61,NA,NA,NA
"nld","Netherlands","1975",13.08,74.68,NA,NA,NA
"nld","Netherlands","1976",12.57,74.87,NA,NA,NA
"nld","Netherlands","1977",12.08,75.22,NA,NA,NA
"nld","Netherlands","1978",11.63,75.4,NA,NA,NA
"nld","Netherlands","1979",11.22,75.7,NA,NA,NA
"nld","Netherlands","1980",10.88,75.88,NA,NA,NA
"nld","Netherlands","1981",10.6,76.05,NA,NA,NA
"nld","Netherlands","1982",10.36,76.17,NA,NA,NA
"nld","Netherlands","1983",10.16,76.33,NA,NA,NA
"nld","Netherlands","1984",9.95,76.43,NA,NA,NA
"nld","Netherlands","1985",9.72,76.49,NA,NA,NA
"nld","Netherlands","1986",9.47,76.56,NA,NA,NA
"nld","Netherlands","1987",9.19,76.84,NA,NA,NA
"nld","Netherlands","1988",8.91,77.06,NA,NA,NA
"nld","Netherlands","1989",8.62,77,NA,NA,NA
"nld","Netherlands","1990",8.32,77.16,NA,NA,NA
"nld","Netherlands","1991",8.02,77.3,NA,NA,NA
"nld","Netherlands","1992",7.71,77.4,NA,NA,NA
"nld","Netherlands","1993",7.41,77.34,NA,NA,NA
"nld","Netherlands","1994",7.13,77.59,NA,NA,NA
"nld","Netherlands","1995",6.89,77.69,NA,NA,NA
"nld","Netherlands","1996",6.7,77.76,NA,NA,NA
"nld","Netherlands","1997",6.54,78.01,NA,NA,NA
"nld","Netherlands","1998",6.42,78.12,NA,NA,NA
"nld","Netherlands","1999",6.3,78.14,NA,NA,NA
"nld","Netherlands","2000",6.19,78.28,NA,NA,NA
"nld","Netherlands","2001",6.07,78.43,NA,NA,NA
"nld","Netherlands","2002",5.91,78.6,NA,NA,NA
"nld","Netherlands","2003",5.73,78.86,NA,NA,NA
"nld","Netherlands","2004",5.53,79.3,NA,NA,NA
"nld","Netherlands","2005",5.32,79.63,NA,NA,NA
"nld","Netherlands","2006",5.11,79.97,NA,NA,NA
"nld","Netherlands","2007",4.91,80.32,NA,NA,NA
"nld","Netherlands","2008",4.72,80.54,NA,NA,NA
"nld","Netherlands","2009",4.56,80.76,NA,NA,NA
"nld","Netherlands","2010",4.42,80.95,NA,NA,NA
"nld","Netherlands","2011",4.3,81.13,NA,NA,NA
"nld","Netherlands","2012",4.2,81.22,NA,NA,NA
"nld","Netherlands","2013",4.13,81.43,NA,NA,NA
"nld","Netherlands","2014",4.08,81.62,NA,NA,NA
"nld","Netherlands","2015",4.05,81.66,NA,NA,NA
"nld","Netherlands","2016",4.04,81.66,NA,NA,NA
"nld","Netherlands","2017",4.05,81.71,NA,NA,NA
"nld","Netherlands","2018",4.07,81.72,NA,NA,NA
"nld","Netherlands","2019",4.12,81.74,NA,NA,NA
"nld","Netherlands","2020",4.04,81.34,NA,NA,NA
"nld","Netherlands","2021",3.96,81.39,NA,NA,NA
"nld","Netherlands","2022",3.4,82.15,NA,NA,NA
"nld","Netherlands","2023",3.31,82.28,NA,NA,NA
"nld","Netherlands","2024",3.23,82.41,NA,NA,NA
"nld","Netherlands","2025",3.14,82.55,NA,NA,NA
"nor","Norway","1915",90.28,58.31,NA,NA,NA
"nor","Norway","1916",96.89,57.39,NA,NA,NA
"nor","Norway","1917",91.12,57.9,NA,NA,NA
"nor","Norway","1918",101.23,50.43,NA,NA,NA
"nor","Norway","1919",92.79,56.97,NA,NA,NA
"nor","Norway","1920",86.88,59.05,NA,NA,NA
"nor","Norway","1921",71.76,61.78,NA,NA,NA
"nor","Norway","1922",74.31,60.96,NA,NA,NA
"nor","Norway","1923",68.08,61.98,NA,NA,NA
"nor","Norway","1924",65.18,62.3,NA,NA,NA
"nor","Norway","1925",64.87,62.7,NA,NA,NA
"nor","Norway","1926",61.74,63.44,NA,NA,NA
"nor","Norway","1927",64.27,63.06,NA,NA,NA
"nor","Norway","1928",63.77,63.59,NA,NA,NA
"nor","Norway","1929",69.04,62.66,NA,NA,NA
"nor","Norway","1930",59.35,64.31,NA,NA,NA
"nor","Norway","1931",58.95,64.34,NA,NA,NA
"nor","Norway","1932",59.14,64.81,NA,NA,NA
"nor","Norway","1933",57.95,65.7,NA,NA,NA
"nor","Norway","1934",50.96,66.43,NA,NA,NA
"nor","Norway","1935",54.78,66.05,NA,NA,NA
"nor","Norway","1936",54.07,66.06,NA,NA,NA
"nor","Norway","1937",53.77,66.26,NA,NA,NA
"nor","Norway","1938",48.67,67.32,NA,NA,NA
"nor","Norway","1939",47.85,67.59,NA,NA,NA
"nor","Norway","1940",49.25,66.12,NA,NA,NA
"nor","Norway","1941",55.25,66,NA,NA,NA
"nor","Norway","1942",53.24,65.92,NA,NA,NA
"nor","Norway","1943",53.5,66.37,NA,NA,NA
"nor","Norway","1944",54.16,66.06,NA,NA,NA
"nor","Norway","1945",49.3,68.46,NA,NA,NA
"nor","Norway","1946",47.5,69.79,NA,NA,NA
"nor","Norway","1947",41.78,70.3,NA,NA,NA
"nor","Norway","1948",36.25,71.43,NA,NA,NA
"nor","Norway","1949",34.19,71.83,NA,NA,NA
"nor","Norway","1950",32.81,71.91,NA,NA,NA
"nor","Norway","1951",30.86,72.19,NA,NA,NA
"nor","Norway","1952",29.12,72.56,NA,NA,NA
"nor","Norway","1953",27.65,72.89,NA,NA,NA
"nor","Norway","1954",26.56,73.08,NA,NA,NA
"nor","Norway","1955",25.8,73.21,NA,NA,NA
"nor","Norway","1956",25.19,73.26,NA,NA,NA
"nor","Norway","1957",24.56,73.31,NA,NA,NA
"nor","Norway","1958",23.9,73.32,NA,NA,NA
"nor","Norway","1959",23.25,73.39,NA,NA,NA
"nor","Norway","1960",22.63,73.4,NA,NA,NA
"nor","Norway","1961",22.06,73.41,NA,NA,NA
"nor","Norway","1962",21.55,73.33,NA,NA,NA
"nor","Norway","1963",21.04,73.24,NA,NA,NA
"nor","Norway","1964",20.43,73.47,NA,NA,NA
"nor","Norway","1965",19.72,73.64,NA,NA,NA
"nor","Norway","1966",18.96,73.87,NA,NA,NA
"nor","Norway","1967",18.24,73.91,NA,NA,NA
"nor","Norway","1968",17.55,73.97,NA,NA,NA
"nor","Norway","1969",16.89,73.99,NA,NA,NA
"nor","Norway","1970",16.25,74.25,NA,NA,NA
"nor","Norway","1971",15.6,74.4,NA,NA,NA
"nor","Norway","1972",14.96,74.54,NA,NA,NA
"nor","Norway","1973",14.3,74.72,NA,NA,NA
"nor","Norway","1974",13.62,74.97,NA,NA,NA
"nor","Norway","1975",12.92,75.12,NA,NA,NA
"nor","Norway","1976",12.21,75.35,NA,NA,NA
"nor","Norway","1977",11.53,75.59,NA,NA,NA
"nor","Norway","1978",10.91,75.73,NA,NA,NA
"nor","Norway","1979",10.41,75.74,NA,NA,NA
"nor","Norway","1980",10.08,75.96,NA,NA,NA
"nor","Norway","1981",9.9,76.16,NA,NA,NA
"nor","Norway","1982",9.88,76.32,NA,NA,NA
"nor","Norway","1983",9.98,76.39,NA,NA,NA
"nor","Norway","1984",10.11,76.48,NA,NA,NA
"nor","Norway","1985",10.22,76.35,NA,NA,NA
"nor","Norway","1986",10.24,76.37,NA,NA,NA
"nor","Norway","1987",10.12,76.35,NA,NA,NA
"nor","Norway","1988",9.82,76.45,NA,NA,NA
"nor","Norway","1989",9.33,76.65,NA,NA,NA
"nor","Norway","1990",8.67,76.86,NA,NA,NA
"nor","Norway","1991",7.94,77.2,NA,NA,NA
"nor","Norway","1992",7.24,77.35,NA,NA,NA
"nor","Norway","1993",6.61,77.53,NA,NA,NA
"nor","Norway","1994",6.1,77.77,NA,NA,NA
"nor","Norway","1995",5.72,78.04,NA,NA,NA
"nor","Norway","1996",5.44,78.28,NA,NA,NA
"nor","Norway","1997",5.24,78.46,NA,NA,NA
"nor","Norway","1998",5.11,78.54,NA,NA,NA
"nor","Norway","1999",4.99,78.7,NA,NA,NA
"nor","Norway","2000",4.86,78.9,NA,NA,NA
"nor","Norway","2001",4.71,79.13,NA,NA,NA
"nor","Norway","2002",4.56,79.32,NA,NA,NA
"nor","Norway","2003",4.38,79.72,NA,NA,NA
"nor","Norway","2004",4.22,80.08,NA,NA,NA
"nor","Norway","2005",4.05,80.37,NA,NA,NA
"nor","Norway","2006",3.89,80.55,NA,NA,NA
"nor","Norway","2007",3.73,80.67,NA,NA,NA
"nor","Norway","2008",3.58,80.86,NA,NA,NA
"nor","Norway","2009",3.42,81.06,NA,NA,NA
"nor","Norway","2010",3.27,81.3,NA,NA,NA
"nor","Norway","2011",3.14,81.29,NA,NA,NA
"nor","Norway","2012",3.02,81.62,NA,NA,NA
"nor","Norway","2013",2.91,81.81,NA,NA,NA
"nor","Norway","2014",2.82,82.15,NA,NA,NA
"nor","Norway","2015",2.73,82.41,NA,NA,NA
"nor","Norway","2016",2.63,82.53,NA,NA,NA
"nor","Norway","2017",2.53,82.81,NA,NA,NA
"nor","Norway","2018",2.43,82.83,NA,NA,NA
"nor","Norway","2019",2.31,82.9,NA,NA,NA
"nor","Norway","2020",1.88,83.14,NA,NA,NA
"nor","Norway","2021",2.2,83.18,NA,NA,NA
"nor","Norway","2022",1.99,83.34,NA,NA,NA
"nor","Norway","2023",1.91,83.49,NA,NA,NA
"nor","Norway","2024",1.85,83.65,NA,NA,NA
"nor","Norway","2025",1.79,83.78,NA,NA,NA
"npl","Nepal","1915",395.29,36.04,NA,NA,NA
"npl","Nepal","1916",394.34,36.09,NA,NA,NA
"npl","Nepal","1917",393.38,36.14,NA,NA,NA
"npl","Nepal","1918",392.43,23.2,NA,NA,NA
"npl","Nepal","1919",391.47,36.24,NA,NA,NA
"npl","Nepal","1920",390.52,36.29,NA,NA,NA
"npl","Nepal","1921",389.56,36.34,NA,NA,NA
"npl","Nepal","1922",388.6,36.39,NA,NA,NA
"npl","Nepal","1923",387.65,36.44,NA,NA,NA
"npl","Nepal","1924",386.69,36.49,NA,NA,NA
"npl","Nepal","1925",385.74,36.54,NA,NA,NA
"npl","Nepal","1926",384.78,36.59,NA,NA,NA
"npl","Nepal","1927",383.83,36.64,NA,NA,NA
"npl","Nepal","1928",382.87,36.69,NA,NA,NA
"npl","Nepal","1929",381.91,36.74,NA,NA,NA
"npl","Nepal","1930",380.96,36.79,NA,NA,NA
"npl","Nepal","1931",379.72,36.84,NA,NA,NA
"npl","Nepal","1932",378.48,36.89,NA,NA,NA
"npl","Nepal","1933",377.24,36.94,NA,NA,NA
"npl","Nepal","1934",376.01,36.99,NA,NA,NA
"npl","Nepal","1935",374.77,37.04,NA,NA,NA
"npl","Nepal","1936",373.55,37.09,NA,NA,NA
"npl","Nepal","1937",372.31,37.14,NA,NA,NA
"npl","Nepal","1938",371.08,37.19,NA,NA,NA
"npl","Nepal","1939",369.85,37.24,NA,NA,NA
"npl","Nepal","1940",368.62,37.29,NA,NA,NA
"npl","Nepal","1941",367.4,37.42,NA,NA,NA
"npl","Nepal","1942",364.12,37.54,NA,NA,NA
"npl","Nepal","1943",360.86,37.67,NA,NA,NA
"npl","Nepal","1944",357.63,37.8,NA,NA,NA
"npl","Nepal","1945",354.43,37.92,NA,NA,NA
"npl","Nepal","1946",351.26,38.46,NA,NA,NA
"npl","Nepal","1947",348.12,39.01,NA,NA,NA
"npl","Nepal","1948",345,39.54,NA,NA,NA
"npl","Nepal","1949",341.92,40.08,NA,NA,NA
"npl","Nepal","1950",338.86,40.63,NA,NA,NA
"npl","Nepal","1951",337.85,40.87,NA,NA,NA
"npl","Nepal","1952",337.05,41.35,NA,NA,NA
"npl","Nepal","1953",336.51,41.81,NA,NA,NA
"npl","Nepal","1954",335.81,42.19,NA,NA,NA
"npl","Nepal","1955",334.93,42.61,NA,NA,NA
"npl","Nepal","1956",333.89,42.98,NA,NA,NA
"npl","Nepal","1957",332.47,43.32,NA,NA,NA
"npl","Nepal","1958",330.61,43.68,NA,NA,NA
"npl","Nepal","1959",328.26,44.1,NA,NA,NA
"npl","Nepal","1960",325.09,44.61,NA,NA,NA
"npl","Nepal","1961",321.2,45.1,NA,NA,NA
"npl","Nepal","1962",316.73,45.57,NA,NA,NA
"npl","Nepal","1963",311.19,45.9,NA,NA,NA
"npl","Nepal","1964",305.08,46.6,NA,NA,NA
"npl","Nepal","1965",298.49,47.16,NA,NA,NA
"npl","Nepal","1966",291.76,47.7,NA,NA,NA
"npl","Nepal","1967",285.08,48.16,NA,NA,NA
"npl","Nepal","1968",278.44,48.52,NA,NA,NA
"npl","Nepal","1969",272.04,48.91,NA,NA,NA
"npl","Nepal","1970",266.04,49.27,NA,NA,NA
"npl","Nepal","1971",260.23,49.58,NA,NA,NA
"npl","Nepal","1972",254.7,49.85,NA,NA,NA
"npl","Nepal","1973",249.28,50.04,NA,NA,NA
"npl","Nepal","1974",243.85,50.33,NA,NA,NA
"npl","Nepal","1975",238.34,50.51,NA,NA,NA
"npl","Nepal","1976",232.78,50.56,NA,NA,NA
"npl","Nepal","1977",227.04,50.81,NA,NA,NA
"npl","Nepal","1978",220.88,51.07,NA,NA,NA
"npl","Nepal","1979",214.42,51.49,NA,NA,NA
"npl","Nepal","1980",207.89,51.85,NA,NA,NA
"npl","Nepal","1981",201.37,52.26,NA,NA,NA
"npl","Nepal","1982",194.77,52.85,NA,NA,NA
"npl","Nepal","1983",188.23,53.37,NA,NA,NA
"npl","Nepal","1984",181.53,54.01,NA,NA,NA
"npl","Nepal","1985",174.7,54.73,NA,NA,NA
"npl","Nepal","1986",167.75,55.43,NA,NA,NA
"npl","Nepal","1987",160.64,56.11,NA,NA,NA
"npl","Nepal","1988",153.39,56.78,NA,NA,NA
"npl","Nepal","1989",146.09,57.62,NA,NA,NA
"npl","Nepal","1990",138.82,58.32,NA,NA,NA
"npl","Nepal","1991",131.75,58.86,NA,NA,NA
"npl","Nepal","1992",124.85,59.76,NA,NA,NA
"npl","Nepal","1993",118.21,60.31,NA,NA,NA
"npl","Nepal","1994",111.86,61.19,NA,NA,NA
"npl","Nepal","1995",105.8,61.83,NA,NA,NA
"npl","Nepal","1996",100.01,62.57,NA,NA,NA
"npl","Nepal","1997",94.48,63.37,NA,NA,NA
"npl","Nepal","1998",89.13,64.02,NA,NA,NA
"npl","Nepal","1999",84.01,64.75,NA,NA,NA
"npl","Nepal","2000",79.15,65.39,NA,NA,NA
"npl","Nepal","2001",74.62,66.06,NA,NA,NA
"npl","Nepal","2002",70.36,66.16,NA,NA,NA
"npl","Nepal","2003",66.41,67,NA,NA,NA
"npl","Nepal","2004",62.75,67.24,NA,NA,NA
"npl","Nepal","2005",59.38,67.69,NA,NA,NA
"npl","Nepal","2006",56.32,68.01,NA,NA,NA
"npl","Nepal","2007",53.44,68.26,NA,NA,NA
"npl","Nepal","2008",50.8,68.52,NA,NA,NA
"npl","Nepal","2009",48.28,68.76,NA,NA,NA
"npl","Nepal","2010",45.89,69.04,NA,NA,NA
"npl","Nepal","2011",43.64,69.22,NA,NA,NA
"npl","Nepal","2012",41.46,69.47,NA,NA,NA
"npl","Nepal","2013",39.39,69.68,NA,NA,NA
"npl","Nepal","2014",37.4,69.91,NA,NA,NA
"npl","Nepal","2015",35.52,69.35,NA,NA,NA
"npl","Nepal","2016",33.73,70.37,NA,NA,NA
"npl","Nepal","2017",32.1,70.6,NA,NA,NA
"npl","Nepal","2018",30.64,70.84,NA,NA,NA
"npl","Nepal","2019",29.32,71.07,NA,NA,NA
"npl","Nepal","2020",28.41,70.75,NA,NA,NA
"npl","Nepal","2021",27.27,69.94,NA,NA,NA
"npl","Nepal","2022",24.36,72.02,NA,NA,NA
"npl","Nepal","2023",22.97,72.32,NA,NA,NA
"npl","Nepal","2024",21.64,72.61,NA,NA,NA
"npl","Nepal","2025",20.46,72.9,NA,NA,NA
"nru","Nauru","1915",NA,NA,NA,NA,NA
"nru","Nauru","1916",NA,NA,NA,NA,NA
"nru","Nauru","1917",NA,NA,NA,NA,NA
"nru","Nauru","1918",NA,NA,NA,NA,NA
"nru","Nauru","1919",NA,NA,NA,NA,NA
"nru","Nauru","1920",NA,NA,NA,NA,NA
"nru","Nauru","1921",NA,NA,NA,NA,NA
"nru","Nauru","1922",NA,NA,NA,NA,NA
"nru","Nauru","1923",NA,NA,NA,NA,NA
"nru","Nauru","1924",NA,NA,NA,NA,NA
"nru","Nauru","1925",NA,NA,NA,NA,NA
"nru","Nauru","1926",NA,NA,NA,NA,NA
"nru","Nauru","1927",NA,NA,NA,NA,NA
"nru","Nauru","1928",NA,NA,NA,NA,NA
"nru","Nauru","1929",NA,NA,NA,NA,NA
"nru","Nauru","1930",NA,NA,NA,NA,NA
"nru","Nauru","1931",NA,NA,NA,NA,NA
"nru","Nauru","1932",NA,NA,NA,NA,NA
"nru","Nauru","1933",NA,NA,NA,NA,NA
"nru","Nauru","1934",NA,NA,NA,NA,NA
"nru","Nauru","1935",NA,NA,NA,NA,NA
"nru","Nauru","1936",NA,NA,NA,NA,NA
"nru","Nauru","1937",NA,NA,NA,NA,NA
"nru","Nauru","1938",NA,NA,NA,NA,NA
"nru","Nauru","1939",NA,NA,NA,NA,NA
"nru","Nauru","1940",NA,NA,NA,NA,NA
"nru","Nauru","1941",NA,NA,NA,NA,NA
"nru","Nauru","1942",NA,NA,NA,NA,NA
"nru","Nauru","1943",NA,NA,NA,NA,NA
"nru","Nauru","1944",NA,NA,NA,NA,NA
"nru","Nauru","1945",NA,NA,NA,NA,NA
"nru","Nauru","1946",NA,NA,NA,NA,NA
"nru","Nauru","1947",NA,NA,NA,NA,NA
"nru","Nauru","1948",NA,NA,NA,NA,NA
"nru","Nauru","1949",NA,NA,NA,NA,NA
"nru","Nauru","1950",264.26,58.5,NA,NA,NA
"nru","Nauru","1951",258.01,58.73,NA,NA,NA
"nru","Nauru","1952",251.46,58.95,NA,NA,NA
"nru","Nauru","1953",245.01,59.18,NA,NA,NA
"nru","Nauru","1954",238.26,59.41,NA,NA,NA
"nru","Nauru","1955",231.85,59.64,NA,NA,NA
"nru","Nauru","1956",225.77,59.86,NA,NA,NA
"nru","Nauru","1957",220.03,60.07,NA,NA,NA
"nru","Nauru","1958",214.25,60.27,NA,NA,NA
"nru","Nauru","1959",208.61,60.46,NA,NA,NA
"nru","Nauru","1960",203.11,60.65,NA,NA,NA
"nru","Nauru","1961",197.71,60.83,NA,NA,NA
"nru","Nauru","1962",192.8,61,NA,NA,NA
"nru","Nauru","1963",187.66,61.17,NA,NA,NA
"nru","Nauru","1964",182.28,61.36,NA,NA,NA
"nru","Nauru","1965",175.45,61.58,NA,NA,NA
"nru","Nauru","1966",176.72,61.5,NA,NA,NA
"nru","Nauru","1967",169.74,61.84,NA,NA,NA
"nru","Nauru","1968",164.28,61.88,NA,NA,NA
"nru","Nauru","1969",158.03,61.99,NA,NA,NA
"nru","Nauru","1970",151.77,62.09,NA,NA,NA
"nru","Nauru","1971",145.81,62.16,NA,NA,NA
"nru","Nauru","1972",140.11,62.24,NA,NA,NA
"nru","Nauru","1973",134.28,62.32,NA,NA,NA
"nru","Nauru","1974",128.35,62.4,NA,NA,NA
"nru","Nauru","1975",122.25,62.5,NA,NA,NA
"nru","Nauru","1976",116.17,62.59,NA,NA,NA
"nru","Nauru","1977",110.47,62.64,NA,NA,NA
"nru","Nauru","1978",104.99,62.69,NA,NA,NA
"nru","Nauru","1979",101.83,62.66,NA,NA,NA
"nru","Nauru","1980",98.72,62.64,NA,NA,NA
"nru","Nauru","1981",95.7,62.58,NA,NA,NA
"nru","Nauru","1982",92.84,62.54,NA,NA,NA
"nru","Nauru","1983",89.99,62.49,NA,NA,NA
"nru","Nauru","1984",87.61,62.39,NA,NA,NA
"nru","Nauru","1985",85.74,62.31,NA,NA,NA
"nru","Nauru","1986",81.8,62.22,NA,NA,NA
"nru","Nauru","1987",77.88,62.13,NA,NA,NA
"nru","Nauru","1988",74.12,62.12,NA,NA,NA
"nru","Nauru","1989",70.62,62.07,NA,NA,NA
"nru","Nauru","1990",67.2,62.01,NA,NA,NA
"nru","Nauru","1991",63.89,61.89,NA,NA,NA
"nru","Nauru","1992",60.69,61.72,NA,NA,NA
"nru","Nauru","1993",57.67,61.56,NA,NA,NA
"nru","Nauru","1994",54.95,61.26,NA,NA,NA
"nru","Nauru","1995",52.4,60.82,NA,NA,NA
"nru","Nauru","1996",50.03,60.39,NA,NA,NA
"nru","Nauru","1997",47.85,59.96,NA,NA,NA
"nru","Nauru","1998",45.9,59.63,NA,NA,NA
"nru","Nauru","1999",44.13,59.34,NA,NA,NA
"nru","Nauru","2000",42.57,59.15,NA,NA,NA
"nru","Nauru","2001",41.26,58.88,NA,NA,NA
"nru","Nauru","2002",40.19,58.76,NA,NA,NA
"nru","Nauru","2003",39.36,58.72,NA,NA,NA
"nru","Nauru","2004",38.81,58.7,NA,NA,NA
"nru","Nauru","2005",38.48,58.77,NA,NA,NA
"nru","Nauru","2006",38.4,58.91,NA,NA,NA
"nru","Nauru","2007",38.38,59.03,NA,NA,NA
"nru","Nauru","2008",38.3,59.3,NA,NA,NA
"nru","Nauru","2009",37.98,59.57,NA,NA,NA
"nru","Nauru","2010",37.52,60.03,NA,NA,NA
"nru","Nauru","2011",36.85,60.5,NA,NA,NA
"nru","Nauru","2012",36.01,60.87,NA,NA,NA
"nru","Nauru","2013",35.13,61.35,NA,NA,NA
"nru","Nauru","2014",34.14,61.88,NA,NA,NA
"nru","Nauru","2015",33.16,62.29,NA,NA,NA
"nru","Nauru","2016",32.25,62.65,NA,NA,NA
"nru","Nauru","2017",31.31,62.96,NA,NA,NA
"nru","Nauru","2018",30.38,63.19,NA,NA,NA
"nru","Nauru","2019",29.45,63.39,NA,NA,NA
"nru","Nauru","2020",28.38,63.34,NA,NA,NA
"nru","Nauru","2021",27.55,63.52,NA,NA,NA
"nru","Nauru","2022",27.62,63.92,NA,NA,NA
"nru","Nauru","2023",27.11,64.09,NA,NA,NA
"nru","Nauru","2024",26.62,64.27,NA,NA,NA
"nru","Nauru","2025",26.14,64.44,NA,NA,NA
"nzl","New Zealand","1915",67.3,54.24,NA,NA,NA
"nzl","New Zealand","1916",67.3,54.69,NA,NA,NA
"nzl","New Zealand","1917",62.78,55.15,NA,NA,NA
"nzl","New Zealand","1918",62.78,47.11,NA,NA,NA
"nzl","New Zealand","1919",58.34,56.04,NA,NA,NA
"nzl","New Zealand","1920",67.3,56.48,NA,NA,NA
"nzl","New Zealand","1921",62.78,56.94,NA,NA,NA
"nzl","New Zealand","1922",53.96,57.39,NA,NA,NA
"nzl","New Zealand","1923",56.87,57.83,NA,NA,NA
"nzl","New Zealand","1924",51.09,58.29,NA,NA,NA
"nzl","New Zealand","1925",56.87,58.74,NA,NA,NA
"nzl","New Zealand","1926",56.87,59.18,NA,NA,NA
"nzl","New Zealand","1927",58.34,59.63,NA,NA,NA
"nzl","New Zealand","1928",51.09,60.08,NA,NA,NA
"nzl","New Zealand","1929",46.87,60.53,NA,NA,NA
"nzl","New Zealand","1930",48.26,60.98,NA,NA,NA
"nzl","New Zealand","1931",46.87,61.43,NA,NA,NA
"nzl","New Zealand","1932",48.26,61.88,NA,NA,NA
"nzl","New Zealand","1933",48.26,62.33,NA,NA,NA
"nzl","New Zealand","1934",49.68,62.78,NA,NA,NA
"nzl","New Zealand","1935",52.54,63.23,NA,NA,NA
"nzl","New Zealand","1936",52.54,63.67,NA,NA,NA
"nzl","New Zealand","1937",49.68,64.13,NA,NA,NA
"nzl","New Zealand","1938",65.8,64.58,NA,NA,NA
"nzl","New Zealand","1939",53.97,65.02,NA,NA,NA
"nzl","New Zealand","1940",46.88,65.47,NA,NA,NA
"nzl","New Zealand","1941",51.1,65.93,NA,NA,NA
"nzl","New Zealand","1942",46.88,66.37,NA,NA,NA
"nzl","New Zealand","1943",49.69,66.82,NA,NA,NA
"nzl","New Zealand","1944",49.69,67.27,NA,NA,NA
"nzl","New Zealand","1945",44.13,67.72,NA,NA,NA
"nzl","New Zealand","1946",40.08,68.18,NA,NA,NA
"nzl","New Zealand","1947",37.34,68.63,NA,NA,NA
"nzl","New Zealand","1948",36.06,69.08,NA,NA,NA
"nzl","New Zealand","1949",38.98,69.2,NA,NA,NA
"nzl","New Zealand","1950",35.52,69.52,NA,NA,NA
"nzl","New Zealand","1951",34.74,69.51,NA,NA,NA
"nzl","New Zealand","1952",33.89,69.75,NA,NA,NA
"nzl","New Zealand","1953",33,69.87,NA,NA,NA
"nzl","New Zealand","1954",32.12,70.53,NA,NA,NA
"nzl","New Zealand","1955",31.33,70.62,NA,NA,NA
"nzl","New Zealand","1956",30.67,70.79,NA,NA,NA
"nzl","New Zealand","1957",30.06,70.68,NA,NA,NA
"nzl","New Zealand","1958",29.44,70.88,NA,NA,NA
"nzl","New Zealand","1959",28.73,70.97,NA,NA,NA
"nzl","New Zealand","1960",27.86,71.22,NA,NA,NA
"nzl","New Zealand","1961",26.84,71.19,NA,NA,NA
"nzl","New Zealand","1962",25.78,71.37,NA,NA,NA
"nzl","New Zealand","1963",24.76,71.41,NA,NA,NA
"nzl","New Zealand","1964",23.86,71.47,NA,NA,NA
"nzl","New Zealand","1965",23.1,71.46,NA,NA,NA
"nzl","New Zealand","1966",22.51,71.64,NA,NA,NA
"nzl","New Zealand","1967",22.03,71.6,NA,NA,NA
"nzl","New Zealand","1968",21.6,71.44,NA,NA,NA
"nzl","New Zealand","1969",21.19,71.61,NA,NA,NA
"nzl","New Zealand","1970",20.76,71.64,NA,NA,NA
"nzl","New Zealand","1971",20.32,71.84,NA,NA,NA
"nzl","New Zealand","1972",19.85,72.03,NA,NA,NA
"nzl","New Zealand","1973",19.36,72,NA,NA,NA
"nzl","New Zealand","1974",18.84,72.19,NA,NA,NA
"nzl","New Zealand","1975",18.3,72.39,NA,NA,NA
"nzl","New Zealand","1976",17.72,72.63,NA,NA,NA
"nzl","New Zealand","1977",17.15,72.72,NA,NA,NA
"nzl","New Zealand","1978",16.59,73.2,NA,NA,NA
"nzl","New Zealand","1979",16.07,73.12,NA,NA,NA
"nzl","New Zealand","1980",15.61,73.37,NA,NA,NA
"nzl","New Zealand","1981",15.21,73.83,NA,NA,NA
"nzl","New Zealand","1982",14.84,74.05,NA,NA,NA
"nzl","New Zealand","1983",14.5,74.28,NA,NA,NA
"nzl","New Zealand","1984",14.15,74.37,NA,NA,NA
"nzl","New Zealand","1985",13.78,74.22,NA,NA,NA
"nzl","New Zealand","1986",13.37,74.36,NA,NA,NA
"nzl","New Zealand","1987",12.9,74.48,NA,NA,NA
"nzl","New Zealand","1988",12.36,74.77,NA,NA,NA
"nzl","New Zealand","1989",11.77,75.11,NA,NA,NA
"nzl","New Zealand","1990",11.16,75.55,NA,NA,NA
"nzl","New Zealand","1991",10.57,75.93,NA,NA,NA
"nzl","New Zealand","1992",10.01,76.12,NA,NA,NA
"nzl","New Zealand","1993",9.53,76.28,NA,NA,NA
"nzl","New Zealand","1994",9.11,76.66,NA,NA,NA
"nzl","New Zealand","1995",8.74,76.75,NA,NA,NA
"nzl","New Zealand","1996",8.4,77.01,NA,NA,NA
"nzl","New Zealand","1997",8.1,77.39,NA,NA,NA
"nzl","New Zealand","1998",7.84,77.92,NA,NA,NA
"nzl","New Zealand","1999",7.6,78.05,NA,NA,NA
"nzl","New Zealand","2000",7.39,78.39,NA,NA,NA
"nzl","New Zealand","2001",7.21,78.59,NA,NA,NA
"nzl","New Zealand","2002",7.04,78.81,NA,NA,NA
"nzl","New Zealand","2003",6.88,79.13,NA,NA,NA
"nzl","New Zealand","2004",6.74,79.39,NA,NA,NA
"nzl","New Zealand","2005",6.61,79.8,NA,NA,NA
"nzl","New Zealand","2006",6.5,80.05,NA,NA,NA
"nzl","New Zealand","2007",6.4,80.19,NA,NA,NA
"nzl","New Zealand","2008",6.32,80.37,NA,NA,NA
"nzl","New Zealand","2009",6.23,80.64,NA,NA,NA
"nzl","New Zealand","2010",6.14,80.92,NA,NA,NA
"nzl","New Zealand","2011",6.04,80.92,NA,NA,NA
"nzl","New Zealand","2012",5.93,81.24,NA,NA,NA
"nzl","New Zealand","2013",5.8,81.51,NA,NA,NA
"nzl","New Zealand","2014",5.66,81.53,NA,NA,NA
"nzl","New Zealand","2015",5.51,81.72,NA,NA,NA
"nzl","New Zealand","2016",5.35,81.91,NA,NA,NA
"nzl","New Zealand","2017",5.19,81.99,NA,NA,NA
"nzl","New Zealand","2018",5.03,81.78,NA,NA,NA
"nzl","New Zealand","2019",4.87,81.78,NA,NA,NA
"nzl","New Zealand","2020",4.85,81.96,NA,NA,NA
"nzl","New Zealand","2021",5.16,81.67,NA,NA,NA
"nzl","New Zealand","2022",4.64,82.22,NA,NA,NA
"nzl","New Zealand","2023",4.53,82.36,NA,NA,NA
"nzl","New Zealand","2024",4.43,82.5,NA,NA,NA
"nzl","New Zealand","2025",4.33,82.65,NA,NA,NA
"omn","Oman","1915",409.42,35.68,NA,NA,NA
"omn","Oman","1916",409.2,35.73,NA,NA,NA
"omn","Oman","1917",408.98,35.79,NA,NA,NA
"omn","Oman","1918",408.77,29.71,NA,NA,NA
"omn","Oman","1919",408.55,35.89,NA,NA,NA
"omn","Oman","1920",408.33,35.94,NA,NA,NA
"omn","Oman","1921",408.11,35.99,NA,NA,NA
"omn","Oman","1922",407.89,36.05,NA,NA,NA
"omn","Oman","1923",407.67,36.1,NA,NA,NA
"omn","Oman","1924",407.46,36.15,NA,NA,NA
"omn","Oman","1925",407.24,36.2,NA,NA,NA
"omn","Oman","1926",407.02,36.25,NA,NA,NA
"omn","Oman","1927",406.8,36.31,NA,NA,NA
"omn","Oman","1928",406.59,36.36,NA,NA,NA
"omn","Oman","1929",406.37,36.41,NA,NA,NA
"omn","Oman","1930",406.15,36.46,NA,NA,NA
"omn","Oman","1931",405.93,36.51,NA,NA,NA
"omn","Oman","1932",405.72,36.57,NA,NA,NA
"omn","Oman","1933",405.5,36.62,NA,NA,NA
"omn","Oman","1934",405.28,36.67,NA,NA,NA
"omn","Oman","1935",405.07,36.72,NA,NA,NA
"omn","Oman","1936",404.85,36.77,NA,NA,NA
"omn","Oman","1937",404.63,36.83,NA,NA,NA
"omn","Oman","1938",404.42,36.88,NA,NA,NA
"omn","Oman","1939",404.2,36.93,NA,NA,NA
"omn","Oman","1940",403.98,36.98,NA,NA,NA
"omn","Oman","1941",403.77,37.15,NA,NA,NA
"omn","Oman","1942",403.55,37.32,NA,NA,NA
"omn","Oman","1943",403.34,37.48,NA,NA,NA
"omn","Oman","1944",403.12,37.64,NA,NA,NA
"omn","Oman","1945",402.91,37.81,NA,NA,NA
"omn","Oman","1946",402.69,38.41,NA,NA,NA
"omn","Oman","1947",402.47,39.02,NA,NA,NA
"omn","Oman","1948",402.26,39.63,NA,NA,NA
"omn","Oman","1949",402.04,40.23,NA,NA,NA
"omn","Oman","1950",401.83,40.83,NA,NA,NA
"omn","Oman","1951",401.61,41.19,NA,NA,NA
"omn","Oman","1952",401.4,41.62,NA,NA,NA
"omn","Oman","1953",401.19,42.08,NA,NA,NA
"omn","Oman","1954",400.97,42.47,NA,NA,NA
"omn","Oman","1955",400.76,42.88,NA,NA,NA
"omn","Oman","1956",400.54,43.28,NA,NA,NA
"omn","Oman","1957",400.33,43.65,NA,NA,NA
"omn","Oman","1958",400.11,44.24,NA,NA,NA
"omn","Oman","1959",396.74,44.73,NA,NA,NA
"omn","Oman","1960",375.07,45.1,NA,NA,NA
"omn","Oman","1961",355.85,46.01,NA,NA,NA
"omn","Oman","1962",337.85,46.88,NA,NA,NA
"omn","Oman","1963",323.25,47.56,NA,NA,NA
"omn","Oman","1964",309.01,48.48,NA,NA,NA
"omn","Oman","1965",295.1,48.86,NA,NA,NA
"omn","Oman","1966",281.56,49.31,NA,NA,NA
"omn","Oman","1967",268.19,50.39,NA,NA,NA
"omn","Oman","1968",255.03,52.25,NA,NA,NA
"omn","Oman","1969",241.97,53.96,NA,NA,NA
"omn","Oman","1970",229.06,55.47,NA,NA,NA
"omn","Oman","1971",216.42,56.28,NA,NA,NA
"omn","Oman","1972",204.34,56.79,NA,NA,NA
"omn","Oman","1973",192.2,57.49,NA,NA,NA
"omn","Oman","1974",180.15,58.32,NA,NA,NA
"omn","Oman","1975",168.14,58.95,NA,NA,NA
"omn","Oman","1976",156.32,60.12,NA,NA,NA
"omn","Oman","1977",144.64,60.35,NA,NA,NA
"omn","Oman","1978",132.94,60.91,NA,NA,NA
"omn","Oman","1979",121.76,61.3,NA,NA,NA
"omn","Oman","1980",110.92,61.99,NA,NA,NA
"omn","Oman","1981",100.53,62.58,NA,NA,NA
"omn","Oman","1982",90.65,63,NA,NA,NA
"omn","Oman","1983",81.51,63.69,NA,NA,NA
"omn","Oman","1984",73.14,64.34,NA,NA,NA
"omn","Oman","1985",65.59,64.85,NA,NA,NA
"omn","Oman","1986",58.91,65.38,NA,NA,NA
"omn","Oman","1987",53.04,65.7,NA,NA,NA
"omn","Oman","1988",47.88,66.02,NA,NA,NA
"omn","Oman","1989",43.33,66.35,NA,NA,NA
"omn","Oman","1990",39.22,66.75,NA,NA,NA
"omn","Oman","1991",35.51,66.97,NA,NA,NA
"omn","Oman","1992",32.14,67.29,NA,NA,NA
"omn","Oman","1993",29.16,67.51,NA,NA,NA
"omn","Oman","1994",26.54,67.73,NA,NA,NA
"omn","Oman","1995",24.25,67.94,NA,NA,NA
"omn","Oman","1996",22.25,68.14,NA,NA,NA
"omn","Oman","1997",20.53,68.37,NA,NA,NA
"omn","Oman","1998",19.02,68.6,NA,NA,NA
"omn","Oman","1999",17.65,68.84,NA,NA,NA
"omn","Oman","2000",16.46,69.06,NA,NA,NA
"omn","Oman","2001",15.42,69.46,NA,NA,NA
"omn","Oman","2002",14.54,69.59,NA,NA,NA
"omn","Oman","2003",13.83,69.82,NA,NA,NA
"omn","Oman","2004",13.25,70.24,NA,NA,NA
"omn","Oman","2005",12.8,70.28,NA,NA,NA
"omn","Oman","2006",12.45,70.08,NA,NA,NA
"omn","Oman","2007",12.19,69.86,NA,NA,NA
"omn","Oman","2008",12,69.95,NA,NA,NA
"omn","Oman","2009",11.85,70.22,NA,NA,NA
"omn","Oman","2010",11.71,70.43,NA,NA,NA
"omn","Oman","2011",11.57,70.84,NA,NA,NA
"omn","Oman","2012",11.44,71.48,NA,NA,NA
"omn","Oman","2013",11.32,71.93,NA,NA,NA
"omn","Oman","2014",11.24,72.27,NA,NA,NA
"omn","Oman","2015",11.19,72.41,NA,NA,NA
"omn","Oman","2016",11.17,72.61,NA,NA,NA
"omn","Oman","2017",11.15,72.91,NA,NA,NA
"omn","Oman","2018",11.14,73.57,NA,NA,NA
"omn","Oman","2019",11.09,73.96,NA,NA,NA
"omn","Oman","2020",11,70.88,NA,NA,NA
"omn","Oman","2021",10.92,68.78,NA,NA,NA
"omn","Oman","2022",10.08,70.1,NA,NA,NA
"omn","Oman","2023",9.45,74.88,NA,NA,NA
"omn","Oman","2024",9.08,75.08,NA,NA,NA
"omn","Oman","2025",8.74,75.28,NA,NA,NA
"pak","Pakistan","1915",487.13,28.2,NA,NA,NA
"pak","Pakistan","1916",485.96,28.63,NA,NA,NA
"pak","Pakistan","1917",502.36,29.06,NA,NA,NA
"pak","Pakistan","1918",517.71,9.72,NA,NA,NA
"pak","Pakistan","1919",535.09,29.93,NA,NA,NA
"pak","Pakistan","1920",551.42,30.37,NA,NA,NA
"pak","Pakistan","1921",569.96,30.81,NA,NA,NA
"pak","Pakistan","1922",556.89,31.25,NA,NA,NA
"pak","Pakistan","1923",544.15,31.69,NA,NA,NA
"pak","Pakistan","1924",533.23,32.13,NA,NA,NA
"pak","Pakistan","1925",521.04,32.58,NA,NA,NA
"pak","Pakistan","1926",510.63,33.02,NA,NA,NA
"pak","Pakistan","1927",498.9,33.53,NA,NA,NA
"pak","Pakistan","1928",487.48,34.04,NA,NA,NA
"pak","Pakistan","1929",477.71,34.56,NA,NA,NA
"pak","Pakistan","1930",466.69,35.07,NA,NA,NA
"pak","Pakistan","1931",455.33,35.59,NA,NA,NA
"pak","Pakistan","1932",446.86,36.11,NA,NA,NA
"pak","Pakistan","1933",438.52,36.63,NA,NA,NA
"pak","Pakistan","1934",430.33,37.15,NA,NA,NA
"pak","Pakistan","1935",422.26,37.67,NA,NA,NA
"pak","Pakistan","1936",414.33,38.2,NA,NA,NA
"pak","Pakistan","1937",406.52,38.73,NA,NA,NA
"pak","Pakistan","1938",398.83,39.26,NA,NA,NA
"pak","Pakistan","1939",391.25,39.79,NA,NA,NA
"pak","Pakistan","1940",383.81,40.32,NA,NA,NA
"pak","Pakistan","1941",383.2,40.88,NA,NA,NA
"pak","Pakistan","1942",382.6,41.45,NA,NA,NA
"pak","Pakistan","1943",382,42.01,NA,NA,NA
"pak","Pakistan","1944",381.4,42.58,NA,NA,NA
"pak","Pakistan","1945",380.8,43.15,NA,NA,NA
"pak","Pakistan","1946",380.2,43.72,NA,NA,NA
"pak","Pakistan","1947",379.6,13.69,NA,NA,NA
"pak","Pakistan","1948",379,40.04,NA,NA,NA
"pak","Pakistan","1949",378.39,45.43,NA,NA,NA
"pak","Pakistan","1950",377.79,46.01,NA,NA,NA
"pak","Pakistan","1951",362.09,46.44,NA,NA,NA
"pak","Pakistan","1952",346.79,47.19,NA,NA,NA
"pak","Pakistan","1953",332.54,47.73,NA,NA,NA
"pak","Pakistan","1954",319.05,48.12,NA,NA,NA
"pak","Pakistan","1955",306.14,48.64,NA,NA,NA
"pak","Pakistan","1956",293.88,49.31,NA,NA,NA
"pak","Pakistan","1957",282.26,49.83,NA,NA,NA
"pak","Pakistan","1958",271.58,50.45,NA,NA,NA
"pak","Pakistan","1959",261.54,50.9,NA,NA,NA
"pak","Pakistan","1960",252.04,51.32,NA,NA,NA
"pak","Pakistan","1961",242.99,51.96,NA,NA,NA
"pak","Pakistan","1962",234.47,52.8,NA,NA,NA
"pak","Pakistan","1963",226.49,53.57,NA,NA,NA
"pak","Pakistan","1964",219.3,54.42,NA,NA,NA
"pak","Pakistan","1965",212.68,54.62,NA,NA,NA
"pak","Pakistan","1966",207.03,55.44,NA,NA,NA
"pak","Pakistan","1967",202.15,55.81,NA,NA,NA
"pak","Pakistan","1968",197.83,56.29,NA,NA,NA
"pak","Pakistan","1969",193.88,56.66,NA,NA,NA
"pak","Pakistan","1970",190.36,57.08,NA,NA,NA
"pak","Pakistan","1971",187.06,53.89,NA,NA,NA
"pak","Pakistan","1972",184.05,57.86,NA,NA,NA
"pak","Pakistan","1973",181.22,58.29,NA,NA,NA
"pak","Pakistan","1974",178.51,58.52,NA,NA,NA
"pak","Pakistan","1975",176.01,59.03,NA,NA,NA
"pak","Pakistan","1976",173.74,59.39,NA,NA,NA
"pak","Pakistan","1977",171.48,59.72,NA,NA,NA
"pak","Pakistan","1978",169.37,60.1,NA,NA,NA
"pak","Pakistan","1979",167.22,60.2,NA,NA,NA
"pak","Pakistan","1980",165.13,60.24,NA,NA,NA
"pak","Pakistan","1981",162.88,60.47,NA,NA,NA
"pak","Pakistan","1982",160.62,60.71,NA,NA,NA
"pak","Pakistan","1983",158.22,60.79,NA,NA,NA
"pak","Pakistan","1984",155.72,60.81,NA,NA,NA
"pak","Pakistan","1985",153.11,60.88,NA,NA,NA
"pak","Pakistan","1986",150.47,60.95,NA,NA,NA
"pak","Pakistan","1987",147.77,60.93,NA,NA,NA
"pak","Pakistan","1988",145.1,60.97,NA,NA,NA
"pak","Pakistan","1989",142.45,61.05,NA,NA,NA
"pak","Pakistan","1990",139.74,61.05,NA,NA,NA
"pak","Pakistan","1991",136.95,61.01,NA,NA,NA
"pak","Pakistan","1992",134.06,60.88,NA,NA,NA
"pak","Pakistan","1993",131.03,60.74,NA,NA,NA
"pak","Pakistan","1994",127.84,60.56,NA,NA,NA
"pak","Pakistan","1995",124.49,60.34,NA,NA,NA
"pak","Pakistan","1996",121.06,60.44,NA,NA,NA
"pak","Pakistan","1997",117.61,60.47,NA,NA,NA
"pak","Pakistan","1998",114.17,60.69,NA,NA,NA
"pak","Pakistan","1999",110.89,60.85,NA,NA,NA
"pak","Pakistan","2000",107.8,61.04,NA,NA,NA
"pak","Pakistan","2001",104.98,61.21,NA,NA,NA
"pak","Pakistan","2002",102.44,61.35,NA,NA,NA
"pak","Pakistan","2003",100.16,61.52,NA,NA,NA
"pak","Pakistan","2004",98.13,61.77,NA,NA,NA
"pak","Pakistan","2005",96.27,61.05,NA,NA,NA
"pak","Pakistan","2006",94.49,62.32,NA,NA,NA
"pak","Pakistan","2007",92.72,62.69,NA,NA,NA
"pak","Pakistan","2008",90.93,62.92,NA,NA,NA
"pak","Pakistan","2009",89.08,63.15,NA,NA,NA
"pak","Pakistan","2010",87.11,63.27,NA,NA,NA
"pak","Pakistan","2011",85.03,63.62,NA,NA,NA
"pak","Pakistan","2012",82.83,63.82,NA,NA,NA
"pak","Pakistan","2013",80.6,64,NA,NA,NA
"pak","Pakistan","2014",78.31,64.17,NA,NA,NA
"pak","Pakistan","2015",76.02,64.42,NA,NA,NA
"pak","Pakistan","2016",73.78,64.66,NA,NA,NA
"pak","Pakistan","2017",71.62,64.93,NA,NA,NA
"pak","Pakistan","2018",69.47,65.45,NA,NA,NA
"pak","Pakistan","2019",67.32,65.86,NA,NA,NA
"pak","Pakistan","2020",65.23,65.38,NA,NA,NA
"pak","Pakistan","2021",63.15,65.21,NA,NA,NA
"pak","Pakistan","2022",62.62,65.54,NA,NA,NA
"pak","Pakistan","2023",62.35,66.43,NA,NA,NA
"pak","Pakistan","2024",61.14,66.57,NA,NA,NA
"pak","Pakistan","2025",59.9,66.71,NA,NA,NA
"pan","Panama","1915",394.06,34.69,NA,NA,NA
"pan","Panama","1916",390.66,34.93,NA,NA,NA
"pan","Panama","1917",387.3,35.17,NA,NA,NA
"pan","Panama","1918",383.96,31.12,NA,NA,NA
"pan","Panama","1919",380.62,35.65,NA,NA,NA
"pan","Panama","1920",377.3,35.89,NA,NA,NA
"pan","Panama","1921",374.01,36.13,NA,NA,NA
"pan","Panama","1922",370.76,36.37,NA,NA,NA
"pan","Panama","1923",367.53,36.61,NA,NA,NA
"pan","Panama","1924",364.3,36.85,NA,NA,NA
"pan","Panama","1925",361.09,37.1,NA,NA,NA
"pan","Panama","1926",357.91,37.34,NA,NA,NA
"pan","Panama","1927",354.76,37.58,NA,NA,NA
"pan","Panama","1928",351.62,37.82,NA,NA,NA
"pan","Panama","1929",348.5,38.07,NA,NA,NA
"pan","Panama","1930",345.39,38.31,NA,NA,NA
"pan","Panama","1931",332.18,39.03,NA,NA,NA
"pan","Panama","1932",320.37,39.76,NA,NA,NA
"pan","Panama","1933",307.86,40.49,NA,NA,NA
"pan","Panama","1934",296.71,41.21,NA,NA,NA
"pan","Panama","1935",284.87,41.94,NA,NA,NA
"pan","Panama","1936",274.32,42.67,NA,NA,NA
"pan","Panama","1937",263.15,43.4,NA,NA,NA
"pan","Panama","1938",253.16,44.13,NA,NA,NA
"pan","Panama","1939",242.61,44.87,NA,NA,NA
"pan","Panama","1940",233.2,45.6,NA,NA,NA
"pan","Panama","1941",211.67,47.11,NA,NA,NA
"pan","Panama","1942",192.08,48.63,NA,NA,NA
"pan","Panama","1943",174.25,50.14,NA,NA,NA
"pan","Panama","1944",158.04,51.66,NA,NA,NA
"pan","Panama","1945",143.29,53.17,NA,NA,NA
"pan","Panama","1946",129.87,54.71,NA,NA,NA
"pan","Panama","1947",117.68,56.23,NA,NA,NA
"pan","Panama","1948",106.6,57.75,NA,NA,NA
"pan","Panama","1949",96.52,59.29,NA,NA,NA
"pan","Panama","1950",87.37,60.82,NA,NA,NA
"pan","Panama","1951",76.22,61.22,NA,NA,NA
"pan","Panama","1952",72.56,61.87,NA,NA,NA
"pan","Panama","1953",84.38,61.78,NA,NA,NA
"pan","Panama","1954",79.28,62.64,NA,NA,NA
"pan","Panama","1955",106.19,62.48,NA,NA,NA
"pan","Panama","1956",103.1,62.1,NA,NA,NA
"pan","Panama","1957",100.14,63.14,NA,NA,NA
"pan","Panama","1958",97.19,64.82,NA,NA,NA
"pan","Panama","1959",94.41,65.47,NA,NA,NA
"pan","Panama","1960",91.65,65.88,NA,NA,NA
"pan","Panama","1961",88.92,66.39,NA,NA,NA
"pan","Panama","1962",86.13,66.77,NA,NA,NA
"pan","Panama","1963",83.42,67.18,NA,NA,NA
"pan","Panama","1964",80.91,67.44,NA,NA,NA
"pan","Panama","1965",78.46,67.48,NA,NA,NA
"pan","Panama","1966",76.04,67.84,NA,NA,NA
"pan","Panama","1967",73.69,68.5,NA,NA,NA
"pan","Panama","1968",71.31,68.22,NA,NA,NA
"pan","Panama","1969",68.75,68.27,NA,NA,NA
"pan","Panama","1970",66,68.1,NA,NA,NA
"pan","Panama","1971",63.1,69.26,NA,NA,NA
"pan","Panama","1972",60.22,70.19,NA,NA,NA
"pan","Panama","1973",57.37,70.94,NA,NA,NA
"pan","Panama","1974",54.68,71.3,NA,NA,NA
"pan","Panama","1975",52.31,71.63,NA,NA,NA
"pan","Panama","1976",50.26,72.57,NA,NA,NA
"pan","Panama","1977",48.44,73.4,NA,NA,NA
"pan","Panama","1978",46.83,73.99,NA,NA,NA
"pan","Panama","1979",45.35,74.08,NA,NA,NA
"pan","Panama","1980",43.87,74.21,NA,NA,NA
"pan","Panama","1981",42.4,74.86,NA,NA,NA
"pan","Panama","1982",40.92,74.62,NA,NA,NA
"pan","Panama","1983",39.47,75.01,NA,NA,NA
"pan","Panama","1984",38.05,75.6,NA,NA,NA
"pan","Panama","1985",36.69,75.35,NA,NA,NA
"pan","Panama","1986",35.42,75.64,NA,NA,NA
"pan","Panama","1987",34.28,76.01,NA,NA,NA
"pan","Panama","1988",33.21,76.08,NA,NA,NA
"pan","Panama","1989",32.22,75.03,NA,NA,NA
"pan","Panama","1990",31.33,76.42,NA,NA,NA
"pan","Panama","1991",30.53,76.69,NA,NA,NA
"pan","Panama","1992",29.85,76.58,NA,NA,NA
"pan","Panama","1993",29.26,76.3,NA,NA,NA
"pan","Panama","1994",28.76,76.61,NA,NA,NA
"pan","Panama","1995",28.31,76.54,NA,NA,NA
"pan","Panama","1996",27.91,76.97,NA,NA,NA
"pan","Panama","1997",27.5,76.66,NA,NA,NA
"pan","Panama","1998",27.07,76.84,NA,NA,NA
"pan","Panama","1999",26.57,77.25,NA,NA,NA
"pan","Panama","2000",26.02,77.98,NA,NA,NA
"pan","Panama","2001",25.4,78.12,NA,NA,NA
"pan","Panama","2002",24.77,78.12,NA,NA,NA
"pan","Panama","2003",24.15,78.03,NA,NA,NA
"pan","Panama","2004",23.53,78.23,NA,NA,NA
"pan","Panama","2005",22.93,78.22,NA,NA,NA
"pan","Panama","2006",22.32,78.22,NA,NA,NA
"pan","Panama","2007",21.7,78.54,NA,NA,NA
"pan","Panama","2008",21.07,78.41,NA,NA,NA
"pan","Panama","2009",20.47,78.38,NA,NA,NA
"pan","Panama","2010",19.86,78.5,NA,NA,NA
"pan","Panama","2011",19.28,78.65,NA,NA,NA
"pan","Panama","2012",18.72,78.63,NA,NA,NA
"pan","Panama","2013",18.1,78.73,NA,NA,NA
"pan","Panama","2014",17.55,78.91,NA,NA,NA
"pan","Panama","2015",17.01,79.26,NA,NA,NA
"pan","Panama","2016",16.44,79.48,NA,NA,NA
"pan","Panama","2017",15.92,79.62,NA,NA,NA
"pan","Panama","2018",15.4,79.86,NA,NA,NA
"pan","Panama","2019",14.84,80.03,NA,NA,NA
"pan","Panama","2020",14.74,78.85,NA,NA,NA
"pan","Panama","2021",14.2,78.4,NA,NA,NA
"pan","Panama","2022",13.83,79.02,NA,NA,NA
"pan","Panama","2023",13.85,80.8,NA,NA,NA
"pan","Panama","2024",13.48,80.99,NA,NA,NA
"pan","Panama","2025",13.13,81.17,NA,NA,NA
"per","Peru","1915",360.71,32.7,NA,NA,NA
"per","Peru","1916",359.84,32.66,NA,NA,NA
"per","Peru","1917",358.96,32.61,NA,NA,NA
"per","Peru","1918",358.09,28.79,NA,NA,NA
"per","Peru","1919",357.22,32.52,NA,NA,NA
"per","Peru","1920",356.35,32.47,NA,NA,NA
"per","Peru","1921",355.48,32.43,NA,NA,NA
"per","Peru","1922",354.6,32.38,NA,NA,NA
"per","Peru","1923",353.73,32.33,NA,NA,NA
"per","Peru","1924",352.86,32.29,NA,NA,NA
"per","Peru","1925",351.99,32.24,NA,NA,NA
"per","Peru","1926",351.12,32.2,NA,NA,NA
"per","Peru","1927",350.24,32.15,NA,NA,NA
"per","Peru","1928",349.37,32.1,NA,NA,NA
"per","Peru","1929",348.5,32.06,NA,NA,NA
"per","Peru","1930",347.63,32.01,NA,NA,NA
"per","Peru","1931",346.71,31.96,NA,NA,NA
"per","Peru","1932",345.77,31.92,NA,NA,NA
"per","Peru","1933",344.85,31.87,NA,NA,NA
"per","Peru","1934",343.93,31.83,NA,NA,NA
"per","Peru","1935",343.01,31.78,NA,NA,NA
"per","Peru","1936",342.09,31.73,NA,NA,NA
"per","Peru","1937",341.15,31.69,NA,NA,NA
"per","Peru","1938",340.23,31.64,NA,NA,NA
"per","Peru","1939",339.31,31.6,NA,NA,NA
"per","Peru","1940",338.39,31.55,NA,NA,NA
"per","Peru","1941",329.94,32.21,NA,NA,NA
"per","Peru","1942",320.58,32.88,NA,NA,NA
"per","Peru","1943",319.28,33.53,NA,NA,NA
"per","Peru","1944",317.99,34.19,NA,NA,NA
"per","Peru","1945",316.71,34.85,NA,NA,NA
"per","Peru","1946",315.43,35.5,NA,NA,NA
"per","Peru","1947",314.16,36.15,NA,NA,NA
"per","Peru","1948",312.89,36.81,NA,NA,NA
"per","Peru","1949",311.62,37.45,NA,NA,NA
"per","Peru","1950",310.36,38.09,NA,NA,NA
"per","Peru","1951",308.72,38.5,NA,NA,NA
"per","Peru","1952",305.5,40.34,NA,NA,NA
"per","Peru","1953",292.49,41.35,NA,NA,NA
"per","Peru","1954",280.02,42.83,NA,NA,NA
"per","Peru","1955",268.46,43.67,NA,NA,NA
"per","Peru","1956",258.33,44.63,NA,NA,NA
"per","Peru","1957",249.42,44.7,NA,NA,NA
"per","Peru","1958",241.87,46.04,NA,NA,NA
"per","Peru","1959",235.02,46.75,NA,NA,NA
"per","Peru","1960",228.53,47.26,NA,NA,NA
"per","Peru","1961",222.05,48.96,NA,NA,NA
"per","Peru","1962",215.23,50.15,NA,NA,NA
"per","Peru","1963",208.34,51.67,NA,NA,NA
"per","Peru","1964",201.27,53.82,NA,NA,NA
"per","Peru","1965",194.36,54.12,NA,NA,NA
"per","Peru","1966",187.66,54.96,NA,NA,NA
"per","Peru","1967",181.45,55.8,NA,NA,NA
"per","Peru","1968",175.75,56.42,NA,NA,NA
"per","Peru","1969",170.46,57.42,NA,NA,NA
"per","Peru","1970",194.82,48.63,NA,NA,NA
"per","Peru","1971",160.62,59.68,NA,NA,NA
"per","Peru","1972",155.91,60.85,NA,NA,NA
"per","Peru","1973",151.27,61.24,NA,NA,NA
"per","Peru","1974",146.7,62.12,NA,NA,NA
"per","Peru","1975",142.39,63.4,NA,NA,NA
"per","Peru","1976",138.49,64.04,NA,NA,NA
"per","Peru","1977",135.1,64.75,NA,NA,NA
"per","Peru","1978",132.12,65.35,NA,NA,NA
"per","Peru","1979",129.3,65.82,NA,NA,NA
"per","Peru","1980",126.36,65.1,NA,NA,NA
"per","Peru","1981",123.16,64.62,NA,NA,NA
"per","Peru","1982",119.48,66.04,NA,NA,NA
"per","Peru","1983",115.23,65.73,NA,NA,NA
"per","Peru","1984",110.39,65.91,NA,NA,NA
"per","Peru","1985",105.06,65.94,NA,NA,NA
"per","Peru","1986",99.62,66.99,NA,NA,NA
"per","Peru","1987",94.28,68.55,NA,NA,NA
"per","Peru","1988",89.22,68.87,NA,NA,NA
"per","Peru","1989",84.6,69.23,NA,NA,NA
"per","Peru","1990",80.23,69.24,NA,NA,NA
"per","Peru","1991",75.89,69.24,NA,NA,NA
"per","Peru","1992",71.45,70.05,NA,NA,NA
"per","Peru","1993",66.93,70.6,NA,NA,NA
"per","Peru","1994",62.36,71.21,NA,NA,NA
"per","Peru","1995",57.82,71.49,NA,NA,NA
"per","Peru","1996",53.38,72.52,NA,NA,NA
"per","Peru","1997",49.14,72.95,NA,NA,NA
"per","Peru","1998",45.16,73.36,NA,NA,NA
"per","Peru","1999",41.51,74.37,NA,NA,NA
"per","Peru","2000",38.2,74.61,NA,NA,NA
"per","Peru","2001",35.26,75.45,NA,NA,NA
"per","Peru","2002",32.68,75.89,NA,NA,NA
"per","Peru","2003",30.38,76.04,NA,NA,NA
"per","Peru","2004",28.34,76.72,NA,NA,NA
"per","Peru","2005",26.51,77.16,NA,NA,NA
"per","Peru","2006",24.87,77.72,NA,NA,NA
"per","Peru","2007",23.38,78.33,NA,NA,NA
"per","Peru","2008",22.04,78.5,NA,NA,NA
"per","Peru","2009",20.83,77.41,NA,NA,NA
"per","Peru","2010",19.75,77.32,NA,NA,NA
"per","Peru","2011",18.79,77.69,NA,NA,NA
"per","Peru","2012",17.9,78,NA,NA,NA
"per","Peru","2013",17.1,78.37,NA,NA,NA
"per","Peru","2014",16.37,78.89,NA,NA,NA
"per","Peru","2015",15.68,79.4,NA,NA,NA
"per","Peru","2016",15.03,79.61,NA,NA,NA
"per","Peru","2017",14.41,79.82,NA,NA,NA
"per","Peru","2018",13.83,80.04,NA,NA,NA
"per","Peru","2019",13.3,80.25,NA,NA,NA
"per","Peru","2020",12.78,77.62,NA,NA,NA
"per","Peru","2021",12.35,76.27,NA,NA,NA
"per","Peru","2022",12.08,77.33,NA,NA,NA
"per","Peru","2023",11.63,81.09,NA,NA,NA
"per","Peru","2024",11.2,81.29,NA,NA,NA
"per","Peru","2025",10.82,81.49,NA,NA,NA
"phl","Philippines","1915",419.13,30.87,NA,NA,NA
"phl","Philippines","1916",418.11,30.87,NA,NA,NA
"phl","Philippines","1917",417.1,30.87,NA,NA,NA
"phl","Philippines","1918",487.96,25.57,NA,NA,NA
"phl","Philippines","1919",415.07,30.87,NA,NA,NA
"phl","Philippines","1920",414.06,30.87,NA,NA,NA
"phl","Philippines","1921",413.05,30.87,NA,NA,NA
"phl","Philippines","1922",412.04,30.87,NA,NA,NA
"phl","Philippines","1923",411.02,30.87,NA,NA,NA
"phl","Philippines","1924",410.01,30.86,NA,NA,NA
"phl","Philippines","1925",409,30.86,NA,NA,NA
"phl","Philippines","1926",407.98,31.56,NA,NA,NA
"phl","Philippines","1927",406.97,32.26,NA,NA,NA
"phl","Philippines","1928",405.96,32.96,NA,NA,NA
"phl","Philippines","1929",404.94,33.66,NA,NA,NA
"phl","Philippines","1930",403.93,34.36,NA,NA,NA
"phl","Philippines","1931",386.68,35.06,NA,NA,NA
"phl","Philippines","1932",368.89,35.75,NA,NA,NA
"phl","Philippines","1933",352.85,36.45,NA,NA,NA
"phl","Philippines","1934",336.26,37.15,NA,NA,NA
"phl","Philippines","1935",321.29,37.85,NA,NA,NA
"phl","Philippines","1936",306.82,38.55,NA,NA,NA
"phl","Philippines","1937",291.82,39.25,NA,NA,NA
"phl","Philippines","1938",278.31,39.95,NA,NA,NA
"phl","Philippines","1939",264.32,41.17,NA,NA,NA
"phl","Philippines","1940",249.94,42.4,NA,NA,NA
"phl","Philippines","1941",237.42,40.99,NA,NA,NA
"phl","Philippines","1942",225.51,34.85,NA,NA,NA
"phl","Philippines","1943",214.19,37.19,NA,NA,NA
"phl","Philippines","1944",203.42,32.64,NA,NA,NA
"phl","Philippines","1945",193.18,30.1,NA,NA,NA
"phl","Philippines","1946",183.44,41.23,NA,NA,NA
"phl","Philippines","1947",174.19,44.69,NA,NA,NA
"phl","Philippines","1948",165.38,48.18,NA,NA,NA
"phl","Philippines","1949",157.02,51.65,NA,NA,NA
"phl","Philippines","1950",149.06,55.14,NA,NA,NA
"phl","Philippines","1951",146.72,54.21,NA,NA,NA
"phl","Philippines","1952",140.92,55.92,NA,NA,NA
"phl","Philippines","1953",134.95,57.15,NA,NA,NA
"phl","Philippines","1954",129.63,57.71,NA,NA,NA
"phl","Philippines","1955",124.41,58.15,NA,NA,NA
"phl","Philippines","1956",119.54,58.4,NA,NA,NA
"phl","Philippines","1957",114.84,59.73,NA,NA,NA
"phl","Philippines","1958",110.36,61.04,NA,NA,NA
"phl","Philippines","1959",106.29,62.06,NA,NA,NA
"phl","Philippines","1960",102.71,61.26,NA,NA,NA
"phl","Philippines","1961",99.6,61.53,NA,NA,NA
"phl","Philippines","1962",96.97,61.75,NA,NA,NA
"phl","Philippines","1963",94.69,62.35,NA,NA,NA
"phl","Philippines","1964",92.68,62.46,NA,NA,NA
"phl","Philippines","1965",90.77,62.55,NA,NA,NA
"phl","Philippines","1966",88.95,62.82,NA,NA,NA
"phl","Philippines","1967",87.26,62.79,NA,NA,NA
"phl","Philippines","1968",85.78,62.91,NA,NA,NA
"phl","Philippines","1969",84.55,63.15,NA,NA,NA
"phl","Philippines","1970",83.57,62.69,NA,NA,NA
"phl","Philippines","1971",82.91,63.06,NA,NA,NA
"phl","Philippines","1972",82.6,62.74,NA,NA,NA
"phl","Philippines","1973",82.4,63.27,NA,NA,NA
"phl","Philippines","1974",82.38,63.37,NA,NA,NA
"phl","Philippines","1975",82.35,64.11,NA,NA,NA
"phl","Philippines","1976",82.22,63.7,NA,NA,NA
"phl","Philippines","1977",81.9,64.22,NA,NA,NA
"phl","Philippines","1978",81.37,64.92,NA,NA,NA
"phl","Philippines","1979",80.63,65.41,NA,NA,NA
"phl","Philippines","1980",79.71,65.74,NA,NA,NA
"phl","Philippines","1981",78.68,66.03,NA,NA,NA
"phl","Philippines","1982",77.59,66.07,NA,NA,NA
"phl","Philippines","1983",76.33,66.28,NA,NA,NA
"phl","Philippines","1984",74.75,66.51,NA,NA,NA
"phl","Philippines","1985",72.82,66.51,NA,NA,NA
"phl","Philippines","1986",70.28,66.9,NA,NA,NA
"phl","Philippines","1987",67.22,67.02,NA,NA,NA
"phl","Philippines","1988",63.82,67.41,NA,NA,NA
"phl","Philippines","1989",60.17,67.93,NA,NA,NA
"phl","Philippines","1990",56.6,68.41,NA,NA,NA
"phl","Philippines","1991",53.31,68.86,NA,NA,NA
"phl","Philippines","1992",50.39,69.31,NA,NA,NA
"phl","Philippines","1993",47.84,69.43,NA,NA,NA
"phl","Philippines","1994",45.6,69.6,NA,NA,NA
"phl","Philippines","1995",43.68,69.77,NA,NA,NA
"phl","Philippines","1996",42.02,69.89,NA,NA,NA
"phl","Philippines","1997",40.61,70.14,NA,NA,NA
"phl","Philippines","1998",39.43,70.18,NA,NA,NA
"phl","Philippines","1999",38.47,70.45,NA,NA,NA
"phl","Philippines","2000",37.66,70.31,NA,NA,NA
"phl","Philippines","2001",36.93,70.23,NA,NA,NA
"phl","Philippines","2002",36.24,70.17,NA,NA,NA
"phl","Philippines","2003",35.54,70.33,NA,NA,NA
"phl","Philippines","2004",34.86,70.37,NA,NA,NA
"phl","Philippines","2005",34.19,70.31,NA,NA,NA
"phl","Philippines","2006",33.58,70.18,NA,NA,NA
"phl","Philippines","2007",33.05,70.46,NA,NA,NA
"phl","Philippines","2008",32.54,70.39,NA,NA,NA
"phl","Philippines","2009",32.09,70.37,NA,NA,NA
"phl","Philippines","2010",31.68,70.58,NA,NA,NA
"phl","Philippines","2011",31.28,70.65,NA,NA,NA
"phl","Philippines","2012",30.86,70.73,NA,NA,NA
"phl","Philippines","2013",30.49,70.56,NA,NA,NA
"phl","Philippines","2014",30.07,70.99,NA,NA,NA
"phl","Philippines","2015",29.65,70.91,NA,NA,NA
"phl","Philippines","2016",29.14,71.04,NA,NA,NA
"phl","Philippines","2017",28.54,71.2,NA,NA,NA
"phl","Philippines","2018",27.85,71.58,NA,NA,NA
"phl","Philippines","2019",27.13,71.84,NA,NA,NA
"phl","Philippines","2020",26.21,72.09,NA,NA,NA
"phl","Philippines","2021",25.38,69.24,NA,NA,NA
"phl","Philippines","2022",25.66,72.16,NA,NA,NA
"phl","Philippines","2023",25.21,72.27,NA,NA,NA
"phl","Philippines","2024",24.79,72.37,NA,NA,NA
"phl","Philippines","2025",24.36,72.47,NA,NA,NA
"plw","Palau","1915",NA,NA,NA,NA,NA
"plw","Palau","1916",NA,NA,NA,NA,NA
"plw","Palau","1917",NA,NA,NA,NA,NA
"plw","Palau","1918",NA,NA,NA,NA,NA
"plw","Palau","1919",NA,NA,NA,NA,NA
"plw","Palau","1920",NA,NA,NA,NA,NA
"plw","Palau","1921",NA,NA,NA,NA,NA
"plw","Palau","1922",NA,NA,NA,NA,NA
"plw","Palau","1923",NA,NA,NA,NA,NA
"plw","Palau","1924",NA,NA,NA,NA,NA
"plw","Palau","1925",NA,NA,NA,NA,NA
"plw","Palau","1926",NA,NA,NA,NA,NA
"plw","Palau","1927",NA,NA,NA,NA,NA
"plw","Palau","1928",NA,NA,NA,NA,NA
"plw","Palau","1929",NA,NA,NA,NA,NA
"plw","Palau","1930",NA,NA,NA,NA,NA
"plw","Palau","1931",NA,NA,NA,NA,NA
"plw","Palau","1932",NA,NA,NA,NA,NA
"plw","Palau","1933",NA,NA,NA,NA,NA
"plw","Palau","1934",NA,NA,NA,NA,NA
"plw","Palau","1935",NA,NA,NA,NA,NA
"plw","Palau","1936",NA,NA,NA,NA,NA
"plw","Palau","1937",NA,NA,NA,NA,NA
"plw","Palau","1938",NA,NA,NA,NA,NA
"plw","Palau","1939",NA,NA,NA,NA,NA
"plw","Palau","1940",NA,NA,NA,NA,NA
"plw","Palau","1941",NA,NA,NA,NA,NA
"plw","Palau","1942",NA,NA,NA,NA,NA
"plw","Palau","1943",NA,NA,NA,NA,NA
"plw","Palau","1944",NA,NA,NA,NA,NA
"plw","Palau","1945",NA,NA,NA,NA,NA
"plw","Palau","1946",NA,NA,NA,NA,NA
"plw","Palau","1947",NA,NA,NA,NA,NA
"plw","Palau","1948",NA,NA,NA,NA,NA
"plw","Palau","1949",NA,NA,NA,NA,NA
"plw","Palau","1950",12.42,49.03,NA,NA,NA
"plw","Palau","1951",12.39,49.46,NA,NA,NA
"plw","Palau","1952",12.32,49.91,NA,NA,NA
"plw","Palau","1953",12.25,50.37,NA,NA,NA
"plw","Palau","1954",12.18,50.87,NA,NA,NA
"plw","Palau","1955",12.11,51.37,NA,NA,NA
"plw","Palau","1956",12.03,51.87,NA,NA,NA
"plw","Palau","1957",11.94,52.36,NA,NA,NA
"plw","Palau","1958",11.85,52.86,NA,NA,NA
"plw","Palau","1959",11.75,53.34,NA,NA,NA
"plw","Palau","1960",11.65,53.86,NA,NA,NA
"plw","Palau","1961",11.54,54.41,NA,NA,NA
"plw","Palau","1962",11.43,54.95,NA,NA,NA
"plw","Palau","1963",11.32,55.51,NA,NA,NA
"plw","Palau","1964",11.2,55.95,NA,NA,NA
"plw","Palau","1965",98.33,56.46,NA,NA,NA
"plw","Palau","1966",94.91,56.96,NA,NA,NA
"plw","Palau","1967",91.55,57.42,NA,NA,NA
"plw","Palau","1968",88.31,57.85,NA,NA,NA
"plw","Palau","1969",84.77,58.32,NA,NA,NA
"plw","Palau","1970",16.81,58.75,NA,NA,NA
"plw","Palau","1971",77.03,59.1,NA,NA,NA
"plw","Palau","1972",72.91,59.4,NA,NA,NA
"plw","Palau","1973",68.75,59.65,NA,NA,NA
"plw","Palau","1974",64.54,60.09,NA,NA,NA
"plw","Palau","1975",60.5,60.41,NA,NA,NA
"plw","Palau","1976",56.88,60.76,NA,NA,NA
"plw","Palau","1977",53.59,61.12,NA,NA,NA
"plw","Palau","1978",50.64,61.51,NA,NA,NA
"plw","Palau","1979",48.09,61.88,NA,NA,NA
"plw","Palau","1980",45.88,62.17,NA,NA,NA
"plw","Palau","1981",43.92,62.44,NA,NA,NA
"plw","Palau","1982",42.28,62.69,NA,NA,NA
"plw","Palau","1983",40.86,62.94,NA,NA,NA
"plw","Palau","1984",39.69,63.18,NA,NA,NA
"plw","Palau","1985",38.68,63.41,NA,NA,NA
"plw","Palau","1986",37.84,63.66,NA,NA,NA
"plw","Palau","1987",37.08,64,NA,NA,NA
"plw","Palau","1988",36.45,64.32,NA,NA,NA
"plw","Palau","1989",35.87,64.62,NA,NA,NA
"plw","Palau","1990",35.33,64.91,NA,NA,NA
"plw","Palau","1991",34.76,65.23,NA,NA,NA
"plw","Palau","1992",34.14,65.51,NA,NA,NA
"plw","Palau","1993",33.46,65.66,NA,NA,NA
"plw","Palau","1994",32.74,65.88,NA,NA,NA
"plw","Palau","1995",31.95,66.02,NA,NA,NA
"plw","Palau","1996",31.17,65.98,NA,NA,NA
"plw","Palau","1997",30.43,66.18,NA,NA,NA
"plw","Palau","1998",29.72,66.23,NA,NA,NA
"plw","Palau","1999",29.05,66.23,NA,NA,NA
"plw","Palau","2000",28.46,66.37,NA,NA,NA
"plw","Palau","2001",27.93,66.51,NA,NA,NA
"plw","Palau","2002",27.43,66.66,NA,NA,NA
"plw","Palau","2003",26.96,66.83,NA,NA,NA
"plw","Palau","2004",26.5,66.84,NA,NA,NA
"plw","Palau","2005",25.98,66.83,NA,NA,NA
"plw","Palau","2006",25.48,66.89,NA,NA,NA
"plw","Palau","2007",24.96,66.95,NA,NA,NA
"plw","Palau","2008",24.36,66.98,NA,NA,NA
"plw","Palau","2009",23.71,66.96,NA,NA,NA
"plw","Palau","2010",23.13,66.99,NA,NA,NA
"plw","Palau","2011",22.46,66.99,NA,NA,NA
"plw","Palau","2012",21.81,67.05,NA,NA,NA
"plw","Palau","2013",21.17,67.05,NA,NA,NA
"plw","Palau","2014",20.44,67.13,NA,NA,NA
"plw","Palau","2015",19.8,67.24,NA,NA,NA
"plw","Palau","2016",19.18,67.32,NA,NA,NA
"plw","Palau","2017",18.58,67.39,NA,NA,NA
"plw","Palau","2018",17.95,67.44,NA,NA,NA
"plw","Palau","2019",17.43,67.5,NA,NA,NA
"plw","Palau","2020",16.85,68.06,NA,NA,NA
"plw","Palau","2021",16.24,68.76,NA,NA,NA
"plw","Palau","2022",16.16,68.08,NA,NA,NA
"plw","Palau","2023",15.84,68.26,NA,NA,NA
"plw","Palau","2024",15.52,68.45,NA,NA,NA
"plw","Palau","2025",15.2,68.63,NA,NA,NA
"png","Papua New Guinea","1915",411.51,41.11,NA,NA,NA
"png","Papua New Guinea","1916",410.52,41.26,NA,NA,NA
"png","Papua New Guinea","1917",409.52,41.4,NA,NA,NA
"png","Papua New Guinea","1918",408.53,41.55,NA,NA,NA
"png","Papua New Guinea","1919",407.53,41.7,NA,NA,NA
"png","Papua New Guinea","1920",406.54,41.85,NA,NA,NA
"png","Papua New Guinea","1921",405.54,42,NA,NA,NA
"png","Papua New Guinea","1922",404.55,42.14,NA,NA,NA
"png","Papua New Guinea","1923",403.55,42.29,NA,NA,NA
"png","Papua New Guinea","1924",402.56,42.44,NA,NA,NA
"png","Papua New Guinea","1925",401.56,42.59,NA,NA,NA
"png","Papua New Guinea","1926",400.57,42.74,NA,NA,NA
"png","Papua New Guinea","1927",399.57,42.88,NA,NA,NA
"png","Papua New Guinea","1928",398.58,43.03,NA,NA,NA
"png","Papua New Guinea","1929",397.58,43.18,NA,NA,NA
"png","Papua New Guinea","1930",396.59,43.33,NA,NA,NA
"png","Papua New Guinea","1931",393.4,43.47,NA,NA,NA
"png","Papua New Guinea","1932",390.21,43.62,NA,NA,NA
"png","Papua New Guinea","1933",387.05,43.77,NA,NA,NA
"png","Papua New Guinea","1934",383.88,43.92,NA,NA,NA
"png","Papua New Guinea","1935",380.73,44.07,NA,NA,NA
"png","Papua New Guinea","1936",377.59,44.21,NA,NA,NA
"png","Papua New Guinea","1937",374.47,44.36,NA,NA,NA
"png","Papua New Guinea","1938",371.34,44.51,NA,NA,NA
"png","Papua New Guinea","1939",368.24,44.66,NA,NA,NA
"png","Papua New Guinea","1940",365.14,44.8,NA,NA,NA
"png","Papua New Guinea","1941",362.07,44.97,NA,NA,NA
"png","Papua New Guinea","1942",358.99,44.41,NA,NA,NA
"png","Papua New Guinea","1943",355.93,43.14,NA,NA,NA
"png","Papua New Guinea","1944",352.88,41.84,NA,NA,NA
"png","Papua New Guinea","1945",349.84,40.54,NA,NA,NA
"png","Papua New Guinea","1946",331.06,45.76,NA,NA,NA
"png","Papua New Guinea","1947",313.28,46.73,NA,NA,NA
"png","Papua New Guinea","1948",296.44,47.68,NA,NA,NA
"png","Papua New Guinea","1949",280.49,48.65,NA,NA,NA
"png","Papua New Guinea","1950",265.39,49.62,NA,NA,NA
"png","Papua New Guinea","1951",257.84,47.18,NA,NA,NA
"png","Papua New Guinea","1952",250.61,50.05,NA,NA,NA
"png","Papua New Guinea","1953",243.65,50.5,NA,NA,NA
"png","Papua New Guinea","1954",236.8,50.91,NA,NA,NA
"png","Papua New Guinea","1955",229.97,51.3,NA,NA,NA
"png","Papua New Guinea","1956",223.31,51.61,NA,NA,NA
"png","Papua New Guinea","1957",216.71,52.2,NA,NA,NA
"png","Papua New Guinea","1958",210.37,52.72,NA,NA,NA
"png","Papua New Guinea","1959",204,53.23,NA,NA,NA
"png","Papua New Guinea","1960",197.73,53.68,NA,NA,NA
"png","Papua New Guinea","1961",191.62,54.17,NA,NA,NA
"png","Papua New Guinea","1962",185.63,54.63,NA,NA,NA
"png","Papua New Guinea","1963",179.86,55.34,NA,NA,NA
"png","Papua New Guinea","1964",174.21,55.72,NA,NA,NA
"png","Papua New Guinea","1965",168.68,56.15,NA,NA,NA
"png","Papua New Guinea","1966",163.18,56.85,NA,NA,NA
"png","Papua New Guinea","1967",157.87,57.27,NA,NA,NA
"png","Papua New Guinea","1968",152.74,57.84,NA,NA,NA
"png","Papua New Guinea","1969",147.82,58.4,NA,NA,NA
"png","Papua New Guinea","1970",143.05,59.02,NA,NA,NA
"png","Papua New Guinea","1971",138.37,59.38,NA,NA,NA
"png","Papua New Guinea","1972",133.93,59.88,NA,NA,NA
"png","Papua New Guinea","1973",129.7,60.33,NA,NA,NA
"png","Papua New Guinea","1974",125.66,60.74,NA,NA,NA
"png","Papua New Guinea","1975",121.8,61.09,NA,NA,NA
"png","Papua New Guinea","1976",118.11,61.36,NA,NA,NA
"png","Papua New Guinea","1977",114.72,61.65,NA,NA,NA
"png","Papua New Guinea","1978",111.51,61.81,NA,NA,NA
"png","Papua New Guinea","1979",108.49,61.98,NA,NA,NA
"png","Papua New Guinea","1980",105.66,62.15,NA,NA,NA
"png","Papua New Guinea","1981",102.97,62.22,NA,NA,NA
"png","Papua New Guinea","1982",100.42,62.22,NA,NA,NA
"png","Papua New Guinea","1983",98.1,62.21,NA,NA,NA
"png","Papua New Guinea","1984",95.9,62.23,NA,NA,NA
"png","Papua New Guinea","1985",93.86,62.23,NA,NA,NA
"png","Papua New Guinea","1986",91.99,62.31,NA,NA,NA
"png","Papua New Guinea","1987",90.14,62.37,NA,NA,NA
"png","Papua New Guinea","1988",88.36,62.44,NA,NA,NA
"png","Papua New Guinea","1989",86.61,62.55,NA,NA,NA
"png","Papua New Guinea","1990",84.92,62.61,NA,NA,NA
"png","Papua New Guinea","1991",83.25,62.46,NA,NA,NA
"png","Papua New Guinea","1992",81.65,62.69,NA,NA,NA
"png","Papua New Guinea","1993",80.15,62.88,NA,NA,NA
"png","Papua New Guinea","1994",78.7,63.07,NA,NA,NA
"png","Papua New Guinea","1995",77.33,63.22,NA,NA,NA
"png","Papua New Guinea","1996",76.02,63.36,NA,NA,NA
"png","Papua New Guinea","1997",74.74,63.45,NA,NA,NA
"png","Papua New Guinea","1998",73.53,62.36,NA,NA,NA
"png","Papua New Guinea","1999",72.29,63.27,NA,NA,NA
"png","Papua New Guinea","2000",71.08,63.14,NA,NA,NA
"png","Papua New Guinea","2001",69.94,62.93,NA,NA,NA
"png","Papua New Guinea","2002",68.75,62.68,NA,NA,NA
"png","Papua New Guinea","2003",67.47,62.49,NA,NA,NA
"png","Papua New Guinea","2004",66.21,62.29,NA,NA,NA
"png","Papua New Guinea","2005",64.9,62.21,NA,NA,NA
"png","Papua New Guinea","2006",63.54,62.22,NA,NA,NA
"png","Papua New Guinea","2007",62.15,62.33,NA,NA,NA
"png","Papua New Guinea","2008",60.77,62.54,NA,NA,NA
"png","Papua New Guinea","2009",59.34,62.6,NA,NA,NA
"png","Papua New Guinea","2010",57.93,62.78,NA,NA,NA
"png","Papua New Guinea","2011",56.49,62.95,NA,NA,NA
"png","Papua New Guinea","2012",55.16,63.08,NA,NA,NA
"png","Papua New Guinea","2013",53.8,63.44,NA,NA,NA
"png","Papua New Guinea","2014",52.43,63.73,NA,NA,NA
"png","Papua New Guinea","2015",51,63.93,NA,NA,NA
"png","Papua New Guinea","2016",49.67,64.1,NA,NA,NA
"png","Papua New Guinea","2017",48.2,64.27,NA,NA,NA
"png","Papua New Guinea","2018",46.78,64.42,NA,NA,NA
"png","Papua New Guinea","2019",45.31,64.66,NA,NA,NA
"png","Papua New Guinea","2020",43.95,64.97,NA,NA,NA
"png","Papua New Guinea","2021",42.57,64.54,NA,NA,NA
"png","Papua New Guinea","2022",42.69,65.14,NA,NA,NA
"png","Papua New Guinea","2023",41.86,65.3,NA,NA,NA
"png","Papua New Guinea","2024",41.09,65.46,NA,NA,NA
"png","Papua New Guinea","2025",40.3,65.61,NA,NA,NA
"pol","Poland","1915",287.21,44.92,NA,NA,NA
"pol","Poland","1916",289.96,45.22,NA,NA,NA
"pol","Poland","1917",292.73,45.52,NA,NA,NA
"pol","Poland","1918",295.53,38.6,NA,NA,NA
"pol","Poland","1919",298.35,46.12,NA,NA,NA
"pol","Poland","1920",301.2,46.43,NA,NA,NA
"pol","Poland","1921",304.08,46.73,NA,NA,NA
"pol","Poland","1922",271.62,47.03,NA,NA,NA
"pol","Poland","1923",265.92,47.32,NA,NA,NA
"pol","Poland","1924",260.35,47.62,NA,NA,NA
"pol","Poland","1925",254.89,47.93,NA,NA,NA
"pol","Poland","1926",249.54,48.23,NA,NA,NA
"pol","Poland","1927",244.31,48.53,NA,NA,NA
"pol","Poland","1928",233.32,48.83,NA,NA,NA
"pol","Poland","1929",240.65,49.14,NA,NA,NA
"pol","Poland","1930",229.61,49.44,NA,NA,NA
"pol","Poland","1931",227.77,49.74,NA,NA,NA
"pol","Poland","1932",231.47,50.22,NA,NA,NA
"pol","Poland","1933",201.61,50.7,NA,NA,NA
"pol","Poland","1934",225.92,51.19,NA,NA,NA
"pol","Poland","1935",199.73,51.68,NA,NA,NA
"pol","Poland","1936",225.92,52.16,NA,NA,NA
"pol","Poland","1937",216.59,52.65,NA,NA,NA
"pol","Poland","1938",224.05,53.14,NA,NA,NA
"pol","Poland","1939",217.91,44.94,NA,NA,NA
"pol","Poland","1940",211.93,44.64,NA,NA,NA
"pol","Poland","1941",206.12,41.04,NA,NA,NA
"pol","Poland","1942",200.47,33.36,NA,NA,NA
"pol","Poland","1943",194.98,23.57,NA,NA,NA
"pol","Poland","1944",189.63,15.39,NA,NA,NA
"pol","Poland","1945",184.44,34.27,NA,NA,NA
"pol","Poland","1946",179.38,46.95,NA,NA,NA
"pol","Poland","1947",174.46,53.94,NA,NA,NA
"pol","Poland","1948",169.68,56.93,NA,NA,NA
"pol","Poland","1949",162.22,57.94,NA,NA,NA
"pol","Poland","1950",164.08,58.99,NA,NA,NA
"pol","Poland","1951",177.18,57.9,NA,NA,NA
"pol","Poland","1952",140.16,60.15,NA,NA,NA
"pol","Poland","1953",127.65,62.21,NA,NA,NA
"pol","Poland","1954",118.9,62.67,NA,NA,NA
"pol","Poland","1955",109.88,63.42,NA,NA,NA
"pol","Poland","1956",93.55,64.94,NA,NA,NA
"pol","Poland","1957",85.73,64.19,NA,NA,NA
"pol","Poland","1958",78.17,65.77,NA,NA,NA
"pol","Poland","1959",71.46,65.77,NA,NA,NA
"pol","Poland","1960",65.11,67.9,NA,NA,NA
"pol","Poland","1961",60.1,68.1,NA,NA,NA
"pol","Poland","1962",56.15,67.94,NA,NA,NA
"pol","Poland","1963",52.54,68.6,NA,NA,NA
"pol","Poland","1964",48.98,69.06,NA,NA,NA
"pol","Poland","1965",45.65,69.66,NA,NA,NA
"pol","Poland","1966",42.76,69.98,NA,NA,NA
"pol","Poland","1967",40.43,69.83,NA,NA,NA
"pol","Poland","1968",38.74,70.31,NA,NA,NA
"pol","Poland","1969",37.54,69.93,NA,NA,NA
"pol","Poland","1970",36.26,70.17,NA,NA,NA
"pol","Poland","1971",34.46,70.14,NA,NA,NA
"pol","Poland","1972",32.36,71,NA,NA,NA
"pol","Poland","1973",30.45,71.12,NA,NA,NA
"pol","Poland","1974",28.97,71.58,NA,NA,NA
"pol","Poland","1975",27.85,71.14,NA,NA,NA
"pol","Poland","1976",26.98,71.08,NA,NA,NA
"pol","Poland","1977",26.23,70.86,NA,NA,NA
"pol","Poland","1978",25.49,70.89,NA,NA,NA
"pol","Poland","1979",24.7,71.12,NA,NA,NA
"pol","Poland","1980",23.95,70.54,NA,NA,NA
"pol","Poland","1981",23.28,71.4,NA,NA,NA
"pol","Poland","1982",22.66,71.49,NA,NA,NA
"pol","Poland","1983",21.97,71.31,NA,NA,NA
"pol","Poland","1984",21.16,71.01,NA,NA,NA
"pol","Poland","1985",20.34,70.8,NA,NA,NA
"pol","Poland","1986",19.57,71.05,NA,NA,NA
"pol","Poland","1987",18.9,71.1,NA,NA,NA
"pol","Poland","1988",18.33,71.44,NA,NA,NA
"pol","Poland","1989",17.84,71.2,NA,NA,NA
"pol","Poland","1990",17.39,71.08,NA,NA,NA
"pol","Poland","1991",16.92,70.75,NA,NA,NA
"pol","Poland","1992",16.44,71.19,NA,NA,NA
"pol","Poland","1993",15.93,71.83,NA,NA,NA
"pol","Poland","1994",15.34,71.84,NA,NA,NA
"pol","Poland","1995",14.5,72,NA,NA,NA
"pol","Poland","1996",13.31,72.48,NA,NA,NA
"pol","Poland","1997",11.99,72.74,NA,NA,NA
"pol","Poland","1998",10.84,73.11,NA,NA,NA
"pol","Poland","1999",9.96,73.18,NA,NA,NA
"pol","Poland","2000",9.3,73.9,NA,NA,NA
"pol","Poland","2001",8.81,74.3,NA,NA,NA
"pol","Poland","2002",8.43,74.65,NA,NA,NA
"pol","Poland","2003",8.11,74.92,NA,NA,NA
"pol","Poland","2004",7.82,75.01,NA,NA,NA
"pol","Poland","2005",7.55,75.19,NA,NA,NA
"pol","Poland","2006",7.3,75.31,NA,NA,NA
"pol","Poland","2007",7.03,75.4,NA,NA,NA
"pol","Poland","2008",6.7,75.64,NA,NA,NA
"pol","Poland","2009",6.32,75.94,NA,NA,NA
"pol","Poland","2010",5.96,76.48,NA,NA,NA
"pol","Poland","2011",5.66,76.76,NA,NA,NA
"pol","Poland","2012",5.42,76.87,NA,NA,NA
"pol","Poland","2013",5.22,77.18,NA,NA,NA
"pol","Poland","2014",5.02,77.64,NA,NA,NA
"pol","Poland","2015",4.85,77.62,NA,NA,NA
"pol","Poland","2016",4.72,77.87,NA,NA,NA
"pol","Poland","2017",4.62,77.98,NA,NA,NA
"pol","Poland","2018",4.53,78.02,NA,NA,NA
"pol","Poland","2019",4.45,78.1,NA,NA,NA
"pol","Poland","2020",4.27,77.12,NA,NA,NA
"pol","Poland","2021",4.09,76.63,NA,NA,NA
"pol","Poland","2022",3.98,77.17,NA,NA,NA
"pol","Poland","2023",3.89,78.77,NA,NA,NA
"pol","Poland","2024",3.78,78.94,NA,NA,NA
"pol","Poland","2025",3.68,79.1,NA,NA,NA
"prk","North Korea","1915",488.6,18.65,NA,NA,NA
"prk","North Korea","1916",481.66,18.9,NA,NA,NA
"prk","North Korea","1917",474.82,19.13,NA,NA,NA
"prk","North Korea","1918",468.01,12,NA,NA,NA
"prk","North Korea","1919",460,19.26,NA,NA,NA
"prk","North Korea","1920",452.02,19.49,NA,NA,NA
"prk","North Korea","1921",444.23,19.73,NA,NA,NA
"prk","North Korea","1922",436.48,19.95,NA,NA,NA
"prk","North Korea","1923",428.93,20.17,NA,NA,NA
"prk","North Korea","1924",417.6,20.6,NA,NA,NA
"prk","North Korea","1925",405.27,21.02,NA,NA,NA
"prk","North Korea","1926",394.42,21.43,NA,NA,NA
"prk","North Korea","1927",383.83,21.83,NA,NA,NA
"prk","North Korea","1928",373.43,22.23,NA,NA,NA
"prk","North Korea","1929",363.24,22.58,NA,NA,NA
"prk","North Korea","1930",354.35,22.93,NA,NA,NA
"prk","North Korea","1931",348.11,23.26,NA,NA,NA
"prk","North Korea","1932",342.98,23.59,NA,NA,NA
"prk","North Korea","1933",336.71,23.92,NA,NA,NA
"prk","North Korea","1934",328.24,24.41,NA,NA,NA
"prk","North Korea","1935",318.71,24.9,NA,NA,NA
"prk","North Korea","1936",310.31,25.38,NA,NA,NA
"prk","North Korea","1937",301.92,25.85,NA,NA,NA
"prk","North Korea","1938",292.54,26.31,NA,NA,NA
"prk","North Korea","1939",288.34,26.48,NA,NA,NA
"prk","North Korea","1940",285.16,26.65,NA,NA,NA
"prk","North Korea","1941",280.91,26.8,NA,NA,NA
"prk","North Korea","1942",276.6,26.94,NA,NA,NA
"prk","North Korea","1943",298.38,25.61,NA,NA,NA
"prk","North Korea","1944",321.12,24.82,NA,NA,NA
"prk","North Korea","1945",344.85,24.92,NA,NA,NA
"prk","North Korea","1946",369.65,26.18,NA,NA,NA
"prk","North Korea","1947",395.57,27.13,NA,NA,NA
"prk","North Korea","1948",422.69,27.26,NA,NA,NA
"prk","North Korea","1949",451.11,27.3,NA,NA,NA
"prk","North Korea","1950",480.93,20.26,NA,NA,NA
"prk","North Korea","1951",416.59,24.37,NA,NA,NA
"prk","North Korea","1952",269.12,36.35,NA,NA,NA
"prk","North Korea","1953",218.51,40.73,NA,NA,NA
"prk","North Korea","1954",165.85,42.61,NA,NA,NA
"prk","North Korea","1955",150.16,43.46,NA,NA,NA
"prk","North Korea","1956",137.66,44.24,NA,NA,NA
"prk","North Korea","1957",128.45,45.08,NA,NA,NA
"prk","North Korea","1958",122.26,45.94,NA,NA,NA
"prk","North Korea","1959",118.41,46.79,NA,NA,NA
"prk","North Korea","1960",116.01,47.62,NA,NA,NA
"prk","North Korea","1961",114.43,48.5,NA,NA,NA
"prk","North Korea","1962",112.52,49.37,NA,NA,NA
"prk","North Korea","1963",109.6,50.32,NA,NA,NA
"prk","North Korea","1964",105.49,51.3,NA,NA,NA
"prk","North Korea","1965",100.01,52.29,NA,NA,NA
"prk","North Korea","1966",93.46,53.23,NA,NA,NA
"prk","North Korea","1967",86.67,54.16,NA,NA,NA
"prk","North Korea","1968",80.36,55.1,NA,NA,NA
"prk","North Korea","1969",74.7,56.15,NA,NA,NA
"prk","North Korea","1970",69.96,57.11,NA,NA,NA
"prk","North Korea","1971",65.94,58.07,NA,NA,NA
"prk","North Korea","1972",62.38,58.9,NA,NA,NA
"prk","North Korea","1973",59.16,59.71,NA,NA,NA
"prk","North Korea","1974",56.18,60.41,NA,NA,NA
"prk","North Korea","1975",53.42,61.11,NA,NA,NA
"prk","North Korea","1976",50.81,61.81,NA,NA,NA
"prk","North Korea","1977",48.55,62.45,NA,NA,NA
"prk","North Korea","1978",46.52,63.03,NA,NA,NA
"prk","North Korea","1979",44.75,63.56,NA,NA,NA
"prk","North Korea","1980",43.08,64.05,NA,NA,NA
"prk","North Korea","1981",41.38,64.49,NA,NA,NA
"prk","North Korea","1982",39.62,64.92,NA,NA,NA
"prk","North Korea","1983",37.89,65.34,NA,NA,NA
"prk","North Korea","1984",36.29,65.76,NA,NA,NA
"prk","North Korea","1985",35.1,66.17,NA,NA,NA
"prk","North Korea","1986",34.7,66.55,NA,NA,NA
"prk","North Korea","1987",35.2,66.89,NA,NA,NA
"prk","North Korea","1988",36.8,67.31,NA,NA,NA
"prk","North Korea","1989",39.5,67.67,NA,NA,NA
"prk","North Korea","1990",43.4,67.97,NA,NA,NA
"prk","North Korea","1991",48.6,68.22,NA,NA,NA
"prk","North Korea","1992",54.8,68.44,NA,NA,NA
"prk","North Korea","1993",61.3,68.57,NA,NA,NA
"prk","North Korea","1994",67.7,68.74,NA,NA,NA
"prk","North Korea","1995",72.8,61.83,NA,NA,NA
"prk","North Korea","1996",75.7,62.6,NA,NA,NA
"prk","North Korea","1997",75.7,62.58,NA,NA,NA
"prk","North Korea","1998",72.9,62.55,NA,NA,NA
"prk","North Korea","1999",67.4,62.55,NA,NA,NA
"prk","North Korea","2000",60,63.9,NA,NA,NA
"prk","North Korea","2001",52.1,64.04,NA,NA,NA
"prk","North Korea","2002",44.7,64.2,NA,NA,NA
"prk","North Korea","2003",38.9,69.72,NA,NA,NA
"prk","North Korea","2004",35,69.85,NA,NA,NA
"prk","North Korea","2005",33,70.01,NA,NA,NA
"prk","North Korea","2006",32.4,70.16,NA,NA,NA
"prk","North Korea","2007",32.2,70.28,NA,NA,NA
"prk","North Korea","2008",31.8,70.53,NA,NA,NA
"prk","North Korea","2009",31,70.72,NA,NA,NA
"prk","North Korea","2010",29.5,70.93,NA,NA,NA
"prk","North Korea","2011",27.7,71.15,NA,NA,NA
"prk","North Korea","2012",25.7,71.4,NA,NA,NA
"prk","North Korea","2013",24,71.67,NA,NA,NA
"prk","North Korea","2014",22.4,71.94,NA,NA,NA
"prk","North Korea","2015",21.1,72.2,NA,NA,NA
"prk","North Korea","2016",20,72.4,NA,NA,NA
"prk","North Korea","2017",19,72.67,NA,NA,NA
"prk","North Korea","2018",18.2,72.9,NA,NA,NA
"prk","North Korea","2019",17.3,73.15,NA,NA,NA
"prk","North Korea","2020",16.53,73.23,NA,NA,NA
"prk","North Korea","2021",15.79,73.24,NA,NA,NA
"prk","North Korea","2022",17.07,73.53,NA,NA,NA
"prk","North Korea","2023",16.71,73.66,NA,NA,NA
"prk","North Korea","2024",16.38,73.79,NA,NA,NA
"prk","North Korea","2025",16.07,73.91,NA,NA,NA
"prt","Portugal","1915",238.82,35.9,NA,NA,NA
"prt","Portugal","1916",249.7,35.9,NA,NA,NA
"prt","Portugal","1917",238.82,35.91,NA,NA,NA
"prt","Portugal","1918",339.88,20.57,NA,NA,NA
"prt","Portugal","1919",295.89,35.92,NA,NA,NA
"prt","Portugal","1920",266.83,35.92,NA,NA,NA
"prt","Portugal","1921",238.82,35.93,NA,NA,NA
"prt","Portugal","1922",231.47,35.93,NA,NA,NA
"prt","Portugal","1923",266.83,35.94,NA,NA,NA
"prt","Portugal","1924",231.47,35.94,NA,NA,NA
"prt","Portugal","1925",209.1,35.94,NA,NA,NA
"prt","Portugal","1926",231.47,37.02,NA,NA,NA
"prt","Portugal","1927",227.77,38.08,NA,NA,NA
"prt","Portugal","1928",235.9,39.16,NA,NA,NA
"prt","Portugal","1929",244.31,40.23,NA,NA,NA
"prt","Portugal","1930",231.47,41.3,NA,NA,NA
"prt","Portugal","1931",225.92,42.37,NA,NA,NA
"prt","Portugal","1932",236.99,43.44,NA,NA,NA
"prt","Portugal","1933",240.65,44.51,NA,NA,NA
"prt","Portugal","1934",231.47,45.59,NA,NA,NA
"prt","Portugal","1935",240.65,46.66,NA,NA,NA
"prt","Portugal","1936",224.05,47.73,NA,NA,NA
"prt","Portugal","1937",244.31,48.8,NA,NA,NA
"prt","Portugal","1938",218.46,49.88,NA,NA,NA
"prt","Portugal","1939",186.57,50.95,NA,NA,NA
"prt","Portugal","1940",202.76,52.03,NA,NA,NA
"prt","Portugal","1941",245.92,48.51,NA,NA,NA
"prt","Portugal","1942",219.03,50.46,NA,NA,NA
"prt","Portugal","1943",212.46,51.66,NA,NA,NA
"prt","Portugal","1944",194.27,53.06,NA,NA,NA
"prt","Portugal","1945",179.9,54.47,NA,NA,NA
"prt","Portugal","1946",178.55,54.34,NA,NA,NA
"prt","Portugal","1947",157.63,56.72,NA,NA,NA
"prt","Portugal","1948",158.07,57.47,NA,NA,NA
"prt","Portugal","1949",171.23,56.08,NA,NA,NA
"prt","Portugal","1950",143.15,59.27,NA,NA,NA
"prt","Portugal","1951",138.02,59.97,NA,NA,NA
"prt","Portugal","1952",143.7,60.32,NA,NA,NA
"prt","Portugal","1953",137.31,61.39,NA,NA,NA
"prt","Portugal","1954",133.45,62.62,NA,NA,NA
"prt","Portugal","1955",128.41,61.43,NA,NA,NA
"prt","Portugal","1956",124.01,61.71,NA,NA,NA
"prt","Portugal","1957",120.95,62.07,NA,NA,NA
"prt","Portugal","1958",118.93,63.75,NA,NA,NA
"prt","Portugal","1959",117.05,63.62,NA,NA,NA
"prt","Portugal","1960",114.57,64.73,NA,NA,NA
"prt","Portugal","1961",110.63,63.6,NA,NA,NA
"prt","Portugal","1962",104.67,64.53,NA,NA,NA
"prt","Portugal","1963",97.61,65.16,NA,NA,NA
"prt","Portugal","1964",90.76,65.28,NA,NA,NA
"prt","Portugal","1965",84.95,65.9,NA,NA,NA
"prt","Portugal","1966",80.53,65.84,NA,NA,NA
"prt","Portugal","1967",77.6,66.31,NA,NA,NA
"prt","Portugal","1968",75.27,66.65,NA,NA,NA
"prt","Portugal","1969",72.33,66.81,NA,NA,NA
"prt","Portugal","1970",68.16,67.39,NA,NA,NA
"prt","Portugal","1971",63.2,67.69,NA,NA,NA
"prt","Portugal","1972",57.9,69.09,NA,NA,NA
"prt","Portugal","1973",52.66,69.01,NA,NA,NA
"prt","Portugal","1974",47.83,69.22,NA,NA,NA
"prt","Portugal","1975",43.49,69.32,NA,NA,NA
"prt","Portugal","1976",39.47,69.82,NA,NA,NA
"prt","Portugal","1977",35.68,70.4,NA,NA,NA
"prt","Portugal","1978",32.32,71.06,NA,NA,NA
"prt","Portugal","1979",29.61,71.64,NA,NA,NA
"prt","Portugal","1980",27.55,71.75,NA,NA,NA
"prt","Portugal","1981",25.84,72.06,NA,NA,NA
"prt","Portugal","1982",24.28,72.61,NA,NA,NA
"prt","Portugal","1983",22.83,72.69,NA,NA,NA
"prt","Portugal","1984",21.55,73.02,NA,NA,NA
"prt","Portugal","1985",20.41,73.26,NA,NA,NA
"prt","Portugal","1986",19.32,73.6,NA,NA,NA
"prt","Portugal","1987",18.19,73.93,NA,NA,NA
"prt","Portugal","1988",17.02,74.07,NA,NA,NA
"prt","Portugal","1989",15.87,74.32,NA,NA,NA
"prt","Portugal","1990",14.74,74.28,NA,NA,NA
"prt","Portugal","1991",13.61,74.3,NA,NA,NA
"prt","Portugal","1992",12.47,74.66,NA,NA,NA
"prt","Portugal","1993",11.39,74.86,NA,NA,NA
"prt","Portugal","1994",10.47,75.41,NA,NA,NA
"prt","Portugal","1995",9.74,75.47,NA,NA,NA
"prt","Portugal","1996",9.14,75.57,NA,NA,NA
"prt","Portugal","1997",8.63,75.91,NA,NA,NA
"prt","Portugal","1998",8.17,76.18,NA,NA,NA
"prt","Portugal","1999",7.69,76.43,NA,NA,NA
"prt","Portugal","2000",7.19,76.84,NA,NA,NA
"prt","Portugal","2001",6.64,77.19,NA,NA,NA
"prt","Portugal","2002",6.06,77.48,NA,NA,NA
"prt","Portugal","2003",5.5,77.81,NA,NA,NA
"prt","Portugal","2004",5.02,78.4,NA,NA,NA
"prt","Portugal","2005",4.64,78.75,NA,NA,NA
"prt","Portugal","2006",4.36,79.21,NA,NA,NA
"prt","Portugal","2007",4.16,79.42,NA,NA,NA
"prt","Portugal","2008",4.02,79.69,NA,NA,NA
"prt","Portugal","2009",3.91,79.93,NA,NA,NA
"prt","Portugal","2010",3.82,80.24,NA,NA,NA
"prt","Portugal","2011",3.74,80.54,NA,NA,NA
"prt","Portugal","2012",3.69,80.79,NA,NA,NA
"prt","Portugal","2013",3.66,81.07,NA,NA,NA
"prt","Portugal","2014",3.65,81.35,NA,NA,NA
"prt","Portugal","2015",3.65,81.54,NA,NA,NA
"prt","Portugal","2016",3.65,81.57,NA,NA,NA
"prt","Portugal","2017",3.62,81.63,NA,NA,NA
"prt","Portugal","2018",3.55,81.69,NA,NA,NA
"prt","Portugal","2019",3.45,81.72,NA,NA,NA
"prt","Portugal","2020",2.89,81.07,NA,NA,NA
"prt","Portugal","2021",3.26,81.06,NA,NA,NA
"prt","Portugal","2022",2.86,82.26,NA,NA,NA
"prt","Portugal","2023",2.73,82.44,NA,NA,NA
"prt","Portugal","2024",2.6,82.62,NA,NA,NA
"prt","Portugal","2025",2.49,82.79,NA,NA,NA
"pry","Paraguay","1915",363.03,34.49,NA,NA,NA
"pry","Paraguay","1916",362.16,34.48,NA,NA,NA
"pry","Paraguay","1917",361.28,34.46,NA,NA,NA
"pry","Paraguay","1918",360.4,30.45,NA,NA,NA
"pry","Paraguay","1919",359.52,34.43,NA,NA,NA
"pry","Paraguay","1920",358.64,34.42,NA,NA,NA
"pry","Paraguay","1921",357.77,34.4,NA,NA,NA
"pry","Paraguay","1922",356.89,34.39,NA,NA,NA
"pry","Paraguay","1923",356.01,34.37,NA,NA,NA
"pry","Paraguay","1924",355.13,34.36,NA,NA,NA
"pry","Paraguay","1925",354.26,34.34,NA,NA,NA
"pry","Paraguay","1926",353.38,34.32,NA,NA,NA
"pry","Paraguay","1927",352.5,34.31,NA,NA,NA
"pry","Paraguay","1928",351.62,34.29,NA,NA,NA
"pry","Paraguay","1929",350.75,34.28,NA,NA,NA
"pry","Paraguay","1930",349.87,34.26,NA,NA,NA
"pry","Paraguay","1931",346.84,34.25,NA,NA,NA
"pry","Paraguay","1932",343.83,34.23,NA,NA,NA
"pry","Paraguay","1933",324.68,35.67,NA,NA,NA
"pry","Paraguay","1934",306.32,37.11,NA,NA,NA
"pry","Paraguay","1935",288.65,38.55,NA,NA,NA
"pry","Paraguay","1936",271.7,39.98,NA,NA,NA
"pry","Paraguay","1937",254.46,41.42,NA,NA,NA
"pry","Paraguay","1938",238.82,42.85,NA,NA,NA
"pry","Paraguay","1939",223.75,44.28,NA,NA,NA
"pry","Paraguay","1940",209.28,45.71,NA,NA,NA
"pry","Paraguay","1941",195.35,47.26,NA,NA,NA
"pry","Paraguay","1942",179,48.81,NA,NA,NA
"pry","Paraguay","1943",164.01,50.35,NA,NA,NA
"pry","Paraguay","1944",150.27,51.9,NA,NA,NA
"pry","Paraguay","1945",137.67,53.45,NA,NA,NA
"pry","Paraguay","1946",126.12,54.99,NA,NA,NA
"pry","Paraguay","1947",115.54,56.53,NA,NA,NA
"pry","Paraguay","1948",105.84,58.07,NA,NA,NA
"pry","Paraguay","1949",96.95,59.6,NA,NA,NA
"pry","Paraguay","1950",88.8,61.14,NA,NA,NA
"pry","Paraguay","1951",88.82,62.16,NA,NA,NA
"pry","Paraguay","1952",88.73,64.96,NA,NA,NA
"pry","Paraguay","1953",88.36,68.33,NA,NA,NA
"pry","Paraguay","1954",87.72,68.46,NA,NA,NA
"pry","Paraguay","1955",86.81,67.23,NA,NA,NA
"pry","Paraguay","1956",85.66,68.46,NA,NA,NA
"pry","Paraguay","1957",84.82,68.26,NA,NA,NA
"pry","Paraguay","1958",83.93,67.95,NA,NA,NA
"pry","Paraguay","1959",83.09,67.77,NA,NA,NA
"pry","Paraguay","1960",82.27,69.07,NA,NA,NA
"pry","Paraguay","1961",81.53,69.81,NA,NA,NA
"pry","Paraguay","1962",80.98,69.9,NA,NA,NA
"pry","Paraguay","1963",80.45,70.16,NA,NA,NA
"pry","Paraguay","1964",80.08,70.38,NA,NA,NA
"pry","Paraguay","1965",79.73,70.48,NA,NA,NA
"pry","Paraguay","1966",79.43,70.42,NA,NA,NA
"pry","Paraguay","1967",79.09,70.52,NA,NA,NA
"pry","Paraguay","1968",78.7,70.61,NA,NA,NA
"pry","Paraguay","1969",78.24,70.72,NA,NA,NA
"pry","Paraguay","1970",77.73,70.82,NA,NA,NA
"pry","Paraguay","1971",77.05,70.96,NA,NA,NA
"pry","Paraguay","1972",76.22,70.87,NA,NA,NA
"pry","Paraguay","1973",75.29,70.78,NA,NA,NA
"pry","Paraguay","1974",74.2,70.93,NA,NA,NA
"pry","Paraguay","1975",72.96,71.4,NA,NA,NA
"pry","Paraguay","1976",71.61,71.61,NA,NA,NA
"pry","Paraguay","1977",70.14,72.3,NA,NA,NA
"pry","Paraguay","1978",68.52,72.37,NA,NA,NA
"pry","Paraguay","1979",66.78,72.82,NA,NA,NA
"pry","Paraguay","1980",64.95,73.07,NA,NA,NA
"pry","Paraguay","1981",63,73.79,NA,NA,NA
"pry","Paraguay","1982",60.93,74.24,NA,NA,NA
"pry","Paraguay","1983",58.87,73.92,NA,NA,NA
"pry","Paraguay","1984",56.81,74.08,NA,NA,NA
"pry","Paraguay","1985",54.79,74.5,NA,NA,NA
"pry","Paraguay","1986",52.81,75.25,NA,NA,NA
"pry","Paraguay","1987",50.91,75.47,NA,NA,NA
"pry","Paraguay","1988",49.05,75.46,NA,NA,NA
"pry","Paraguay","1989",47.25,75.6,NA,NA,NA
"pry","Paraguay","1990",45.52,75.79,NA,NA,NA
"pry","Paraguay","1991",43.89,76.48,NA,NA,NA
"pry","Paraguay","1992",42.32,75.99,NA,NA,NA
"pry","Paraguay","1993",40.9,75.75,NA,NA,NA
"pry","Paraguay","1994",39.58,75.67,NA,NA,NA
"pry","Paraguay","1995",38.4,75.39,NA,NA,NA
"pry","Paraguay","1996",37.32,75.13,NA,NA,NA
"pry","Paraguay","1997",36.35,75.55,NA,NA,NA
"pry","Paraguay","1998",35.49,75.59,NA,NA,NA
"pry","Paraguay","1999",34.66,75.55,NA,NA,NA
"pry","Paraguay","2000",33.87,75.62,NA,NA,NA
"pry","Paraguay","2001",33.09,75.98,NA,NA,NA
"pry","Paraguay","2002",32.31,76.08,NA,NA,NA
"pry","Paraguay","2003",31.56,75.83,NA,NA,NA
"pry","Paraguay","2004",30.82,75.21,NA,NA,NA
"pry","Paraguay","2005",30.01,75.59,NA,NA,NA
"pry","Paraguay","2006",29.31,75.59,NA,NA,NA
"pry","Paraguay","2007",28.52,75.95,NA,NA,NA
"pry","Paraguay","2008",27.71,76.03,NA,NA,NA
"pry","Paraguay","2009",26.93,75.76,NA,NA,NA
"pry","Paraguay","2010",26.17,75.74,NA,NA,NA
"pry","Paraguay","2011",25.36,75.97,NA,NA,NA
"pry","Paraguay","2012",24.56,76.16,NA,NA,NA
"pry","Paraguay","2013",23.79,76.03,NA,NA,NA
"pry","Paraguay","2014",23.03,76.4,NA,NA,NA
"pry","Paraguay","2015",22.32,76.49,NA,NA,NA
"pry","Paraguay","2016",21.63,76.13,NA,NA,NA
"pry","Paraguay","2017",20.9,76.27,NA,NA,NA
"pry","Paraguay","2018",20.18,76.48,NA,NA,NA
"pry","Paraguay","2019",19.47,76.61,NA,NA,NA
"pry","Paraguay","2020",18.76,76.15,NA,NA,NA
"pry","Paraguay","2021",18.24,73.11,NA,NA,NA
"pry","Paraguay","2022",19.35,73.34,NA,NA,NA
"pry","Paraguay","2023",18.91,77.11,NA,NA,NA
"pry","Paraguay","2024",18.55,77.24,NA,NA,NA
"pry","Paraguay","2025",18.17,77.36,NA,NA,NA
"pse","Palestine","1915",420.46,35.44,NA,NA,NA
"pse","Palestine","1916",419.56,35.49,NA,NA,NA
"pse","Palestine","1917",418.66,35.54,NA,NA,NA
"pse","Palestine","1918",417.76,29.5,NA,NA,NA
"pse","Palestine","1919",416.86,35.64,NA,NA,NA
"pse","Palestine","1920",415.96,35.69,NA,NA,NA
"pse","Palestine","1921",415.07,35.75,NA,NA,NA
"pse","Palestine","1922",414.18,35.8,NA,NA,NA
"pse","Palestine","1923",413.29,35.85,NA,NA,NA
"pse","Palestine","1924",412.4,35.9,NA,NA,NA
"pse","Palestine","1925",411.51,35.95,NA,NA,NA
"pse","Palestine","1926",410.63,36,NA,NA,NA
"pse","Palestine","1927",409.75,36.05,NA,NA,NA
"pse","Palestine","1928",408.87,36.1,NA,NA,NA
"pse","Palestine","1929",407.99,36.16,NA,NA,NA
"pse","Palestine","1930",407.11,36.21,NA,NA,NA
"pse","Palestine","1931",394.79,36.26,NA,NA,NA
"pse","Palestine","1932",382.85,36.31,NA,NA,NA
"pse","Palestine","1933",371.26,36.36,NA,NA,NA
"pse","Palestine","1934",360.02,36.41,NA,NA,NA
"pse","Palestine","1935",349.12,36.46,NA,NA,NA
"pse","Palestine","1936",338.55,37.57,NA,NA,NA
"pse","Palestine","1937",328.3,38.7,NA,NA,NA
"pse","Palestine","1938",318.36,39.81,NA,NA,NA
"pse","Palestine","1939",308.71,40.94,NA,NA,NA
"pse","Palestine","1940",299.36,42.06,NA,NA,NA
"pse","Palestine","1941",290.29,43.28,NA,NA,NA
"pse","Palestine","1942",281.49,44.5,NA,NA,NA
"pse","Palestine","1943",272.96,45.72,NA,NA,NA
"pse","Palestine","1944",264.68,46.95,NA,NA,NA
"pse","Palestine","1945",256.66,48.17,NA,NA,NA
"pse","Palestine","1946",248.87,49.41,NA,NA,NA
"pse","Palestine","1947",241.32,50.64,NA,NA,NA
"pse","Palestine","1948",234,51.88,NA,NA,NA
"pse","Palestine","1949",226.9,53.12,NA,NA,NA
"pse","Palestine","1950",220.02,54.35,NA,NA,NA
"pse","Palestine","1951",219.1,54.53,NA,NA,NA
"pse","Palestine","1952",217.17,54.71,NA,NA,NA
"pse","Palestine","1953",214.94,54.72,NA,NA,NA
"pse","Palestine","1954",212.37,55.46,NA,NA,NA
"pse","Palestine","1955",209.39,55.96,NA,NA,NA
"pse","Palestine","1956",206.1,49.71,NA,NA,NA
"pse","Palestine","1957",202.38,57.04,NA,NA,NA
"pse","Palestine","1958",198.32,57.65,NA,NA,NA
"pse","Palestine","1959",194,58.25,NA,NA,NA
"pse","Palestine","1960",189.44,58.75,NA,NA,NA
"pse","Palestine","1961",184.38,59.61,NA,NA,NA
"pse","Palestine","1962",179.15,60.46,NA,NA,NA
"pse","Palestine","1963",173.57,60.91,NA,NA,NA
"pse","Palestine","1964",167.98,61.51,NA,NA,NA
"pse","Palestine","1965",162.15,62.31,NA,NA,NA
"pse","Palestine","1966",156.34,62.47,NA,NA,NA
"pse","Palestine","1967",150.44,35.1,NA,NA,NA
"pse","Palestine","1968",144.71,59.45,NA,NA,NA
"pse","Palestine","1969",138.92,59.89,NA,NA,NA
"pse","Palestine","1970",133.35,57.8,NA,NA,NA
"pse","Palestine","1971",127.92,64.42,NA,NA,NA
"pse","Palestine","1972",122.63,64.81,NA,NA,NA
"pse","Palestine","1973",117.51,37.62,NA,NA,NA
"pse","Palestine","1974",112.64,64.98,NA,NA,NA
"pse","Palestine","1975",107.71,65.21,NA,NA,NA
"pse","Palestine","1976",101.39,65.58,NA,NA,NA
"pse","Palestine","1977",95.41,65.97,NA,NA,NA
"pse","Palestine","1978",89.74,66.26,NA,NA,NA
"pse","Palestine","1979",84.46,66.48,NA,NA,NA
"pse","Palestine","1980",79.49,66.73,NA,NA,NA
"pse","Palestine","1981",74.83,66.98,NA,NA,NA
"pse","Palestine","1982",70.45,42.26,NA,NA,NA
"pse","Palestine","1983",66.43,67.56,NA,NA,NA
"pse","Palestine","1984",62.61,67.88,NA,NA,NA
"pse","Palestine","1985",59.08,68.13,NA,NA,NA
"pse","Palestine","1986",55.77,68.42,NA,NA,NA
"pse","Palestine","1987",52.71,68.1,NA,NA,NA
"pse","Palestine","1988",49.88,68.22,NA,NA,NA
"pse","Palestine","1989",47.34,68.83,NA,NA,NA
"pse","Palestine","1990",45.02,69.12,NA,NA,NA
"pse","Palestine","1991",42.93,69.38,NA,NA,NA
"pse","Palestine","1992",41.06,69.63,NA,NA,NA
"pse","Palestine","1993",39.36,70.03,NA,NA,NA
"pse","Palestine","1994",37.77,70.56,NA,NA,NA
"pse","Palestine","1995",36.31,70.92,NA,NA,NA
"pse","Palestine","1996",34.96,71.18,NA,NA,NA
"pse","Palestine","1997",33.68,71.43,NA,NA,NA
"pse","Palestine","1998",32.48,71.68,NA,NA,NA
"pse","Palestine","1999",31.38,71.89,NA,NA,NA
"pse","Palestine","2000",30.37,70.17,NA,NA,NA
"pse","Palestine","2001",29.43,69.56,NA,NA,NA
"pse","Palestine","2002",28.53,68.8,NA,NA,NA
"pse","Palestine","2003",27.65,69.96,NA,NA,NA
"pse","Palestine","2004",26.79,69.85,NA,NA,NA
"pse","Palestine","2005",25.92,71.14,NA,NA,NA
"pse","Palestine","2006",25.09,69.59,NA,NA,NA
"pse","Palestine","2007",24.26,71.58,NA,NA,NA
"pse","Palestine","2008",23.49,69.32,NA,NA,NA
"pse","Palestine","2009",22.74,69.81,NA,NA,NA
"pse","Palestine","2010",22.07,73.67,NA,NA,NA
"pse","Palestine","2011",21.42,73.74,NA,NA,NA
"pse","Palestine","2012",20.83,73.9,NA,NA,NA
"pse","Palestine","2013",20.25,74.81,NA,NA,NA
"pse","Palestine","2014",19.7,74.5,NA,NA,NA
"pse","Palestine","2015",19.16,74.33,NA,NA,NA
"pse","Palestine","2016",18.63,74.49,NA,NA,NA
"pse","Palestine","2017",18.1,74.68,NA,NA,NA
"pse","Palestine","2018",17.53,74.66,NA,NA,NA
"pse","Palestine","2019",17.02,74.8,NA,NA,NA
"pse","Palestine","2020",16.31,73.97,NA,NA,NA
"pse","Palestine","2021",16.33,73.05,NA,NA,NA
"pse","Palestine","2022",16.37,73.02,NA,NA,NA
"pse","Palestine","2023",16.19,73.85,NA,NA,NA
"pse","Palestine","2024",14.28,75.68,NA,NA,NA
"pse","Palestine","2025",13.77,75.85,NA,NA,NA
"qat","Qatar","1915",420.42,34.92,NA,NA,NA
"qat","Qatar","1916",419.41,34.98,NA,NA,NA
"qat","Qatar","1917",418.39,35.04,NA,NA,NA
"qat","Qatar","1918",417.37,29.1,NA,NA,NA
"qat","Qatar","1919",416.36,35.17,NA,NA,NA
"qat","Qatar","1920",415.34,35.23,NA,NA,NA
"qat","Qatar","1921",414.32,35.3,NA,NA,NA
"qat","Qatar","1922",413.31,35.36,NA,NA,NA
"qat","Qatar","1923",412.29,35.42,NA,NA,NA
"qat","Qatar","1924",411.27,35.49,NA,NA,NA
"qat","Qatar","1925",410.26,35.55,NA,NA,NA
"qat","Qatar","1926",409.24,35.61,NA,NA,NA
"qat","Qatar","1927",408.23,35.68,NA,NA,NA
"qat","Qatar","1928",407.21,35.74,NA,NA,NA
"qat","Qatar","1929",406.19,35.8,NA,NA,NA
"qat","Qatar","1930",405.18,35.87,NA,NA,NA
"qat","Qatar","1931",404.16,35.93,NA,NA,NA
"qat","Qatar","1932",403.14,35.99,NA,NA,NA
"qat","Qatar","1933",402.13,36.06,NA,NA,NA
"qat","Qatar","1934",401.11,36.12,NA,NA,NA
"qat","Qatar","1935",400.09,36.18,NA,NA,NA
"qat","Qatar","1936",399.08,36.25,NA,NA,NA
"qat","Qatar","1937",398.06,36.31,NA,NA,NA
"qat","Qatar","1938",397.05,36.37,NA,NA,NA
"qat","Qatar","1939",396.03,36.44,NA,NA,NA
"qat","Qatar","1940",395.01,36.5,NA,NA,NA
"qat","Qatar","1941",366.99,39.26,NA,NA,NA
"qat","Qatar","1942",340.42,42.01,NA,NA,NA
"qat","Qatar","1943",316.17,44.79,NA,NA,NA
"qat","Qatar","1944",292,47.56,NA,NA,NA
"qat","Qatar","1945",268.95,50.36,NA,NA,NA
"qat","Qatar","1946",246.94,53.15,NA,NA,NA
"qat","Qatar","1947",225.88,55.97,NA,NA,NA
"qat","Qatar","1948",206.57,58.78,NA,NA,NA
"qat","Qatar","1949",187.31,61.62,NA,NA,NA
"qat","Qatar","1950",168.85,64.46,NA,NA,NA
"qat","Qatar","1951",165.52,64.48,NA,NA,NA
"qat","Qatar","1952",162.26,64.54,NA,NA,NA
"qat","Qatar","1953",159.06,64.62,NA,NA,NA
"qat","Qatar","1954",155.92,64.69,NA,NA,NA
"qat","Qatar","1955",152.85,64.78,NA,NA,NA
"qat","Qatar","1956",149.83,64.86,NA,NA,NA
"qat","Qatar","1957",146.88,64.96,NA,NA,NA
"qat","Qatar","1958",143.98,65.05,NA,NA,NA
"qat","Qatar","1959",141.14,65.15,NA,NA,NA
"qat","Qatar","1960",138.36,65.28,NA,NA,NA
"qat","Qatar","1961",125.57,65.41,NA,NA,NA
"qat","Qatar","1962",113.97,65.55,NA,NA,NA
"qat","Qatar","1963",103.44,65.69,NA,NA,NA
"qat","Qatar","1964",93.88,65.85,NA,NA,NA
"qat","Qatar","1965",85.21,66.02,NA,NA,NA
"qat","Qatar","1966",77.33,66.18,NA,NA,NA
"qat","Qatar","1967",70.19,66.34,NA,NA,NA
"qat","Qatar","1968",63.7,66.53,NA,NA,NA
"qat","Qatar","1969",70,66.75,NA,NA,NA
"qat","Qatar","1970",65.5,67.01,NA,NA,NA
"qat","Qatar","1971",61.3,67.24,NA,NA,NA
"qat","Qatar","1972",57.3,67.5,NA,NA,NA
"qat","Qatar","1973",53.6,67.74,NA,NA,NA
"qat","Qatar","1974",50.3,68.26,NA,NA,NA
"qat","Qatar","1975",47.3,68.7,NA,NA,NA
"qat","Qatar","1976",44.6,69.17,NA,NA,NA
"qat","Qatar","1977",42.2,69.57,NA,NA,NA
"qat","Qatar","1978",40,69.59,NA,NA,NA
"qat","Qatar","1979",37.9,69.64,NA,NA,NA
"qat","Qatar","1980",36.1,70.26,NA,NA,NA
"qat","Qatar","1981",34.3,70.44,NA,NA,NA
"qat","Qatar","1982",32.7,70.18,NA,NA,NA
"qat","Qatar","1983",31.2,70.81,NA,NA,NA
"qat","Qatar","1984",29.6,72.29,NA,NA,NA
"qat","Qatar","1985",28.1,72.12,NA,NA,NA
"qat","Qatar","1986",26.6,71.16,NA,NA,NA
"qat","Qatar","1987",25.1,70.79,NA,NA,NA
"qat","Qatar","1988",23.6,70.51,NA,NA,NA
"qat","Qatar","1989",22.2,70.26,NA,NA,NA
"qat","Qatar","1990",20.8,69.93,NA,NA,NA
"qat","Qatar","1991",19.5,69.79,NA,NA,NA
"qat","Qatar","1992",18.2,69.76,NA,NA,NA
"qat","Qatar","1993",17.1,69.87,NA,NA,NA
"qat","Qatar","1994",16.1,71.02,NA,NA,NA
"qat","Qatar","1995",15.3,71.8,NA,NA,NA
"qat","Qatar","1996",14.6,70.61,NA,NA,NA
"qat","Qatar","1997",14,70.14,NA,NA,NA
"qat","Qatar","1998",13.4,70.24,NA,NA,NA
"qat","Qatar","1999",12.9,70.61,NA,NA,NA
"qat","Qatar","2000",12.4,71.22,NA,NA,NA
"qat","Qatar","2001",11.9,71.51,NA,NA,NA
"qat","Qatar","2002",11.5,71.46,NA,NA,NA
"qat","Qatar","2003",11.1,71.72,NA,NA,NA
"qat","Qatar","2004",10.7,72.21,NA,NA,NA
"qat","Qatar","2005",10.4,72.29,NA,NA,NA
"qat","Qatar","2006",10.1,72.14,NA,NA,NA
"qat","Qatar","2007",9.8,72.2,NA,NA,NA
"qat","Qatar","2008",9.5,72.55,NA,NA,NA
"qat","Qatar","2009",9.2,72.84,NA,NA,NA
"qat","Qatar","2010",9,73.36,NA,NA,NA
"qat","Qatar","2011",8.7,73.88,NA,NA,NA
"qat","Qatar","2012",8.4,74.28,NA,NA,NA
"qat","Qatar","2013",8.2,74.66,NA,NA,NA
"qat","Qatar","2014",8.13,74.94,NA,NA,NA
"qat","Qatar","2015",7.78,75.46,NA,NA,NA
"qat","Qatar","2016",7.39,75.73,NA,NA,NA
"qat","Qatar","2017",6.97,75.94,NA,NA,NA
"qat","Qatar","2018",6.55,76.11,NA,NA,NA
"qat","Qatar","2019",6.15,76.28,NA,NA,NA
"qat","Qatar","2020",5.77,74.5,NA,NA,NA
"qat","Qatar","2021",5.4,74.67,NA,NA,NA
"qat","Qatar","2022",5.82,76.82,NA,NA,NA
"qat","Qatar","2023",5.63,76.98,NA,NA,NA
"qat","Qatar","2024",5.44,77.15,NA,NA,NA
"qat","Qatar","2025",5.26,77.31,NA,NA,NA
"rou","Romania","1915",323.63,35.45,NA,NA,NA
"rou","Romania","1916",330.46,35.45,NA,NA,NA
"rou","Romania","1917",337.44,35.44,NA,NA,NA
"rou","Romania","1918",344.56,26.26,NA,NA,NA
"rou","Romania","1919",351.83,35.43,NA,NA,NA
"rou","Romania","1920",359.26,35.43,NA,NA,NA
"rou","Romania","1921",325.26,35.95,NA,NA,NA
"rou","Romania","1922",336.63,36.46,NA,NA,NA
"rou","Romania","1923",336.63,36.99,NA,NA,NA
"rou","Romania","1924",326.89,37.5,NA,NA,NA
"rou","Romania","1925",312.26,38.02,NA,NA,NA
"rou","Romania","1926",315.5,38.54,NA,NA,NA
"rou","Romania","1927",339.88,39.05,NA,NA,NA
"rou","Romania","1928",299.15,39.57,NA,NA,NA
"rou","Romania","1929",320.37,40.09,NA,NA,NA
"rou","Romania","1930",286.02,40.61,NA,NA,NA
"rou","Romania","1931",292.6,41.12,NA,NA,NA
"rou","Romania","1932",300.8,41.64,NA,NA,NA
"rou","Romania","1933",282.71,42.68,NA,NA,NA
"rou","Romania","1934",295.89,43.73,NA,NA,NA
"rou","Romania","1935",312.26,44.78,NA,NA,NA
"rou","Romania","1936",284.37,45.82,NA,NA,NA
"rou","Romania","1937",289.32,46.88,NA,NA,NA
"rou","Romania","1938",297.52,47.92,NA,NA,NA
"rou","Romania","1939",286.02,48.96,NA,NA,NA
"rou","Romania","1940",305.71,50.01,NA,NA,NA
"rou","Romania","1941",270.05,44.96,NA,NA,NA
"rou","Romania","1942",289.32,44.28,NA,NA,NA
"rou","Romania","1943",299.15,42,NA,NA,NA
"rou","Romania","1944",263.54,40.82,NA,NA,NA
"rou","Romania","1945",305.71,44.98,NA,NA,NA
"rou","Romania","1946",266.83,53.5,NA,NA,NA
"rou","Romania","1947",325.26,57.39,NA,NA,NA
"rou","Romania","1948",229.61,58.45,NA,NA,NA
"rou","Romania","1949",216.59,59.49,NA,NA,NA
"rou","Romania","1950",180.93,60.54,NA,NA,NA
"rou","Romania","1951",182.81,61.33,NA,NA,NA
"rou","Romania","1952",158.51,61.78,NA,NA,NA
"rou","Romania","1953",141.98,62.35,NA,NA,NA
"rou","Romania","1954",129.42,62.97,NA,NA,NA
"rou","Romania","1955",110.29,63.45,NA,NA,NA
"rou","Romania","1956",117.16,63.61,NA,NA,NA
"rou","Romania","1957",115.43,63.25,NA,NA,NA
"rou","Romania","1958",95.24,65.87,NA,NA,NA
"rou","Romania","1959",106.89,63.99,NA,NA,NA
"rou","Romania","1960",95.24,65.75,NA,NA,NA
"rou","Romania","1961",84.01,66.29,NA,NA,NA
"rou","Romania","1962",72.37,66.73,NA,NA,NA
"rou","Romania","1963",60.57,68.04,NA,NA,NA
"rou","Romania","1964",55,68.68,NA,NA,NA
"rou","Romania","1965",54.5,68.86,NA,NA,NA
"rou","Romania","1966",57.34,69.62,NA,NA,NA
"rou","Romania","1967",61.87,68.43,NA,NA,NA
"rou","Romania","1968",65.23,67.81,NA,NA,NA
"rou","Romania","1969",63.58,67.63,NA,NA,NA
"rou","Romania","1970",56.67,68.29,NA,NA,NA
"rou","Romania","1971",49.74,68.96,NA,NA,NA
"rou","Romania","1972",46.29,69.33,NA,NA,NA
"rou","Romania","1973",45.36,69.33,NA,NA,NA
"rou","Romania","1974",44.52,69.91,NA,NA,NA
"rou","Romania","1975",42.58,69.92,NA,NA,NA
"rou","Romania","1976",40.37,70.3,NA,NA,NA
"rou","Romania","1977",38.69,69.7,NA,NA,NA
"rou","Romania","1978",37.57,70.02,NA,NA,NA
"rou","Romania","1979",36.7,69.68,NA,NA,NA
"rou","Romania","1980",35.77,69.6,NA,NA,NA
"rou","Romania","1981",34.52,69.73,NA,NA,NA
"rou","Romania","1982",32.8,70.03,NA,NA,NA
"rou","Romania","1983",31.25,70.07,NA,NA,NA
"rou","Romania","1984",30.78,70.04,NA,NA,NA
"rou","Romania","1985",31.7,69.67,NA,NA,NA
"rou","Romania","1986",33.21,69.85,NA,NA,NA
"rou","Romania","1987",34.34,69.24,NA,NA,NA
"rou","Romania","1988",34.48,69.58,NA,NA,NA
"rou","Romania","1989",33.39,69.72,NA,NA,NA
"rou","Romania","1990",31.35,69.83,NA,NA,NA
"rou","Romania","1991",29.37,70.26,NA,NA,NA
"rou","Romania","1992",28.32,69.81,NA,NA,NA
"rou","Romania","1993",27.98,69.68,NA,NA,NA
"rou","Romania","1994",27.79,69.51,NA,NA,NA
"rou","Romania","1995",27.34,69.38,NA,NA,NA
"rou","Romania","1996",26.62,68.97,NA,NA,NA
"rou","Romania","1997",25.63,69.09,NA,NA,NA
"rou","Romania","1998",24.42,69.85,NA,NA,NA
"rou","Romania","1999",23,70.74,NA,NA,NA
"rou","Romania","2000",21.57,71.23,NA,NA,NA
"rou","Romania","2001",20.53,71.18,NA,NA,NA
"rou","Romania","2002",20.11,71.23,NA,NA,NA
"rou","Romania","2003",19.97,71.51,NA,NA,NA
"rou","Romania","2004",19.39,72.02,NA,NA,NA
"rou","Romania","2005",18.13,72.36,NA,NA,NA
"rou","Romania","2006",16.6,72.85,NA,NA,NA
"rou","Romania","2007",15.17,73.37,NA,NA,NA
"rou","Romania","2008",13.98,73.42,NA,NA,NA
"rou","Romania","2009",13.05,73.53,NA,NA,NA
"rou","Romania","2010",12.37,73.78,NA,NA,NA
"rou","Romania","2011",11.79,74.6,NA,NA,NA
"rou","Romania","2012",11.21,74.68,NA,NA,NA
"rou","Romania","2013",10.59,75.28,NA,NA,NA
"rou","Romania","2014",9.9,75.03,NA,NA,NA
"rou","Romania","2015",9.16,75.25,NA,NA,NA
"rou","Romania","2016",8.46,75.34,NA,NA,NA
"rou","Romania","2017",7.87,75.38,NA,NA,NA
"rou","Romania","2018",7.41,75.46,NA,NA,NA
"rou","Romania","2019",7.09,75.52,NA,NA,NA
"rou","Romania","2020",6.75,74.38,NA,NA,NA
"rou","Romania","2021",6.54,73.23,NA,NA,NA
"rou","Romania","2022",6.55,73.16,NA,NA,NA
"rou","Romania","2023",7.09,74.17,NA,NA,NA
"rou","Romania","2024",6.13,76.33,NA,NA,NA
"rou","Romania","2025",5.95,76.49,NA,NA,NA
"rus","Russia","1915",355.47,34.86,NA,NA,NA
"rus","Russia","1916",348.41,34.91,NA,NA,NA
"rus","Russia","1917",341.5,32.19,NA,NA,NA
"rus","Russia","1918",334.73,25.57,NA,NA,NA
"rus","Russia","1919",328.09,27.83,NA,NA,NA
"rus","Russia","1920",321.58,22.86,NA,NA,NA
"rus","Russia","1921",315.2,26.57,NA,NA,NA
"rus","Russia","1922",308.95,27.62,NA,NA,NA
"rus","Russia","1923",302.82,37.63,NA,NA,NA
"rus","Russia","1924",296.81,40.48,NA,NA,NA
"rus","Russia","1925",290.92,39.53,NA,NA,NA
"rus","Russia","1926",285.15,43.19,NA,NA,NA
"rus","Russia","1927",279.49,42.24,NA,NA,NA
"rus","Russia","1928",273.95,43.88,NA,NA,NA
"rus","Russia","1929",268.51,42.25,NA,NA,NA
"rus","Russia","1930",263.19,41.29,NA,NA,NA
"rus","Russia","1931",257.97,39.65,NA,NA,NA
"rus","Russia","1932",252.85,37.21,NA,NA,NA
"rus","Russia","1933",247.83,19.71,NA,NA,NA
"rus","Russia","1934",242.92,43.47,NA,NA,NA
"rus","Russia","1935",238.1,45.12,NA,NA,NA
"rus","Russia","1936",233.37,46.9,NA,NA,NA
"rus","Russia","1937",228.74,45.6,NA,NA,NA
"rus","Russia","1938",224.21,47.38,NA,NA,NA
"rus","Russia","1939",219.76,49.97,NA,NA,NA
"rus","Russia","1940",215.4,47.29,NA,NA,NA
"rus","Russia","1941",211.13,26.43,NA,NA,NA
"rus","Russia","1942",206.94,20.71,NA,NA,NA
"rus","Russia","1943",202.83,18.43,NA,NA,NA
"rus","Russia","1944",198.81,31.15,NA,NA,NA
"rus","Russia","1945",194.86,39.28,NA,NA,NA
"rus","Russia","1946",191,53.34,NA,NA,NA
"rus","Russia","1947",187.21,46.81,NA,NA,NA
"rus","Russia","1948",183.5,60.56,NA,NA,NA
"rus","Russia","1949",179.86,63.9,NA,NA,NA
"rus","Russia","1950",176.29,66.67,NA,NA,NA
"rus","Russia","1951",167.12,66.75,NA,NA,NA
"rus","Russia","1952",149.48,66.9,NA,NA,NA
"rus","Russia","1953",133.27,67.17,NA,NA,NA
"rus","Russia","1954",118.47,67.36,NA,NA,NA
"rus","Russia","1955",105.1,67.66,NA,NA,NA
"rus","Russia","1956",93.14,67.89,NA,NA,NA
"rus","Russia","1957",82.58,68.05,NA,NA,NA
"rus","Russia","1958",73.39,68.22,NA,NA,NA
"rus","Russia","1959",65.53,68.13,NA,NA,NA
"rus","Russia","1960",59.88,69.05,NA,NA,NA
"rus","Russia","1961",54.71,69.26,NA,NA,NA
"rus","Russia","1962",49.99,69.1,NA,NA,NA
"rus","Russia","1963",45.68,69.39,NA,NA,NA
"rus","Russia","1964",41.58,70.15,NA,NA,NA
"rus","Russia","1965",39.15,69.97,NA,NA,NA
"rus","Russia","1966",37.54,69.92,NA,NA,NA
"rus","Russia","1967",37.31,69.7,NA,NA,NA
"rus","Russia","1968",37.49,69.47,NA,NA,NA
"rus","Russia","1969",38.16,69.07,NA,NA,NA
"rus","Russia","1970",37.82,69.15,NA,NA,NA
"rus","Russia","1971",36.28,69.3,NA,NA,NA
"rus","Russia","1972",34.77,69.26,NA,NA,NA
"rus","Russia","1973",33.35,69.21,NA,NA,NA
"rus","Russia","1974",32.08,69.15,NA,NA,NA
"rus","Russia","1975",31.01,68.6,NA,NA,NA
"rus","Russia","1976",30.11,68.27,NA,NA,NA
"rus","Russia","1977",29.35,68.09,NA,NA,NA
"rus","Russia","1978",28.72,68.09,NA,NA,NA
"rus","Russia","1979",28.14,67.83,NA,NA,NA
"rus","Russia","1980",27.59,67.71,NA,NA,NA
"rus","Russia","1981",27.05,67.96,NA,NA,NA
"rus","Russia","1982",26.56,68.49,NA,NA,NA
"rus","Russia","1983",26.09,68.3,NA,NA,NA
"rus","Russia","1984",25.56,67.81,NA,NA,NA
"rus","Russia","1985",24.94,68.54,NA,NA,NA
"rus","Russia","1986",24.22,70.22,NA,NA,NA
"rus","Russia","1987",23.39,70.2,NA,NA,NA
"rus","Russia","1988",22.6,70.11,NA,NA,NA
"rus","Russia","1989",21.98,69.8,NA,NA,NA
"rus","Russia","1990",21.62,69.52,NA,NA,NA
"rus","Russia","1991",21.51,69.28,NA,NA,NA
"rus","Russia","1992",21.62,68.12,NA,NA,NA
"rus","Russia","1993",21.82,65.5,NA,NA,NA
"rus","Russia","1994",21.93,64.16,NA,NA,NA
"rus","Russia","1995",21.81,64.84,NA,NA,NA
"rus","Russia","1996",21.54,66.07,NA,NA,NA
"rus","Russia","1997",21.17,67.18,NA,NA,NA
"rus","Russia","1998",20.69,67.47,NA,NA,NA
"rus","Russia","1999",20.07,66.22,NA,NA,NA
"rus","Russia","2000",19.29,65.63,NA,NA,NA
"rus","Russia","2001",18.34,65.55,NA,NA,NA
"rus","Russia","2002",17.25,65.37,NA,NA,NA
"rus","Russia","2003",16.07,65.17,NA,NA,NA
"rus","Russia","2004",14.9,65.54,NA,NA,NA
"rus","Russia","2005",13.78,65.05,NA,NA,NA
"rus","Russia","2006",12.77,66.47,NA,NA,NA
"rus","Russia","2007",11.9,67.46,NA,NA,NA
"rus","Russia","2008",11.2,67.72,NA,NA,NA
"rus","Russia","2009",10.69,68.67,NA,NA,NA
"rus","Russia","2010",10.37,68.82,NA,NA,NA
"rus","Russia","2011",10.12,69.99,NA,NA,NA
"rus","Russia","2012",9.83,70.45,NA,NA,NA
"rus","Russia","2013",9.45,70.93,NA,NA,NA
"rus","Russia","2014",8.91,70.98,NA,NA,NA
"rus","Russia","2015",8.24,71.53,NA,NA,NA
"rus","Russia","2016",7.54,72.02,NA,NA,NA
"rus","Russia","2017",6.9,72.94,NA,NA,NA
"rus","Russia","2018",6.33,72.98,NA,NA,NA
"rus","Russia","2019",5.84,72.97,NA,NA,NA
"rus","Russia","2020",5.19,70.41,NA,NA,NA
"rus","Russia","2021",5.2,68.52,NA,NA,NA
"rus","Russia","2022",5.58,69.2,NA,NA,NA
"rus","Russia","2023",4.73,73.6,NA,NA,NA
"rus","Russia","2024",4.55,73.75,NA,NA,NA
"rus","Russia","2025",4.36,73.89,NA,NA,NA
"rwa","Rwanda","1915",407.72,30.1,NA,NA,NA
"rwa","Rwanda","1916",406.73,24.59,NA,NA,NA
"rwa","Rwanda","1917",405.75,22.67,NA,NA,NA
"rwa","Rwanda","1918",404.76,11.61,NA,NA,NA
"rwa","Rwanda","1919",403.78,29.99,NA,NA,NA
"rwa","Rwanda","1920",402.79,29.96,NA,NA,NA
"rwa","Rwanda","1921",401.81,29.94,NA,NA,NA
"rwa","Rwanda","1922",400.82,29.91,NA,NA,NA
"rwa","Rwanda","1923",399.83,29.89,NA,NA,NA
"rwa","Rwanda","1924",398.85,24.41,NA,NA,NA
"rwa","Rwanda","1925",397.86,23.45,NA,NA,NA
"rwa","Rwanda","1926",396.88,22.5,NA,NA,NA
"rwa","Rwanda","1927",395.89,29.78,NA,NA,NA
"rwa","Rwanda","1928",394.91,24.33,NA,NA,NA
"rwa","Rwanda","1929",393.92,22.44,NA,NA,NA
"rwa","Rwanda","1930",392.93,29.7,NA,NA,NA
"rwa","Rwanda","1931",386.07,29.68,NA,NA,NA
"rwa","Rwanda","1932",379.32,30.03,NA,NA,NA
"rwa","Rwanda","1933",373.79,30.4,NA,NA,NA
"rwa","Rwanda","1934",367.22,30.75,NA,NA,NA
"rwa","Rwanda","1935",360.72,31.12,NA,NA,NA
"rwa","Rwanda","1936",354.29,31.47,NA,NA,NA
"rwa","Rwanda","1937",348,31.83,NA,NA,NA
"rwa","Rwanda","1938",342.85,32.18,NA,NA,NA
"rwa","Rwanda","1939",336.7,32.54,NA,NA,NA
"rwa","Rwanda","1940",330.63,32.89,NA,NA,NA
"rwa","Rwanda","1941",324.62,33.29,NA,NA,NA
"rwa","Rwanda","1942",318.74,33.68,NA,NA,NA
"rwa","Rwanda","1943",313.94,31.5,NA,NA,NA
"rwa","Rwanda","1944",308.18,18.1,NA,NA,NA
"rwa","Rwanda","1945",299.76,34.76,NA,NA,NA
"rwa","Rwanda","1946",291.57,35.11,NA,NA,NA
"rwa","Rwanda","1947",283.61,35.47,NA,NA,NA
"rwa","Rwanda","1948",275.86,35.82,NA,NA,NA
"rwa","Rwanda","1949",268.32,36.17,NA,NA,NA
"rwa","Rwanda","1950",260.98,36.52,NA,NA,NA
"rwa","Rwanda","1951",259.85,36.61,NA,NA,NA
"rwa","Rwanda","1952",257.75,35.53,NA,NA,NA
"rwa","Rwanda","1953",255.61,37.45,NA,NA,NA
"rwa","Rwanda","1954",253.56,38.43,NA,NA,NA
"rwa","Rwanda","1955",251.35,38.94,NA,NA,NA
"rwa","Rwanda","1956",249.23,38.59,NA,NA,NA
"rwa","Rwanda","1957",241.8,39.89,NA,NA,NA
"rwa","Rwanda","1958",234.29,40.55,NA,NA,NA
"rwa","Rwanda","1959",227.31,41.09,NA,NA,NA
"rwa","Rwanda","1960",221.02,42.24,NA,NA,NA
"rwa","Rwanda","1961",216.16,42.37,NA,NA,NA
"rwa","Rwanda","1962",212.86,42.23,NA,NA,NA
"rwa","Rwanda","1963",210.54,42.39,NA,NA,NA
"rwa","Rwanda","1964",209.56,42.63,NA,NA,NA
"rwa","Rwanda","1965",209.53,42.85,NA,NA,NA
"rwa","Rwanda","1966",210.39,42.79,NA,NA,NA
"rwa","Rwanda","1967",212.34,43.26,NA,NA,NA
"rwa","Rwanda","1968",215.17,43.6,NA,NA,NA
"rwa","Rwanda","1969",218.45,43.45,NA,NA,NA
"rwa","Rwanda","1970",221.89,43.58,NA,NA,NA
"rwa","Rwanda","1971",224.9,43.84,NA,NA,NA
"rwa","Rwanda","1972",228.69,44.1,NA,NA,NA
"rwa","Rwanda","1973",234.07,44.49,NA,NA,NA
"rwa","Rwanda","1974",240.46,44.82,NA,NA,NA
"rwa","Rwanda","1975",246.51,45.02,NA,NA,NA
"rwa","Rwanda","1976",250.71,45.73,NA,NA,NA
"rwa","Rwanda","1977",250.59,46.46,NA,NA,NA
"rwa","Rwanda","1978",244.96,46.89,NA,NA,NA
"rwa","Rwanda","1979",233.77,47.47,NA,NA,NA
"rwa","Rwanda","1980",218.73,48.43,NA,NA,NA
"rwa","Rwanda","1981",202.01,49.45,NA,NA,NA
"rwa","Rwanda","1982",186.62,50.23,NA,NA,NA
"rwa","Rwanda","1983",174.92,50.89,NA,NA,NA
"rwa","Rwanda","1984",166.5,51.41,NA,NA,NA
"rwa","Rwanda","1985",160.02,51.49,NA,NA,NA
"rwa","Rwanda","1986",154.69,51.56,NA,NA,NA
"rwa","Rwanda","1987",150.31,51.84,NA,NA,NA
"rwa","Rwanda","1988",147.06,51.77,NA,NA,NA
"rwa","Rwanda","1989",146.41,51.2,NA,NA,NA
"rwa","Rwanda","1990",150.29,50.01,NA,NA,NA
"rwa","Rwanda","1991",159.52,49.88,NA,NA,NA
"rwa","Rwanda","1992",173.48,49.12,NA,NA,NA
"rwa","Rwanda","1993",190.42,48.27,NA,NA,NA
"rwa","Rwanda","1994",341.16,9.5,NA,NA,NA
"rwa","Rwanda","1995",219.93,46.41,NA,NA,NA
"rwa","Rwanda","1996",224.51,47.73,NA,NA,NA
"rwa","Rwanda","1997",221.7,46.79,NA,NA,NA
"rwa","Rwanda","1998",213.24,47.9,NA,NA,NA
"rwa","Rwanda","1999",200.76,49.32,NA,NA,NA
"rwa","Rwanda","2000",185.16,50.51,NA,NA,NA
"rwa","Rwanda","2001",167.4,51.45,NA,NA,NA
"rwa","Rwanda","2002",149.62,53.19,NA,NA,NA
"rwa","Rwanda","2003",133.46,54.55,NA,NA,NA
"rwa","Rwanda","2004",118.63,56.28,NA,NA,NA
"rwa","Rwanda","2005",105.41,58.22,NA,NA,NA
"rwa","Rwanda","2006",93.93,60.17,NA,NA,NA
"rwa","Rwanda","2007",84.44,61.59,NA,NA,NA
"rwa","Rwanda","2008",76.32,62.57,NA,NA,NA
"rwa","Rwanda","2009",69.63,63.39,NA,NA,NA
"rwa","Rwanda","2010",63.84,64.54,NA,NA,NA
"rwa","Rwanda","2011",58.58,65.31,NA,NA,NA
"rwa","Rwanda","2012",54.93,65.84,NA,NA,NA
"rwa","Rwanda","2013",52.01,66.85,NA,NA,NA
"rwa","Rwanda","2014",49.73,67.2,NA,NA,NA
"rwa","Rwanda","2015",47.71,67.39,NA,NA,NA
"rwa","Rwanda","2016",45.98,67.56,NA,NA,NA
"rwa","Rwanda","2017",44.62,67.95,NA,NA,NA
"rwa","Rwanda","2018",43.4,68.32,NA,NA,NA
"rwa","Rwanda","2019",41.93,68.65,NA,NA,NA
"rwa","Rwanda","2020",40.43,69,NA,NA,NA
"rwa","Rwanda","2021",38.86,68.27,NA,NA,NA
"rwa","Rwanda","2022",38.22,69.36,NA,NA,NA
"rwa","Rwanda","2023",36.95,69.6,NA,NA,NA
"rwa","Rwanda","2024",35.77,69.81,NA,NA,NA
"rwa","Rwanda","2025",34.68,70.02,NA,NA,NA
"sau","Saudi Arabia","1915",403.95,36.56,NA,NA,NA
"sau","Saudi Arabia","1916",402.98,36.62,NA,NA,NA
"sau","Saudi Arabia","1917",402,36.69,NA,NA,NA
"sau","Saudi Arabia","1918",401.02,30.47,NA,NA,NA
"sau","Saudi Arabia","1919",400.05,36.83,NA,NA,NA
"sau","Saudi Arabia","1920",399.07,36.9,NA,NA,NA
"sau","Saudi Arabia","1921",398.09,36.97,NA,NA,NA
"sau","Saudi Arabia","1922",397.12,37.03,NA,NA,NA
"sau","Saudi Arabia","1923",396.14,37.1,NA,NA,NA
"sau","Saudi Arabia","1924",395.16,37.17,NA,NA,NA
"sau","Saudi Arabia","1925",394.19,37.24,NA,NA,NA
"sau","Saudi Arabia","1926",393.21,37.31,NA,NA,NA
"sau","Saudi Arabia","1927",392.24,37.38,NA,NA,NA
"sau","Saudi Arabia","1928",391.26,37.45,NA,NA,NA
"sau","Saudi Arabia","1929",390.28,37.51,NA,NA,NA
"sau","Saudi Arabia","1930",389.31,37.58,NA,NA,NA
"sau","Saudi Arabia","1931",388.33,37.65,NA,NA,NA
"sau","Saudi Arabia","1932",387.35,37.72,NA,NA,NA
"sau","Saudi Arabia","1933",386.38,37.79,NA,NA,NA
"sau","Saudi Arabia","1934",385.4,37.86,NA,NA,NA
"sau","Saudi Arabia","1935",384.42,37.93,NA,NA,NA
"sau","Saudi Arabia","1936",383.45,37.99,NA,NA,NA
"sau","Saudi Arabia","1937",382.47,38.06,NA,NA,NA
"sau","Saudi Arabia","1938",381.49,38.13,NA,NA,NA
"sau","Saudi Arabia","1939",380.52,38.2,NA,NA,NA
"sau","Saudi Arabia","1940",379.54,38.27,NA,NA,NA
"sau","Saudi Arabia","1941",378.56,38.46,NA,NA,NA
"sau","Saudi Arabia","1942",377.59,38.65,NA,NA,NA
"sau","Saudi Arabia","1943",376.61,38.83,NA,NA,NA
"sau","Saudi Arabia","1944",375.63,39.02,NA,NA,NA
"sau","Saudi Arabia","1945",374.66,39.2,NA,NA,NA
"sau","Saudi Arabia","1946",353.29,41.52,NA,NA,NA
"sau","Saudi Arabia","1947",333.88,43.87,NA,NA,NA
"sau","Saudi Arabia","1948",314.13,46.21,NA,NA,NA
"sau","Saudi Arabia","1949",295.11,48.56,NA,NA,NA
"sau","Saudi Arabia","1950",276.8,50.92,NA,NA,NA
"sau","Saudi Arabia","1951",273.16,51.28,NA,NA,NA
"sau","Saudi Arabia","1952",269.57,51.56,NA,NA,NA
"sau","Saudi Arabia","1953",266.02,51.9,NA,NA,NA
"sau","Saudi Arabia","1954",262.52,52.27,NA,NA,NA
"sau","Saudi Arabia","1955",259.07,52.56,NA,NA,NA
"sau","Saudi Arabia","1956",255.67,52.87,NA,NA,NA
"sau","Saudi Arabia","1957",252.3,53.19,NA,NA,NA
"sau","Saudi Arabia","1958",248.99,53.52,NA,NA,NA
"sau","Saudi Arabia","1959",245.71,53.89,NA,NA,NA
"sau","Saudi Arabia","1960",242.48,54.34,NA,NA,NA
"sau","Saudi Arabia","1961",235.73,54.83,NA,NA,NA
"sau","Saudi Arabia","1962",229.16,55.37,NA,NA,NA
"sau","Saudi Arabia","1963",222.78,55.88,NA,NA,NA
"sau","Saudi Arabia","1964",216.57,56.39,NA,NA,NA
"sau","Saudi Arabia","1965",210.54,56.93,NA,NA,NA
"sau","Saudi Arabia","1966",204.68,57.51,NA,NA,NA
"sau","Saudi Arabia","1967",198.98,58.08,NA,NA,NA
"sau","Saudi Arabia","1968",193.44,58.63,NA,NA,NA
"sau","Saudi Arabia","1969",188.46,59.16,NA,NA,NA
"sau","Saudi Arabia","1970",181.38,59.81,NA,NA,NA
"sau","Saudi Arabia","1971",170.18,60.49,NA,NA,NA
"sau","Saudi Arabia","1972",159.7,61.39,NA,NA,NA
"sau","Saudi Arabia","1973",149.52,62.22,NA,NA,NA
"sau","Saudi Arabia","1974",139.79,63.07,NA,NA,NA
"sau","Saudi Arabia","1975",131.04,63.63,NA,NA,NA
"sau","Saudi Arabia","1976",122.33,64.25,NA,NA,NA
"sau","Saudi Arabia","1977",114.35,64.83,NA,NA,NA
"sau","Saudi Arabia","1978",106.82,65.26,NA,NA,NA
"sau","Saudi Arabia","1979",99.73,65.58,NA,NA,NA
"sau","Saudi Arabia","1980",93.08,66.06,NA,NA,NA
"sau","Saudi Arabia","1981",86.8,66.6,NA,NA,NA
"sau","Saudi Arabia","1982",80.87,66.89,NA,NA,NA
"sau","Saudi Arabia","1983",75.3,67.13,NA,NA,NA
"sau","Saudi Arabia","1984",69.98,67.33,NA,NA,NA
"sau","Saudi Arabia","1985",65.02,67.54,NA,NA,NA
"sau","Saudi Arabia","1986",60.39,67.74,NA,NA,NA
"sau","Saudi Arabia","1987",55.96,67.95,NA,NA,NA
"sau","Saudi Arabia","1988",51.84,68.15,NA,NA,NA
"sau","Saudi Arabia","1989",47.91,68.21,NA,NA,NA
"sau","Saudi Arabia","1990",44.28,68.08,NA,NA,NA
"sau","Saudi Arabia","1991",40.97,68.46,NA,NA,NA
"sau","Saudi Arabia","1992",37.95,68.77,NA,NA,NA
"sau","Saudi Arabia","1993",35.22,69.01,NA,NA,NA
"sau","Saudi Arabia","1994",32.76,69.22,NA,NA,NA
"sau","Saudi Arabia","1995",30.5,69.4,NA,NA,NA
"sau","Saudi Arabia","1996",28.45,69.62,NA,NA,NA
"sau","Saudi Arabia","1997",26.59,69.76,NA,NA,NA
"sau","Saudi Arabia","1998",24.92,70.01,NA,NA,NA
"sau","Saudi Arabia","1999",23.41,70.19,NA,NA,NA
"sau","Saudi Arabia","2000",22.02,70.37,NA,NA,NA
"sau","Saudi Arabia","2001",20.74,70.57,NA,NA,NA
"sau","Saudi Arabia","2002",19.56,70.74,NA,NA,NA
"sau","Saudi Arabia","2003",18.47,70.87,NA,NA,NA
"sau","Saudi Arabia","2004",17.44,71.07,NA,NA,NA
"sau","Saudi Arabia","2005",16.46,71.16,NA,NA,NA
"sau","Saudi Arabia","2006",15.54,71.21,NA,NA,NA
"sau","Saudi Arabia","2007",14.66,71.29,NA,NA,NA
"sau","Saudi Arabia","2008",13.82,71.4,NA,NA,NA
"sau","Saudi Arabia","2009",13.01,71.62,NA,NA,NA
"sau","Saudi Arabia","2010",12.25,71.84,NA,NA,NA
"sau","Saudi Arabia","2011",11.53,72.2,NA,NA,NA
"sau","Saudi Arabia","2012",10.85,72.56,NA,NA,NA
"sau","Saudi Arabia","2013",10.22,72.88,NA,NA,NA
"sau","Saudi Arabia","2014",9.64,73.17,NA,NA,NA
"sau","Saudi Arabia","2015",9.1,73.25,NA,NA,NA
"sau","Saudi Arabia","2016",8.57,73.71,NA,NA,NA
"sau","Saudi Arabia","2017",8.09,74.02,NA,NA,NA
"sau","Saudi Arabia","2018",7.68,74.28,NA,NA,NA
"sau","Saudi Arabia","2019",7.31,74.52,NA,NA,NA
"sau","Saudi Arabia","2020",6.91,73.5,NA,NA,NA
"sau","Saudi Arabia","2021",6.67,74.17,NA,NA,NA
"sau","Saudi Arabia","2022",6.46,75.1,NA,NA,NA
"sau","Saudi Arabia","2023",6.21,75.29,NA,NA,NA
"sau","Saudi Arabia","2024",5.96,75.47,NA,NA,NA
"sau","Saudi Arabia","2025",5.77,75.66,NA,NA,NA
"sdn","Sudan","1915",412.78,32.72,NA,NA,NA
"sdn","Sudan","1916",411.78,32.74,NA,NA,NA
"sdn","Sudan","1917",410.78,32.76,NA,NA,NA
"sdn","Sudan","1918",409.78,12.67,NA,NA,NA
"sdn","Sudan","1919",408.79,32.8,NA,NA,NA
"sdn","Sudan","1920",407.79,32.82,NA,NA,NA
"sdn","Sudan","1921",406.79,32.84,NA,NA,NA
"sdn","Sudan","1922",405.79,32.86,NA,NA,NA
"sdn","Sudan","1923",404.79,32.88,NA,NA,NA
"sdn","Sudan","1924",403.8,32.9,NA,NA,NA
"sdn","Sudan","1925",402.8,32.92,NA,NA,NA
"sdn","Sudan","1926",401.8,32.94,NA,NA,NA
"sdn","Sudan","1927",400.8,32.96,NA,NA,NA
"sdn","Sudan","1928",399.8,32.98,NA,NA,NA
"sdn","Sudan","1929",398.81,33,NA,NA,NA
"sdn","Sudan","1930",397.81,33.02,NA,NA,NA
"sdn","Sudan","1931",394.45,33.04,NA,NA,NA
"sdn","Sudan","1932",391.09,33.06,NA,NA,NA
"sdn","Sudan","1933",387.75,33.08,NA,NA,NA
"sdn","Sudan","1934",384.44,33.1,NA,NA,NA
"sdn","Sudan","1935",381.12,33.12,NA,NA,NA
"sdn","Sudan","1936",377.82,33.15,NA,NA,NA
"sdn","Sudan","1937",374.52,33.17,NA,NA,NA
"sdn","Sudan","1938",371.25,33.19,NA,NA,NA
"sdn","Sudan","1939",367.98,33.21,NA,NA,NA
"sdn","Sudan","1940",364.73,33.23,NA,NA,NA
"sdn","Sudan","1941",348.34,34.59,NA,NA,NA
"sdn","Sudan","1942",332.52,35.96,NA,NA,NA
"sdn","Sudan","1943",317.25,37.32,NA,NA,NA
"sdn","Sudan","1944",298.86,38.7,NA,NA,NA
"sdn","Sudan","1945",281.52,40.07,NA,NA,NA
"sdn","Sudan","1946",265.17,41.44,NA,NA,NA
"sdn","Sudan","1947",249.76,42.8,NA,NA,NA
"sdn","Sudan","1948",235.24,44.18,NA,NA,NA
"sdn","Sudan","1949",221.55,45.56,NA,NA,NA
"sdn","Sudan","1950",208.65,46.94,NA,NA,NA
"sdn","Sudan","1951",206.61,47.09,NA,NA,NA
"sdn","Sudan","1952",202.31,47.3,NA,NA,NA
"sdn","Sudan","1953",198.54,47.54,NA,NA,NA
"sdn","Sudan","1954",195.21,47.74,NA,NA,NA
"sdn","Sudan","1955",191.84,47.92,NA,NA,NA
"sdn","Sudan","1956",188.66,48.26,NA,NA,NA
"sdn","Sudan","1957",185.59,48.64,NA,NA,NA
"sdn","Sudan","1958",182.65,48.96,NA,NA,NA
"sdn","Sudan","1959",179.61,49.41,NA,NA,NA
"sdn","Sudan","1960",176.71,49.76,NA,NA,NA
"sdn","Sudan","1961",174,49.97,NA,NA,NA
"sdn","Sudan","1962",171.2,50.27,NA,NA,NA
"sdn","Sudan","1963",168.68,50.1,NA,NA,NA
"sdn","Sudan","1964",166.35,50.32,NA,NA,NA
"sdn","Sudan","1965",164.2,50.53,NA,NA,NA
"sdn","Sudan","1966",162.29,50.74,NA,NA,NA
"sdn","Sudan","1967",160.57,50.91,NA,NA,NA
"sdn","Sudan","1968",159.09,51.1,NA,NA,NA
"sdn","Sudan","1969",157.96,51.35,NA,NA,NA
"sdn","Sudan","1970",156.9,51.6,NA,NA,NA
"sdn","Sudan","1971",155.96,51.85,NA,NA,NA
"sdn","Sudan","1972",155.12,52.04,NA,NA,NA
"sdn","Sudan","1973",154.25,52.41,NA,NA,NA
"sdn","Sudan","1974",153.34,52.57,NA,NA,NA
"sdn","Sudan","1975",152.36,52.8,NA,NA,NA
"sdn","Sudan","1976",151.28,53.2,NA,NA,NA
"sdn","Sudan","1977",150.18,53.78,NA,NA,NA
"sdn","Sudan","1978",149.03,54.14,NA,NA,NA
"sdn","Sudan","1979",147.86,54.47,NA,NA,NA
"sdn","Sudan","1980",146.72,54.8,NA,NA,NA
"sdn","Sudan","1981",145.65,55.28,NA,NA,NA
"sdn","Sudan","1982",144.56,55.76,NA,NA,NA
"sdn","Sudan","1983",187.76,52.29,NA,NA,NA
"sdn","Sudan","1984",185.37,51.78,NA,NA,NA
"sdn","Sudan","1985",182.94,52.17,NA,NA,NA
"sdn","Sudan","1986",139.39,57.09,NA,NA,NA
"sdn","Sudan","1987",137.67,57.42,NA,NA,NA
"sdn","Sudan","1988",135.78,57.93,NA,NA,NA
"sdn","Sudan","1989",133.82,57.89,NA,NA,NA
"sdn","Sudan","1990",131.69,58.66,NA,NA,NA
"sdn","Sudan","1991",129.44,59.27,NA,NA,NA
"sdn","Sudan","1992",127.08,59.75,NA,NA,NA
"sdn","Sudan","1993",124.69,59.99,NA,NA,NA
"sdn","Sudan","1994",122.2,60.92,NA,NA,NA
"sdn","Sudan","1995",119.61,61.29,NA,NA,NA
"sdn","Sudan","1996",116.89,61.52,NA,NA,NA
"sdn","Sudan","1997",113.96,61.77,NA,NA,NA
"sdn","Sudan","1998",110.92,62,NA,NA,NA
"sdn","Sudan","1999",107.65,62.87,NA,NA,NA
"sdn","Sudan","2000",104.28,63.26,NA,NA,NA
"sdn","Sudan","2001",100.88,63.72,NA,NA,NA
"sdn","Sudan","2002",97.42,63.87,NA,NA,NA
"sdn","Sudan","2003",94.16,64.13,NA,NA,NA
"sdn","Sudan","2004",91.02,64.16,NA,NA,NA
"sdn","Sudan","2005",88.1,65.48,NA,NA,NA
"sdn","Sudan","2006",85.33,65.84,NA,NA,NA
"sdn","Sudan","2007",82.66,66.32,NA,NA,NA
"sdn","Sudan","2008",80.17,66.78,NA,NA,NA
"sdn","Sudan","2009",77.86,66.97,NA,NA,NA
"sdn","Sudan","2010",75.68,67.44,NA,NA,NA
"sdn","Sudan","2011",73.67,67.56,NA,NA,NA
"sdn","Sudan","2012",71.69,68.11,NA,NA,NA
"sdn","Sudan","2013",69.79,68.33,NA,NA,NA
"sdn","Sudan","2014",67.88,68.72,NA,NA,NA
"sdn","Sudan","2015",65.9,69.03,NA,NA,NA
"sdn","Sudan","2016",63.92,69.39,NA,NA,NA
"sdn","Sudan","2017",61.97,69.79,NA,NA,NA
"sdn","Sudan","2018",60.15,70.12,NA,NA,NA
"sdn","Sudan","2019",58.42,70.49,NA,NA,NA
"sdn","Sudan","2020",56.59,70.21,NA,NA,NA
"sdn","Sudan","2021",54.66,69.84,NA,NA,NA
"sdn","Sudan","2022",52.83,70.17,NA,NA,NA
"sdn","Sudan","2023",52.15,70.73,NA,NA,NA
"sdn","Sudan","2024",52.76,71.08,NA,NA,NA
"sdn","Sudan","2025",54.48,71.21,NA,NA,NA
"sen","Senegal","1915",497.37,30.21,NA,NA,NA
"sen","Senegal","1916",496.17,30.28,NA,NA,NA
"sen","Senegal","1917",494.97,30.36,NA,NA,NA
"sen","Senegal","1918",493.77,14.37,NA,NA,NA
"sen","Senegal","1919",492.56,30.51,NA,NA,NA
"sen","Senegal","1920",491.36,30.59,NA,NA,NA
"sen","Senegal","1921",490.16,30.67,NA,NA,NA
"sen","Senegal","1922",488.96,30.75,NA,NA,NA
"sen","Senegal","1923",492.1,30.5,NA,NA,NA
"sen","Senegal","1924",493.82,30.26,NA,NA,NA
"sen","Senegal","1925",496.99,30.02,NA,NA,NA
"sen","Senegal","1926",498.68,29.77,NA,NA,NA
"sen","Senegal","1927",501.86,29.52,NA,NA,NA
"sen","Senegal","1928",496.21,29.91,NA,NA,NA
"sen","Senegal","1929",492.07,30.29,NA,NA,NA
"sen","Senegal","1930",486.5,30.68,NA,NA,NA
"sen","Senegal","1931",481.9,31.06,NA,NA,NA
"sen","Senegal","1932",475.96,31.45,NA,NA,NA
"sen","Senegal","1933",471.48,31.84,NA,NA,NA
"sen","Senegal","1934",465.64,32.24,NA,NA,NA
"sen","Senegal","1935",461.21,32.63,NA,NA,NA
"sen","Senegal","1936",455.5,33.02,NA,NA,NA
"sen","Senegal","1937",451.2,33.42,NA,NA,NA
"sen","Senegal","1938",445.58,33.88,NA,NA,NA
"sen","Senegal","1939",440,34.34,NA,NA,NA
"sen","Senegal","1940",434.54,34.81,NA,NA,NA
"sen","Senegal","1941",423.83,35.29,NA,NA,NA
"sen","Senegal","1942",413.38,35.77,NA,NA,NA
"sen","Senegal","1943",403.19,36.27,NA,NA,NA
"sen","Senegal","1944",393.25,36.75,NA,NA,NA
"sen","Senegal","1945",383.55,37.24,NA,NA,NA
"sen","Senegal","1946",374.09,38.82,NA,NA,NA
"sen","Senegal","1947",364.87,40.4,NA,NA,NA
"sen","Senegal","1948",355.87,42,NA,NA,NA
"sen","Senegal","1949",347.1,43.61,NA,NA,NA
"sen","Senegal","1950",338.54,45.21,NA,NA,NA
"sen","Senegal","1951",332.71,45.39,NA,NA,NA
"sen","Senegal","1952",326.84,45.66,NA,NA,NA
"sen","Senegal","1953",321.11,46.15,NA,NA,NA
"sen","Senegal","1954",315.51,45.96,NA,NA,NA
"sen","Senegal","1955",310.31,46.04,NA,NA,NA
"sen","Senegal","1956",305.48,46.26,NA,NA,NA
"sen","Senegal","1957",301.78,46.58,NA,NA,NA
"sen","Senegal","1958",298.99,46.74,NA,NA,NA
"sen","Senegal","1959",297.07,46.81,NA,NA,NA
"sen","Senegal","1960",296.31,46.91,NA,NA,NA
"sen","Senegal","1961",296.23,46.97,NA,NA,NA
"sen","Senegal","1962",296.5,47.01,NA,NA,NA
"sen","Senegal","1963",297.27,46.86,NA,NA,NA
"sen","Senegal","1964",298.04,46.93,NA,NA,NA
"sen","Senegal","1965",298.2,47.1,NA,NA,NA
"sen","Senegal","1966",297.82,47.25,NA,NA,NA
"sen","Senegal","1967",296.81,47.32,NA,NA,NA
"sen","Senegal","1968",295.09,47.45,NA,NA,NA
"sen","Senegal","1969",292.69,47.6,NA,NA,NA
"sen","Senegal","1970",289.03,47.87,NA,NA,NA
"sen","Senegal","1971",283.97,48.14,NA,NA,NA
"sen","Senegal","1972",277.84,48.54,NA,NA,NA
"sen","Senegal","1973",270.68,48.97,NA,NA,NA
"sen","Senegal","1974",262.53,49.41,NA,NA,NA
"sen","Senegal","1975",253.14,49.91,NA,NA,NA
"sen","Senegal","1976",242.85,50.52,NA,NA,NA
"sen","Senegal","1977",232.21,51.22,NA,NA,NA
"sen","Senegal","1978",221.98,51.81,NA,NA,NA
"sen","Senegal","1979",212.66,52.4,NA,NA,NA
"sen","Senegal","1980",204.67,52.92,NA,NA,NA
"sen","Senegal","1981",198.07,53.43,NA,NA,NA
"sen","Senegal","1982",192,54.11,NA,NA,NA
"sen","Senegal","1983",186,54.97,NA,NA,NA
"sen","Senegal","1984",179.38,55.66,NA,NA,NA
"sen","Senegal","1985",171.77,56.22,NA,NA,NA
"sen","Senegal","1986",163.27,56.79,NA,NA,NA
"sen","Senegal","1987",154.97,57.32,NA,NA,NA
"sen","Senegal","1988",147.78,57.88,NA,NA,NA
"sen","Senegal","1989",142.14,58.27,NA,NA,NA
"sen","Senegal","1990",138.31,58.61,NA,NA,NA
"sen","Senegal","1991",136.42,58.93,NA,NA,NA
"sen","Senegal","1992",135.91,59.01,NA,NA,NA
"sen","Senegal","1993",136.39,59.09,NA,NA,NA
"sen","Senegal","1994",137.4,59.18,NA,NA,NA
"sen","Senegal","1995",138.39,59.17,NA,NA,NA
"sen","Senegal","1996",139.03,59.46,NA,NA,NA
"sen","Senegal","1997",138.84,59.57,NA,NA,NA
"sen","Senegal","1998",137.47,59.73,NA,NA,NA
"sen","Senegal","1999",134.5,60.07,NA,NA,NA
"sen","Senegal","2000",129.55,60.63,NA,NA,NA
"sen","Senegal","2001",122.88,61.11,NA,NA,NA
"sen","Senegal","2002",115.1,61.36,NA,NA,NA
"sen","Senegal","2003",107.01,62.2,NA,NA,NA
"sen","Senegal","2004",99.12,62.7,NA,NA,NA
"sen","Senegal","2005",91.77,63.19,NA,NA,NA
"sen","Senegal","2006",85.18,63.71,NA,NA,NA
"sen","Senegal","2007",79.36,64.39,NA,NA,NA
"sen","Senegal","2008",74.28,64.99,NA,NA,NA
"sen","Senegal","2009",69.8,65.39,NA,NA,NA
"sen","Senegal","2010",65.73,65.67,NA,NA,NA
"sen","Senegal","2011",62.07,65.95,NA,NA,NA
"sen","Senegal","2012",58.65,66.21,NA,NA,NA
"sen","Senegal","2013",55.4,66.48,NA,NA,NA
"sen","Senegal","2014",52.32,66.76,NA,NA,NA
"sen","Senegal","2015",49.36,66.98,NA,NA,NA
"sen","Senegal","2016",46.5,67.27,NA,NA,NA
"sen","Senegal","2017",43.95,67.53,NA,NA,NA
"sen","Senegal","2018",41.73,68.05,NA,NA,NA
"sen","Senegal","2019",39.73,68.47,NA,NA,NA
"sen","Senegal","2020",38.03,67.95,NA,NA,NA
"sen","Senegal","2021",36.64,67.03,NA,NA,NA
"sen","Senegal","2022",31.82,67.86,NA,NA,NA
"sen","Senegal","2023",27.8,69.25,NA,NA,NA
"sen","Senegal","2024",26.73,70.11,NA,NA,NA
"sen","Senegal","2025",28.3,70.43,NA,NA,NA
"sgp","Singapore","1915",380.7,33.57,NA,NA,NA
"sgp","Singapore","1916",379.78,33.56,NA,NA,NA
"sgp","Singapore","1917",378.86,33.55,NA,NA,NA
"sgp","Singapore","1918",377.94,21.5,NA,NA,NA
"sgp","Singapore","1919",377.02,33.54,NA,NA,NA
"sgp","Singapore","1920",376.1,33.53,NA,NA,NA
"sgp","Singapore","1921",373.19,34.33,NA,NA,NA
"sgp","Singapore","1922",370.3,35.13,NA,NA,NA
"sgp","Singapore","1923",367.43,35.92,NA,NA,NA
"sgp","Singapore","1924",364.58,36.71,NA,NA,NA
"sgp","Singapore","1925",361.76,37.5,NA,NA,NA
"sgp","Singapore","1926",358.96,38.3,NA,NA,NA
"sgp","Singapore","1927",356.18,39.09,NA,NA,NA
"sgp","Singapore","1928",353.42,39.88,NA,NA,NA
"sgp","Singapore","1929",350.69,40.68,NA,NA,NA
"sgp","Singapore","1930",347.97,41.47,NA,NA,NA
"sgp","Singapore","1931",321.99,42.26,NA,NA,NA
"sgp","Singapore","1932",287.67,43.06,NA,NA,NA
"sgp","Singapore","1933",273.18,43.85,NA,NA,NA
"sgp","Singapore","1934",274.71,44.63,NA,NA,NA
"sgp","Singapore","1935",258.46,45.42,NA,NA,NA
"sgp","Singapore","1936",279.42,46.22,NA,NA,NA
"sgp","Singapore","1937",251.47,47.01,NA,NA,NA
"sgp","Singapore","1938",258.46,47.79,NA,NA,NA
"sgp","Singapore","1939",207.23,48.59,NA,NA,NA
"sgp","Singapore","1940",229.61,49.38,NA,NA,NA
"sgp","Singapore","1941",255.27,48.11,NA,NA,NA
"sgp","Singapore","1942",283.79,34.42,NA,NA,NA
"sgp","Singapore","1943",315.5,36.06,NA,NA,NA
"sgp","Singapore","1944",462.84,35.35,NA,NA,NA
"sgp","Singapore","1945",351.19,34.14,NA,NA,NA
"sgp","Singapore","1946",131.19,43.04,NA,NA,NA
"sgp","Singapore","1947",125.89,51.84,NA,NA,NA
"sgp","Singapore","1948",115.43,54.75,NA,NA,NA
"sgp","Singapore","1949",100.18,56.08,NA,NA,NA
"sgp","Singapore","1950",117.16,57.02,NA,NA,NA
"sgp","Singapore","1951",111.19,57.58,NA,NA,NA
"sgp","Singapore","1952",106.04,58.43,NA,NA,NA
"sgp","Singapore","1953",96.9,59.9,NA,NA,NA
"sgp","Singapore","1954",86.86,61.52,NA,NA,NA
"sgp","Singapore","1955",74.76,62.61,NA,NA,NA
"sgp","Singapore","1956",66.19,63.6,NA,NA,NA
"sgp","Singapore","1957",60.87,63.74,NA,NA,NA
"sgp","Singapore","1958",56.75,64.27,NA,NA,NA
"sgp","Singapore","1959",52.35,64.98,NA,NA,NA
"sgp","Singapore","1960",47.74,65.55,NA,NA,NA
"sgp","Singapore","1961",43.65,66.06,NA,NA,NA
"sgp","Singapore","1962",40.4,66.45,NA,NA,NA
"sgp","Singapore","1963",37.99,66.91,NA,NA,NA
"sgp","Singapore","1964",36.34,67.09,NA,NA,NA
"sgp","Singapore","1965",35.07,67.4,NA,NA,NA
"sgp","Singapore","1966",33.63,67.59,NA,NA,NA
"sgp","Singapore","1967",31.83,67.88,NA,NA,NA
"sgp","Singapore","1968",30.01,68.1,NA,NA,NA
"sgp","Singapore","1969",28.43,68.86,NA,NA,NA
"sgp","Singapore","1970",27.05,69.01,NA,NA,NA
"sgp","Singapore","1971",25.68,69.07,NA,NA,NA
"sgp","Singapore","1972",24.13,69.26,NA,NA,NA
"sgp","Singapore","1973",22.11,69.44,NA,NA,NA
"sgp","Singapore","1974",19.58,70.02,NA,NA,NA
"sgp","Singapore","1975",17.21,70.52,NA,NA,NA
"sgp","Singapore","1976",15.71,70.91,NA,NA,NA
"sgp","Singapore","1977",15.2,71.01,NA,NA,NA
"sgp","Singapore","1978",15.17,71.27,NA,NA,NA
"sgp","Singapore","1979",15.11,71.43,NA,NA,NA
"sgp","Singapore","1980",14.8,71.72,NA,NA,NA
"sgp","Singapore","1981",14.15,71.9,NA,NA,NA
"sgp","Singapore","1982",13.2,72.32,NA,NA,NA
"sgp","Singapore","1983",12.25,72.55,NA,NA,NA
"sgp","Singapore","1984",11.46,72.9,NA,NA,NA
"sgp","Singapore","1985",10.85,73.45,NA,NA,NA
"sgp","Singapore","1986",10.32,74.11,NA,NA,NA
"sgp","Singapore","1987",9.77,74.45,NA,NA,NA
"sgp","Singapore","1988",9.17,74.74,NA,NA,NA
"sgp","Singapore","1989",8.44,75.23,NA,NA,NA
"sgp","Singapore","1990",7.67,75.61,NA,NA,NA
"sgp","Singapore","1991",6.92,76.1,NA,NA,NA
"sgp","Singapore","1992",6.27,76.52,NA,NA,NA
"sgp","Singapore","1993",5.73,76.83,NA,NA,NA
"sgp","Singapore","1994",5.32,76.96,NA,NA,NA
"sgp","Singapore","1995",5.02,77.13,NA,NA,NA
"sgp","Singapore","1996",4.8,77.43,NA,NA,NA
"sgp","Singapore","1997",4.61,77.88,NA,NA,NA
"sgp","Singapore","1998",4.41,78.28,NA,NA,NA
"sgp","Singapore","1999",4.15,78.85,NA,NA,NA
"sgp","Singapore","2000",3.87,79.39,NA,NA,NA
"sgp","Singapore","2001",3.6,79.84,NA,NA,NA
"sgp","Singapore","2002",3.37,80.11,NA,NA,NA
"sgp","Singapore","2003",3.18,80.37,NA,NA,NA
"sgp","Singapore","2004",3.03,80.66,NA,NA,NA
"sgp","Singapore","2005",2.94,81.31,NA,NA,NA
"sgp","Singapore","2006",2.88,81.58,NA,NA,NA
"sgp","Singapore","2007",2.85,81.79,NA,NA,NA
"sgp","Singapore","2008",2.84,82.07,NA,NA,NA
"sgp","Singapore","2009",2.84,82.48,NA,NA,NA
"sgp","Singapore","2010",2.83,82.76,NA,NA,NA
"sgp","Singapore","2011",2.81,83.1,NA,NA,NA
"sgp","Singapore","2012",2.78,83.26,NA,NA,NA
"sgp","Singapore","2013",2.75,83.54,NA,NA,NA
"sgp","Singapore","2014",2.74,83.84,NA,NA,NA
"sgp","Singapore","2015",2.74,84.14,NA,NA,NA
"sgp","Singapore","2016",2.71,84.41,NA,NA,NA
"sgp","Singapore","2017",2.65,84.66,NA,NA,NA
"sgp","Singapore","2018",2.54,84.71,NA,NA,NA
"sgp","Singapore","2019",2.4,84.85,NA,NA,NA
"sgp","Singapore","2020",2.23,83.94,NA,NA,NA
"sgp","Singapore","2021",2.05,83.84,NA,NA,NA
"sgp","Singapore","2022",2.19,85.23,NA,NA,NA
"sgp","Singapore","2023",2.14,85.37,NA,NA,NA
"sgp","Singapore","2024",2.1,85.5,NA,NA,NA
"sgp","Singapore","2025",2.05,85.63,NA,NA,NA
"slb","Solomon Islands","1915",490.06,24.01,NA,NA,NA
"slb","Solomon Islands","1916",488.88,23.99,NA,NA,NA
"slb","Solomon Islands","1917",487.69,23.98,NA,NA,NA
"slb","Solomon Islands","1918",486.51,23.39,NA,NA,NA
"slb","Solomon Islands","1919",485.32,23.94,NA,NA,NA
"slb","Solomon Islands","1920",484.14,23.93,NA,NA,NA
"slb","Solomon Islands","1921",482.95,23.91,NA,NA,NA
"slb","Solomon Islands","1922",481.77,23.89,NA,NA,NA
"slb","Solomon Islands","1923",480.58,23.87,NA,NA,NA
"slb","Solomon Islands","1924",479.4,23.86,NA,NA,NA
"slb","Solomon Islands","1925",478.21,23.84,NA,NA,NA
"slb","Solomon Islands","1926",477.03,23.82,NA,NA,NA
"slb","Solomon Islands","1927",475.84,23.81,NA,NA,NA
"slb","Solomon Islands","1928",474.66,23.79,NA,NA,NA
"slb","Solomon Islands","1929",473.47,23.77,NA,NA,NA
"slb","Solomon Islands","1930",472.29,23.76,NA,NA,NA
"slb","Solomon Islands","1931",471.1,23.74,NA,NA,NA
"slb","Solomon Islands","1932",469.92,23.72,NA,NA,NA
"slb","Solomon Islands","1933",468.73,23.71,NA,NA,NA
"slb","Solomon Islands","1934",467.55,23.69,NA,NA,NA
"slb","Solomon Islands","1935",466.37,24.81,NA,NA,NA
"slb","Solomon Islands","1936",465.18,25.93,NA,NA,NA
"slb","Solomon Islands","1937",464,27.04,NA,NA,NA
"slb","Solomon Islands","1938",462.81,28.16,NA,NA,NA
"slb","Solomon Islands","1939",461.63,29.27,NA,NA,NA
"slb","Solomon Islands","1940",460.44,30.38,NA,NA,NA
"slb","Solomon Islands","1941",459.26,31.56,NA,NA,NA
"slb","Solomon Islands","1942",458.07,26.41,NA,NA,NA
"slb","Solomon Islands","1943",456.89,24.58,NA,NA,NA
"slb","Solomon Islands","1944",455.7,29.31,NA,NA,NA
"slb","Solomon Islands","1945",414.31,33.09,NA,NA,NA
"slb","Solomon Islands","1946",375.99,35.94,NA,NA,NA
"slb","Solomon Islands","1947",340.31,37.85,NA,NA,NA
"slb","Solomon Islands","1948",305.94,39.67,NA,NA,NA
"slb","Solomon Islands","1949",274.67,40.83,NA,NA,NA
"slb","Solomon Islands","1950",245.26,42.06,NA,NA,NA
"slb","Solomon Islands","1951",239.87,42.29,NA,NA,NA
"slb","Solomon Islands","1952",234.6,42.53,NA,NA,NA
"slb","Solomon Islands","1953",229.45,42.9,NA,NA,NA
"slb","Solomon Islands","1954",224.41,43.27,NA,NA,NA
"slb","Solomon Islands","1955",219.47,43.61,NA,NA,NA
"slb","Solomon Islands","1956",212.61,42.11,NA,NA,NA
"slb","Solomon Islands","1957",204.1,44.46,NA,NA,NA
"slb","Solomon Islands","1958",194.25,44.82,NA,NA,NA
"slb","Solomon Islands","1959",182.94,45.29,NA,NA,NA
"slb","Solomon Islands","1960",170.72,45.82,NA,NA,NA
"slb","Solomon Islands","1961",163.02,46.31,NA,NA,NA
"slb","Solomon Islands","1962",155.6,46.82,NA,NA,NA
"slb","Solomon Islands","1963",148.15,47.33,NA,NA,NA
"slb","Solomon Islands","1964",141.21,47.8,NA,NA,NA
"slb","Solomon Islands","1965",134.34,48.29,NA,NA,NA
"slb","Solomon Islands","1966",127.39,48.76,NA,NA,NA
"slb","Solomon Islands","1967",120.31,49.06,NA,NA,NA
"slb","Solomon Islands","1968",113.19,49.58,NA,NA,NA
"slb","Solomon Islands","1969",105.93,50.01,NA,NA,NA
"slb","Solomon Islands","1970",98.8,50.4,NA,NA,NA
"slb","Solomon Islands","1971",92.05,50.8,NA,NA,NA
"slb","Solomon Islands","1972",85.67,51.2,NA,NA,NA
"slb","Solomon Islands","1973",79.82,51.5,NA,NA,NA
"slb","Solomon Islands","1974",74.46,51.92,NA,NA,NA
"slb","Solomon Islands","1975",77.57,50.65,NA,NA,NA
"slb","Solomon Islands","1976",65.12,52.63,NA,NA,NA
"slb","Solomon Islands","1977",61.12,52.78,NA,NA,NA
"slb","Solomon Islands","1978",57.68,53.47,NA,NA,NA
"slb","Solomon Islands","1979",54.77,53.96,NA,NA,NA
"slb","Solomon Islands","1980",52.28,54.37,NA,NA,NA
"slb","Solomon Islands","1981",50.06,54.71,NA,NA,NA
"slb","Solomon Islands","1982",48.13,54.93,NA,NA,NA
"slb","Solomon Islands","1983",46.4,55.14,NA,NA,NA
"slb","Solomon Islands","1984",44.86,55.31,NA,NA,NA
"slb","Solomon Islands","1985",43.5,55.39,NA,NA,NA
"slb","Solomon Islands","1986",42.23,54.88,NA,NA,NA
"slb","Solomon Islands","1987",41.1,55.57,NA,NA,NA
"slb","Solomon Islands","1988",40.06,55.64,NA,NA,NA
"slb","Solomon Islands","1989",39.09,55.73,NA,NA,NA
"slb","Solomon Islands","1990",38.13,55.83,NA,NA,NA
"slb","Solomon Islands","1991",37.15,55.75,NA,NA,NA
"slb","Solomon Islands","1992",36.18,56.08,NA,NA,NA
"slb","Solomon Islands","1993",35.2,56.22,NA,NA,NA
"slb","Solomon Islands","1994",34.31,56.41,NA,NA,NA
"slb","Solomon Islands","1995",33.5,56.59,NA,NA,NA
"slb","Solomon Islands","1996",32.8,56.73,NA,NA,NA
"slb","Solomon Islands","1997",32.2,56.83,NA,NA,NA
"slb","Solomon Islands","1998",31.67,56.92,NA,NA,NA
"slb","Solomon Islands","1999",31.17,56.99,NA,NA,NA
"slb","Solomon Islands","2000",30.74,56.98,NA,NA,NA
"slb","Solomon Islands","2001",30.37,56.94,NA,NA,NA
"slb","Solomon Islands","2002",30.09,56.88,NA,NA,NA
"slb","Solomon Islands","2003",29.83,56.85,NA,NA,NA
"slb","Solomon Islands","2004",29.57,56.81,NA,NA,NA
"slb","Solomon Islands","2005",29.25,56.82,NA,NA,NA
"slb","Solomon Islands","2006",28.87,56.87,NA,NA,NA
"slb","Solomon Islands","2007",28.37,56.78,NA,NA,NA
"slb","Solomon Islands","2008",27.76,57.09,NA,NA,NA
"slb","Solomon Islands","2009",27.08,57.15,NA,NA,NA
"slb","Solomon Islands","2010",26.38,57.39,NA,NA,NA
"slb","Solomon Islands","2011",25.64,57.64,NA,NA,NA
"slb","Solomon Islands","2012",24.89,57.87,NA,NA,NA
"slb","Solomon Islands","2013",24.17,58.03,NA,NA,NA
"slb","Solomon Islands","2014",23.45,58.13,NA,NA,NA
"slb","Solomon Islands","2015",22.74,58.44,NA,NA,NA
"slb","Solomon Islands","2016",22.03,58.65,NA,NA,NA
"slb","Solomon Islands","2017",21.36,58.84,NA,NA,NA
"slb","Solomon Islands","2018",20.71,59.02,NA,NA,NA
"slb","Solomon Islands","2019",20.05,59.2,NA,NA,NA
"slb","Solomon Islands","2020",19.84,59.05,NA,NA,NA
"slb","Solomon Islands","2021",18.73,59.17,NA,NA,NA
"slb","Solomon Islands","2022",18.53,59.5,NA,NA,NA
"slb","Solomon Islands","2023",18.12,59.6,NA,NA,NA
"slb","Solomon Islands","2024",17.74,59.71,NA,NA,NA
"slb","Solomon Islands","2025",17.36,59.8,NA,NA,NA
"sle","Sierra Leone","1915",498.84,29.67,NA,NA,NA
"sle","Sierra Leone","1916",497.63,29.74,NA,NA,NA
"sle","Sierra Leone","1917",496.43,29.81,NA,NA,NA
"sle","Sierra Leone","1918",495.22,14.12,NA,NA,NA
"sle","Sierra Leone","1919",494.01,29.95,NA,NA,NA
"sle","Sierra Leone","1920",492.81,30.02,NA,NA,NA
"sle","Sierra Leone","1921",491.6,30.09,NA,NA,NA
"sle","Sierra Leone","1922",490.4,30.16,NA,NA,NA
"sle","Sierra Leone","1923",489.19,30.23,NA,NA,NA
"sle","Sierra Leone","1924",487.98,30.3,NA,NA,NA
"sle","Sierra Leone","1925",486.78,30.37,NA,NA,NA
"sle","Sierra Leone","1926",485.57,30.44,NA,NA,NA
"sle","Sierra Leone","1927",485.79,30.37,NA,NA,NA
"sle","Sierra Leone","1928",486.03,30.29,NA,NA,NA
"sle","Sierra Leone","1929",487.72,30.22,NA,NA,NA
"sle","Sierra Leone","1930",487.94,30.14,NA,NA,NA
"sle","Sierra Leone","1931",490.49,30.06,NA,NA,NA
"sle","Sierra Leone","1932",491.58,30.18,NA,NA,NA
"sle","Sierra Leone","1933",491.19,30.31,NA,NA,NA
"sle","Sierra Leone","1934",492.26,30.43,NA,NA,NA
"sle","Sierra Leone","1935",491.85,30.54,NA,NA,NA
"sle","Sierra Leone","1936",492.88,30.66,NA,NA,NA
"sle","Sierra Leone","1937",492.43,30.79,NA,NA,NA
"sle","Sierra Leone","1938",493.44,30.91,NA,NA,NA
"sle","Sierra Leone","1939",494.43,31.03,NA,NA,NA
"sle","Sierra Leone","1940",493.94,31.17,NA,NA,NA
"sle","Sierra Leone","1941",494.91,31.65,NA,NA,NA
"sle","Sierra Leone","1942",494.38,32.12,NA,NA,NA
"sle","Sierra Leone","1943",495.33,32.61,NA,NA,NA
"sle","Sierra Leone","1944",494.81,33.1,NA,NA,NA
"sle","Sierra Leone","1945",495.73,33.59,NA,NA,NA
"sle","Sierra Leone","1946",486.44,34.86,NA,NA,NA
"sle","Sierra Leone","1947",478.73,36.16,NA,NA,NA
"sle","Sierra Leone","1948",477.74,37.43,NA,NA,NA
"sle","Sierra Leone","1949",476.74,38.74,NA,NA,NA
"sle","Sierra Leone","1950",475.73,40.03,NA,NA,NA
"sle","Sierra Leone","1951",471.83,40.31,NA,NA,NA
"sle","Sierra Leone","1952",464.05,40.57,NA,NA,NA
"sle","Sierra Leone","1953",456.42,40.84,NA,NA,NA
"sle","Sierra Leone","1954",449.62,41.12,NA,NA,NA
"sle","Sierra Leone","1955",442.92,41.37,NA,NA,NA
"sle","Sierra Leone","1956",437,41.63,NA,NA,NA
"sle","Sierra Leone","1957",407.43,41.87,NA,NA,NA
"sle","Sierra Leone","1958",401.53,42.12,NA,NA,NA
"sle","Sierra Leone","1959",460,42.42,NA,NA,NA
"sle","Sierra Leone","1960",389.95,42.7,NA,NA,NA
"sle","Sierra Leone","1961",374,42.96,NA,NA,NA
"sle","Sierra Leone","1962",310,43.23,NA,NA,NA
"sle","Sierra Leone","1963",372.59,43.5,NA,NA,NA
"sle","Sierra Leone","1964",283,43.83,NA,NA,NA
"sle","Sierra Leone","1965",361.1,44.17,NA,NA,NA
"sle","Sierra Leone","1966",272,44.52,NA,NA,NA
"sle","Sierra Leone","1967",349.24,44.76,NA,NA,NA
"sle","Sierra Leone","1968",343.47,45.04,NA,NA,NA
"sle","Sierra Leone","1969",338.1,45.37,NA,NA,NA
"sle","Sierra Leone","1970",332.65,45.74,NA,NA,NA
"sle","Sierra Leone","1971",327.49,46.13,NA,NA,NA
"sle","Sierra Leone","1972",322.52,46.46,NA,NA,NA
"sle","Sierra Leone","1973",317.58,46.78,NA,NA,NA
"sle","Sierra Leone","1974",312.56,47.1,NA,NA,NA
"sle","Sierra Leone","1975",307.96,47.36,NA,NA,NA
"sle","Sierra Leone","1976",303.4,47.67,NA,NA,NA
"sle","Sierra Leone","1977",298.88,47.93,NA,NA,NA
"sle","Sierra Leone","1978",294.8,48.13,NA,NA,NA
"sle","Sierra Leone","1979",290.94,48.26,NA,NA,NA
"sle","Sierra Leone","1980",287.24,48.35,NA,NA,NA
"sle","Sierra Leone","1981",283.72,48.49,NA,NA,NA
"sle","Sierra Leone","1982",280.43,48.72,NA,NA,NA
"sle","Sierra Leone","1983",277.13,48.94,NA,NA,NA
"sle","Sierra Leone","1984",274.19,49.2,NA,NA,NA
"sle","Sierra Leone","1985",271.35,49.33,NA,NA,NA
"sle","Sierra Leone","1986",268.62,49.46,NA,NA,NA
"sle","Sierra Leone","1987",266.09,50.01,NA,NA,NA
"sle","Sierra Leone","1988",263.78,50.37,NA,NA,NA
"sle","Sierra Leone","1989",261.54,50.72,NA,NA,NA
"sle","Sierra Leone","1990",259.56,51.09,NA,NA,NA
"sle","Sierra Leone","1991",257.66,50.71,NA,NA,NA
"sle","Sierra Leone","1992",255.61,51.3,NA,NA,NA
"sle","Sierra Leone","1993",253.28,51.62,NA,NA,NA
"sle","Sierra Leone","1994",250.62,50.84,NA,NA,NA
"sle","Sierra Leone","1995",247.46,50.6,NA,NA,NA
"sle","Sierra Leone","1996",243.82,51.76,NA,NA,NA
"sle","Sierra Leone","1997",239.64,51.55,NA,NA,NA
"sle","Sierra Leone","1998",235.02,49.78,NA,NA,NA
"sle","Sierra Leone","1999",230.04,50,NA,NA,NA
"sle","Sierra Leone","2000",224.85,51.63,NA,NA,NA
"sle","Sierra Leone","2001",219.43,52.2,NA,NA,NA
"sle","Sierra Leone","2002",213.9,52.36,NA,NA,NA
"sle","Sierra Leone","2003",208.09,52.62,NA,NA,NA
"sle","Sierra Leone","2004",201.95,52.92,NA,NA,NA
"sle","Sierra Leone","2005",195.54,53.28,NA,NA,NA
"sle","Sierra Leone","2006",188.89,53.69,NA,NA,NA
"sle","Sierra Leone","2007",181.99,54.1,NA,NA,NA
"sle","Sierra Leone","2008",174.94,54.7,NA,NA,NA
"sle","Sierra Leone","2009",167.75,55.25,NA,NA,NA
"sle","Sierra Leone","2010",160.63,55.99,NA,NA,NA
"sle","Sierra Leone","2011",153.77,56.65,NA,NA,NA
"sle","Sierra Leone","2012",147.25,57.35,NA,NA,NA
"sle","Sierra Leone","2013",141.22,58.22,NA,NA,NA
"sle","Sierra Leone","2014",139.21,57.14,NA,NA,NA
"sle","Sierra Leone","2015",140.19,58.67,NA,NA,NA
"sle","Sierra Leone","2016",125.44,60.02,NA,NA,NA
"sle","Sierra Leone","2017",120.73,60.22,NA,NA,NA
"sle","Sierra Leone","2018",116.23,61.2,NA,NA,NA
"sle","Sierra Leone","2019",111.89,61.78,NA,NA,NA
"sle","Sierra Leone","2020",107.78,61.27,NA,NA,NA
"sle","Sierra Leone","2021",103.87,61.58,NA,NA,NA
"sle","Sierra Leone","2022",100.95,61.94,NA,NA,NA
"sle","Sierra Leone","2023",102.4,62.33,NA,NA,NA
"sle","Sierra Leone","2024",103.36,62.8,NA,NA,NA
"sle","Sierra Leone","2025",101.61,63.01,NA,NA,NA
"slv","El Salvador","1915",448.06,29.74,NA,NA,NA
"slv","El Salvador","1916",446.98,29.75,NA,NA,NA
"slv","El Salvador","1917",445.9,29.77,NA,NA,NA
"slv","El Salvador","1918",444.81,26.33,NA,NA,NA
"slv","El Salvador","1919",443.73,29.8,NA,NA,NA
"slv","El Salvador","1920",442.65,29.82,NA,NA,NA
"slv","El Salvador","1921",441.56,29.83,NA,NA,NA
"slv","El Salvador","1922",440.48,29.85,NA,NA,NA
"slv","El Salvador","1923",439.4,29.86,NA,NA,NA
"slv","El Salvador","1924",438.31,29.88,NA,NA,NA
"slv","El Salvador","1925",437.23,29.9,NA,NA,NA
"slv","El Salvador","1926",436.15,29.91,NA,NA,NA
"slv","El Salvador","1927",435.06,29.93,NA,NA,NA
"slv","El Salvador","1928",433.98,29.94,NA,NA,NA
"slv","El Salvador","1929",432.9,29.96,NA,NA,NA
"slv","El Salvador","1930",431.81,29.98,NA,NA,NA
"slv","El Salvador","1931",413.6,30.75,NA,NA,NA
"slv","El Salvador","1932",394.73,31.53,NA,NA,NA
"slv","El Salvador","1933",377.67,32.3,NA,NA,NA
"slv","El Salvador","1934",361.17,33.08,NA,NA,NA
"slv","El Salvador","1935",345.18,33.87,NA,NA,NA
"slv","El Salvador","1936",328.66,34.65,NA,NA,NA
"slv","El Salvador","1937",313.72,35.43,NA,NA,NA
"slv","El Salvador","1938",299.26,36.21,NA,NA,NA
"slv","El Salvador","1939",284.35,36.99,NA,NA,NA
"slv","El Salvador","1940",270.82,37.78,NA,NA,NA
"slv","El Salvador","1941",257.77,38.61,NA,NA,NA
"slv","El Salvador","1942",245.14,39.43,NA,NA,NA
"slv","El Salvador","1943",232.15,40.25,NA,NA,NA
"slv","El Salvador","1944",220.37,41.07,NA,NA,NA
"slv","El Salvador","1945",209.01,41.9,NA,NA,NA
"slv","El Salvador","1946",196.47,42.72,NA,NA,NA
"slv","El Salvador","1947",184.54,43.56,NA,NA,NA
"slv","El Salvador","1948",173.19,44.38,NA,NA,NA
"slv","El Salvador","1949",162.4,45.21,NA,NA,NA
"slv","El Salvador","1950",152.14,46.04,NA,NA,NA
"slv","El Salvador","1951",164.38,45.58,NA,NA,NA
"slv","El Salvador","1952",182.25,46.4,NA,NA,NA
"slv","El Salvador","1953",158.3,47.5,NA,NA,NA
"slv","El Salvador","1954",165.65,48.04,NA,NA,NA
"slv","El Salvador","1955",155.52,48.83,NA,NA,NA
"slv","El Salvador","1956",129.12,49.95,NA,NA,NA
"slv","El Salvador","1957",162.46,50.32,NA,NA,NA
"slv","El Salvador","1958",193.05,50.84,NA,NA,NA
"slv","El Salvador","1959",188.84,52.06,NA,NA,NA
"slv","El Salvador","1960",184.87,53.46,NA,NA,NA
"slv","El Salvador","1961",181.16,53.87,NA,NA,NA
"slv","El Salvador","1962",177.39,54.38,NA,NA,NA
"slv","El Salvador","1963",173.78,55.32,NA,NA,NA
"slv","El Salvador","1964",170.17,55.9,NA,NA,NA
"slv","El Salvador","1965",166.73,56.44,NA,NA,NA
"slv","El Salvador","1966",163.26,57.07,NA,NA,NA
"slv","El Salvador","1967",159.95,58.31,NA,NA,NA
"slv","El Salvador","1968",156.66,58.04,NA,NA,NA
"slv","El Salvador","1969",153.31,57.25,NA,NA,NA
"slv","El Salvador","1970",149.98,57.81,NA,NA,NA
"slv","El Salvador","1971",146.66,60.22,NA,NA,NA
"slv","El Salvador","1972",143.04,59.99,NA,NA,NA
"slv","El Salvador","1973",139.27,61.37,NA,NA,NA
"slv","El Salvador","1974",135.29,61.64,NA,NA,NA
"slv","El Salvador","1975",130.99,62.42,NA,NA,NA
"slv","El Salvador","1976",126.27,63.57,NA,NA,NA
"slv","El Salvador","1977",121.44,63.65,NA,NA,NA
"slv","El Salvador","1978",116.32,64.65,NA,NA,NA
"slv","El Salvador","1979",111.11,64.05,NA,NA,NA
"slv","El Salvador","1980",125.19,63.81,NA,NA,NA
"slv","El Salvador","1981",100.42,58.05,NA,NA,NA
"slv","El Salvador","1982",95.11,62.03,NA,NA,NA
"slv","El Salvador","1983",89.9,60.59,NA,NA,NA
"slv","El Salvador","1984",84.78,63.09,NA,NA,NA
"slv","El Salvador","1985",79.9,65.59,NA,NA,NA
"slv","El Salvador","1986",75.31,66.26,NA,NA,NA
"slv","El Salvador","1987",71.05,67.48,NA,NA,NA
"slv","El Salvador","1988",67.13,68.7,NA,NA,NA
"slv","El Salvador","1989",63.46,67.66,NA,NA,NA
"slv","El Salvador","1990",60.04,69.8,NA,NA,NA
"slv","El Salvador","1991",56.76,70.14,NA,NA,NA
"slv","El Salvador","1992",53.69,70.82,NA,NA,NA
"slv","El Salvador","1993",50.68,70.87,NA,NA,NA
"slv","El Salvador","1994",47.79,70.92,NA,NA,NA
"slv","El Salvador","1995",44.97,71.59,NA,NA,NA
"slv","El Salvador","1996",42.27,72.18,NA,NA,NA
"slv","El Salvador","1997",39.72,72.1,NA,NA,NA
"slv","El Salvador","1998",37.34,71.38,NA,NA,NA
"slv","El Salvador","1999",35.16,72.79,NA,NA,NA
"slv","El Salvador","2000",33.19,73.07,NA,NA,NA
"slv","El Salvador","2001",31.34,73,NA,NA,NA
"slv","El Salvador","2002",29.64,74.26,NA,NA,NA
"slv","El Salvador","2003",28.06,73.86,NA,NA,NA
"slv","El Salvador","2004",26.56,73.61,NA,NA,NA
"slv","El Salvador","2005",25.13,73.58,NA,NA,NA
"slv","El Salvador","2006",23.81,73.71,NA,NA,NA
"slv","El Salvador","2007",22.58,74.11,NA,NA,NA
"slv","El Salvador","2008",21.45,74.65,NA,NA,NA
"slv","El Salvador","2009",20.39,74.06,NA,NA,NA
"slv","El Salvador","2010",19.38,75.19,NA,NA,NA
"slv","El Salvador","2011",18.46,75.07,NA,NA,NA
"slv","El Salvador","2012",17.57,74.5,NA,NA,NA
"slv","El Salvador","2013",16.79,74.27,NA,NA,NA
"slv","El Salvador","2014",16.09,73.48,NA,NA,NA
"slv","El Salvador","2015",15.47,73.4,NA,NA,NA
"slv","El Salvador","2016",14.88,75.21,NA,NA,NA
"slv","El Salvador","2017",14.32,75.41,NA,NA,NA
"slv","El Salvador","2018",13.81,75.59,NA,NA,NA
"slv","El Salvador","2019",13.33,75.72,NA,NA,NA
"slv","El Salvador","2020",12.96,74.15,NA,NA,NA
"slv","El Salvador","2021",12.67,73.83,NA,NA,NA
"slv","El Salvador","2022",11.78,74.58,NA,NA,NA
"slv","El Salvador","2023",11.56,76.58,NA,NA,NA
"slv","El Salvador","2024",11.15,76.78,NA,NA,NA
"slv","El Salvador","2025",10.77,76.98,NA,NA,NA
"smr","San Marino","1915",NA,NA,NA,NA,NA
"smr","San Marino","1916",NA,NA,NA,NA,NA
"smr","San Marino","1917",NA,NA,NA,NA,NA
"smr","San Marino","1918",NA,NA,NA,NA,NA
"smr","San Marino","1919",NA,NA,NA,NA,NA
"smr","San Marino","1920",NA,NA,NA,NA,NA
"smr","San Marino","1921",NA,NA,NA,NA,NA
"smr","San Marino","1922",NA,NA,NA,NA,NA
"smr","San Marino","1923",NA,NA,NA,NA,NA
"smr","San Marino","1924",NA,NA,NA,NA,NA
"smr","San Marino","1925",NA,NA,NA,NA,NA
"smr","San Marino","1926",NA,NA,NA,NA,NA
"smr","San Marino","1927",NA,NA,NA,NA,NA
"smr","San Marino","1928",NA,NA,NA,NA,NA
"smr","San Marino","1929",NA,NA,NA,NA,NA
"smr","San Marino","1930",NA,NA,NA,NA,NA
"smr","San Marino","1931",NA,NA,NA,NA,NA
"smr","San Marino","1932",NA,NA,NA,NA,NA
"smr","San Marino","1933",NA,NA,NA,NA,NA
"smr","San Marino","1934",NA,NA,NA,NA,NA
"smr","San Marino","1935",NA,NA,NA,NA,NA
"smr","San Marino","1936",NA,NA,NA,NA,NA
"smr","San Marino","1937",NA,NA,NA,NA,NA
"smr","San Marino","1938",NA,NA,NA,NA,NA
"smr","San Marino","1939",NA,NA,NA,NA,NA
"smr","San Marino","1940",NA,NA,NA,NA,NA
"smr","San Marino","1941",NA,NA,NA,NA,NA
"smr","San Marino","1942",NA,NA,NA,NA,NA
"smr","San Marino","1943",NA,NA,NA,NA,NA
"smr","San Marino","1944",NA,NA,NA,NA,NA
"smr","San Marino","1945",NA,NA,NA,NA,NA
"smr","San Marino","1946",NA,NA,NA,NA,NA
"smr","San Marino","1947",NA,NA,NA,NA,NA
"smr","San Marino","1948",NA,NA,NA,NA,NA
"smr","San Marino","1949",NA,NA,NA,NA,NA
"smr","San Marino","1950",14.38,72.02,NA,NA,NA
"smr","San Marino","1951",13.96,72.1,NA,NA,NA
"smr","San Marino","1952",13.53,72.18,NA,NA,NA
"smr","San Marino","1953",13.11,72.27,NA,NA,NA
"smr","San Marino","1954",12.67,72.36,NA,NA,NA
"smr","San Marino","1955",12.24,72.45,NA,NA,NA
"smr","San Marino","1956",11.84,72.53,NA,NA,NA
"smr","San Marino","1957",11.43,72.63,NA,NA,NA
"smr","San Marino","1958",11.03,72.71,NA,NA,NA
"smr","San Marino","1959",10.66,72.79,NA,NA,NA
"smr","San Marino","1960",10.28,72.88,NA,NA,NA
"smr","San Marino","1961",9.91,72.96,NA,NA,NA
"smr","San Marino","1962",9.54,73.05,NA,NA,NA
"smr","San Marino","1963",12.2,73.13,NA,NA,NA
"smr","San Marino","1964",11.87,73.24,NA,NA,NA
"smr","San Marino","1965",14.92,73.33,NA,NA,NA
"smr","San Marino","1966",17.81,73.48,NA,NA,NA
"smr","San Marino","1967",9.02,73.7,NA,NA,NA
"smr","San Marino","1968",12.08,73.82,NA,NA,NA
"smr","San Marino","1969",12.48,73.96,NA,NA,NA
"smr","San Marino","1970",19.05,74.12,NA,NA,NA
"smr","San Marino","1971",13.49,74.3,NA,NA,NA
"smr","San Marino","1972",17.64,74.55,NA,NA,NA
"smr","San Marino","1973",11.6,74.85,NA,NA,NA
"smr","San Marino","1974",19.09,75.16,NA,NA,NA
"smr","San Marino","1975",19.96,75.38,NA,NA,NA
"smr","San Marino","1976",22.61,75.59,NA,NA,NA
"smr","San Marino","1977",23.87,75.75,NA,NA,NA
"smr","San Marino","1978",10.31,75.91,NA,NA,NA
"smr","San Marino","1979",25.66,76.15,NA,NA,NA
"smr","San Marino","1980",25.36,76.39,NA,NA,NA
"smr","San Marino","1981",14.31,76.82,NA,NA,NA
"smr","San Marino","1982",8.48,77.3,NA,NA,NA
"smr","San Marino","1983",8.7,77.67,NA,NA,NA
"smr","San Marino","1984",9.23,78.02,NA,NA,NA
"smr","San Marino","1985",14.66,78.32,NA,NA,NA
"smr","San Marino","1986",13.75,78.64,NA,NA,NA
"smr","San Marino","1987",18.3,78.97,NA,NA,NA
"smr","San Marino","1988",12.78,79.23,NA,NA,NA
"smr","San Marino","1989",22.17,79.47,NA,NA,NA
"smr","San Marino","1990",12.12,79.7,NA,NA,NA
"smr","San Marino","1991",15.77,79.91,NA,NA,NA
"smr","San Marino","1992",8.59,80.09,NA,NA,NA
"smr","San Marino","1993",8.17,80.3,NA,NA,NA
"smr","San Marino","1994",11.29,80.41,NA,NA,NA
"smr","San Marino","1995",12.26,80.67,NA,NA,NA
"smr","San Marino","1996",10.43,80.91,NA,NA,NA
"smr","San Marino","1997",NA,81.13,NA,NA,NA
"smr","San Marino","1998",13.76,81.3,NA,NA,NA
"smr","San Marino","1999",3.29,81.47,NA,NA,NA
"smr","San Marino","2000",NA,81.54,NA,NA,NA
"smr","San Marino","2001",3.33,81.63,NA,NA,NA
"smr","San Marino","2002",4.8,81.7,NA,NA,NA
"smr","San Marino","2003",4.46,81.71,NA,NA,NA
"smr","San Marino","2004",3.23,81.63,NA,NA,NA
"smr","San Marino","2005",NA,81.6,NA,NA,NA
"smr","San Marino","2006",2.59,81.64,NA,NA,NA
"smr","San Marino","2007",NA,81.72,NA,NA,NA
"smr","San Marino","2008",3.03,81.8,NA,NA,NA
"smr","San Marino","2009",NA,81.85,NA,NA,NA
"smr","San Marino","2010",3.16,81.9,NA,NA,NA
"smr","San Marino","2011",5.97,81.94,NA,NA,NA
"smr","San Marino","2012",NA,81.95,NA,NA,NA
"smr","San Marino","2013",3.26,81.96,NA,NA,NA
"smr","San Marino","2014",3.25,81.96,NA,NA,NA
"smr","San Marino","2015",NA,81.97,NA,NA,NA
"smr","San Marino","2016",3.91,81.98,NA,NA,NA
"smr","San Marino","2017",3.35,82.03,NA,NA,NA
"smr","San Marino","2018",4.08,82.09,NA,NA,NA
"smr","San Marino","2019",1.83,82.17,NA,NA,NA
"smr","San Marino","2020",1.86,78.81,NA,NA,NA
"smr","San Marino","2021",1.72,80.09,NA,NA,NA
"smr","San Marino","2022",1.66,82.62,NA,NA,NA
"smr","San Marino","2023",1.62,82.76,NA,NA,NA
"smr","San Marino","2024",1.58,82.91,NA,NA,NA
"smr","San Marino","2025",1.54,83.05,NA,NA,NA
"som","Somalia","1915",438.71,35.23,NA,NA,NA
"som","Somalia","1916",437.65,35.32,NA,NA,NA
"som","Somalia","1917",436.59,35.41,NA,NA,NA
"som","Somalia","1918",435.53,18.72,NA,NA,NA
"som","Somalia","1919",434.46,35.59,NA,NA,NA
"som","Somalia","1920",433.4,35.68,NA,NA,NA
"som","Somalia","1921",432.34,35.77,NA,NA,NA
"som","Somalia","1922",431.28,35.86,NA,NA,NA
"som","Somalia","1923",430.22,35.95,NA,NA,NA
"som","Somalia","1924",429.16,36.04,NA,NA,NA
"som","Somalia","1925",428.1,36.13,NA,NA,NA
"som","Somalia","1926",427.04,36.22,NA,NA,NA
"som","Somalia","1927",425.98,36.31,NA,NA,NA
"som","Somalia","1928",424.92,36.4,NA,NA,NA
"som","Somalia","1929",423.86,36.49,NA,NA,NA
"som","Somalia","1930",422.8,36.58,NA,NA,NA
"som","Somalia","1931",415.89,36.67,NA,NA,NA
"som","Somalia","1932",409,36.76,NA,NA,NA
"som","Somalia","1933",402.15,36.85,NA,NA,NA
"som","Somalia","1934",395.32,36.94,NA,NA,NA
"som","Somalia","1935",388.53,37.03,NA,NA,NA
"som","Somalia","1936",381.75,37.12,NA,NA,NA
"som","Somalia","1937",375.01,37.21,NA,NA,NA
"som","Somalia","1938",368.31,37.3,NA,NA,NA
"som","Somalia","1939",361.63,37.39,NA,NA,NA
"som","Somalia","1940",354.98,37.48,NA,NA,NA
"som","Somalia","1941",348.36,37.66,NA,NA,NA
"som","Somalia","1942",341.77,37.84,NA,NA,NA
"som","Somalia","1943",335.21,38,NA,NA,NA
"som","Somalia","1944",328.68,38.18,NA,NA,NA
"som","Somalia","1945",322.18,38.36,NA,NA,NA
"som","Somalia","1946",308.14,39.53,NA,NA,NA
"som","Somalia","1947",295.46,40.67,NA,NA,NA
"som","Somalia","1948",282.33,41.84,NA,NA,NA
"som","Somalia","1949",270.47,43.01,NA,NA,NA
"som","Somalia","1950",258.16,44.19,NA,NA,NA
"som","Somalia","1951",257.05,44.23,NA,NA,NA
"som","Somalia","1952",254.85,44.26,NA,NA,NA
"som","Somalia","1953",252.68,44.33,NA,NA,NA
"som","Somalia","1954",250.56,44.44,NA,NA,NA
"som","Somalia","1955",248.48,44.52,NA,NA,NA
"som","Somalia","1956",246.43,44.61,NA,NA,NA
"som","Somalia","1957",244.42,44.67,NA,NA,NA
"som","Somalia","1958",242.44,44.77,NA,NA,NA
"som","Somalia","1959",240.49,44.85,NA,NA,NA
"som","Somalia","1960",238.57,44.96,NA,NA,NA
"som","Somalia","1961",237.62,45.04,NA,NA,NA
"som","Somalia","1962",234.65,45.28,NA,NA,NA
"som","Somalia","1963",232.61,45.42,NA,NA,NA
"som","Somalia","1964",230.81,45.53,NA,NA,NA
"som","Somalia","1965",228.59,45.72,NA,NA,NA
"som","Somalia","1966",226.65,45.83,NA,NA,NA
"som","Somalia","1967",224.76,45.96,NA,NA,NA
"som","Somalia","1968",222.95,46.21,NA,NA,NA
"som","Somalia","1969",221.2,46.46,NA,NA,NA
"som","Somalia","1970",219.52,46.7,NA,NA,NA
"som","Somalia","1971",217.86,46.98,NA,NA,NA
"som","Somalia","1972",216.18,47.47,NA,NA,NA
"som","Somalia","1973",214.52,47.78,NA,NA,NA
"som","Somalia","1974",236.69,47.85,NA,NA,NA
"som","Somalia","1975",233.19,46.14,NA,NA,NA
"som","Somalia","1976",229.46,46.42,NA,NA,NA
"som","Somalia","1977",207.26,48.81,NA,NA,NA
"som","Somalia","1978",205.44,48.82,NA,NA,NA
"som","Somalia","1979",203.68,48.99,NA,NA,NA
"som","Somalia","1980",201.99,48.91,NA,NA,NA
"som","Somalia","1981",200.37,48.92,NA,NA,NA
"som","Somalia","1982",198.82,48.81,NA,NA,NA
"som","Somalia","1983",195.72,48.84,NA,NA,NA
"som","Somalia","1984",193,48.82,NA,NA,NA
"som","Somalia","1985",191.16,48.72,NA,NA,NA
"som","Somalia","1986",189.5,48.72,NA,NA,NA
"som","Somalia","1987",187.6,49.13,NA,NA,NA
"som","Somalia","1988",185.96,47.04,NA,NA,NA
"som","Somalia","1989",183.38,49.53,NA,NA,NA
"som","Somalia","1990",180.1,49.3,NA,NA,NA
"som","Somalia","1991",176.51,48.07,NA,NA,NA
"som","Somalia","1992",173.99,49.09,NA,NA,NA
"som","Somalia","1993",172.94,50.33,NA,NA,NA
"som","Somalia","1994",172.71,50.08,NA,NA,NA
"som","Somalia","1995",172.71,50.33,NA,NA,NA
"som","Somalia","1996",172.71,50.4,NA,NA,NA
"som","Somalia","1997",172.71,50.09,NA,NA,NA
"som","Somalia","1998",172.71,50.81,NA,NA,NA
"som","Somalia","1999",172.71,51.09,NA,NA,NA
"som","Somalia","2000",172.71,51.44,NA,NA,NA
"som","Somalia","2001",172.71,51.84,NA,NA,NA
"som","Somalia","2002",172.71,52.23,NA,NA,NA
"som","Somalia","2003",172.71,52.65,NA,NA,NA
"som","Somalia","2004",172.71,52.84,NA,NA,NA
"som","Somalia","2005",172.63,53.52,NA,NA,NA
"som","Somalia","2006",171.99,53.82,NA,NA,NA
"som","Somalia","2007",170.07,53.91,NA,NA,NA
"som","Somalia","2008",166.48,54.33,NA,NA,NA
"som","Somalia","2009",161.93,54.63,NA,NA,NA
"som","Somalia","2010",157.39,53.85,NA,NA,NA
"som","Somalia","2011",152.83,54.26,NA,NA,NA
"som","Somalia","2012",147.83,55.53,NA,NA,NA
"som","Somalia","2013",142.98,56.16,NA,NA,NA
"som","Somalia","2014",138.4,56.59,NA,NA,NA
"som","Somalia","2015",134.3,56.97,NA,NA,NA
"som","Somalia","2016",130.3,57.18,NA,NA,NA
"som","Somalia","2017",126.13,57.35,NA,NA,NA
"som","Somalia","2018",121.96,57.89,NA,NA,NA
"som","Somalia","2019",118.26,58.52,NA,NA,NA
"som","Somalia","2020",114.39,57.38,NA,NA,NA
"som","Somalia","2021",111.26,56.68,NA,NA,NA
"som","Somalia","2022",103.91,57.53,NA,NA,NA
"som","Somalia","2023",101.31,58.81,NA,NA,NA
"som","Somalia","2024",103.14,59.58,NA,NA,NA
"som","Somalia","2025",108.52,59.86,NA,NA,NA
"srb","Serbia","1915",210.28,15.29,NA,NA,NA
"srb","Serbia","1916",207.97,20.05,NA,NA,NA
"srb","Serbia","1917",205.69,19.08,NA,NA,NA
"srb","Serbia","1918",203.44,9.44,NA,NA,NA
"srb","Serbia","1919",201.21,33.82,NA,NA,NA
"srb","Serbia","1920",199,33.8,NA,NA,NA
"srb","Serbia","1921",196.82,34.5,NA,NA,NA
"srb","Serbia","1922",194.66,35.18,NA,NA,NA
"srb","Serbia","1923",192.53,35.88,NA,NA,NA
"srb","Serbia","1924",190.41,36.57,NA,NA,NA
"srb","Serbia","1925",188.33,37.26,NA,NA,NA
"srb","Serbia","1926",186.26,37.96,NA,NA,NA
"srb","Serbia","1927",184.22,38.64,NA,NA,NA
"srb","Serbia","1928",182.2,39.33,NA,NA,NA
"srb","Serbia","1929",180.2,40.01,NA,NA,NA
"srb","Serbia","1930",178.22,40.7,NA,NA,NA
"srb","Serbia","1931",176.27,41.38,NA,NA,NA
"srb","Serbia","1932",174.34,42.07,NA,NA,NA
"srb","Serbia","1933",172.42,42.75,NA,NA,NA
"srb","Serbia","1934",170.53,43.43,NA,NA,NA
"srb","Serbia","1935",168.66,44.11,NA,NA,NA
"srb","Serbia","1936",166.81,44.79,NA,NA,NA
"srb","Serbia","1937",164.98,45.47,NA,NA,NA
"srb","Serbia","1938",163.18,46.15,NA,NA,NA
"srb","Serbia","1939",161.39,46.82,NA,NA,NA
"srb","Serbia","1940",159.62,47.5,NA,NA,NA
"srb","Serbia","1941",157.87,41.35,NA,NA,NA
"srb","Serbia","1942",156.13,39.22,NA,NA,NA
"srb","Serbia","1943",154.42,37.8,NA,NA,NA
"srb","Serbia","1944",152.73,36.4,NA,NA,NA
"srb","Serbia","1945",151.05,40.61,NA,NA,NA
"srb","Serbia","1946",149.4,47.76,NA,NA,NA
"srb","Serbia","1947",147.76,51.66,NA,NA,NA
"srb","Serbia","1948",146.14,52.95,NA,NA,NA
"srb","Serbia","1949",144.54,53.68,NA,NA,NA
"srb","Serbia","1950",142.95,54.38,NA,NA,NA
"srb","Serbia","1951",141.06,53.66,NA,NA,NA
"srb","Serbia","1952",137.3,57.87,NA,NA,NA
"srb","Serbia","1953",133.59,58.33,NA,NA,NA
"srb","Serbia","1954",129.91,60.32,NA,NA,NA
"srb","Serbia","1955",126.27,59.19,NA,NA,NA
"srb","Serbia","1956",122.67,60.63,NA,NA,NA
"srb","Serbia","1957",119.08,60.97,NA,NA,NA
"srb","Serbia","1958",115.49,63.96,NA,NA,NA
"srb","Serbia","1959",111.85,63.28,NA,NA,NA
"srb","Serbia","1960",108.14,63.53,NA,NA,NA
"srb","Serbia","1961",104.3,63.21,NA,NA,NA
"srb","Serbia","1962",100.3,63.92,NA,NA,NA
"srb","Serbia","1963",96.13,65.15,NA,NA,NA
"srb","Serbia","1964",91.81,64.82,NA,NA,NA
"srb","Serbia","1965",87.37,65.45,NA,NA,NA
"srb","Serbia","1966",82.86,66.53,NA,NA,NA
"srb","Serbia","1967",78.35,65.98,NA,NA,NA
"srb","Serbia","1968",73.93,66.05,NA,NA,NA
"srb","Serbia","1969",69.68,65.51,NA,NA,NA
"srb","Serbia","1970",65.66,66.16,NA,NA,NA
"srb","Serbia","1971",61.91,66.44,NA,NA,NA
"srb","Serbia","1972",58.45,67.21,NA,NA,NA
"srb","Serbia","1973",55.28,68.3,NA,NA,NA
"srb","Serbia","1974",52.42,69,NA,NA,NA
"srb","Serbia","1975",49.92,69.24,NA,NA,NA
"srb","Serbia","1976",47.81,69.46,NA,NA,NA
"srb","Serbia","1977",46.07,69.45,NA,NA,NA
"srb","Serbia","1978",44.62,69.12,NA,NA,NA
"srb","Serbia","1979",43.36,69.45,NA,NA,NA
"srb","Serbia","1980",42.13,69.81,NA,NA,NA
"srb","Serbia","1981",40.88,69.84,NA,NA,NA
"srb","Serbia","1982",42.22,69.59,NA,NA,NA
"srb","Serbia","1983",42.95,69.24,NA,NA,NA
"srb","Serbia","1984",40.61,69.95,NA,NA,NA
"srb","Serbia","1985",39.13,70.42,NA,NA,NA
"srb","Serbia","1986",37.63,69.98,NA,NA,NA
"srb","Serbia","1987",36.03,69.81,NA,NA,NA
"srb","Serbia","1988",34.04,69.97,NA,NA,NA
"srb","Serbia","1989",31.37,70.13,NA,NA,NA
"srb","Serbia","1990",28.25,70.82,NA,NA,NA
"srb","Serbia","1991",25.63,70.49,NA,NA,NA
"srb","Serbia","1992",24.12,71.13,NA,NA,NA
"srb","Serbia","1993",23.15,71.02,NA,NA,NA
"srb","Serbia","1994",21.77,70.63,NA,NA,NA
"srb","Serbia","1995",19.66,70.58,NA,NA,NA
"srb","Serbia","1996",17.39,70.44,NA,NA,NA
"srb","Serbia","1997",15.45,70.16,NA,NA,NA
"srb","Serbia","1998",14.02,70.72,NA,NA,NA
"srb","Serbia","1999",13.12,68.94,NA,NA,NA
"srb","Serbia","2000",12.65,71.44,NA,NA,NA
"srb","Serbia","2001",12.21,71.91,NA,NA,NA
"srb","Serbia","2002",11.48,72.16,NA,NA,NA
"srb","Serbia","2003",10.55,72.15,NA,NA,NA
"srb","Serbia","2004",9.65,72.27,NA,NA,NA
"srb","Serbia","2005",8.94,72.35,NA,NA,NA
"srb","Serbia","2006",8.43,72.74,NA,NA,NA
"srb","Serbia","2007",8.13,73.15,NA,NA,NA
"srb","Serbia","2008",7.95,73.45,NA,NA,NA
"srb","Serbia","2009",7.8,73.64,NA,NA,NA
"srb","Serbia","2010",7.6,74.06,NA,NA,NA
"srb","Serbia","2011",7.37,74.33,NA,NA,NA
"srb","Serbia","2012",7.12,74.79,NA,NA,NA
"srb","Serbia","2013",6.85,74.89,NA,NA,NA
"srb","Serbia","2014",6.57,74.98,NA,NA,NA
"srb","Serbia","2015",6.29,75.07,NA,NA,NA
"srb","Serbia","2016",6.05,75.48,NA,NA,NA
"srb","Serbia","2017",5.88,75.58,NA,NA,NA
"srb","Serbia","2018",5.77,75.62,NA,NA,NA
"srb","Serbia","2019",5.7,75.68,NA,NA,NA
"srb","Serbia","2020",5.61,74.4,NA,NA,NA
"srb","Serbia","2021",5.63,73.2,NA,NA,NA
"srb","Serbia","2022",5.63,73.14,NA,NA,NA
"srb","Serbia","2023",5.45,74.2,NA,NA,NA
"srb","Serbia","2024",4.55,76.5,NA,NA,NA
"srb","Serbia","2025",4.4,76.66,NA,NA,NA
"ssd","South Sudan","1915",454.09,38.43,NA,NA,NA
"ssd","South Sudan","1916",451.85,38.61,NA,NA,NA
"ssd","South Sudan","1917",449.62,38.79,NA,NA,NA
"ssd","South Sudan","1918",447.41,15.07,NA,NA,NA
"ssd","South Sudan","1919",445.2,39.15,NA,NA,NA
"ssd","South Sudan","1920",443.01,39.33,NA,NA,NA
"ssd","South Sudan","1921",440.82,39.51,NA,NA,NA
"ssd","South Sudan","1922",438.65,39.69,NA,NA,NA
"ssd","South Sudan","1923",436.49,39.88,NA,NA,NA
"ssd","South Sudan","1924",434.34,40.06,NA,NA,NA
"ssd","South Sudan","1925",432.2,40.24,NA,NA,NA
"ssd","South Sudan","1926",430.07,40.42,NA,NA,NA
"ssd","South Sudan","1927",427.95,40.6,NA,NA,NA
"ssd","South Sudan","1928",425.84,40.78,NA,NA,NA
"ssd","South Sudan","1929",423.74,40.96,NA,NA,NA
"ssd","South Sudan","1930",421.65,41.14,NA,NA,NA
"ssd","South Sudan","1931",419.57,41.32,NA,NA,NA
"ssd","South Sudan","1932",417.5,41.5,NA,NA,NA
"ssd","South Sudan","1933",415.45,41.68,NA,NA,NA
"ssd","South Sudan","1934",413.4,41.86,NA,NA,NA
"ssd","South Sudan","1935",411.36,42.05,NA,NA,NA
"ssd","South Sudan","1936",409.33,42.23,NA,NA,NA
"ssd","South Sudan","1937",407.32,42.41,NA,NA,NA
"ssd","South Sudan","1938",405.31,42.59,NA,NA,NA
"ssd","South Sudan","1939",403.31,42.77,NA,NA,NA
"ssd","South Sudan","1940",401.32,42.95,NA,NA,NA
"ssd","South Sudan","1941",399.34,43.37,NA,NA,NA
"ssd","South Sudan","1942",397.38,43.78,NA,NA,NA
"ssd","South Sudan","1943",395.42,44.21,NA,NA,NA
"ssd","South Sudan","1944",393.47,44.64,NA,NA,NA
"ssd","South Sudan","1945",391.53,45.07,NA,NA,NA
"ssd","South Sudan","1946",389.6,45.49,NA,NA,NA
"ssd","South Sudan","1947",387.68,45.92,NA,NA,NA
"ssd","South Sudan","1948",385.77,46.36,NA,NA,NA
"ssd","South Sudan","1949",383.87,46.8,NA,NA,NA
"ssd","South Sudan","1950",381.98,47.23,NA,NA,NA
"ssd","South Sudan","1951",380.09,47.27,NA,NA,NA
"ssd","South Sudan","1952",378.22,47.36,NA,NA,NA
"ssd","South Sudan","1953",376.35,47.51,NA,NA,NA
"ssd","South Sudan","1954",374.5,47.67,NA,NA,NA
"ssd","South Sudan","1955",371,47.81,NA,NA,NA
"ssd","South Sudan","1956",367.3,47.96,NA,NA,NA
"ssd","South Sudan","1957",364.8,48.08,NA,NA,NA
"ssd","South Sudan","1958",362,48.25,NA,NA,NA
"ssd","South Sudan","1959",359.5,48.4,NA,NA,NA
"ssd","South Sudan","1960",357,48.61,NA,NA,NA
"ssd","South Sudan","1961",354.4,48.83,NA,NA,NA
"ssd","South Sudan","1962",352.1,49.06,NA,NA,NA
"ssd","South Sudan","1963",348.9,48.45,NA,NA,NA
"ssd","South Sudan","1964",345.9,48.67,NA,NA,NA
"ssd","South Sudan","1965",343.3,48.89,NA,NA,NA
"ssd","South Sudan","1966",340.1,49.06,NA,NA,NA
"ssd","South Sudan","1967",337.3,49.25,NA,NA,NA
"ssd","South Sudan","1968",334.3,49.53,NA,NA,NA
"ssd","South Sudan","1969",331,49.82,NA,NA,NA
"ssd","South Sudan","1970",327.8,50.08,NA,NA,NA
"ssd","South Sudan","1971",324.2,50.38,NA,NA,NA
"ssd","South Sudan","1972",320.8,50.69,NA,NA,NA
"ssd","South Sudan","1973",316.32,51.74,NA,NA,NA
"ssd","South Sudan","1974",311.61,52.01,NA,NA,NA
"ssd","South Sudan","1975",307.16,52.23,NA,NA,NA
"ssd","South Sudan","1976",302.78,52.45,NA,NA,NA
"ssd","South Sudan","1977",298.12,52.67,NA,NA,NA
"ssd","South Sudan","1978",294.99,52.84,NA,NA,NA
"ssd","South Sudan","1979",291.62,53.01,NA,NA,NA
"ssd","South Sudan","1980",288.31,53.11,NA,NA,NA
"ssd","South Sudan","1981",285.28,53.23,NA,NA,NA
"ssd","South Sudan","1982",282.35,53.28,NA,NA,NA
"ssd","South Sudan","1983",279.1,52.56,NA,NA,NA
"ssd","South Sudan","1984",275.87,52.62,NA,NA,NA
"ssd","South Sudan","1985",272.19,52.72,NA,NA,NA
"ssd","South Sudan","1986",268.04,52.84,NA,NA,NA
"ssd","South Sudan","1987",263.94,53.05,NA,NA,NA
"ssd","South Sudan","1988",259.6,53.29,NA,NA,NA
"ssd","South Sudan","1989",255.11,54.2,NA,NA,NA
"ssd","South Sudan","1990",250.5,54.45,NA,NA,NA
"ssd","South Sudan","1991",245.81,54.72,NA,NA,NA
"ssd","South Sudan","1992",240.24,54.98,NA,NA,NA
"ssd","South Sudan","1993",234.2,55.26,NA,NA,NA
"ssd","South Sudan","1994",227.82,55.56,NA,NA,NA
"ssd","South Sudan","1995",220.9,55.84,NA,NA,NA
"ssd","South Sudan","1996",213.85,56.17,NA,NA,NA
"ssd","South Sudan","1997",206.43,54.45,NA,NA,NA
"ssd","South Sudan","1998",198.24,55.37,NA,NA,NA
"ssd","South Sudan","1999",189.85,56.33,NA,NA,NA
"ssd","South Sudan","2000",181.15,57.01,NA,NA,NA
"ssd","South Sudan","2001",172.07,57.7,NA,NA,NA
"ssd","South Sudan","2002",163.43,58.06,NA,NA,NA
"ssd","South Sudan","2003",155.08,58.38,NA,NA,NA
"ssd","South Sudan","2004",147.27,58.9,NA,NA,NA
"ssd","South Sudan","2005",139.73,59.25,NA,NA,NA
"ssd","South Sudan","2006",132.69,59.19,NA,NA,NA
"ssd","South Sudan","2007",126.14,59.65,NA,NA,NA
"ssd","South Sudan","2008",119.92,60.04,NA,NA,NA
"ssd","South Sudan","2009",113.99,59.83,NA,NA,NA
"ssd","South Sudan","2010",108.41,60.58,NA,NA,NA
"ssd","South Sudan","2011",103.47,60.55,NA,NA,NA
"ssd","South Sudan","2012",100.05,61.08,NA,NA,NA
"ssd","South Sudan","2013",98.34,60.81,NA,NA,NA
"ssd","South Sudan","2014",97.88,60.92,NA,NA,NA
"ssd","South Sudan","2015",97.86,61.64,NA,NA,NA
"ssd","South Sudan","2016",97.86,62.05,NA,NA,NA
"ssd","South Sudan","2017",97.86,62.3,NA,NA,NA
"ssd","South Sudan","2018",97.86,62.98,NA,NA,NA
"ssd","South Sudan","2019",97.86,63.74,NA,NA,NA
"ssd","South Sudan","2020",97.87,63.25,NA,NA,NA
"ssd","South Sudan","2021",98.31,62.67,NA,NA,NA
"ssd","South Sudan","2022",93.59,63.35,NA,NA,NA
"ssd","South Sudan","2023",88.58,64.42,NA,NA,NA
"ssd","South Sudan","2024",87.29,65.09,NA,NA,NA
"ssd","South Sudan","2025",88.34,65.36,NA,NA,NA
"stp","Sao Tome and Principe","1915",273.76,28.72,NA,NA,NA
"stp","Sao Tome and Principe","1916",272.59,28.69,NA,NA,NA
"stp","Sao Tome and Principe","1917",271.42,28.65,NA,NA,NA
"stp","Sao Tome and Principe","1918",270.25,11.07,NA,NA,NA
"stp","Sao Tome and Principe","1919",269.09,28.58,NA,NA,NA
"stp","Sao Tome and Principe","1920",267.93,28.55,NA,NA,NA
"stp","Sao Tome and Principe","1921",266.78,28.51,NA,NA,NA
"stp","Sao Tome and Principe","1922",265.63,28.48,NA,NA,NA
"stp","Sao Tome and Principe","1923",264.49,28.44,NA,NA,NA
"stp","Sao Tome and Principe","1924",263.35,28.41,NA,NA,NA
"stp","Sao Tome and Principe","1925",262.22,28.37,NA,NA,NA
"stp","Sao Tome and Principe","1926",261.09,28.34,NA,NA,NA
"stp","Sao Tome and Principe","1927",259.97,28.3,NA,NA,NA
"stp","Sao Tome and Principe","1928",258.85,28.27,NA,NA,NA
"stp","Sao Tome and Principe","1929",257.74,28.23,NA,NA,NA
"stp","Sao Tome and Principe","1930",256.63,28.2,NA,NA,NA
"stp","Sao Tome and Principe","1931",255.53,28.16,NA,NA,NA
"stp","Sao Tome and Principe","1932",254.43,28.13,NA,NA,NA
"stp","Sao Tome and Principe","1933",253.34,28.09,NA,NA,NA
"stp","Sao Tome and Principe","1934",252.25,28.06,NA,NA,NA
"stp","Sao Tome and Principe","1935",251.17,28.02,NA,NA,NA
"stp","Sao Tome and Principe","1936",250.09,28.86,NA,NA,NA
"stp","Sao Tome and Principe","1937",249.01,29.7,NA,NA,NA
"stp","Sao Tome and Principe","1938",247.94,30.54,NA,NA,NA
"stp","Sao Tome and Principe","1939",246.88,31.37,NA,NA,NA
"stp","Sao Tome and Principe","1940",245.81,32.2,NA,NA,NA
"stp","Sao Tome and Principe","1941",244.76,33.06,NA,NA,NA
"stp","Sao Tome and Principe","1942",243.71,33.91,NA,NA,NA
"stp","Sao Tome and Principe","1943",242.66,34.77,NA,NA,NA
"stp","Sao Tome and Principe","1944",241.61,35.62,NA,NA,NA
"stp","Sao Tome and Principe","1945",240.58,36.47,NA,NA,NA
"stp","Sao Tome and Principe","1946",239.54,37.32,NA,NA,NA
"stp","Sao Tome and Principe","1947",238.51,38.16,NA,NA,NA
"stp","Sao Tome and Principe","1948",237.49,39,NA,NA,NA
"stp","Sao Tome and Principe","1949",236.47,39.85,NA,NA,NA
"stp","Sao Tome and Principe","1950",235.45,40.68,NA,NA,NA
"stp","Sao Tome and Principe","1951",233.07,40.78,NA,NA,NA
"stp","Sao Tome and Principe","1952",228.09,40.92,NA,NA,NA
"stp","Sao Tome and Principe","1953",223.76,41.05,NA,NA,NA
"stp","Sao Tome and Principe","1954",218.32,41.14,NA,NA,NA
"stp","Sao Tome and Principe","1955",212.7,40.86,NA,NA,NA
"stp","Sao Tome and Principe","1956",196.78,40.42,NA,NA,NA
"stp","Sao Tome and Principe","1957",182.05,39.59,NA,NA,NA
"stp","Sao Tome and Principe","1958",168.42,41.08,NA,NA,NA
"stp","Sao Tome and Principe","1959",155.82,43.11,NA,NA,NA
"stp","Sao Tome and Principe","1960",144.16,45.02,NA,NA,NA
"stp","Sao Tome and Principe","1961",166.91,46.98,NA,NA,NA
"stp","Sao Tome and Principe","1962",188.43,49.03,NA,NA,NA
"stp","Sao Tome and Principe","1963",207.98,50.47,NA,NA,NA
"stp","Sao Tome and Principe","1964",222.69,52.11,NA,NA,NA
"stp","Sao Tome and Principe","1965",228.97,53.23,NA,NA,NA
"stp","Sao Tome and Principe","1966",205.67,53.53,NA,NA,NA
"stp","Sao Tome and Principe","1967",153.7,54.63,NA,NA,NA
"stp","Sao Tome and Principe","1968",157.54,55.29,NA,NA,NA
"stp","Sao Tome and Principe","1969",143.52,56.11,NA,NA,NA
"stp","Sao Tome and Principe","1970",141.62,56.96,NA,NA,NA
"stp","Sao Tome and Principe","1971",113.42,57.92,NA,NA,NA
"stp","Sao Tome and Principe","1972",107.86,58.73,NA,NA,NA
"stp","Sao Tome and Principe","1973",105.17,59.72,NA,NA,NA
"stp","Sao Tome and Principe","1974",102.99,60.1,NA,NA,NA
"stp","Sao Tome and Principe","1975",99.65,60.68,NA,NA,NA
"stp","Sao Tome and Principe","1976",95.44,61.3,NA,NA,NA
"stp","Sao Tome and Principe","1977",89.26,61.77,NA,NA,NA
"stp","Sao Tome and Principe","1978",75.24,62.14,NA,NA,NA
"stp","Sao Tome and Principe","1979",99.2,62.17,NA,NA,NA
"stp","Sao Tome and Principe","1980",111.89,62.3,NA,NA,NA
"stp","Sao Tome and Principe","1981",122.35,61.97,NA,NA,NA
"stp","Sao Tome and Principe","1982",134.9,61.66,NA,NA,NA
"stp","Sao Tome and Principe","1983",148,61.38,NA,NA,NA
"stp","Sao Tome and Principe","1984",157.65,61.44,NA,NA,NA
"stp","Sao Tome and Principe","1985",134.35,62.16,NA,NA,NA
"stp","Sao Tome and Principe","1986",119.09,60.04,NA,NA,NA
"stp","Sao Tome and Principe","1987",107.82,63.2,NA,NA,NA
"stp","Sao Tome and Principe","1988",105.74,63.4,NA,NA,NA
"stp","Sao Tome and Principe","1989",107.13,62.99,NA,NA,NA
"stp","Sao Tome and Principe","1990",108.23,63.49,NA,NA,NA
"stp","Sao Tome and Principe","1991",108.88,63.75,NA,NA,NA
"stp","Sao Tome and Principe","1992",109.1,63.82,NA,NA,NA
"stp","Sao Tome and Principe","1993",108.45,64.08,NA,NA,NA
"stp","Sao Tome and Principe","1994",106.94,64.06,NA,NA,NA
"stp","Sao Tome and Principe","1995",104.5,64.1,NA,NA,NA
"stp","Sao Tome and Principe","1996",101.19,64.07,NA,NA,NA
"stp","Sao Tome and Principe","1997",97.11,64.14,NA,NA,NA
"stp","Sao Tome and Principe","1998",92.46,64.24,NA,NA,NA
"stp","Sao Tome and Principe","1999",87.39,64.57,NA,NA,NA
"stp","Sao Tome and Principe","2000",82.03,65.02,NA,NA,NA
"stp","Sao Tome and Principe","2001",76.52,65.48,NA,NA,NA
"stp","Sao Tome and Principe","2002",70.95,65.86,NA,NA,NA
"stp","Sao Tome and Principe","2003",65.55,66.19,NA,NA,NA
"stp","Sao Tome and Principe","2004",60.36,66.51,NA,NA,NA
"stp","Sao Tome and Principe","2005",55.47,66.65,NA,NA,NA
"stp","Sao Tome and Principe","2006",50.9,67.22,NA,NA,NA
"stp","Sao Tome and Principe","2007",46.68,67.59,NA,NA,NA
"stp","Sao Tome and Principe","2008",42.85,67.87,NA,NA,NA
"stp","Sao Tome and Principe","2009",39.33,68.6,NA,NA,NA
"stp","Sao Tome and Principe","2010",36.05,68.99,NA,NA,NA
"stp","Sao Tome and Principe","2011",33.02,69.25,NA,NA,NA
"stp","Sao Tome and Principe","2012",30.19,69.25,NA,NA,NA
"stp","Sao Tome and Principe","2013",27.71,69.44,NA,NA,NA
"stp","Sao Tome and Principe","2014",25.31,69.76,NA,NA,NA
"stp","Sao Tome and Principe","2015",23.15,69.99,NA,NA,NA
"stp","Sao Tome and Principe","2016",21.19,70.22,NA,NA,NA
"stp","Sao Tome and Principe","2017",19.5,70.44,NA,NA,NA
"stp","Sao Tome and Principe","2018",18.14,70.68,NA,NA,NA
"stp","Sao Tome and Principe","2019",17.03,70.93,NA,NA,NA
"stp","Sao Tome and Principe","2020",16.12,70.17,NA,NA,NA
"stp","Sao Tome and Principe","2021",15.47,69.97,NA,NA,NA
"stp","Sao Tome and Principe","2022",16.11,71.21,NA,NA,NA
"stp","Sao Tome and Principe","2023",15.87,71.31,NA,NA,NA
"stp","Sao Tome and Principe","2024",15.66,71.41,NA,NA,NA
"stp","Sao Tome and Principe","2025",15.42,71.51,NA,NA,NA
"sur","Suriname","1915",394.06,33.9,NA,NA,NA
"sur","Suriname","1916",393.1,33.91,NA,NA,NA
"sur","Suriname","1917",392.15,33.93,NA,NA,NA
"sur","Suriname","1918",391.2,30,NA,NA,NA
"sur","Suriname","1919",390.25,33.96,NA,NA,NA
"sur","Suriname","1920",389.29,33.97,NA,NA,NA
"sur","Suriname","1921",388.34,33.99,NA,NA,NA
"sur","Suriname","1922",387.39,34,NA,NA,NA
"sur","Suriname","1923",386.43,34.02,NA,NA,NA
"sur","Suriname","1924",385.48,34.03,NA,NA,NA
"sur","Suriname","1925",384.53,34.05,NA,NA,NA
"sur","Suriname","1926",372.94,34.96,NA,NA,NA
"sur","Suriname","1927",362.75,35.88,NA,NA,NA
"sur","Suriname","1928",351.62,36.8,NA,NA,NA
"sur","Suriname","1929",340.73,37.72,NA,NA,NA
"sur","Suriname","1930",330.06,38.64,NA,NA,NA
"sur","Suriname","1931",312.8,39.56,NA,NA,NA
"sur","Suriname","1932",295.17,40.48,NA,NA,NA
"sur","Suriname","1933",278.26,41.4,NA,NA,NA
"sur","Suriname","1934",262.92,42.32,NA,NA,NA
"sur","Suriname","1935",247.29,43.26,NA,NA,NA
"sur","Suriname","1936",232.3,44.18,NA,NA,NA
"sur","Suriname","1937",218.7,45.11,NA,NA,NA
"sur","Suriname","1938",204.88,46.03,NA,NA,NA
"sur","Suriname","1939",191.66,46.96,NA,NA,NA
"sur","Suriname","1940",178.99,47.89,NA,NA,NA
"sur","Suriname","1941",167.55,48.87,NA,NA,NA
"sur","Suriname","1942",155.96,49.84,NA,NA,NA
"sur","Suriname","1943",144.89,50.82,NA,NA,NA
"sur","Suriname","1944",134.89,51.79,NA,NA,NA
"sur","Suriname","1945",124.81,52.78,NA,NA,NA
"sur","Suriname","1946",115.22,53.76,NA,NA,NA
"sur","Suriname","1947",106.09,54.73,NA,NA,NA
"sur","Suriname","1948",97.85,55.72,NA,NA,NA
"sur","Suriname","1949",89.6,56.71,NA,NA,NA
"sur","Suriname","1950",81.81,57.69,NA,NA,NA
"sur","Suriname","1951",80.76,58.46,NA,NA,NA
"sur","Suriname","1952",78.71,59.19,NA,NA,NA
"sur","Suriname","1953",76.61,59.54,NA,NA,NA
"sur","Suriname","1954",74.46,60.49,NA,NA,NA
"sur","Suriname","1955",72.27,61.15,NA,NA,NA
"sur","Suriname","1956",70.03,61.41,NA,NA,NA
"sur","Suriname","1957",67.78,61.63,NA,NA,NA
"sur","Suriname","1958",65.52,62.01,NA,NA,NA
"sur","Suriname","1959",63.3,62.5,NA,NA,NA
"sur","Suriname","1960",61.17,62.97,NA,NA,NA
"sur","Suriname","1961",59.2,63.32,NA,NA,NA
"sur","Suriname","1962",57.47,63.61,NA,NA,NA
"sur","Suriname","1963",56,64.01,NA,NA,NA
"sur","Suriname","1964",54.76,64.58,NA,NA,NA
"sur","Suriname","1965",53.75,64.81,NA,NA,NA
"sur","Suriname","1966",52.9,65.18,NA,NA,NA
"sur","Suriname","1967",52.13,65.24,NA,NA,NA
"sur","Suriname","1968",51.38,65.51,NA,NA,NA
"sur","Suriname","1969",50.6,65.7,NA,NA,NA
"sur","Suriname","1970",49.78,65.85,NA,NA,NA
"sur","Suriname","1971",48.91,66.02,NA,NA,NA
"sur","Suriname","1972",33.71,66.54,NA,NA,NA
"sur","Suriname","1973",33.08,66.57,NA,NA,NA
"sur","Suriname","1974",32.45,66.37,NA,NA,NA
"sur","Suriname","1975",31.82,66.21,NA,NA,NA
"sur","Suriname","1976",33.86,66.3,NA,NA,NA
"sur","Suriname","1977",31.7,66.49,NA,NA,NA
"sur","Suriname","1978",37.04,66.46,NA,NA,NA
"sur","Suriname","1979",26.45,66.62,NA,NA,NA
"sur","Suriname","1980",29.74,66.77,NA,NA,NA
"sur","Suriname","1981",26.74,67.49,NA,NA,NA
"sur","Suriname","1982",37.22,67.93,NA,NA,NA
"sur","Suriname","1983",38.35,68.3,NA,NA,NA
"sur","Suriname","1984",36.8,68.59,NA,NA,NA
"sur","Suriname","1985",36.29,69.07,NA,NA,NA
"sur","Suriname","1986",29.17,69.36,NA,NA,NA
"sur","Suriname","1987",19.16,69.81,NA,NA,NA
"sur","Suriname","1988",21.91,69.72,NA,NA,NA
"sur","Suriname","1989",26.06,68.16,NA,NA,NA
"sur","Suriname","1990",23.45,68.94,NA,NA,NA
"sur","Suriname","1991",24.12,68.72,NA,NA,NA
"sur","Suriname","1992",14.5,68.52,NA,NA,NA
"sur","Suriname","1993",26.73,67.81,NA,NA,NA
"sur","Suriname","1994",32.47,68.8,NA,NA,NA
"sur","Suriname","1995",16.2,70.91,NA,NA,NA
"sur","Suriname","1996",18.63,71.43,NA,NA,NA
"sur","Suriname","1997",19.58,71.5,NA,NA,NA
"sur","Suriname","1998",20.01,70.85,NA,NA,NA
"sur","Suriname","1999",21.15,70.23,NA,NA,NA
"sur","Suriname","2000",22.7,69.8,NA,NA,NA
"sur","Suriname","2001",26.11,69.58,NA,NA,NA
"sur","Suriname","2002",23.71,69.53,NA,NA,NA
"sur","Suriname","2003",19.41,69.76,NA,NA,NA
"sur","Suriname","2004",18.01,70.07,NA,NA,NA
"sur","Suriname","2005",19.83,70.64,NA,NA,NA
"sur","Suriname","2006",21.41,71.17,NA,NA,NA
"sur","Suriname","2007",20.81,71.56,NA,NA,NA
"sur","Suriname","2008",20.88,71.68,NA,NA,NA
"sur","Suriname","2009",21.36,72.06,NA,NA,NA
"sur","Suriname","2010",20.92,72.29,NA,NA,NA
"sur","Suriname","2011",17.71,72.79,NA,NA,NA
"sur","Suriname","2012",14.99,73.13,NA,NA,NA
"sur","Suriname","2013",17.07,72.95,NA,NA,NA
"sur","Suriname","2014",16.42,72.68,NA,NA,NA
"sur","Suriname","2015",20.34,72.45,NA,NA,NA
"sur","Suriname","2016",19.79,72.44,NA,NA,NA
"sur","Suriname","2017",19.25,72.5,NA,NA,NA
"sur","Suriname","2018",18.68,72.58,NA,NA,NA
"sur","Suriname","2019",18.11,72.71,NA,NA,NA
"sur","Suriname","2020",17.58,73.03,NA,NA,NA
"sur","Suriname","2021",17.09,70.73,NA,NA,NA
"sur","Suriname","2022",18.06,70.74,NA,NA,NA
"sur","Suriname","2023",16.11,73.26,NA,NA,NA
"sur","Suriname","2024",15.74,73.39,NA,NA,NA
"sur","Suriname","2025",15.33,73.51,NA,NA,NA
"svk","Slovak Republic","1915",287.95,42.31,NA,NA,NA
"svk","Slovak Republic","1916",284.21,42.61,NA,NA,NA
"svk","Slovak Republic","1917",280.48,42.91,NA,NA,NA
"svk","Slovak Republic","1918",276.82,31.79,NA,NA,NA
"svk","Slovak Republic","1919",273.18,43.51,NA,NA,NA
"svk","Slovak Republic","1920",269.55,43.8,NA,NA,NA
"svk","Slovak Republic","1921",265.97,44.1,NA,NA,NA
"svk","Slovak Republic","1922",259.53,44.73,NA,NA,NA
"svk","Slovak Republic","1923",252.24,45.37,NA,NA,NA
"svk","Slovak Republic","1924",245.98,45.99,NA,NA,NA
"svk","Slovak Republic","1925",239.82,46.62,NA,NA,NA
"svk","Slovak Republic","1926",232.84,47.26,NA,NA,NA
"svk","Slovak Republic","1927",226.84,47.88,NA,NA,NA
"svk","Slovak Republic","1928",220.97,48.51,NA,NA,NA
"svk","Slovak Republic","1929",214.28,49.15,NA,NA,NA
"svk","Slovak Republic","1930",208.55,49.77,NA,NA,NA
"svk","Slovak Republic","1931",203.77,50.24,NA,NA,NA
"svk","Slovak Republic","1932",199.88,50.71,NA,NA,NA
"svk","Slovak Republic","1933",195.21,51.18,NA,NA,NA
"svk","Slovak Republic","1934",190.59,51.65,NA,NA,NA
"svk","Slovak Republic","1935",186.02,52.12,NA,NA,NA
"svk","Slovak Republic","1936",182.3,52.59,NA,NA,NA
"svk","Slovak Republic","1937",177.82,53.05,NA,NA,NA
"svk","Slovak Republic","1938",172.63,53.64,NA,NA,NA
"svk","Slovak Republic","1939",167.52,53.95,NA,NA,NA
"svk","Slovak Republic","1940",162.46,53.85,NA,NA,NA
"svk","Slovak Republic","1941",161.09,53.65,NA,NA,NA
"svk","Slovak Republic","1942",159.72,51.86,NA,NA,NA
"svk","Slovak Republic","1943",158.37,47.37,NA,NA,NA
"svk","Slovak Republic","1944",157.03,42.38,NA,NA,NA
"svk","Slovak Republic","1945",155.7,40.4,NA,NA,NA
"svk","Slovak Republic","1946",154.39,53.86,NA,NA,NA
"svk","Slovak Republic","1947",153.08,57.84,NA,NA,NA
"svk","Slovak Republic","1948",151.79,58.85,NA,NA,NA
"svk","Slovak Republic","1949",150.5,60.14,NA,NA,NA
"svk","Slovak Republic","1950",149.23,60.73,NA,NA,NA
"svk","Slovak Republic","1951",145.64,61.33,NA,NA,NA
"svk","Slovak Republic","1952",102.74,64.19,NA,NA,NA
"svk","Slovak Republic","1953",87.93,65.64,NA,NA,NA
"svk","Slovak Republic","1954",71.55,66.89,NA,NA,NA
"svk","Slovak Republic","1955",63.58,67.83,NA,NA,NA
"svk","Slovak Republic","1956",57.79,68.34,NA,NA,NA
"svk","Slovak Republic","1957",65.06,67.68,NA,NA,NA
"svk","Slovak Republic","1958",51.7,69.16,NA,NA,NA
"svk","Slovak Republic","1959",47.04,69.28,NA,NA,NA
"svk","Slovak Republic","1960",41.48,70.37,NA,NA,NA
"svk","Slovak Republic","1961",39.2,70.76,NA,NA,NA
"svk","Slovak Republic","1962",35.94,70.57,NA,NA,NA
"svk","Slovak Republic","1963",37.83,70.71,NA,NA,NA
"svk","Slovak Republic","1964",36.54,70.99,NA,NA,NA
"svk","Slovak Republic","1965",40.7,70.52,NA,NA,NA
"svk","Slovak Republic","1966",38.2,70.61,NA,NA,NA
"svk","Slovak Republic","1967",35.2,71.08,NA,NA,NA
"svk","Slovak Republic","1968",33.42,70.59,NA,NA,NA
"svk","Slovak Republic","1969",36.74,70.12,NA,NA,NA
"svk","Slovak Republic","1970",35.43,69.94,NA,NA,NA
"svk","Slovak Republic","1971",33.75,70.12,NA,NA,NA
"svk","Slovak Republic","1972",35.02,70.47,NA,NA,NA
"svk","Slovak Republic","1973",35.46,70.24,NA,NA,NA
"svk","Slovak Republic","1974",32.64,70.43,NA,NA,NA
"svk","Slovak Republic","1975",32.86,70.57,NA,NA,NA
"svk","Slovak Republic","1976",33.54,70.7,NA,NA,NA
"svk","Slovak Republic","1977",29.54,70.64,NA,NA,NA
"svk","Slovak Republic","1978",30.14,70.58,NA,NA,NA
"svk","Slovak Republic","1979",26.99,70.86,NA,NA,NA
"svk","Slovak Republic","1980",24.88,70.71,NA,NA,NA
"svk","Slovak Republic","1981",21.64,70.75,NA,NA,NA
"svk","Slovak Republic","1982",20.73,71.03,NA,NA,NA
"svk","Slovak Republic","1983",19.85,70.7,NA,NA,NA
"svk","Slovak Republic","1984",19,70.9,NA,NA,NA
"svk","Slovak Republic","1985",18.18,70.97,NA,NA,NA
"svk","Slovak Republic","1986",17.4,71.22,NA,NA,NA
"svk","Slovak Republic","1987",16.66,71.21,NA,NA,NA
"svk","Slovak Republic","1988",15.97,71.43,NA,NA,NA
"svk","Slovak Republic","1989",15.32,71.27,NA,NA,NA
"svk","Slovak Republic","1990",14.71,71.07,NA,NA,NA
"svk","Slovak Republic","1991",14.12,71.28,NA,NA,NA
"svk","Slovak Republic","1992",13.56,71.66,NA,NA,NA
"svk","Slovak Republic","1993",13,72.18,NA,NA,NA
"svk","Slovak Republic","1994",12.46,72.66,NA,NA,NA
"svk","Slovak Republic","1995",11.94,72.68,NA,NA,NA
"svk","Slovak Republic","1996",11.45,73.18,NA,NA,NA
"svk","Slovak Republic","1997",10.98,72.95,NA,NA,NA
"svk","Slovak Republic","1998",10.54,72.95,NA,NA,NA
"svk","Slovak Republic","1999",10.13,73.26,NA,NA,NA
"svk","Slovak Republic","2000",9.75,73.67,NA,NA,NA
"svk","Slovak Republic","2001",9.4,73.91,NA,NA,NA
"svk","Slovak Republic","2002",9.07,74.09,NA,NA,NA
"svk","Slovak Republic","2003",8.77,74.2,NA,NA,NA
"svk","Slovak Republic","2004",8.48,74.57,NA,NA,NA
"svk","Slovak Republic","2005",8.2,74.47,NA,NA,NA
"svk","Slovak Republic","2006",7.92,74.72,NA,NA,NA
"svk","Slovak Republic","2007",7.66,74.69,NA,NA,NA
"svk","Slovak Republic","2008",7.42,75.04,NA,NA,NA
"svk","Slovak Republic","2009",7.19,75.31,NA,NA,NA
"svk","Slovak Republic","2010",6.99,75.82,NA,NA,NA
"svk","Slovak Republic","2011",6.8,76.01,NA,NA,NA
"svk","Slovak Republic","2012",6.64,76.35,NA,NA,NA
"svk","Slovak Republic","2013",6.5,76.69,NA,NA,NA
"svk","Slovak Republic","2014",6.36,76.92,NA,NA,NA
"svk","Slovak Republic","2015",6.24,76.8,NA,NA,NA
"svk","Slovak Republic","2016",6.13,77.3,NA,NA,NA
"svk","Slovak Republic","2017",6.03,77.4,NA,NA,NA
"svk","Slovak Republic","2018",5.93,77.5,NA,NA,NA
"svk","Slovak Republic","2019",5.84,77.57,NA,NA,NA
"svk","Slovak Republic","2020",5.71,76.89,NA,NA,NA
"svk","Slovak Republic","2021",5.57,74.8,NA,NA,NA
"svk","Slovak Republic","2022",5.47,75.22,NA,NA,NA
"svk","Slovak Republic","2023",4.7,78.24,NA,NA,NA
"svk","Slovak Republic","2024",4.58,78.41,NA,NA,NA
"svk","Slovak Republic","2025",4.46,78.58,NA,NA,NA
"svn","Slovenia","1915",350.38,34.41,NA,NA,NA
"svn","Slovenia","1916",349.54,34.37,NA,NA,NA
"svn","Slovenia","1917",348.69,34.34,NA,NA,NA
"svn","Slovenia","1918",347.84,18.83,NA,NA,NA
"svn","Slovenia","1919",347,34.27,NA,NA,NA
"svn","Slovenia","1920",346.15,34.24,NA,NA,NA
"svn","Slovenia","1921",335.31,35.07,NA,NA,NA
"svn","Slovenia","1922",323.6,35.91,NA,NA,NA
"svn","Slovenia","1923",313.21,36.74,NA,NA,NA
"svn","Slovenia","1924",303.03,37.56,NA,NA,NA
"svn","Slovenia","1925",293.05,38.39,NA,NA,NA
"svn","Slovenia","1926",282.27,39.22,NA,NA,NA
"svn","Slovenia","1927",272.7,40.04,NA,NA,NA
"svn","Slovenia","1928",263.31,40.87,NA,NA,NA
"svn","Slovenia","1929",253.17,41.69,NA,NA,NA
"svn","Slovenia","1930",244.17,42.5,NA,NA,NA
"svn","Slovenia","1931",234.83,43.32,NA,NA,NA
"svn","Slovenia","1932",225.7,44.13,NA,NA,NA
"svn","Slovenia","1933",215.9,44.95,NA,NA,NA
"svn","Slovenia","1934",207.19,45.76,NA,NA,NA
"svn","Slovenia","1935",198.68,46.57,NA,NA,NA
"svn","Slovenia","1936",189.56,47.37,NA,NA,NA
"svn","Slovenia","1937",181.43,48.18,NA,NA,NA
"svn","Slovenia","1938",173.48,48.99,NA,NA,NA
"svn","Slovenia","1939",165.72,49.79,NA,NA,NA
"svn","Slovenia","1940",157.41,50.6,NA,NA,NA
"svn","Slovenia","1941",150.03,47.82,NA,NA,NA
"svn","Slovenia","1942",142.83,46.14,NA,NA,NA
"svn","Slovenia","1943",135.13,44.58,NA,NA,NA
"svn","Slovenia","1944",128.31,43.22,NA,NA,NA
"svn","Slovenia","1945",121.66,44.77,NA,NA,NA
"svn","Slovenia","1946",115.18,50.12,NA,NA,NA
"svn","Slovenia","1947",108.25,55.53,NA,NA,NA
"svn","Slovenia","1948",102.12,56.83,NA,NA,NA
"svn","Slovenia","1949",96.18,57.69,NA,NA,NA
"svn","Slovenia","1950",89.82,58.48,NA,NA,NA
"svn","Slovenia","1951",88.91,58.01,NA,NA,NA
"svn","Slovenia","1952",81.47,60.24,NA,NA,NA
"svn","Slovenia","1953",78.34,60.64,NA,NA,NA
"svn","Slovenia","1954",72.93,62.21,NA,NA,NA
"svn","Slovenia","1955",71.49,61.92,NA,NA,NA
"svn","Slovenia","1956",67.93,62.36,NA,NA,NA
"svn","Slovenia","1957",63.98,63.22,NA,NA,NA
"svn","Slovenia","1958",58.02,65.13,NA,NA,NA
"svn","Slovenia","1959",56.1,64.88,NA,NA,NA
"svn","Slovenia","1960",54.57,65.31,NA,NA,NA
"svn","Slovenia","1961",50.79,66.25,NA,NA,NA
"svn","Slovenia","1962",48.93,65.93,NA,NA,NA
"svn","Slovenia","1963",46.12,66.93,NA,NA,NA
"svn","Slovenia","1964",43.83,67.04,NA,NA,NA
"svn","Slovenia","1965",41.5,67.89,NA,NA,NA
"svn","Slovenia","1966",39.52,68.73,NA,NA,NA
"svn","Slovenia","1967",37.4,68.53,NA,NA,NA
"svn","Slovenia","1968",35.79,68.55,NA,NA,NA
"svn","Slovenia","1969",34.24,68.07,NA,NA,NA
"svn","Slovenia","1970",32.11,68.6,NA,NA,NA
"svn","Slovenia","1971",30.33,69,NA,NA,NA
"svn","Slovenia","1972",28.76,68.86,NA,NA,NA
"svn","Slovenia","1973",27.99,69.71,NA,NA,NA
"svn","Slovenia","1974",25.88,70.06,NA,NA,NA
"svn","Slovenia","1975",25.29,70.15,NA,NA,NA
"svn","Slovenia","1976",23.75,70.5,NA,NA,NA
"svn","Slovenia","1977",23.51,70.6,NA,NA,NA
"svn","Slovenia","1978",21.89,70.45,NA,NA,NA
"svn","Slovenia","1979",20.48,70.65,NA,NA,NA
"svn","Slovenia","1980",19.56,71.34,NA,NA,NA
"svn","Slovenia","1981",17.97,71.48,NA,NA,NA
"svn","Slovenia","1982",17.02,71.23,NA,NA,NA
"svn","Slovenia","1983",16.12,71.11,NA,NA,NA
"svn","Slovenia","1984",15.25,71.53,NA,NA,NA
"svn","Slovenia","1985",14.37,72.09,NA,NA,NA
"svn","Slovenia","1986",13.51,72.51,NA,NA,NA
"svn","Slovenia","1987",12.66,72.92,NA,NA,NA
"svn","Slovenia","1988",11.85,73.32,NA,NA,NA
"svn","Slovenia","1989",11.08,73.71,NA,NA,NA
"svn","Slovenia","1990",10.36,73.97,NA,NA,NA
"svn","Slovenia","1991",9.68,74.2,NA,NA,NA
"svn","Slovenia","1992",9.05,74.5,NA,NA,NA
"svn","Slovenia","1993",8.46,74.73,NA,NA,NA
"svn","Slovenia","1994",7.9,74.91,NA,NA,NA
"svn","Slovenia","1995",7.39,75.13,NA,NA,NA
"svn","Slovenia","1996",6.93,75.26,NA,NA,NA
"svn","Slovenia","1997",6.51,75.35,NA,NA,NA
"svn","Slovenia","1998",6.13,75.48,NA,NA,NA
"svn","Slovenia","1999",5.79,75.79,NA,NA,NA
"svn","Slovenia","2000",5.47,76.26,NA,NA,NA
"svn","Slovenia","2001",5.18,76.27,NA,NA,NA
"svn","Slovenia","2002",4.92,76.83,NA,NA,NA
"svn","Slovenia","2003",4.66,77.02,NA,NA,NA
"svn","Slovenia","2004",4.42,77.44,NA,NA,NA
"svn","Slovenia","2005",4.2,78.12,NA,NA,NA
"svn","Slovenia","2006",3.98,78.33,NA,NA,NA
"svn","Slovenia","2007",3.77,78.58,NA,NA,NA
"svn","Slovenia","2008",3.58,79.06,NA,NA,NA
"svn","Slovenia","2009",3.4,79.44,NA,NA,NA
"svn","Slovenia","2010",3.23,79.69,NA,NA,NA
"svn","Slovenia","2011",3.08,80.03,NA,NA,NA
"svn","Slovenia","2012",2.94,80.15,NA,NA,NA
"svn","Slovenia","2013",2.81,80.5,NA,NA,NA
"svn","Slovenia","2014",2.7,81.29,NA,NA,NA
"svn","Slovenia","2015",2.59,81.03,NA,NA,NA
"svn","Slovenia","2016",2.5,81.29,NA,NA,NA
"svn","Slovenia","2017",2.41,81.31,NA,NA,NA
"svn","Slovenia","2018",2.33,81.36,NA,NA,NA
"svn","Slovenia","2019",2.25,81.41,NA,NA,NA
"svn","Slovenia","2020",2.15,80.25,NA,NA,NA
"svn","Slovenia","2021",2.08,80.49,NA,NA,NA
"svn","Slovenia","2022",1.65,81.93,NA,NA,NA
"svn","Slovenia","2023",1.57,82.11,NA,NA,NA
"svn","Slovenia","2024",1.5,82.27,NA,NA,NA
"svn","Slovenia","2025",1.43,82.45,NA,NA,NA
"swe","Sweden","1915",105.3,57.32,NA,NA,NA
"swe","Sweden","1916",101.55,58.34,NA,NA,NA
"swe","Sweden","1917",93,59.03,NA,NA,NA
"swe","Sweden","1918",105.92,49.92,NA,NA,NA
"swe","Sweden","1919",104.85,56.7,NA,NA,NA
"swe","Sweden","1920",97.79,58.94,NA,NA,NA
"swe","Sweden","1921",84.64,61.17,NA,NA,NA
"swe","Sweden","1922",80.43,61.19,NA,NA,NA
"swe","Sweden","1923",73.84,63.15,NA,NA,NA
"swe","Sweden","1924",81.24,62.15,NA,NA,NA
"swe","Sweden","1925",73.36,62.71,NA,NA,NA
"swe","Sweden","1926",72.47,62.94,NA,NA,NA
"swe","Sweden","1927",78.46,61.74,NA,NA,NA
"swe","Sweden","1928",78.58,62.43,NA,NA,NA
"swe","Sweden","1929",73.24,62.48,NA,NA,NA
"swe","Sweden","1930",69.49,63.35,NA,NA,NA
"swe","Sweden","1931",71.69,62.85,NA,NA,NA
"swe","Sweden","1932",64.86,64.12,NA,NA,NA
"swe","Sweden","1933",61.59,65,NA,NA,NA
"swe","Sweden","1934",60.3,65.16,NA,NA,NA
"swe","Sweden","1935",59.16,65.04,NA,NA,NA
"swe","Sweden","1936",58.46,64.79,NA,NA,NA
"swe","Sweden","1937",59.85,64.81,NA,NA,NA
"swe","Sweden","1938",55.76,65.76,NA,NA,NA
"swe","Sweden","1939",51.23,66.59,NA,NA,NA
"swe","Sweden","1940",48.45,66.93,NA,NA,NA
"swe","Sweden","1941",48.99,67.23,NA,NA,NA
"swe","Sweden","1942",39.76,69.17,NA,NA,NA
"swe","Sweden","1943",39.83,68.93,NA,NA,NA
"swe","Sweden","1944",43.34,67.94,NA,NA,NA
"swe","Sweden","1945",40.11,68.54,NA,NA,NA
"swe","Sweden","1946",33.79,69.72,NA,NA,NA
"swe","Sweden","1947",32.29,69.68,NA,NA,NA
"swe","Sweden","1948",29.65,70.94,NA,NA,NA
"swe","Sweden","1949",29.36,71.02,NA,NA,NA
"swe","Sweden","1950",27.13,71.36,NA,NA,NA
"swe","Sweden","1951",25.67,71.6,NA,NA,NA
"swe","Sweden","1952",24.35,71.99,NA,NA,NA
"swe","Sweden","1953",23.22,72.18,NA,NA,NA
"swe","Sweden","1954",22.31,72.54,NA,NA,NA
"swe","Sweden","1955",21.63,72.76,NA,NA,NA
"swe","Sweden","1956",21.1,72.87,NA,NA,NA
"swe","Sweden","1957",20.65,72.88,NA,NA,NA
"swe","Sweden","1958",20.24,73.28,NA,NA,NA
"swe","Sweden","1959",19.89,73.45,NA,NA,NA
"swe","Sweden","1960",19.56,73.41,NA,NA,NA
"swe","Sweden","1961",19.16,73.64,NA,NA,NA
"swe","Sweden","1962",18.61,73.71,NA,NA,NA
"swe","Sweden","1963",17.92,73.87,NA,NA,NA
"swe","Sweden","1964",17.13,74.02,NA,NA,NA
"swe","Sweden","1965",16.3,74.19,NA,NA,NA
"swe","Sweden","1966",15.54,74.34,NA,NA,NA
"swe","Sweden","1967",14.9,74.36,NA,NA,NA
"swe","Sweden","1968",14.36,74.37,NA,NA,NA
"swe","Sweden","1969",13.88,74.53,NA,NA,NA
"swe","Sweden","1970",13.4,74.83,NA,NA,NA
"swe","Sweden","1971",12.86,74.89,NA,NA,NA
"swe","Sweden","1972",12.26,74.96,NA,NA,NA
"swe","Sweden","1973",11.61,75.11,NA,NA,NA
"swe","Sweden","1974",10.96,75.19,NA,NA,NA
"swe","Sweden","1975",10.35,75.26,NA,NA,NA
"swe","Sweden","1976",9.82,75.38,NA,NA,NA
"swe","Sweden","1977",9.39,75.58,NA,NA,NA
"swe","Sweden","1978",9.04,75.75,NA,NA,NA
"swe","Sweden","1979",8.73,75.82,NA,NA,NA
"swe","Sweden","1980",8.45,76.07,NA,NA,NA
"swe","Sweden","1981",8.19,76.36,NA,NA,NA
"swe","Sweden","1982",7.99,76.62,NA,NA,NA
"swe","Sweden","1983",7.84,76.89,NA,NA,NA
"swe","Sweden","1984",7.71,77.08,NA,NA,NA
"swe","Sweden","1985",7.6,77.09,NA,NA,NA
"swe","Sweden","1986",7.51,77.28,NA,NA,NA
"swe","Sweden","1987",7.43,77.35,NA,NA,NA
"swe","Sweden","1988",7.33,77.44,NA,NA,NA
"swe","Sweden","1989",7.19,77.8,NA,NA,NA
"swe","Sweden","1990",6.97,77.95,NA,NA,NA
"swe","Sweden","1991",6.63,78.07,NA,NA,NA
"swe","Sweden","1992",6.18,78.35,NA,NA,NA
"swe","Sweden","1993",5.68,78.54,NA,NA,NA
"swe","Sweden","1994",5.22,78.84,NA,NA,NA
"swe","Sweden","1995",4.83,79.12,NA,NA,NA
"swe","Sweden","1996",4.54,79.31,NA,NA,NA
"swe","Sweden","1997",4.34,79.52,NA,NA,NA
"swe","Sweden","1998",4.22,79.64,NA,NA,NA
"swe","Sweden","1999",4.14,79.79,NA,NA,NA
"swe","Sweden","2000",4.1,80,NA,NA,NA
"swe","Sweden","2001",4.05,80.15,NA,NA,NA
"swe","Sweden","2002",3.98,80.31,NA,NA,NA
"swe","Sweden","2003",3.88,80.52,NA,NA,NA
"swe","Sweden","2004",3.75,80.67,NA,NA,NA
"swe","Sweden","2005",3.6,80.98,NA,NA,NA
"swe","Sweden","2006",3.45,81.13,NA,NA,NA
"swe","Sweden","2007",3.32,81.31,NA,NA,NA
"swe","Sweden","2008",3.21,81.52,NA,NA,NA
"swe","Sweden","2009",3.13,81.67,NA,NA,NA
"swe","Sweden","2010",3.06,81.86,NA,NA,NA
"swe","Sweden","2011",3.01,81.99,NA,NA,NA
"swe","Sweden","2012",2.97,82.11,NA,NA,NA
"swe","Sweden","2013",2.93,82.26,NA,NA,NA
"swe","Sweden","2014",2.9,82.46,NA,NA,NA
"swe","Sweden","2015",2.86,82.55,NA,NA,NA
"swe","Sweden","2016",2.82,82.62,NA,NA,NA
"swe","Sweden","2017",2.77,82.68,NA,NA,NA
"swe","Sweden","2018",2.72,82.73,NA,NA,NA
"swe","Sweden","2019",2.68,82.83,NA,NA,NA
"swe","Sweden","2020",2.96,82.21,NA,NA,NA
"swe","Sweden","2021",2.54,82.76,NA,NA,NA
"swe","Sweden","2022",2.39,83.28,NA,NA,NA
"swe","Sweden","2023",2.32,83.43,NA,NA,NA
"swe","Sweden","2024",2.24,83.59,NA,NA,NA
"swe","Sweden","2025",2.18,83.72,NA,NA,NA
"swz","Eswatini","1915",401.48,33.63,NA,NA,NA
"swz","Eswatini","1916",400.51,33.65,NA,NA,NA
"swz","Eswatini","1917",399.54,33.67,NA,NA,NA
"swz","Eswatini","1918",398.57,13.03,NA,NA,NA
"swz","Eswatini","1919",397.6,33.71,NA,NA,NA
"swz","Eswatini","1920",396.63,33.73,NA,NA,NA
"swz","Eswatini","1921",395.66,33.75,NA,NA,NA
"swz","Eswatini","1922",394.69,33.77,NA,NA,NA
"swz","Eswatini","1923",393.71,33.79,NA,NA,NA
"swz","Eswatini","1924",392.74,33.81,NA,NA,NA
"swz","Eswatini","1925",391.77,33.83,NA,NA,NA
"swz","Eswatini","1926",390.8,33.85,NA,NA,NA
"swz","Eswatini","1927",389.83,33.88,NA,NA,NA
"swz","Eswatini","1928",388.86,33.9,NA,NA,NA
"swz","Eswatini","1929",387.89,33.92,NA,NA,NA
"swz","Eswatini","1930",386.92,33.94,NA,NA,NA
"swz","Eswatini","1931",385.71,33.96,NA,NA,NA
"swz","Eswatini","1932",384.5,33.98,NA,NA,NA
"swz","Eswatini","1933",383.3,34,NA,NA,NA
"swz","Eswatini","1934",382.09,34.02,NA,NA,NA
"swz","Eswatini","1935",380.89,34.04,NA,NA,NA
"swz","Eswatini","1936",379.69,34.06,NA,NA,NA
"swz","Eswatini","1937",378.49,34.08,NA,NA,NA
"swz","Eswatini","1938",377.29,34.1,NA,NA,NA
"swz","Eswatini","1939",376.09,34.12,NA,NA,NA
"swz","Eswatini","1940",374.88,34.14,NA,NA,NA
"swz","Eswatini","1941",358.43,34.18,NA,NA,NA
"swz","Eswatini","1942",342.7,34.24,NA,NA,NA
"swz","Eswatini","1943",327.65,34.28,NA,NA,NA
"swz","Eswatini","1944",313.27,34.33,NA,NA,NA
"swz","Eswatini","1945",299.52,34.37,NA,NA,NA
"swz","Eswatini","1946",286.38,36.16,NA,NA,NA
"swz","Eswatini","1947",273.81,37.95,NA,NA,NA
"swz","Eswatini","1948",261.79,39.74,NA,NA,NA
"swz","Eswatini","1949",250.3,41.53,NA,NA,NA
"swz","Eswatini","1950",239.31,43.33,NA,NA,NA
"swz","Eswatini","1951",236.34,43.6,NA,NA,NA
"swz","Eswatini","1952",233.44,43.85,NA,NA,NA
"swz","Eswatini","1953",230.2,44.11,NA,NA,NA
"swz","Eswatini","1954",227.1,44.3,NA,NA,NA
"swz","Eswatini","1955",224.13,44.5,NA,NA,NA
"swz","Eswatini","1956",221.09,44.71,NA,NA,NA
"swz","Eswatini","1957",218.05,44.9,NA,NA,NA
"swz","Eswatini","1958",215.18,45.1,NA,NA,NA
"swz","Eswatini","1959",212.18,45.32,NA,NA,NA
"swz","Eswatini","1960",208.75,45.64,NA,NA,NA
"swz","Eswatini","1961",205.43,46.05,NA,NA,NA
"swz","Eswatini","1962",202.1,46.64,NA,NA,NA
"swz","Eswatini","1963",198.57,47.18,NA,NA,NA
"swz","Eswatini","1964",194.88,47.83,NA,NA,NA
"swz","Eswatini","1965",190.69,48.54,NA,NA,NA
"swz","Eswatini","1966",186.48,49.19,NA,NA,NA
"swz","Eswatini","1967",182.52,49.83,NA,NA,NA
"swz","Eswatini","1968",178.54,50.33,NA,NA,NA
"swz","Eswatini","1969",174.35,50.8,NA,NA,NA
"swz","Eswatini","1970",169.91,51.47,NA,NA,NA
"swz","Eswatini","1971",164.98,52.04,NA,NA,NA
"swz","Eswatini","1972",159.68,52.65,NA,NA,NA
"swz","Eswatini","1973",153.9,53.18,NA,NA,NA
"swz","Eswatini","1974",147.98,53.73,NA,NA,NA
"swz","Eswatini","1975",142.08,54.46,NA,NA,NA
"swz","Eswatini","1976",136.11,55.16,NA,NA,NA
"swz","Eswatini","1977",130.41,55.77,NA,NA,NA
"swz","Eswatini","1978",124.92,56.3,NA,NA,NA
"swz","Eswatini","1979",119.47,56.82,NA,NA,NA
"swz","Eswatini","1980",113.97,57.26,NA,NA,NA
"swz","Eswatini","1981",108.44,57.71,NA,NA,NA
"swz","Eswatini","1982",102.84,58.22,NA,NA,NA
"swz","Eswatini","1983",107.86,57.6,NA,NA,NA
"swz","Eswatini","1984",91.63,59.04,NA,NA,NA
"swz","Eswatini","1985",86.27,59.62,NA,NA,NA
"swz","Eswatini","1986",81.27,60.04,NA,NA,NA
"swz","Eswatini","1987",76.75,60.52,NA,NA,NA
"swz","Eswatini","1988",72.74,60.98,NA,NA,NA
"swz","Eswatini","1989",69.56,61.41,NA,NA,NA
"swz","Eswatini","1990",67.44,61.75,NA,NA,NA
"swz","Eswatini","1991",66.81,61.9,NA,NA,NA
"swz","Eswatini","1992",68.17,61.93,NA,NA,NA
"swz","Eswatini","1993",71.69,61.78,NA,NA,NA
"swz","Eswatini","1994",77.04,60.87,NA,NA,NA
"swz","Eswatini","1995",83.53,59.32,NA,NA,NA
"swz","Eswatini","1996",90,57.19,NA,NA,NA
"swz","Eswatini","1997",96.17,55.39,NA,NA,NA
"swz","Eswatini","1998",102.01,52.98,NA,NA,NA
"swz","Eswatini","1999",107.21,50.7,NA,NA,NA
"swz","Eswatini","2000",112.19,48.32,NA,NA,NA
"swz","Eswatini","2001",115.8,46.32,NA,NA,NA
"swz","Eswatini","2002",117.74,45.02,NA,NA,NA
"swz","Eswatini","2003",119.25,43.89,NA,NA,NA
"swz","Eswatini","2004",119.71,43.14,NA,NA,NA
"swz","Eswatini","2005",119.36,43.29,NA,NA,NA
"swz","Eswatini","2006",108.96,44.13,NA,NA,NA
"swz","Eswatini","2007",103.84,44.85,NA,NA,NA
"swz","Eswatini","2008",101.9,45.53,NA,NA,NA
"swz","Eswatini","2009",95.98,46.35,NA,NA,NA
"swz","Eswatini","2010",85.47,47.98,NA,NA,NA
"swz","Eswatini","2011",73.43,49.78,NA,NA,NA
"swz","Eswatini","2012",65.99,50.88,NA,NA,NA
"swz","Eswatini","2013",62.54,52.13,NA,NA,NA
"swz","Eswatini","2014",62.37,53.53,NA,NA,NA
"swz","Eswatini","2015",57.16,54.88,NA,NA,NA
"swz","Eswatini","2016",55.59,56.06,NA,NA,NA
"swz","Eswatini","2017",57.87,57.03,NA,NA,NA
"swz","Eswatini","2018",52.23,57.8,NA,NA,NA
"swz","Eswatini","2019",48,58.26,NA,NA,NA
"swz","Eswatini","2020",46.81,57.43,NA,NA,NA
"swz","Eswatini","2021",49.19,54.91,NA,NA,NA
"swz","Eswatini","2022",51.18,54.23,NA,NA,NA
"swz","Eswatini","2023",50.48,55.53,NA,NA,NA
"swz","Eswatini","2024",43.78,59.31,NA,NA,NA
"swz","Eswatini","2025",43.19,59.5,NA,NA,NA
"syc","Seychelles","1915",161.4,50.09,NA,NA,NA
"syc","Seychelles","1916",159.98,50.37,NA,NA,NA
"syc","Seychelles","1917",158.57,50.66,NA,NA,NA
"syc","Seychelles","1918",157.17,50.96,NA,NA,NA
"syc","Seychelles","1919",155.79,51.24,NA,NA,NA
"syc","Seychelles","1920",154.41,51.53,NA,NA,NA
"syc","Seychelles","1921",153.05,51.82,NA,NA,NA
"syc","Seychelles","1922",151.7,52.12,NA,NA,NA
"syc","Seychelles","1923",150.37,52.4,NA,NA,NA
"syc","Seychelles","1924",149.04,52.69,NA,NA,NA
"syc","Seychelles","1925",147.73,52.98,NA,NA,NA
"syc","Seychelles","1926",146.43,53.28,NA,NA,NA
"syc","Seychelles","1927",145.14,53.57,NA,NA,NA
"syc","Seychelles","1928",143.86,53.86,NA,NA,NA
"syc","Seychelles","1929",142.59,54.15,NA,NA,NA
"syc","Seychelles","1930",141.33,54.45,NA,NA,NA
"syc","Seychelles","1931",139.96,54.74,NA,NA,NA
"syc","Seychelles","1932",138.59,55.03,NA,NA,NA
"syc","Seychelles","1933",137.25,55.32,NA,NA,NA
"syc","Seychelles","1934",135.91,55.62,NA,NA,NA
"syc","Seychelles","1935",134.59,55.91,NA,NA,NA
"syc","Seychelles","1936",133.28,56.2,NA,NA,NA
"syc","Seychelles","1937",131.98,56.49,NA,NA,NA
"syc","Seychelles","1938",130.69,56.78,NA,NA,NA
"syc","Seychelles","1939",129.42,57.08,NA,NA,NA
"syc","Seychelles","1940",128.16,57.37,NA,NA,NA
"syc","Seychelles","1941",126.91,57.63,NA,NA,NA
"syc","Seychelles","1942",125.67,57.88,NA,NA,NA
"syc","Seychelles","1943",124.45,58.16,NA,NA,NA
"syc","Seychelles","1944",123.24,58.41,NA,NA,NA
"syc","Seychelles","1945",122.04,58.67,NA,NA,NA
"syc","Seychelles","1946",120.85,58.92,NA,NA,NA
"syc","Seychelles","1947",119.67,59.19,NA,NA,NA
"syc","Seychelles","1948",118.5,59.44,NA,NA,NA
"syc","Seychelles","1949",117.35,59.7,NA,NA,NA
"syc","Seychelles","1950",116.2,59.96,NA,NA,NA
"syc","Seychelles","1951",115.34,60.36,NA,NA,NA
"syc","Seychelles","1952",114.15,60.76,NA,NA,NA
"syc","Seychelles","1953",112.94,61.15,NA,NA,NA
"syc","Seychelles","1954",111.68,61.53,NA,NA,NA
"syc","Seychelles","1955",110.43,62.01,NA,NA,NA
"syc","Seychelles","1956",109.2,62.54,NA,NA,NA
"syc","Seychelles","1957",107.97,63.01,NA,NA,NA
"syc","Seychelles","1958",106.8,63.33,NA,NA,NA
"syc","Seychelles","1959",105.64,63.56,NA,NA,NA
"syc","Seychelles","1960",104.47,63.64,NA,NA,NA
"syc","Seychelles","1961",103.11,63.38,NA,NA,NA
"syc","Seychelles","1962",101.64,63.52,NA,NA,NA
"syc","Seychelles","1963",99.93,63.67,NA,NA,NA
"syc","Seychelles","1964",97.89,63.81,NA,NA,NA
"syc","Seychelles","1965",95.39,63.89,NA,NA,NA
"syc","Seychelles","1966",92.42,64.1,NA,NA,NA
"syc","Seychelles","1967",88.94,64.31,NA,NA,NA
"syc","Seychelles","1968",84.88,64.7,NA,NA,NA
"syc","Seychelles","1969",80.36,65.11,NA,NA,NA
"syc","Seychelles","1970",75.49,65.73,NA,NA,NA
"syc","Seychelles","1971",70.48,66.44,NA,NA,NA
"syc","Seychelles","1972",65.47,67.24,NA,NA,NA
"syc","Seychelles","1973",60.53,67.78,NA,NA,NA
"syc","Seychelles","1974",55.64,68.33,NA,NA,NA
"syc","Seychelles","1975",50.81,68.91,NA,NA,NA
"syc","Seychelles","1976",46.13,69.43,NA,NA,NA
"syc","Seychelles","1977",41.63,69.84,NA,NA,NA
"syc","Seychelles","1978",37.46,70.29,NA,NA,NA
"syc","Seychelles","1979",33.68,70.76,NA,NA,NA
"syc","Seychelles","1980",30.38,71.06,NA,NA,NA
"syc","Seychelles","1981",27.58,71.14,NA,NA,NA
"syc","Seychelles","1982",25.24,70.72,NA,NA,NA
"syc","Seychelles","1983",23.33,71.36,NA,NA,NA
"syc","Seychelles","1984",21.72,71.49,NA,NA,NA
"syc","Seychelles","1985",20.42,71.25,NA,NA,NA
"syc","Seychelles","1986",19.34,71.12,NA,NA,NA
"syc","Seychelles","1987",18.42,70.95,NA,NA,NA
"syc","Seychelles","1988",17.62,70.92,NA,NA,NA
"syc","Seychelles","1989",16.93,70.53,NA,NA,NA
"syc","Seychelles","1990",16.32,70.56,NA,NA,NA
"syc","Seychelles","1991",15.77,70.75,NA,NA,NA
"syc","Seychelles","1992",15.31,70.8,NA,NA,NA
"syc","Seychelles","1993",14.92,70.7,NA,NA,NA
"syc","Seychelles","1994",14.61,70.62,NA,NA,NA
"syc","Seychelles","1995",14.35,70.95,NA,NA,NA
"syc","Seychelles","1996",14.14,71.06,NA,NA,NA
"syc","Seychelles","1997",13.99,71.19,NA,NA,NA
"syc","Seychelles","1998",13.88,71.58,NA,NA,NA
"syc","Seychelles","1999",13.81,71.83,NA,NA,NA
"syc","Seychelles","2000",13.75,72.2,NA,NA,NA
"syc","Seychelles","2001",13.72,72.32,NA,NA,NA
"syc","Seychelles","2002",13.71,72.11,NA,NA,NA
"syc","Seychelles","2003",13.71,71.9,NA,NA,NA
"syc","Seychelles","2004",13.72,72.05,NA,NA,NA
"syc","Seychelles","2005",13.74,72.24,NA,NA,NA
"syc","Seychelles","2006",13.78,72.4,NA,NA,NA
"syc","Seychelles","2007",13.82,72.53,NA,NA,NA
"syc","Seychelles","2008",13.89,72.76,NA,NA,NA
"syc","Seychelles","2009",13.98,72.94,NA,NA,NA
"syc","Seychelles","2010",14.09,73.21,NA,NA,NA
"syc","Seychelles","2011",14.22,73.42,NA,NA,NA
"syc","Seychelles","2012",14.36,73.4,NA,NA,NA
"syc","Seychelles","2013",14.51,73.49,NA,NA,NA
"syc","Seychelles","2014",14.65,73.5,NA,NA,NA
"syc","Seychelles","2015",14.79,73.41,NA,NA,NA
"syc","Seychelles","2016",14.82,73.31,NA,NA,NA
"syc","Seychelles","2017",14.75,73.42,NA,NA,NA
"syc","Seychelles","2018",14.54,73.51,NA,NA,NA
"syc","Seychelles","2019",14.26,73.56,NA,NA,NA
"syc","Seychelles","2020",13.96,72.93,NA,NA,NA
"syc","Seychelles","2021",13.65,70.71,NA,NA,NA
"syc","Seychelles","2022",13.45,71.15,NA,NA,NA
"syc","Seychelles","2023",11.56,74.38,NA,NA,NA
"syc","Seychelles","2024",11.11,74.59,NA,NA,NA
"syc","Seychelles","2025",10.69,74.8,NA,NA,NA
"syr","Syria","1915",416.57,34.24,NA,NA,NA
"syr","Syria","1916",415.56,34.29,NA,NA,NA
"syr","Syria","1917",414.56,34.34,NA,NA,NA
"syr","Syria","1918",413.55,28.51,NA,NA,NA
"syr","Syria","1919",412.54,34.44,NA,NA,NA
"syr","Syria","1920",411.53,34.49,NA,NA,NA
"syr","Syria","1921",410.53,34.53,NA,NA,NA
"syr","Syria","1922",409.52,34.58,NA,NA,NA
"syr","Syria","1923",408.51,34.63,NA,NA,NA
"syr","Syria","1924",407.51,34.68,NA,NA,NA
"syr","Syria","1925",406.5,34.73,NA,NA,NA
"syr","Syria","1926",405.49,34.78,NA,NA,NA
"syr","Syria","1927",404.49,34.82,NA,NA,NA
"syr","Syria","1928",403.48,34.87,NA,NA,NA
"syr","Syria","1929",402.47,34.92,NA,NA,NA
"syr","Syria","1930",401.46,34.97,NA,NA,NA
"syr","Syria","1931",398.36,35.02,NA,NA,NA
"syr","Syria","1932",395.27,35.07,NA,NA,NA
"syr","Syria","1933",392.18,35.12,NA,NA,NA
"syr","Syria","1934",389.11,35.16,NA,NA,NA
"syr","Syria","1935",386.05,35.21,NA,NA,NA
"syr","Syria","1936",370.26,36.5,NA,NA,NA
"syr","Syria","1937",354.98,37.79,NA,NA,NA
"syr","Syria","1938",340.18,39.09,NA,NA,NA
"syr","Syria","1939",325.85,40.39,NA,NA,NA
"syr","Syria","1940",311.97,41.69,NA,NA,NA
"syr","Syria","1941",308.18,43.01,NA,NA,NA
"syr","Syria","1942",304.42,44.32,NA,NA,NA
"syr","Syria","1943",300.7,45.64,NA,NA,NA
"syr","Syria","1944",297.02,46.96,NA,NA,NA
"syr","Syria","1945",293.37,48.29,NA,NA,NA
"syr","Syria","1946",289.75,49.62,NA,NA,NA
"syr","Syria","1947",286.18,50.95,NA,NA,NA
"syr","Syria","1948",282.63,52.29,NA,NA,NA
"syr","Syria","1949",279.13,53.63,NA,NA,NA
"syr","Syria","1950",275.65,54.96,NA,NA,NA
"syr","Syria","1951",271.87,54.93,NA,NA,NA
"syr","Syria","1952",264.56,55.48,NA,NA,NA
"syr","Syria","1953",257.21,55.54,NA,NA,NA
"syr","Syria","1954",241.61,56.75,NA,NA,NA
"syr","Syria","1955",226.9,57.41,NA,NA,NA
"syr","Syria","1956",213.55,57.93,NA,NA,NA
"syr","Syria","1957",201.02,59.47,NA,NA,NA
"syr","Syria","1958",189.75,60.04,NA,NA,NA
"syr","Syria","1959",179.33,60.17,NA,NA,NA
"syr","Syria","1960",169.97,61.04,NA,NA,NA
"syr","Syria","1961",161.55,61.72,NA,NA,NA
"syr","Syria","1962",154.08,62.62,NA,NA,NA
"syr","Syria","1963",147.33,62.82,NA,NA,NA
"syr","Syria","1964",140.98,63.29,NA,NA,NA
"syr","Syria","1965",134.9,64.22,NA,NA,NA
"syr","Syria","1966",128.85,64.14,NA,NA,NA
"syr","Syria","1967",122.73,64.81,NA,NA,NA
"syr","Syria","1968",116.54,65.43,NA,NA,NA
"syr","Syria","1969",110.49,65.83,NA,NA,NA
"syr","Syria","1970",104.52,66.49,NA,NA,NA
"syr","Syria","1971",98.93,67.24,NA,NA,NA
"syr","Syria","1972",93.72,67.85,NA,NA,NA
"syr","Syria","1973",88.88,67.92,NA,NA,NA
"syr","Syria","1974",84.31,69.65,NA,NA,NA
"syr","Syria","1975",79.98,69.81,NA,NA,NA
"syr","Syria","1976",75.72,69.85,NA,NA,NA
"syr","Syria","1977",71.57,70.25,NA,NA,NA
"syr","Syria","1978",67.57,70.77,NA,NA,NA
"syr","Syria","1979",63.76,70.35,NA,NA,NA
"syr","Syria","1980",60.14,70.23,NA,NA,NA
"syr","Syria","1981",63.04,70.01,NA,NA,NA
"syr","Syria","1982",70.22,66.1,NA,NA,NA
"syr","Syria","1983",50.6,69.43,NA,NA,NA
"syr","Syria","1984",47.95,70.08,NA,NA,NA
"syr","Syria","1985",45.54,69.41,NA,NA,NA
"syr","Syria","1986",43.4,69.36,NA,NA,NA
"syr","Syria","1987",41.49,69.23,NA,NA,NA
"syr","Syria","1988",39.75,69.12,NA,NA,NA
"syr","Syria","1989",38.18,68.93,NA,NA,NA
"syr","Syria","1990",36.7,68.79,NA,NA,NA
"syr","Syria","1991",35.2,68.81,NA,NA,NA
"syr","Syria","1992",33.73,68.64,NA,NA,NA
"syr","Syria","1993",32.24,69.3,NA,NA,NA
"syr","Syria","1994",30.72,69.54,NA,NA,NA
"syr","Syria","1995",29.22,69.75,NA,NA,NA
"syr","Syria","1996",27.78,70.1,NA,NA,NA
"syr","Syria","1997",26.43,70.37,NA,NA,NA
"syr","Syria","1998",25.17,70.43,NA,NA,NA
"syr","Syria","1999",24.05,70.93,NA,NA,NA
"syr","Syria","2000",23.03,71.62,NA,NA,NA
"syr","Syria","2001",22.14,72.44,NA,NA,NA
"syr","Syria","2002",21.36,72.78,NA,NA,NA
"syr","Syria","2003",20.69,73.77,NA,NA,NA
"syr","Syria","2004",20.14,74.09,NA,NA,NA
"syr","Syria","2005",19.68,74.42,NA,NA,NA
"syr","Syria","2006",19.31,74.48,NA,NA,NA
"syr","Syria","2007",19.06,74.64,NA,NA,NA
"syr","Syria","2008",18.9,74.44,NA,NA,NA
"syr","Syria","2009",18.84,74.7,NA,NA,NA
"syr","Syria","2010",18.87,74.71,NA,NA,NA
"syr","Syria","2011",20.07,72.8,NA,NA,NA
"syr","Syria","2012",37,65.75,NA,NA,NA
"syr","Syria","2013",45.25,66.38,NA,NA,NA
"syr","Syria","2014",47.04,63.58,NA,NA,NA
"syr","Syria","2015",41.57,65.47,NA,NA,NA
"syr","Syria","2016",39.46,64.33,NA,NA,NA
"syr","Syria","2017",23.51,68.28,NA,NA,NA
"syr","Syria","2018",23.38,73.17,NA,NA,NA
"syr","Syria","2019",22.19,73.88,NA,NA,NA
"syr","Syria","2020",22.44,74.21,NA,NA,NA
"syr","Syria","2021",21.93,74.13,NA,NA,NA
"syr","Syria","2022",20.09,74.37,NA,NA,NA
"syr","Syria","2023",19.48,74.52,NA,NA,NA
"syr","Syria","2024",18.87,74.68,NA,NA,NA
"syr","Syria","2025",18.3,74.84,NA,NA,NA
"tcd","Chad","1915",419.13,35.24,NA,NA,NA
"tcd","Chad","1916",418.11,35.31,NA,NA,NA
"tcd","Chad","1917",417.1,35.38,NA,NA,NA
"tcd","Chad","1918",416.09,20.76,NA,NA,NA
"tcd","Chad","1919",415.07,35.51,NA,NA,NA
"tcd","Chad","1920",414.06,35.58,NA,NA,NA
"tcd","Chad","1921",413.05,35.64,NA,NA,NA
"tcd","Chad","1922",412.04,35.71,NA,NA,NA
"tcd","Chad","1923",411.02,35.78,NA,NA,NA
"tcd","Chad","1924",410.01,35.84,NA,NA,NA
"tcd","Chad","1925",409,35.91,NA,NA,NA
"tcd","Chad","1926",407.98,35.98,NA,NA,NA
"tcd","Chad","1927",406.97,36.04,NA,NA,NA
"tcd","Chad","1928",405.96,36.11,NA,NA,NA
"tcd","Chad","1929",404.94,36.18,NA,NA,NA
"tcd","Chad","1930",403.93,36.24,NA,NA,NA
"tcd","Chad","1931",402.96,36.31,NA,NA,NA
"tcd","Chad","1932",401.98,36.38,NA,NA,NA
"tcd","Chad","1933",401.01,36.44,NA,NA,NA
"tcd","Chad","1934",400.04,36.51,NA,NA,NA
"tcd","Chad","1935",399.06,36.58,NA,NA,NA
"tcd","Chad","1936",398.09,36.64,NA,NA,NA
"tcd","Chad","1937",397.12,36.71,NA,NA,NA
"tcd","Chad","1938",396.14,36.78,NA,NA,NA
"tcd","Chad","1939",395.17,36.85,NA,NA,NA
"tcd","Chad","1940",394.2,36.91,NA,NA,NA
"tcd","Chad","1941",393.22,37.16,NA,NA,NA
"tcd","Chad","1942",392.25,37.39,NA,NA,NA
"tcd","Chad","1943",391.28,37.64,NA,NA,NA
"tcd","Chad","1944",390.29,37.89,NA,NA,NA
"tcd","Chad","1945",389.32,38.13,NA,NA,NA
"tcd","Chad","1946",377.77,39.5,NA,NA,NA
"tcd","Chad","1947",365.34,40.86,NA,NA,NA
"tcd","Chad","1948",354.33,42.25,NA,NA,NA
"tcd","Chad","1949",343.54,43.63,NA,NA,NA
"tcd","Chad","1950",331.92,45.02,NA,NA,NA
"tcd","Chad","1951",330.33,45.25,NA,NA,NA
"tcd","Chad","1952",327.17,45.5,NA,NA,NA
"tcd","Chad","1953",323.78,45.75,NA,NA,NA
"tcd","Chad","1954",320.62,46,NA,NA,NA
"tcd","Chad","1955",317.48,46.24,NA,NA,NA
"tcd","Chad","1956",314.2,46.47,NA,NA,NA
"tcd","Chad","1957",310.99,46.7,NA,NA,NA
"tcd","Chad","1958",307.9,46.93,NA,NA,NA
"tcd","Chad","1959",304.68,47.17,NA,NA,NA
"tcd","Chad","1960",301.58,47.41,NA,NA,NA
"tcd","Chad","1961",298.69,47.65,NA,NA,NA
"tcd","Chad","1962",295.57,47.93,NA,NA,NA
"tcd","Chad","1963",292.45,48.15,NA,NA,NA
"tcd","Chad","1964",289.34,48.31,NA,NA,NA
"tcd","Chad","1965",287.71,48.47,NA,NA,NA
"tcd","Chad","1966",282.4,47.79,NA,NA,NA
"tcd","Chad","1967",278.24,47.92,NA,NA,NA
"tcd","Chad","1968",273.35,48.02,NA,NA,NA
"tcd","Chad","1969",268.44,48.14,NA,NA,NA
"tcd","Chad","1970",263.49,48.36,NA,NA,NA
"tcd","Chad","1971",262.51,48.22,NA,NA,NA
"tcd","Chad","1972",252.93,48.99,NA,NA,NA
"tcd","Chad","1973",251.48,49.85,NA,NA,NA
"tcd","Chad","1974",249.92,50.05,NA,NA,NA
"tcd","Chad","1975",248.55,50.42,NA,NA,NA
"tcd","Chad","1976",247.07,50.07,NA,NA,NA
"tcd","Chad","1977",245.5,50.32,NA,NA,NA
"tcd","Chad","1978",243.85,50.63,NA,NA,NA
"tcd","Chad","1979",242.08,50.7,NA,NA,NA
"tcd","Chad","1980",240.19,50.77,NA,NA,NA
"tcd","Chad","1981",237.93,50.77,NA,NA,NA
"tcd","Chad","1982",235.48,50.7,NA,NA,NA
"tcd","Chad","1983",232.78,51.01,NA,NA,NA
"tcd","Chad","1984",229.94,51.4,NA,NA,NA
"tcd","Chad","1985",227,52.36,NA,NA,NA
"tcd","Chad","1986",224.01,52.33,NA,NA,NA
"tcd","Chad","1987",221.07,50.96,NA,NA,NA
"tcd","Chad","1988",218.08,53.27,NA,NA,NA
"tcd","Chad","1989",215.08,53.67,NA,NA,NA
"tcd","Chad","1990",212.08,53.54,NA,NA,NA
"tcd","Chad","1991",209.19,53.63,NA,NA,NA
"tcd","Chad","1992",206.36,53.51,NA,NA,NA
"tcd","Chad","1993",203.73,53.71,NA,NA,NA
"tcd","Chad","1994",201.18,53.52,NA,NA,NA
"tcd","Chad","1995",198.75,53.46,NA,NA,NA
"tcd","Chad","1996",196.26,53.14,NA,NA,NA
"tcd","Chad","1997",193.58,52.78,NA,NA,NA
"tcd","Chad","1998",190.59,52.54,NA,NA,NA
"tcd","Chad","1999",187.38,52.52,NA,NA,NA
"tcd","Chad","2000",183.98,52.25,NA,NA,NA
"tcd","Chad","2001",180.55,52.52,NA,NA,NA
"tcd","Chad","2002",177.12,52.63,NA,NA,NA
"tcd","Chad","2003",173.78,52.81,NA,NA,NA
"tcd","Chad","2004",170.4,53.17,NA,NA,NA
"tcd","Chad","2005",166.92,53.73,NA,NA,NA
"tcd","Chad","2006",163.31,53.86,NA,NA,NA
"tcd","Chad","2007",159.61,54.79,NA,NA,NA
"tcd","Chad","2008",155.71,55.23,NA,NA,NA
"tcd","Chad","2009",151.72,55.97,NA,NA,NA
"tcd","Chad","2010",147.71,56.5,NA,NA,NA
"tcd","Chad","2011",143.72,56.85,NA,NA,NA
"tcd","Chad","2012",139.79,57.31,NA,NA,NA
"tcd","Chad","2013",135.95,57.76,NA,NA,NA
"tcd","Chad","2014",132.27,58.26,NA,NA,NA
"tcd","Chad","2015",128.68,58.75,NA,NA,NA
"tcd","Chad","2016",124.92,59.25,NA,NA,NA
"tcd","Chad","2017",121.09,59.53,NA,NA,NA
"tcd","Chad","2018",117.32,59.91,NA,NA,NA
"tcd","Chad","2019",113.53,60.38,NA,NA,NA
"tcd","Chad","2020",109.96,59.84,NA,NA,NA
"tcd","Chad","2021",106.62,59.55,NA,NA,NA
"tcd","Chad","2022",102.64,60.09,NA,NA,NA
"tcd","Chad","2023",101.37,60.86,NA,NA,NA
"tcd","Chad","2024",102.43,61.36,NA,NA,NA
"tcd","Chad","2025",105.56,61.58,NA,NA,NA
"tgo","Togo","1915",414.04,37.5,NA,NA,NA
"tgo","Togo","1916",413.04,37.6,NA,NA,NA
"tgo","Togo","1917",412.04,37.69,NA,NA,NA
"tgo","Togo","1918",411.04,14.61,NA,NA,NA
"tgo","Togo","1919",410.04,37.88,NA,NA,NA
"tgo","Togo","1920",409.04,37.98,NA,NA,NA
"tgo","Togo","1921",408.04,38.07,NA,NA,NA
"tgo","Togo","1922",407.03,38.17,NA,NA,NA
"tgo","Togo","1923",406.03,38.26,NA,NA,NA
"tgo","Togo","1924",405.03,38.36,NA,NA,NA
"tgo","Togo","1925",404.03,38.45,NA,NA,NA
"tgo","Togo","1926",403.03,38.55,NA,NA,NA
"tgo","Togo","1927",402.03,38.64,NA,NA,NA
"tgo","Togo","1928",401.03,38.74,NA,NA,NA
"tgo","Togo","1929",400.03,38.84,NA,NA,NA
"tgo","Togo","1930",399.03,38.93,NA,NA,NA
"tgo","Togo","1931",395.41,39.03,NA,NA,NA
"tgo","Togo","1932",391.79,39.12,NA,NA,NA
"tgo","Togo","1933",388.19,39.22,NA,NA,NA
"tgo","Togo","1934",384.6,39.31,NA,NA,NA
"tgo","Togo","1935",381.03,39.41,NA,NA,NA
"tgo","Togo","1936",377.47,39.5,NA,NA,NA
"tgo","Togo","1937",373.92,39.6,NA,NA,NA
"tgo","Togo","1938",370.39,39.69,NA,NA,NA
"tgo","Togo","1939",366.87,39.79,NA,NA,NA
"tgo","Togo","1940",363.37,39.88,NA,NA,NA
"tgo","Togo","1941",354.28,40.03,NA,NA,NA
"tgo","Togo","1942",345.41,40.18,NA,NA,NA
"tgo","Togo","1943",336.74,40.31,NA,NA,NA
"tgo","Togo","1944",328.28,40.46,NA,NA,NA
"tgo","Togo","1945",320.01,40.61,NA,NA,NA
"tgo","Togo","1946",311.93,41.44,NA,NA,NA
"tgo","Togo","1947",304.03,42.26,NA,NA,NA
"tgo","Togo","1948",296.33,43.1,NA,NA,NA
"tgo","Togo","1949",288.8,43.92,NA,NA,NA
"tgo","Togo","1950",281.44,44.77,NA,NA,NA
"tgo","Togo","1951",279.78,45.01,NA,NA,NA
"tgo","Togo","1952",278.13,45.18,NA,NA,NA
"tgo","Togo","1953",276.36,45.35,NA,NA,NA
"tgo","Togo","1954",274.6,45.65,NA,NA,NA
"tgo","Togo","1955",272.53,45.94,NA,NA,NA
"tgo","Togo","1956",270.43,46.18,NA,NA,NA
"tgo","Togo","1957",268.18,46.45,NA,NA,NA
"tgo","Togo","1958",265.94,46.55,NA,NA,NA
"tgo","Togo","1959",263.67,46.7,NA,NA,NA
"tgo","Togo","1960",261.19,46.95,NA,NA,NA
"tgo","Togo","1961",258.51,47.25,NA,NA,NA
"tgo","Togo","1962",255.69,47.54,NA,NA,NA
"tgo","Togo","1963",252.84,47.86,NA,NA,NA
"tgo","Togo","1964",249.67,48.28,NA,NA,NA
"tgo","Togo","1965",246.35,48.58,NA,NA,NA
"tgo","Togo","1966",242.71,49.28,NA,NA,NA
"tgo","Togo","1967",238.75,49.85,NA,NA,NA
"tgo","Togo","1968",234.63,50.37,NA,NA,NA
"tgo","Togo","1969",230.39,50.94,NA,NA,NA
"tgo","Togo","1970",225.9,51.42,NA,NA,NA
"tgo","Togo","1971",221.21,51.91,NA,NA,NA
"tgo","Togo","1972",216.57,52.4,NA,NA,NA
"tgo","Togo","1973",211.74,52.81,NA,NA,NA
"tgo","Togo","1974",206.89,53.3,NA,NA,NA
"tgo","Togo","1975",202.09,53.7,NA,NA,NA
"tgo","Togo","1976",197.33,54.06,NA,NA,NA
"tgo","Togo","1977",192.72,54.44,NA,NA,NA
"tgo","Togo","1978",188.16,54.87,NA,NA,NA
"tgo","Togo","1979",183.69,55.35,NA,NA,NA
"tgo","Togo","1980",179.29,55.77,NA,NA,NA
"tgo","Togo","1981",174.99,56.11,NA,NA,NA
"tgo","Togo","1982",170.99,56.4,NA,NA,NA
"tgo","Togo","1983",167.19,56.64,NA,NA,NA
"tgo","Togo","1984",163.6,56.86,NA,NA,NA
"tgo","Togo","1985",160.3,57.11,NA,NA,NA
"tgo","Togo","1986",157.21,57.32,NA,NA,NA
"tgo","Togo","1987",154.38,57.35,NA,NA,NA
"tgo","Togo","1988",151.87,57.61,NA,NA,NA
"tgo","Togo","1989",149.55,57.75,NA,NA,NA
"tgo","Togo","1990",147.47,57.98,NA,NA,NA
"tgo","Togo","1991",145.47,58.03,NA,NA,NA
"tgo","Togo","1992",143.49,58.1,NA,NA,NA
"tgo","Togo","1993",141.37,57.93,NA,NA,NA
"tgo","Togo","1994",139.02,57.72,NA,NA,NA
"tgo","Togo","1995",136.34,57.55,NA,NA,NA
"tgo","Togo","1996",133.48,57.22,NA,NA,NA
"tgo","Togo","1997",130.29,56.73,NA,NA,NA
"tgo","Togo","1998",126.98,56.57,NA,NA,NA
"tgo","Togo","1999",123.46,56.54,NA,NA,NA
"tgo","Togo","2000",119.93,56.38,NA,NA,NA
"tgo","Togo","2001",116.39,56.29,NA,NA,NA
"tgo","Togo","2002",112.9,56.29,NA,NA,NA
"tgo","Togo","2003",109.55,56.39,NA,NA,NA
"tgo","Togo","2004",106.27,56.73,NA,NA,NA
"tgo","Togo","2005",103.14,56.91,NA,NA,NA
"tgo","Togo","2006",100.14,57.53,NA,NA,NA
"tgo","Togo","2007",97.25,57.75,NA,NA,NA
"tgo","Togo","2008",94.43,58.11,NA,NA,NA
"tgo","Togo","2009",91.7,58.73,NA,NA,NA
"tgo","Togo","2010",88.97,59.5,NA,NA,NA
"tgo","Togo","2011",86.25,60.23,NA,NA,NA
"tgo","Togo","2012",83.54,60.81,NA,NA,NA
"tgo","Togo","2013",80.92,61.33,NA,NA,NA
"tgo","Togo","2014",78.34,61.82,NA,NA,NA
"tgo","Togo","2015",75.85,62.38,NA,NA,NA
"tgo","Togo","2016",73.41,63.04,NA,NA,NA
"tgo","Togo","2017",71.09,63.76,NA,NA,NA
"tgo","Togo","2018",68.8,64.45,NA,NA,NA
"tgo","Togo","2019",66.5,65.03,NA,NA,NA
"tgo","Togo","2020",64.4,65.17,NA,NA,NA
"tgo","Togo","2021",62.37,65.8,NA,NA,NA
"tgo","Togo","2022",62.44,65.76,NA,NA,NA
"tgo","Togo","2023",61.34,66,NA,NA,NA
"tgo","Togo","2024",60.25,66.24,NA,NA,NA
"tgo","Togo","2025",59.14,66.47,NA,NA,NA
"tha","Thailand","1915",425.6,31.51,NA,NA,NA
"tha","Thailand","1916",424.57,31.52,NA,NA,NA
"tha","Thailand","1917",423.54,31.54,NA,NA,NA
"tha","Thailand","1918",422.51,20.22,NA,NA,NA
"tha","Thailand","1919",421.48,31.57,NA,NA,NA
"tha","Thailand","1920",420.45,31.59,NA,NA,NA
"tha","Thailand","1921",419.42,31.61,NA,NA,NA
"tha","Thailand","1922",418.39,31.62,NA,NA,NA
"tha","Thailand","1923",417.37,31.64,NA,NA,NA
"tha","Thailand","1924",416.34,31.66,NA,NA,NA
"tha","Thailand","1925",415.31,31.68,NA,NA,NA
"tha","Thailand","1926",414.28,31.69,NA,NA,NA
"tha","Thailand","1927",413.25,31.71,NA,NA,NA
"tha","Thailand","1928",412.22,31.73,NA,NA,NA
"tha","Thailand","1929",411.19,31.74,NA,NA,NA
"tha","Thailand","1930",410.16,31.76,NA,NA,NA
"tha","Thailand","1931",391.63,33.25,NA,NA,NA
"tha","Thailand","1932",373.73,34.75,NA,NA,NA
"tha","Thailand","1933",356.44,36.25,NA,NA,NA
"tha","Thailand","1934",338.6,37.75,NA,NA,NA
"tha","Thailand","1935",322.45,39.25,NA,NA,NA
"tha","Thailand","1936",306.77,40.76,NA,NA,NA
"tha","Thailand","1937",291.6,42.26,NA,NA,NA
"tha","Thailand","1938",290.62,42.28,NA,NA,NA
"tha","Thailand","1939",289.63,42.31,NA,NA,NA
"tha","Thailand","1940",298.61,41.28,NA,NA,NA
"tha","Thailand","1941",287.87,40.26,NA,NA,NA
"tha","Thailand","1942",277.52,40.29,NA,NA,NA
"tha","Thailand","1943",267.54,40.32,NA,NA,NA
"tha","Thailand","1944",257.91,40.15,NA,NA,NA
"tha","Thailand","1945",248.64,41.48,NA,NA,NA
"tha","Thailand","1946",239.69,42.82,NA,NA,NA
"tha","Thailand","1947",231.07,44.15,NA,NA,NA
"tha","Thailand","1948",222.76,52.73,NA,NA,NA
"tha","Thailand","1949",214.75,53.28,NA,NA,NA
"tha","Thailand","1950",207.02,53.82,NA,NA,NA
"tha","Thailand","1951",199.94,54.45,NA,NA,NA
"tha","Thailand","1952",193.06,55.63,NA,NA,NA
"tha","Thailand","1953",186.45,56.92,NA,NA,NA
"tha","Thailand","1954",180.18,57.69,NA,NA,NA
"tha","Thailand","1955",174.06,58.28,NA,NA,NA
"tha","Thailand","1956",168.14,58.64,NA,NA,NA
"tha","Thailand","1957",162.45,59.11,NA,NA,NA
"tha","Thailand","1958",157.05,59.69,NA,NA,NA
"tha","Thailand","1959",151.73,60.23,NA,NA,NA
"tha","Thailand","1960",146.58,60.87,NA,NA,NA
"tha","Thailand","1961",141.55,61.79,NA,NA,NA
"tha","Thailand","1962",136.5,61.88,NA,NA,NA
"tha","Thailand","1963",131.61,61.91,NA,NA,NA
"tha","Thailand","1964",126.84,62.37,NA,NA,NA
"tha","Thailand","1965",122.15,62.85,NA,NA,NA
"tha","Thailand","1966",117.49,63.05,NA,NA,NA
"tha","Thailand","1967",112.81,63.14,NA,NA,NA
"tha","Thailand","1968",108.14,63.4,NA,NA,NA
"tha","Thailand","1969",103.48,63.54,NA,NA,NA
"tha","Thailand","1970",98.85,64.15,NA,NA,NA
"tha","Thailand","1971",94.27,64.37,NA,NA,NA
"tha","Thailand","1972",89.76,64.21,NA,NA,NA
"tha","Thailand","1973",85.46,64.37,NA,NA,NA
"tha","Thailand","1974",81.3,64.76,NA,NA,NA
"tha","Thailand","1975",77.4,65.49,NA,NA,NA
"tha","Thailand","1976",73.71,66.63,NA,NA,NA
"tha","Thailand","1977",70.2,66.49,NA,NA,NA
"tha","Thailand","1978",66.9,66.78,NA,NA,NA
"tha","Thailand","1979",63.78,66.41,NA,NA,NA
"tha","Thailand","1980",60.82,66.5,NA,NA,NA
"tha","Thailand","1981",58.05,66.91,NA,NA,NA
"tha","Thailand","1982",55.38,67.32,NA,NA,NA
"tha","Thailand","1983",52.84,67.94,NA,NA,NA
"tha","Thailand","1984",50.39,69.27,NA,NA,NA
"tha","Thailand","1985",48.01,70.03,NA,NA,NA
"tha","Thailand","1986",45.71,70.71,NA,NA,NA
"tha","Thailand","1987",43.48,70.84,NA,NA,NA
"tha","Thailand","1988",41.29,71.16,NA,NA,NA
"tha","Thailand","1989",39.17,71.12,NA,NA,NA
"tha","Thailand","1990",37.1,71.29,NA,NA,NA
"tha","Thailand","1991",35.15,71.24,NA,NA,NA
"tha","Thailand","1992",33.27,71.29,NA,NA,NA
"tha","Thailand","1993",31.55,71.2,NA,NA,NA
"tha","Thailand","1994",29.93,70.94,NA,NA,NA
"tha","Thailand","1995",28.41,70.72,NA,NA,NA
"tha","Thailand","1996",26.97,70.6,NA,NA,NA
"tha","Thailand","1997",25.61,71.67,NA,NA,NA
"tha","Thailand","1998",24.32,71.77,NA,NA,NA
"tha","Thailand","1999",23.1,71.38,NA,NA,NA
"tha","Thailand","2000",21.95,71.81,NA,NA,NA
"tha","Thailand","2001",20.88,72.83,NA,NA,NA
"tha","Thailand","2002",19.88,73.08,NA,NA,NA
"tha","Thailand","2003",18.93,73.59,NA,NA,NA
"tha","Thailand","2004",18.03,73.73,NA,NA,NA
"tha","Thailand","2005",17.17,74.75,NA,NA,NA
"tha","Thailand","2006",16.37,75.42,NA,NA,NA
"tha","Thailand","2007",15.61,76.03,NA,NA,NA
"tha","Thailand","2008",14.9,76.48,NA,NA,NA
"tha","Thailand","2009",14.22,76.86,NA,NA,NA
"tha","Thailand","2010",13.58,77,NA,NA,NA
"tha","Thailand","2011",12.96,77.36,NA,NA,NA
"tha","Thailand","2012",12.37,77.73,NA,NA,NA
"tha","Thailand","2013",11.83,78.03,NA,NA,NA
"tha","Thailand","2014",11.31,78.13,NA,NA,NA
"tha","Thailand","2015",10.8,78.19,NA,NA,NA
"tha","Thailand","2016",10.32,78.05,NA,NA,NA
"tha","Thailand","2017",9.87,78.22,NA,NA,NA
"tha","Thailand","2018",9.44,78.29,NA,NA,NA
"tha","Thailand","2019",9.03,78.42,NA,NA,NA
"tha","Thailand","2020",8.65,78.72,NA,NA,NA
"tha","Thailand","2021",8.3,78.16,NA,NA,NA
"tha","Thailand","2022",8.34,79.12,NA,NA,NA
"tha","Thailand","2023",8.1,79.34,NA,NA,NA
"tha","Thailand","2024",7.87,79.56,NA,NA,NA
"tha","Thailand","2025",7.64,79.78,NA,NA,NA
"tjk","Tajikistan","1915",295.75,26.71,NA,NA,NA
"tjk","Tajikistan","1916",295.09,26.67,NA,NA,NA
"tjk","Tajikistan","1917",294.44,23.88,NA,NA,NA
"tjk","Tajikistan","1918",293.79,14.69,NA,NA,NA
"tjk","Tajikistan","1919",293.14,19.68,NA,NA,NA
"tjk","Tajikistan","1920",292.49,15.54,NA,NA,NA
"tjk","Tajikistan","1921",291.85,18.53,NA,NA,NA
"tjk","Tajikistan","1922",291.2,19.32,NA,NA,NA
"tjk","Tajikistan","1923",290.56,27.39,NA,NA,NA
"tjk","Tajikistan","1924",289.92,29.63,NA,NA,NA
"tjk","Tajikistan","1925",289.27,28.77,NA,NA,NA
"tjk","Tajikistan","1926",288.64,31.63,NA,NA,NA
"tjk","Tajikistan","1927",288,30.98,NA,NA,NA
"tjk","Tajikistan","1928",287.36,32.3,NA,NA,NA
"tjk","Tajikistan","1929",286.73,31.14,NA,NA,NA
"tjk","Tajikistan","1930",286.09,30.48,NA,NA,NA
"tjk","Tajikistan","1931",286.13,25.23,NA,NA,NA
"tjk","Tajikistan","1932",282.46,18.01,NA,NA,NA
"tjk","Tajikistan","1933",278.83,14.39,NA,NA,NA
"tjk","Tajikistan","1934",275.25,32.43,NA,NA,NA
"tjk","Tajikistan","1935",271.72,33.77,NA,NA,NA
"tjk","Tajikistan","1936",268.23,35.22,NA,NA,NA
"tjk","Tajikistan","1937",264.78,34.29,NA,NA,NA
"tjk","Tajikistan","1938",261.37,35.75,NA,NA,NA
"tjk","Tajikistan","1939",258.01,37.83,NA,NA,NA
"tjk","Tajikistan","1940",254.69,35.58,NA,NA,NA
"tjk","Tajikistan","1941",251.41,26.4,NA,NA,NA
"tjk","Tajikistan","1942",248.17,22.86,NA,NA,NA
"tjk","Tajikistan","1943",244.97,21.98,NA,NA,NA
"tjk","Tajikistan","1944",241.81,29.07,NA,NA,NA
"tjk","Tajikistan","1945",238.69,35.69,NA,NA,NA
"tjk","Tajikistan","1946",235.61,41.7,NA,NA,NA
"tjk","Tajikistan","1947",232.57,34.65,NA,NA,NA
"tjk","Tajikistan","1948",229.57,41.74,NA,NA,NA
"tjk","Tajikistan","1949",226.6,44.18,NA,NA,NA
"tjk","Tajikistan","1950",223.67,46.17,NA,NA,NA
"tjk","Tajikistan","1951",222.29,46.49,NA,NA,NA
"tjk","Tajikistan","1952",219.34,47.02,NA,NA,NA
"tjk","Tajikistan","1953",216.36,47.55,NA,NA,NA
"tjk","Tajikistan","1954",213.36,48.13,NA,NA,NA
"tjk","Tajikistan","1955",210.32,48.78,NA,NA,NA
"tjk","Tajikistan","1956",207.26,49.54,NA,NA,NA
"tjk","Tajikistan","1957",204.19,50.21,NA,NA,NA
"tjk","Tajikistan","1958",201.12,50.88,NA,NA,NA
"tjk","Tajikistan","1959",198.06,51.67,NA,NA,NA
"tjk","Tajikistan","1960",195.04,52.55,NA,NA,NA
"tjk","Tajikistan","1961",192.07,53.4,NA,NA,NA
"tjk","Tajikistan","1962",189.16,54.3,NA,NA,NA
"tjk","Tajikistan","1963",186.29,55.05,NA,NA,NA
"tjk","Tajikistan","1964",183.44,55.93,NA,NA,NA
"tjk","Tajikistan","1965",180.56,56.77,NA,NA,NA
"tjk","Tajikistan","1966",177.57,57.6,NA,NA,NA
"tjk","Tajikistan","1967",174.41,58.41,NA,NA,NA
"tjk","Tajikistan","1968",171.08,59.2,NA,NA,NA
"tjk","Tajikistan","1969",167.59,60.13,NA,NA,NA
"tjk","Tajikistan","1970",163.96,60.38,NA,NA,NA
"tjk","Tajikistan","1971",160.21,61.06,NA,NA,NA
"tjk","Tajikistan","1972",156.43,61.24,NA,NA,NA
"tjk","Tajikistan","1973",151,61.65,NA,NA,NA
"tjk","Tajikistan","1974",145.92,62.06,NA,NA,NA
"tjk","Tajikistan","1975",141.25,62.57,NA,NA,NA
"tjk","Tajikistan","1976",137.31,63.19,NA,NA,NA
"tjk","Tajikistan","1977",134.27,63.9,NA,NA,NA
"tjk","Tajikistan","1978",132.15,64.46,NA,NA,NA
"tjk","Tajikistan","1979",130.81,64.9,NA,NA,NA
"tjk","Tajikistan","1980",129.92,65.33,NA,NA,NA
"tjk","Tajikistan","1981",129.31,65.62,NA,NA,NA
"tjk","Tajikistan","1982",128.4,65.89,NA,NA,NA
"tjk","Tajikistan","1983",126.41,65.87,NA,NA,NA
"tjk","Tajikistan","1984",123.2,66.08,NA,NA,NA
"tjk","Tajikistan","1985",119.09,66.7,NA,NA,NA
"tjk","Tajikistan","1986",113.95,67.17,NA,NA,NA
"tjk","Tajikistan","1987",108.85,66.98,NA,NA,NA
"tjk","Tajikistan","1988",104.66,66.9,NA,NA,NA
"tjk","Tajikistan","1989",102.29,66.91,NA,NA,NA
"tjk","Tajikistan","1990",102.34,66.94,NA,NA,NA
"tjk","Tajikistan","1991",105.24,66.74,NA,NA,NA
"tjk","Tajikistan","1992",109.8,63.41,NA,NA,NA
"tjk","Tajikistan","1993",113.22,58.81,NA,NA,NA
"tjk","Tajikistan","1994",113.78,64.15,NA,NA,NA
"tjk","Tajikistan","1995",111.7,64.56,NA,NA,NA
"tjk","Tajikistan","1996",107.73,64.12,NA,NA,NA
"tjk","Tajikistan","1997",102.46,65.59,NA,NA,NA
"tjk","Tajikistan","1998",96.41,65.68,NA,NA,NA
"tjk","Tajikistan","1999",90.03,66.31,NA,NA,NA
"tjk","Tajikistan","2000",83.57,66.59,NA,NA,NA
"tjk","Tajikistan","2001",77.16,66.78,NA,NA,NA
"tjk","Tajikistan","2002",70.95,67.04,NA,NA,NA
"tjk","Tajikistan","2003",65.23,67.35,NA,NA,NA
"tjk","Tajikistan","2004",60.11,67.52,NA,NA,NA
"tjk","Tajikistan","2005",55.63,67.47,NA,NA,NA
"tjk","Tajikistan","2006",51.88,67.59,NA,NA,NA
"tjk","Tajikistan","2007",48.82,67.69,NA,NA,NA
"tjk","Tajikistan","2008",46.3,67.88,NA,NA,NA
"tjk","Tajikistan","2009",44.31,68.04,NA,NA,NA
"tjk","Tajikistan","2010",42.71,68,NA,NA,NA
"tjk","Tajikistan","2011",41.41,68.14,NA,NA,NA
"tjk","Tajikistan","2012",40.33,68.32,NA,NA,NA
"tjk","Tajikistan","2013",39.38,68.61,NA,NA,NA
"tjk","Tajikistan","2014",38.43,68.59,NA,NA,NA
"tjk","Tajikistan","2015",37.49,68.6,NA,NA,NA
"tjk","Tajikistan","2016",36.51,68.56,NA,NA,NA
"tjk","Tajikistan","2017",35.34,68.75,NA,NA,NA
"tjk","Tajikistan","2018",34.33,69.24,NA,NA,NA
"tjk","Tajikistan","2019",33.28,69.56,NA,NA,NA
"tjk","Tajikistan","2020",32.22,66.74,NA,NA,NA
"tjk","Tajikistan","2021",31.26,70.28,NA,NA,NA
"tjk","Tajikistan","2022",27.29,69.98,NA,NA,NA
"tjk","Tajikistan","2023",26.46,70.12,NA,NA,NA
"tjk","Tajikistan","2024",25.7,70.26,NA,NA,NA
"tjk","Tajikistan","2025",24.95,70.4,NA,NA,NA
"tkm","Turkmenistan","1915",376.97,26.45,NA,NA,NA
"tkm","Turkmenistan","1916",371.33,26.44,NA,NA,NA
"tkm","Turkmenistan","1917",365.78,23.52,NA,NA,NA
"tkm","Turkmenistan","1918",360.31,13.82,NA,NA,NA
"tkm","Turkmenistan","1919",354.92,19.11,NA,NA,NA
"tkm","Turkmenistan","1920",349.61,14.74,NA,NA,NA
"tkm","Turkmenistan","1921",344.38,17.93,NA,NA,NA
"tkm","Turkmenistan","1922",339.23,18.79,NA,NA,NA
"tkm","Turkmenistan","1923",334.16,27.39,NA,NA,NA
"tkm","Turkmenistan","1924",329.16,29.79,NA,NA,NA
"tkm","Turkmenistan","1925",324.24,28.91,NA,NA,NA
"tkm","Turkmenistan","1926",319.39,31.98,NA,NA,NA
"tkm","Turkmenistan","1927",314.61,31.32,NA,NA,NA
"tkm","Turkmenistan","1928",309.91,32.76,NA,NA,NA
"tkm","Turkmenistan","1929",305.27,31.55,NA,NA,NA
"tkm","Turkmenistan","1930",300.71,30.87,NA,NA,NA
"tkm","Turkmenistan","1931",299.89,25.29,NA,NA,NA
"tkm","Turkmenistan","1932",296.89,17.58,NA,NA,NA
"tkm","Turkmenistan","1933",293.87,13.72,NA,NA,NA
"tkm","Turkmenistan","1934",290.84,33.09,NA,NA,NA
"tkm","Turkmenistan","1935",287.8,34.57,NA,NA,NA
"tkm","Turkmenistan","1936",284.76,36.16,NA,NA,NA
"tkm","Turkmenistan","1937",281.71,35.19,NA,NA,NA
"tkm","Turkmenistan","1938",278.65,36.79,NA,NA,NA
"tkm","Turkmenistan","1939",275.6,39.08,NA,NA,NA
"tkm","Turkmenistan","1940",272.54,36.69,NA,NA,NA
"tkm","Turkmenistan","1941",269.49,26.38,NA,NA,NA
"tkm","Turkmenistan","1942",266.43,22.56,NA,NA,NA
"tkm","Turkmenistan","1943",263.38,21.61,NA,NA,NA
"tkm","Turkmenistan","1944",260.34,29.28,NA,NA,NA
"tkm","Turkmenistan","1945",257.3,36.46,NA,NA,NA
"tkm","Turkmenistan","1946",254.27,43.42,NA,NA,NA
"tkm","Turkmenistan","1947",251.25,35.77,NA,NA,NA
"tkm","Turkmenistan","1948",248.24,43.48,NA,NA,NA
"tkm","Turkmenistan","1949",245.24,46.15,NA,NA,NA
"tkm","Turkmenistan","1950",242.25,48.35,NA,NA,NA
"tkm","Turkmenistan","1951",239.59,48.75,NA,NA,NA
"tkm","Turkmenistan","1952",234.58,49.37,NA,NA,NA
"tkm","Turkmenistan","1953",229.67,50,NA,NA,NA
"tkm","Turkmenistan","1954",224.83,50.67,NA,NA,NA
"tkm","Turkmenistan","1955",220.08,51.45,NA,NA,NA
"tkm","Turkmenistan","1956",215.39,52.33,NA,NA,NA
"tkm","Turkmenistan","1957",210.76,53.09,NA,NA,NA
"tkm","Turkmenistan","1958",206.19,53.92,NA,NA,NA
"tkm","Turkmenistan","1959",201.68,54.43,NA,NA,NA
"tkm","Turkmenistan","1960",197.21,55.14,NA,NA,NA
"tkm","Turkmenistan","1961",192.77,55.86,NA,NA,NA
"tkm","Turkmenistan","1962",188.37,56.51,NA,NA,NA
"tkm","Turkmenistan","1963",184,57,NA,NA,NA
"tkm","Turkmenistan","1964",179.68,57.64,NA,NA,NA
"tkm","Turkmenistan","1965",175.43,58.15,NA,NA,NA
"tkm","Turkmenistan","1966",171.26,58.66,NA,NA,NA
"tkm","Turkmenistan","1967",167.2,59.15,NA,NA,NA
"tkm","Turkmenistan","1968",163.27,59.65,NA,NA,NA
"tkm","Turkmenistan","1969",159.47,60.21,NA,NA,NA
"tkm","Turkmenistan","1970",155.83,60.42,NA,NA,NA
"tkm","Turkmenistan","1971",152.36,60.75,NA,NA,NA
"tkm","Turkmenistan","1972",149.04,60.95,NA,NA,NA
"tkm","Turkmenistan","1973",145.84,61.24,NA,NA,NA
"tkm","Turkmenistan","1974",142.74,61.49,NA,NA,NA
"tkm","Turkmenistan","1975",139.68,61.63,NA,NA,NA
"tkm","Turkmenistan","1976",136.63,61.93,NA,NA,NA
"tkm","Turkmenistan","1977",133.54,62.2,NA,NA,NA
"tkm","Turkmenistan","1978",128.67,62.38,NA,NA,NA
"tkm","Turkmenistan","1979",124.05,62.92,NA,NA,NA
"tkm","Turkmenistan","1980",119.38,63.57,NA,NA,NA
"tkm","Turkmenistan","1981",114.63,63.89,NA,NA,NA
"tkm","Turkmenistan","1982",109.88,64.42,NA,NA,NA
"tkm","Turkmenistan","1983",105.02,64.55,NA,NA,NA
"tkm","Turkmenistan","1984",100.33,64.69,NA,NA,NA
"tkm","Turkmenistan","1985",95.72,64.97,NA,NA,NA
"tkm","Turkmenistan","1986",91.29,65.36,NA,NA,NA
"tkm","Turkmenistan","1987",87.39,65.62,NA,NA,NA
"tkm","Turkmenistan","1988",84.01,65.64,NA,NA,NA
"tkm","Turkmenistan","1989",81.35,65.63,NA,NA,NA
"tkm","Turkmenistan","1990",79.49,65.96,NA,NA,NA
"tkm","Turkmenistan","1991",78.64,65.49,NA,NA,NA
"tkm","Turkmenistan","1992",78.57,65.58,NA,NA,NA
"tkm","Turkmenistan","1993",78.93,64.44,NA,NA,NA
"tkm","Turkmenistan","1994",79.27,64.27,NA,NA,NA
"tkm","Turkmenistan","1995",79.44,64.57,NA,NA,NA
"tkm","Turkmenistan","1996",79.07,64.21,NA,NA,NA
"tkm","Turkmenistan","1997",77.88,64.32,NA,NA,NA
"tkm","Turkmenistan","1998",75.89,64.73,NA,NA,NA
"tkm","Turkmenistan","1999",73.06,65.49,NA,NA,NA
"tkm","Turkmenistan","2000",69.71,66.35,NA,NA,NA
"tkm","Turkmenistan","2001",65.97,66.7,NA,NA,NA
"tkm","Turkmenistan","2002",62.2,66.56,NA,NA,NA
"tkm","Turkmenistan","2003",58.57,66.5,NA,NA,NA
"tkm","Turkmenistan","2004",55.24,66.17,NA,NA,NA
"tkm","Turkmenistan","2005",52.29,65.8,NA,NA,NA
"tkm","Turkmenistan","2006",49.6,66.15,NA,NA,NA
"tkm","Turkmenistan","2007",47.38,66.6,NA,NA,NA
"tkm","Turkmenistan","2008",45.55,67.3,NA,NA,NA
"tkm","Turkmenistan","2009",44.14,68.77,NA,NA,NA
"tkm","Turkmenistan","2010",43.12,69.47,NA,NA,NA
"tkm","Turkmenistan","2011",42.46,69.62,NA,NA,NA
"tkm","Turkmenistan","2012",42.05,69.85,NA,NA,NA
"tkm","Turkmenistan","2013",41.95,69.83,NA,NA,NA
"tkm","Turkmenistan","2014",41.96,69.87,NA,NA,NA
"tkm","Turkmenistan","2015",42.19,69.99,NA,NA,NA
"tkm","Turkmenistan","2016",42.54,70.25,NA,NA,NA
"tkm","Turkmenistan","2017",42.85,70.52,NA,NA,NA
"tkm","Turkmenistan","2018",42.83,70.6,NA,NA,NA
"tkm","Turkmenistan","2019",42.43,70.81,NA,NA,NA
"tkm","Turkmenistan","2020",41.8,70.49,NA,NA,NA
"tkm","Turkmenistan","2021",41.03,71.08,NA,NA,NA
"tkm","Turkmenistan","2022",38.64,71.23,NA,NA,NA
"tkm","Turkmenistan","2023",37.71,71.37,NA,NA,NA
"tkm","Turkmenistan","2024",36.84,71.5,NA,NA,NA
"tkm","Turkmenistan","2025",35.91,71.64,NA,NA,NA
"tls","Timor-Leste","1915",445.2,35.94,NA,NA,NA
"tls","Timor-Leste","1916",444.24,36.05,NA,NA,NA
"tls","Timor-Leste","1917",443.29,36.16,NA,NA,NA
"tls","Timor-Leste","1918",442.33,11.78,NA,NA,NA
"tls","Timor-Leste","1919",441.38,36.38,NA,NA,NA
"tls","Timor-Leste","1920",440.43,36.48,NA,NA,NA
"tls","Timor-Leste","1921",439.49,36.59,NA,NA,NA
"tls","Timor-Leste","1922",438.54,36.7,NA,NA,NA
"tls","Timor-Leste","1923",437.6,36.81,NA,NA,NA
"tls","Timor-Leste","1924",436.66,36.91,NA,NA,NA
"tls","Timor-Leste","1925",435.72,37.02,NA,NA,NA
"tls","Timor-Leste","1926",434.79,37.13,NA,NA,NA
"tls","Timor-Leste","1927",433.85,37.24,NA,NA,NA
"tls","Timor-Leste","1928",432.92,37.34,NA,NA,NA
"tls","Timor-Leste","1929",431.99,37.45,NA,NA,NA
"tls","Timor-Leste","1930",431.06,37.56,NA,NA,NA
"tls","Timor-Leste","1931",429.86,37.67,NA,NA,NA
"tls","Timor-Leste","1932",428.66,37.77,NA,NA,NA
"tls","Timor-Leste","1933",427.47,37.88,NA,NA,NA
"tls","Timor-Leste","1934",426.28,37.99,NA,NA,NA
"tls","Timor-Leste","1935",425.09,38.1,NA,NA,NA
"tls","Timor-Leste","1936",423.91,38.2,NA,NA,NA
"tls","Timor-Leste","1937",422.72,38.31,NA,NA,NA
"tls","Timor-Leste","1938",421.55,38.42,NA,NA,NA
"tls","Timor-Leste","1939",420.37,38.53,NA,NA,NA
"tls","Timor-Leste","1940",419.2,38.63,NA,NA,NA
"tls","Timor-Leste","1941",418.03,39.01,NA,NA,NA
"tls","Timor-Leste","1942",416.87,28.72,NA,NA,NA
"tls","Timor-Leste","1943",415.71,26.38,NA,NA,NA
"tls","Timor-Leste","1944",414.55,22.67,NA,NA,NA
"tls","Timor-Leste","1945",413.4,21.66,NA,NA,NA
"tls","Timor-Leste","1946",412.24,28.78,NA,NA,NA
"tls","Timor-Leste","1947",411.1,37.29,NA,NA,NA
"tls","Timor-Leste","1948",409.95,41.69,NA,NA,NA
"tls","Timor-Leste","1949",408.81,42.08,NA,NA,NA
"tls","Timor-Leste","1950",407.67,42.47,NA,NA,NA
"tls","Timor-Leste","1951",402.94,42.74,NA,NA,NA
"tls","Timor-Leste","1952",395.85,43.07,NA,NA,NA
"tls","Timor-Leste","1953",388.34,43.35,NA,NA,NA
"tls","Timor-Leste","1954",380.46,43.66,NA,NA,NA
"tls","Timor-Leste","1955",372.19,44,NA,NA,NA
"tls","Timor-Leste","1956",363.59,44.31,NA,NA,NA
"tls","Timor-Leste","1957",354.66,44.61,NA,NA,NA
"tls","Timor-Leste","1958",345.43,44.9,NA,NA,NA
"tls","Timor-Leste","1959",336.36,45.2,NA,NA,NA
"tls","Timor-Leste","1960",327.45,45.69,NA,NA,NA
"tls","Timor-Leste","1961",318.67,46.07,NA,NA,NA
"tls","Timor-Leste","1962",310.04,46.45,NA,NA,NA
"tls","Timor-Leste","1963",301.51,46.77,NA,NA,NA
"tls","Timor-Leste","1964",293.08,47.13,NA,NA,NA
"tls","Timor-Leste","1965",283.81,47.83,NA,NA,NA
"tls","Timor-Leste","1966",274.65,48.44,NA,NA,NA
"tls","Timor-Leste","1967",264.75,49.11,NA,NA,NA
"tls","Timor-Leste","1968",255.38,49.58,NA,NA,NA
"tls","Timor-Leste","1969",246.51,50.05,NA,NA,NA
"tls","Timor-Leste","1970",239.79,50.48,NA,NA,NA
"tls","Timor-Leste","1971",236.66,51,NA,NA,NA
"tls","Timor-Leste","1972",238.59,51.5,NA,NA,NA
"tls","Timor-Leste","1973",244.84,52.12,NA,NA,NA
"tls","Timor-Leste","1974",243.56,52.75,NA,NA,NA
"tls","Timor-Leste","1975",242.28,47.22,NA,NA,NA
"tls","Timor-Leste","1976",241.01,49.33,NA,NA,NA
"tls","Timor-Leste","1977",239.74,49.66,NA,NA,NA
"tls","Timor-Leste","1978",238.49,49.26,NA,NA,NA
"tls","Timor-Leste","1979",237.24,48.79,NA,NA,NA
"tls","Timor-Leste","1980",235.99,51.99,NA,NA,NA
"tls","Timor-Leste","1981",234.76,53.9,NA,NA,NA
"tls","Timor-Leste","1982",233.52,54.88,NA,NA,NA
"tls","Timor-Leste","1983",232.3,55.57,NA,NA,NA
"tls","Timor-Leste","1984",177.2,56.89,NA,NA,NA
"tls","Timor-Leste","1985",222.02,57.77,NA,NA,NA
"tls","Timor-Leste","1986",100,58.52,NA,NA,NA
"tls","Timor-Leste","1987",201.97,59.43,NA,NA,NA
"tls","Timor-Leste","1988",130,59.86,NA,NA,NA
"tls","Timor-Leste","1989",183.57,60.16,NA,NA,NA
"tls","Timor-Leste","1990",175.16,60.93,NA,NA,NA
"tls","Timor-Leste","1991",167.33,60.95,NA,NA,NA
"tls","Timor-Leste","1992",159.87,61.55,NA,NA,NA
"tls","Timor-Leste","1993",152.6,61.74,NA,NA,NA
"tls","Timor-Leste","1994",145.54,62.4,NA,NA,NA
"tls","Timor-Leste","1995",138.79,62.61,NA,NA,NA
"tls","Timor-Leste","1996",132.19,64.17,NA,NA,NA
"tls","Timor-Leste","1997",125.76,63.42,NA,NA,NA
"tls","Timor-Leste","1998",119.54,63.81,NA,NA,NA
"tls","Timor-Leste","1999",113.55,58.52,NA,NA,NA
"tls","Timor-Leste","2000",107.74,65.46,NA,NA,NA
"tls","Timor-Leste","2001",102.05,65.82,NA,NA,NA
"tls","Timor-Leste","2002",96.55,66.12,NA,NA,NA
"tls","Timor-Leste","2003",91.19,66.49,NA,NA,NA
"tls","Timor-Leste","2004",85.97,67.11,NA,NA,NA
"tls","Timor-Leste","2005",80.91,67.7,NA,NA,NA
"tls","Timor-Leste","2006",76.06,68.39,NA,NA,NA
"tls","Timor-Leste","2007",71.56,69,NA,NA,NA
"tls","Timor-Leste","2008",67.69,69.54,NA,NA,NA
"tls","Timor-Leste","2009",64.41,69.81,NA,NA,NA
"tls","Timor-Leste","2010",61.47,70,NA,NA,NA
"tls","Timor-Leste","2011",58.85,70.17,NA,NA,NA
"tls","Timor-Leste","2012",56.35,70.32,NA,NA,NA
"tls","Timor-Leste","2013",54.19,70.37,NA,NA,NA
"tls","Timor-Leste","2014",52.11,70.3,NA,NA,NA
"tls","Timor-Leste","2015",50.23,70.31,NA,NA,NA
"tls","Timor-Leste","2016",48.44,70.36,NA,NA,NA
"tls","Timor-Leste","2017",46.78,70.45,NA,NA,NA
"tls","Timor-Leste","2018",45.12,70.51,NA,NA,NA
"tls","Timor-Leste","2019",43.7,70.6,NA,NA,NA
"tls","Timor-Leste","2020",42.38,70.82,NA,NA,NA
"tls","Timor-Leste","2021",41.47,70.06,NA,NA,NA
"tls","Timor-Leste","2022",38.41,71.42,NA,NA,NA
"tls","Timor-Leste","2023",36.8,71.68,NA,NA,NA
"tls","Timor-Leste","2024",35.31,71.94,NA,NA,NA
"tls","Timor-Leste","2025",33.94,72.18,NA,NA,NA
"ton","Tonga","1915",180.67,29.35,NA,NA,NA
"ton","Tonga","1916",179.26,29.37,NA,NA,NA
"ton","Tonga","1917",177.86,29.39,NA,NA,NA
"ton","Tonga","1918",176.47,6.09,NA,NA,NA
"ton","Tonga","1919",175.09,29.42,NA,NA,NA
"ton","Tonga","1920",173.72,29.44,NA,NA,NA
"ton","Tonga","1921",172.36,29.46,NA,NA,NA
"ton","Tonga","1922",171.01,29.48,NA,NA,NA
"ton","Tonga","1923",169.68,29.5,NA,NA,NA
"ton","Tonga","1924",168.35,29.51,NA,NA,NA
"ton","Tonga","1925",167.03,29.53,NA,NA,NA
"ton","Tonga","1926",165.73,30.8,NA,NA,NA
"ton","Tonga","1927",164.43,32.06,NA,NA,NA
"ton","Tonga","1928",163.15,33.33,NA,NA,NA
"ton","Tonga","1929",161.87,34.6,NA,NA,NA
"ton","Tonga","1930",160.61,35.87,NA,NA,NA
"ton","Tonga","1931",159.35,37.13,NA,NA,NA
"ton","Tonga","1932",158.11,38.41,NA,NA,NA
"ton","Tonga","1933",156.87,39.68,NA,NA,NA
"ton","Tonga","1934",155.64,40.96,NA,NA,NA
"ton","Tonga","1935",154.43,42.24,NA,NA,NA
"ton","Tonga","1936",153.22,43.51,NA,NA,NA
"ton","Tonga","1937",152.02,44.8,NA,NA,NA
"ton","Tonga","1938",150.83,46.08,NA,NA,NA
"ton","Tonga","1939",149.66,47.36,NA,NA,NA
"ton","Tonga","1940",148.49,48.65,NA,NA,NA
"ton","Tonga","1941",147.33,49.93,NA,NA,NA
"ton","Tonga","1942",146.17,51.19,NA,NA,NA
"ton","Tonga","1943",145.03,52.47,NA,NA,NA
"ton","Tonga","1944",143.9,53.75,NA,NA,NA
"ton","Tonga","1945",142.77,55.04,NA,NA,NA
"ton","Tonga","1946",141.66,56.32,NA,NA,NA
"ton","Tonga","1947",140.55,57.61,NA,NA,NA
"ton","Tonga","1948",139.45,58.89,NA,NA,NA
"ton","Tonga","1949",138.36,60.18,NA,NA,NA
"ton","Tonga","1950",137.28,61.47,NA,NA,NA
"ton","Tonga","1951",135.52,61.75,NA,NA,NA
"ton","Tonga","1952",132.39,62.04,NA,NA,NA
"ton","Tonga","1953",129.8,62.34,NA,NA,NA
"ton","Tonga","1954",123.91,62.65,NA,NA,NA
"ton","Tonga","1955",118.29,62.96,NA,NA,NA
"ton","Tonga","1956",112.93,63.26,NA,NA,NA
"ton","Tonga","1957",107.81,63.56,NA,NA,NA
"ton","Tonga","1958",102.92,63.89,NA,NA,NA
"ton","Tonga","1959",98.25,64.24,NA,NA,NA
"ton","Tonga","1960",93.79,64.58,NA,NA,NA
"ton","Tonga","1961",88.34,64.84,NA,NA,NA
"ton","Tonga","1962",83.14,65.2,NA,NA,NA
"ton","Tonga","1963",78.05,65.4,NA,NA,NA
"ton","Tonga","1964",73.15,65.55,NA,NA,NA
"ton","Tonga","1965",68.57,65.71,NA,NA,NA
"ton","Tonga","1966",64.22,65.91,NA,NA,NA
"ton","Tonga","1967",59.98,66.03,NA,NA,NA
"ton","Tonga","1968",56.04,66.16,NA,NA,NA
"ton","Tonga","1969",52.3,66.36,NA,NA,NA
"ton","Tonga","1970",48.93,66.54,NA,NA,NA
"ton","Tonga","1971",45.84,66.71,NA,NA,NA
"ton","Tonga","1972",43.12,66.88,NA,NA,NA
"ton","Tonga","1973",40.76,66.94,NA,NA,NA
"ton","Tonga","1974",38.64,67.24,NA,NA,NA
"ton","Tonga","1975",36.71,67.43,NA,NA,NA
"ton","Tonga","1976",34.96,67.6,NA,NA,NA
"ton","Tonga","1977",33.39,67.73,NA,NA,NA
"ton","Tonga","1978",31.94,67.94,NA,NA,NA
"ton","Tonga","1979",30.57,68.12,NA,NA,NA
"ton","Tonga","1980",29.41,68.37,NA,NA,NA
"ton","Tonga","1981",28.36,68.6,NA,NA,NA
"ton","Tonga","1982",27.52,68.68,NA,NA,NA
"ton","Tonga","1983",26.8,69.26,NA,NA,NA
"ton","Tonga","1984",26.18,69.6,NA,NA,NA
"ton","Tonga","1985",25.61,69.91,NA,NA,NA
"ton","Tonga","1986",25.03,70.2,NA,NA,NA
"ton","Tonga","1987",24.39,70.46,NA,NA,NA
"ton","Tonga","1988",23.69,70.66,NA,NA,NA
"ton","Tonga","1989",22.92,70.83,NA,NA,NA
"ton","Tonga","1990",22.12,70.95,NA,NA,NA
"ton","Tonga","1991",21.33,71.14,NA,NA,NA
"ton","Tonga","1992",20.58,71.37,NA,NA,NA
"ton","Tonga","1993",19.91,71.34,NA,NA,NA
"ton","Tonga","1994",19.33,71.34,NA,NA,NA
"ton","Tonga","1995",18.85,71.56,NA,NA,NA
"ton","Tonga","1996",18.45,71.58,NA,NA,NA
"ton","Tonga","1997",18.1,71.41,NA,NA,NA
"ton","Tonga","1998",17.74,70.97,NA,NA,NA
"ton","Tonga","1999",17.33,70.6,NA,NA,NA
"ton","Tonga","2000",16.91,70.73,NA,NA,NA
"ton","Tonga","2001",16.46,70.98,NA,NA,NA
"ton","Tonga","2002",16,71.03,NA,NA,NA
"ton","Tonga","2003",15.56,71.06,NA,NA,NA
"ton","Tonga","2004",15.12,71.37,NA,NA,NA
"ton","Tonga","2005",14.72,72.02,NA,NA,NA
"ton","Tonga","2006",14.34,72.14,NA,NA,NA
"ton","Tonga","2007",13.98,72.13,NA,NA,NA
"ton","Tonga","2008",13.67,72.12,NA,NA,NA
"ton","Tonga","2009",13.4,69.96,NA,NA,NA
"ton","Tonga","2010",13.17,72.21,NA,NA,NA
"ton","Tonga","2011",12.94,72.3,NA,NA,NA
"ton","Tonga","2012",12.78,72.38,NA,NA,NA
"ton","Tonga","2013",12.64,72.45,NA,NA,NA
"ton","Tonga","2014",12.52,72.49,NA,NA,NA
"ton","Tonga","2015",12.41,72.59,NA,NA,NA
"ton","Tonga","2016",12.28,72.67,NA,NA,NA
"ton","Tonga","2017",12.12,72.77,NA,NA,NA
"ton","Tonga","2018",11.94,72.87,NA,NA,NA
"ton","Tonga","2019",11.68,72.98,NA,NA,NA
"ton","Tonga","2020",11.42,73.03,NA,NA,NA
"ton","Tonga","2021",11.14,73.09,NA,NA,NA
"ton","Tonga","2022",10.69,73.39,NA,NA,NA
"ton","Tonga","2023",10.39,73.53,NA,NA,NA
"ton","Tonga","2024",10.12,73.67,NA,NA,NA
"ton","Tonga","2025",9.83,73.81,NA,NA,NA
"tto","Trinidad and Tobago","1915",248.99,38.91,NA,NA,NA
"tto","Trinidad and Tobago","1916",239.05,38.91,NA,NA,NA
"tto","Trinidad and Tobago","1917",229.5,38.91,NA,NA,NA
"tto","Trinidad and Tobago","1918",220.33,25.23,NA,NA,NA
"tto","Trinidad and Tobago","1919",251.47,38.92,NA,NA,NA
"tto","Trinidad and Tobago","1920",284.37,38.92,NA,NA,NA
"tto","Trinidad and Tobago","1921",224.05,38.92,NA,NA,NA
"tto","Trinidad and Tobago","1922",222.2,39.61,NA,NA,NA
"tto","Trinidad and Tobago","1923",205.35,40.31,NA,NA,NA
"tto","Trinidad and Tobago","1924",194.09,41,NA,NA,NA
"tto","Trinidad and Tobago","1925",212.85,41.7,NA,NA,NA
"tto","Trinidad and Tobago","1926",229.61,42.39,NA,NA,NA
"tto","Trinidad and Tobago","1927",188.45,43.08,NA,NA,NA
"tto","Trinidad and Tobago","1928",203.48,43.78,NA,NA,NA
"tto","Trinidad and Tobago","1929",201.61,44.47,NA,NA,NA
"tto","Trinidad and Tobago","1930",199.73,45.17,NA,NA,NA
"tto","Trinidad and Tobago","1931",230.58,45.86,NA,NA,NA
"tto","Trinidad and Tobago","1932",164.67,46.46,NA,NA,NA
"tto","Trinidad and Tobago","1933",204.83,47.04,NA,NA,NA
"tto","Trinidad and Tobago","1934",196.65,47.63,NA,NA,NA
"tto","Trinidad and Tobago","1935",144.59,48.23,NA,NA,NA
"tto","Trinidad and Tobago","1936",140.46,48.81,NA,NA,NA
"tto","Trinidad and Tobago","1937",181.53,49.41,NA,NA,NA
"tto","Trinidad and Tobago","1938",141.11,50,NA,NA,NA
"tto","Trinidad and Tobago","1939",151.21,50.59,NA,NA,NA
"tto","Trinidad and Tobago","1940",154.19,51.18,NA,NA,NA
"tto","Trinidad and Tobago","1941",158.91,51.8,NA,NA,NA
"tto","Trinidad and Tobago","1942",176.14,52.4,NA,NA,NA
"tto","Trinidad and Tobago","1943",129.71,53.02,NA,NA,NA
"tto","Trinidad and Tobago","1944",107.57,53.64,NA,NA,NA
"tto","Trinidad and Tobago","1945",113.66,54.24,NA,NA,NA
"tto","Trinidad and Tobago","1946",105.09,54.86,NA,NA,NA
"tto","Trinidad and Tobago","1947",107.86,55.48,NA,NA,NA
"tto","Trinidad and Tobago","1948",97.9,56.11,NA,NA,NA
"tto","Trinidad and Tobago","1949",105.38,56.73,NA,NA,NA
"tto","Trinidad and Tobago","1950",98.37,57.36,NA,NA,NA
"tto","Trinidad and Tobago","1951",94.88,57.56,NA,NA,NA
"tto","Trinidad and Tobago","1952",107.94,58.63,NA,NA,NA
"tto","Trinidad and Tobago","1953",90.65,59.87,NA,NA,NA
"tto","Trinidad and Tobago","1954",83.21,60.92,NA,NA,NA
"tto","Trinidad and Tobago","1955",79.18,60.89,NA,NA,NA
"tto","Trinidad and Tobago","1956",77.81,61.97,NA,NA,NA
"tto","Trinidad and Tobago","1957",70.56,61.97,NA,NA,NA
"tto","Trinidad and Tobago","1958",77.73,62.72,NA,NA,NA
"tto","Trinidad and Tobago","1959",74.59,62.84,NA,NA,NA
"tto","Trinidad and Tobago","1960",58.17,64.32,NA,NA,NA
"tto","Trinidad and Tobago","1961",52.28,64.3,NA,NA,NA
"tto","Trinidad and Tobago","1962",47.04,64.75,NA,NA,NA
"tto","Trinidad and Tobago","1963",50.57,65.05,NA,NA,NA
"tto","Trinidad and Tobago","1964",43.61,64.87,NA,NA,NA
"tto","Trinidad and Tobago","1965",44.16,65.13,NA,NA,NA
"tto","Trinidad and Tobago","1966",47.7,65.79,NA,NA,NA
"tto","Trinidad and Tobago","1967",43.24,65.59,NA,NA,NA
"tto","Trinidad and Tobago","1968",43.35,65.5,NA,NA,NA
"tto","Trinidad and Tobago","1969",44.14,65.3,NA,NA,NA
"tto","Trinidad and Tobago","1970",42.13,65.35,NA,NA,NA
"tto","Trinidad and Tobago","1971",40.78,65.46,NA,NA,NA
"tto","Trinidad and Tobago","1972",33.62,65.52,NA,NA,NA
"tto","Trinidad and Tobago","1973",42.7,65.32,NA,NA,NA
"tto","Trinidad and Tobago","1974",37.06,66.58,NA,NA,NA
"tto","Trinidad and Tobago","1975",33.46,66.78,NA,NA,NA
"tto","Trinidad and Tobago","1976",34.22,66.23,NA,NA,NA
"tto","Trinidad and Tobago","1977",29.58,66.47,NA,NA,NA
"tto","Trinidad and Tobago","1978",28.15,67.78,NA,NA,NA
"tto","Trinidad and Tobago","1979",29.95,67.84,NA,NA,NA
"tto","Trinidad and Tobago","1980",31.85,67.64,NA,NA,NA
"tto","Trinidad and Tobago","1981",26.97,68.27,NA,NA,NA
"tto","Trinidad and Tobago","1982",27.23,67.71,NA,NA,NA
"tto","Trinidad and Tobago","1983",20.25,68.46,NA,NA,NA
"tto","Trinidad and Tobago","1984",19.77,68.19,NA,NA,NA
"tto","Trinidad and Tobago","1985",15.25,68.31,NA,NA,NA
"tto","Trinidad and Tobago","1986",15.65,69.02,NA,NA,NA
"tto","Trinidad and Tobago","1987",14.6,68.94,NA,NA,NA
"tto","Trinidad and Tobago","1988",14.93,69.04,NA,NA,NA
"tto","Trinidad and Tobago","1989",11.23,69.07,NA,NA,NA
"tto","Trinidad and Tobago","1990",15.07,69.6,NA,NA,NA
"tto","Trinidad and Tobago","1991",12.81,69.86,NA,NA,NA
"tto","Trinidad and Tobago","1992",12.56,69.73,NA,NA,NA
"tto","Trinidad and Tobago","1993",13.77,69.38,NA,NA,NA
"tto","Trinidad and Tobago","1994",14.4,69.21,NA,NA,NA
"tto","Trinidad and Tobago","1995",21.96,69.82,NA,NA,NA
"tto","Trinidad and Tobago","1996",20.78,69.52,NA,NA,NA
"tto","Trinidad and Tobago","1997",22.46,70.23,NA,NA,NA
"tto","Trinidad and Tobago","1998",20.96,69.89,NA,NA,NA
"tto","Trinidad and Tobago","1999",21.29,69.78,NA,NA,NA
"tto","Trinidad and Tobago","2000",23.94,70.47,NA,NA,NA
"tto","Trinidad and Tobago","2001",23.15,70.59,NA,NA,NA
"tto","Trinidad and Tobago","2002",23.03,71.18,NA,NA,NA
"tto","Trinidad and Tobago","2003",25.21,71.11,NA,NA,NA
"tto","Trinidad and Tobago","2004",16.49,71.59,NA,NA,NA
"tto","Trinidad and Tobago","2005",15.44,71.93,NA,NA,NA
"tto","Trinidad and Tobago","2006",14.11,72.53,NA,NA,NA
"tto","Trinidad and Tobago","2007",12.48,72.76,NA,NA,NA
"tto","Trinidad and Tobago","2008",19.15,72.4,NA,NA,NA
"tto","Trinidad and Tobago","2009",15.79,73.23,NA,NA,NA
"tto","Trinidad and Tobago","2010",14.71,73.73,NA,NA,NA
"tto","Trinidad and Tobago","2011",14.38,74.45,NA,NA,NA
"tto","Trinidad and Tobago","2012",12.42,75.09,NA,NA,NA
"tto","Trinidad and Tobago","2013",20.62,74.94,NA,NA,NA
"tto","Trinidad and Tobago","2014",19.92,74.9,NA,NA,NA
"tto","Trinidad and Tobago","2015",19.32,74.92,NA,NA,NA
"tto","Trinidad and Tobago","2016",18.8,74.78,NA,NA,NA
"tto","Trinidad and Tobago","2017",18.27,74.8,NA,NA,NA
"tto","Trinidad and Tobago","2018",17.71,74.84,NA,NA,NA
"tto","Trinidad and Tobago","2019",17.2,74.88,NA,NA,NA
"tto","Trinidad and Tobago","2020",16.56,75.06,NA,NA,NA
"tto","Trinidad and Tobago","2021",16.23,73.61,NA,NA,NA
"tto","Trinidad and Tobago","2022",16.44,75.36,NA,NA,NA
"tto","Trinidad and Tobago","2023",16.02,75.53,NA,NA,NA
"tto","Trinidad and Tobago","2024",15.58,75.69,NA,NA,NA
"tto","Trinidad and Tobago","2025",15.18,75.85,NA,NA,NA
"tun","Tunisia","1915",446.71,31.19,NA,NA,NA
"tun","Tunisia","1916",445.63,31.22,NA,NA,NA
"tun","Tunisia","1917",444.55,31.26,NA,NA,NA
"tun","Tunisia","1918",443.47,23.95,NA,NA,NA
"tun","Tunisia","1919",442.39,31.33,NA,NA,NA
"tun","Tunisia","1920",441.31,31.37,NA,NA,NA
"tun","Tunisia","1921",440.23,31.41,NA,NA,NA
"tun","Tunisia","1922",439.15,31.44,NA,NA,NA
"tun","Tunisia","1923",438.07,31.48,NA,NA,NA
"tun","Tunisia","1924",434.34,31.78,NA,NA,NA
"tun","Tunisia","1925",429.39,32.08,NA,NA,NA
"tun","Tunisia","1926",425.75,32.39,NA,NA,NA
"tun","Tunisia","1927",420.84,32.69,NA,NA,NA
"tun","Tunisia","1928",417.23,33,NA,NA,NA
"tun","Tunisia","1929",412.44,33.3,NA,NA,NA
"tun","Tunisia","1930",408.92,33.6,NA,NA,NA
"tun","Tunisia","1931",401.78,33.92,NA,NA,NA
"tun","Tunisia","1932",393.51,34.22,NA,NA,NA
"tun","Tunisia","1933",386.6,34.52,NA,NA,NA
"tun","Tunisia","1934",378.6,35.02,NA,NA,NA
"tun","Tunisia","1935",371.85,35.51,NA,NA,NA
"tun","Tunisia","1936",364.03,36.01,NA,NA,NA
"tun","Tunisia","1937",357.48,36.52,NA,NA,NA
"tun","Tunisia","1938",349.92,37.02,NA,NA,NA
"tun","Tunisia","1939",343.52,37.51,NA,NA,NA
"tun","Tunisia","1940",336.15,38.01,NA,NA,NA
"tun","Tunisia","1941",329.95,36.9,NA,NA,NA
"tun","Tunisia","1942",322.81,30.3,NA,NA,NA
"tun","Tunisia","1943",316.75,28.17,NA,NA,NA
"tun","Tunisia","1944",305.93,29.39,NA,NA,NA
"tun","Tunisia","1945",296.31,31.17,NA,NA,NA
"tun","Tunisia","1946",286.04,39.69,NA,NA,NA
"tun","Tunisia","1947",276.91,42.05,NA,NA,NA
"tun","Tunisia","1948",267.13,42.64,NA,NA,NA
"tun","Tunisia","1949",258.48,43.23,NA,NA,NA
"tun","Tunisia","1950",249.2,43.82,NA,NA,NA
"tun","Tunisia","1951",249.27,44.04,NA,NA,NA
"tun","Tunisia","1952",248.17,44.56,NA,NA,NA
"tun","Tunisia","1953",246.21,44.8,NA,NA,NA
"tun","Tunisia","1954",244.41,44.95,NA,NA,NA
"tun","Tunisia","1955",242.1,45.79,NA,NA,NA
"tun","Tunisia","1956",264.89,46.36,NA,NA,NA
"tun","Tunisia","1957",261.4,46.97,NA,NA,NA
"tun","Tunisia","1958",226.71,47.7,NA,NA,NA
"tun","Tunisia","1959",222.6,48.53,NA,NA,NA
"tun","Tunisia","1960",215.71,49.35,NA,NA,NA
"tun","Tunisia","1961",210.8,50.03,NA,NA,NA
"tun","Tunisia","1962",271.92,50.71,NA,NA,NA
"tun","Tunisia","1963",167.6,51.44,NA,NA,NA
"tun","Tunisia","1964",247.37,52.11,NA,NA,NA
"tun","Tunisia","1965",157.2,52.93,NA,NA,NA
"tun","Tunisia","1966",223.77,53.6,NA,NA,NA
"tun","Tunisia","1967",126.1,54.3,NA,NA,NA
"tun","Tunisia","1968",200.89,54.82,NA,NA,NA
"tun","Tunisia","1969",118.1,55.28,NA,NA,NA
"tun","Tunisia","1970",180.02,56.52,NA,NA,NA
"tun","Tunisia","1971",134.1,57.47,NA,NA,NA
"tun","Tunisia","1972",160.99,58.69,NA,NA,NA
"tun","Tunisia","1973",134.6,59.65,NA,NA,NA
"tun","Tunisia","1974",142.83,60.85,NA,NA,NA
"tun","Tunisia","1975",116,61.99,NA,NA,NA
"tun","Tunisia","1976",125.23,63.17,NA,NA,NA
"tun","Tunisia","1977",97,64.32,NA,NA,NA
"tun","Tunisia","1978",108.91,65.27,NA,NA,NA
"tun","Tunisia","1979",101.74,65.73,NA,NA,NA
"tun","Tunisia","1980",95.3,66.25,NA,NA,NA
"tun","Tunisia","1981",89.61,67.04,NA,NA,NA
"tun","Tunisia","1982",84.39,67.81,NA,NA,NA
"tun","Tunisia","1983",79.62,68.63,NA,NA,NA
"tun","Tunisia","1984",75.04,69.4,NA,NA,NA
"tun","Tunisia","1985",70.85,70.18,NA,NA,NA
"tun","Tunisia","1986",67.01,70.55,NA,NA,NA
"tun","Tunisia","1987",63.58,71.18,NA,NA,NA
"tun","Tunisia","1988",60.5,71.68,NA,NA,NA
"tun","Tunisia","1989",57.76,72.1,NA,NA,NA
"tun","Tunisia","1990",55.28,72.25,NA,NA,NA
"tun","Tunisia","1991",52.91,72.28,NA,NA,NA
"tun","Tunisia","1992",50.52,72.48,NA,NA,NA
"tun","Tunisia","1993",48.09,72.65,NA,NA,NA
"tun","Tunisia","1994",45.48,73.04,NA,NA,NA
"tun","Tunisia","1995",42.8,73.02,NA,NA,NA
"tun","Tunisia","1996",40.07,73.34,NA,NA,NA
"tun","Tunisia","1997",37.3,73.54,NA,NA,NA
"tun","Tunisia","1998",34.64,73.77,NA,NA,NA
"tun","Tunisia","1999",32.15,74.05,NA,NA,NA
"tun","Tunisia","2000",29.92,74.28,NA,NA,NA
"tun","Tunisia","2001",27.92,74.5,NA,NA,NA
"tun","Tunisia","2002",26.13,74.71,NA,NA,NA
"tun","Tunisia","2003",24.58,74.86,NA,NA,NA
"tun","Tunisia","2004",23.23,75.14,NA,NA,NA
"tun","Tunisia","2005",22.03,75.36,NA,NA,NA
"tun","Tunisia","2006",21.03,75.55,NA,NA,NA
"tun","Tunisia","2007",20.16,75.73,NA,NA,NA
"tun","Tunisia","2008",19.45,75.9,NA,NA,NA
"tun","Tunisia","2009",18.86,76.02,NA,NA,NA
"tun","Tunisia","2010",18.4,76.15,NA,NA,NA
"tun","Tunisia","2011",18.03,76.23,NA,NA,NA
"tun","Tunisia","2012",17.73,76.55,NA,NA,NA
"tun","Tunisia","2013",17.49,76.69,NA,NA,NA
"tun","Tunisia","2014",17.31,76.85,NA,NA,NA
"tun","Tunisia","2015",17.17,77,NA,NA,NA
"tun","Tunisia","2016",17.1,77.17,NA,NA,NA
"tun","Tunisia","2017",17.07,77.32,NA,NA,NA
"tun","Tunisia","2018",17.01,77.48,NA,NA,NA
"tun","Tunisia","2019",16.87,77.71,NA,NA,NA
"tun","Tunisia","2020",16.63,77,NA,NA,NA
"tun","Tunisia","2021",16.31,75.44,NA,NA,NA
"tun","Tunisia","2022",16.01,75.94,NA,NA,NA
"tun","Tunisia","2023",14.12,78.68,NA,NA,NA
"tun","Tunisia","2024",13.55,78.91,NA,NA,NA
"tun","Tunisia","2025",12.98,79.15,NA,NA,NA
"tur","Turkey","1915",368.85,7.45,NA,NA,NA
"tur","Turkey","1916",367.96,20.23,NA,NA,NA
"tur","Turkey","1917",367.06,23.45,NA,NA,NA
"tur","Turkey","1918",366.17,20.34,NA,NA,NA
"tur","Turkey","1919",365.28,32.03,NA,NA,NA
"tur","Turkey","1920",364.39,30.99,NA,NA,NA
"tur","Turkey","1921",363.5,31.02,NA,NA,NA
"tur","Turkey","1922",362.61,35.33,NA,NA,NA
"tur","Turkey","1923",361.71,37.51,NA,NA,NA
"tur","Turkey","1924",360.82,37.54,NA,NA,NA
"tur","Turkey","1925",359.93,37.57,NA,NA,NA
"tur","Turkey","1926",359.04,37.61,NA,NA,NA
"tur","Turkey","1927",358.15,37.64,NA,NA,NA
"tur","Turkey","1928",357.25,37.68,NA,NA,NA
"tur","Turkey","1929",356.36,37.71,NA,NA,NA
"tur","Turkey","1930",355.47,37.75,NA,NA,NA
"tur","Turkey","1931",346.99,37.84,NA,NA,NA
"tur","Turkey","1932",339.67,37.94,NA,NA,NA
"tur","Turkey","1933",331.33,38.04,NA,NA,NA
"tur","Turkey","1934",324.09,38.15,NA,NA,NA
"tur","Turkey","1935",315.88,38.25,NA,NA,NA
"tur","Turkey","1936",307.75,38.35,NA,NA,NA
"tur","Turkey","1937",300.66,38.45,NA,NA,NA
"tur","Turkey","1938",301.17,37.6,NA,NA,NA
"tur","Turkey","1939",301.46,36.74,NA,NA,NA
"tur","Turkey","1940",301.54,35.89,NA,NA,NA
"tur","Turkey","1941",301.44,35.12,NA,NA,NA
"tur","Turkey","1942",302.04,34.33,NA,NA,NA
"tur","Turkey","1943",281.75,35.92,NA,NA,NA
"tur","Turkey","1944",268.92,37.52,NA,NA,NA
"tur","Turkey","1945",256.52,39.11,NA,NA,NA
"tur","Turkey","1946",244.54,40.71,NA,NA,NA
"tur","Turkey","1947",232.96,42.32,NA,NA,NA
"tur","Turkey","1948",221.77,43.19,NA,NA,NA
"tur","Turkey","1949",210.96,44.07,NA,NA,NA
"tur","Turkey","1950",200.52,44.95,NA,NA,NA
"tur","Turkey","1951",200,45.58,NA,NA,NA
"tur","Turkey","1952",303.09,46.24,NA,NA,NA
"tur","Turkey","1953",300.88,47.31,NA,NA,NA
"tur","Turkey","1954",192,46.95,NA,NA,NA
"tur","Turkey","1955",289.48,47.32,NA,NA,NA
"tur","Turkey","1956",283.59,47.68,NA,NA,NA
"tur","Turkey","1957",201,47.9,NA,NA,NA
"tur","Turkey","1958",271.11,48.4,NA,NA,NA
"tur","Turkey","1959",264.28,48.93,NA,NA,NA
"tur","Turkey","1960",193,49.53,NA,NA,NA
"tur","Turkey","1961",249.32,50.33,NA,NA,NA
"tur","Turkey","1962",174,51,NA,NA,NA
"tur","Turkey","1963",233.51,51.87,NA,NA,NA
"tur","Turkey","1964",191,52.64,NA,NA,NA
"tur","Turkey","1965",218.35,53.39,NA,NA,NA
"tur","Turkey","1966",211.35,54.12,NA,NA,NA
"tur","Turkey","1967",204.9,54.98,NA,NA,NA
"tur","Turkey","1968",198.85,55.7,NA,NA,NA
"tur","Turkey","1969",192.87,56.43,NA,NA,NA
"tur","Turkey","1970",187.18,57.13,NA,NA,NA
"tur","Turkey","1971",181.5,57.94,NA,NA,NA
"tur","Turkey","1972",175.81,58.7,NA,NA,NA
"tur","Turkey","1973",170,59.36,NA,NA,NA
"tur","Turkey","1974",164.08,60.11,NA,NA,NA
"tur","Turkey","1975",158.11,60.74,NA,NA,NA
"tur","Turkey","1976",152.14,61.39,NA,NA,NA
"tur","Turkey","1977",146.1,62.3,NA,NA,NA
"tur","Turkey","1978",140.07,63.04,NA,NA,NA
"tur","Turkey","1979",133.99,63.43,NA,NA,NA
"tur","Turkey","1980",127.92,64.06,NA,NA,NA
"tur","Turkey","1981",121.83,64.63,NA,NA,NA
"tur","Turkey","1982",115.79,65.23,NA,NA,NA
"tur","Turkey","1983",109.88,65.73,NA,NA,NA
"tur","Turkey","1984",104.14,66.1,NA,NA,NA
"tur","Turkey","1985",98.61,66.65,NA,NA,NA
"tur","Turkey","1986",93.26,67.17,NA,NA,NA
"tur","Turkey","1987",88.19,67.61,NA,NA,NA
"tur","Turkey","1988",83.31,68.05,NA,NA,NA
"tur","Turkey","1989",78.64,68.29,NA,NA,NA
"tur","Turkey","1990",74.17,68.75,NA,NA,NA
"tur","Turkey","1991",69.81,69.27,NA,NA,NA
"tur","Turkey","1992",65.57,69.63,NA,NA,NA
"tur","Turkey","1993",61.51,70.14,NA,NA,NA
"tur","Turkey","1994",57.61,70.37,NA,NA,NA
"tur","Turkey","1995",53.92,70.85,NA,NA,NA
"tur","Turkey","1996",50.37,71.53,NA,NA,NA
"tur","Turkey","1997",47.01,72.05,NA,NA,NA
"tur","Turkey","1998",43.82,72.68,NA,NA,NA
"tur","Turkey","1999",40.79,72.85,NA,NA,NA
"tur","Turkey","2000",37.93,74.73,NA,NA,NA
"tur","Turkey","2001",35.26,75.02,NA,NA,NA
"tur","Turkey","2002",32.75,75.22,NA,NA,NA
"tur","Turkey","2003",30.39,75.69,NA,NA,NA
"tur","Turkey","2004",28.19,76.26,NA,NA,NA
"tur","Turkey","2005",26.15,76.81,NA,NA,NA
"tur","Turkey","2006",24.27,76.97,NA,NA,NA
"tur","Turkey","2007",22.53,77.06,NA,NA,NA
"tur","Turkey","2008",20.93,77.03,NA,NA,NA
"tur","Turkey","2009",19.45,76.76,NA,NA,NA
"tur","Turkey","2010",18.11,76.72,NA,NA,NA
"tur","Turkey","2011",16.89,76.85,NA,NA,NA
"tur","Turkey","2012",15.77,77.04,NA,NA,NA
"tur","Turkey","2013",14.75,77.04,NA,NA,NA
"tur","Turkey","2014",13.82,77.09,NA,NA,NA
"tur","Turkey","2015",12.95,77.36,NA,NA,NA
"tur","Turkey","2016",12.15,77.5,NA,NA,NA
"tur","Turkey","2017",11.41,77.81,NA,NA,NA
"tur","Turkey","2018",10.71,78.12,NA,NA,NA
"tur","Turkey","2019",10.07,78.4,NA,NA,NA
"tur","Turkey","2020",9.5,76.4,NA,NA,NA
"tur","Turkey","2021",8.97,76.58,NA,NA,NA
"tur","Turkey","2022",9.07,79.04,NA,NA,NA
"tur","Turkey","2023",8.75,79.25,NA,NA,NA
"tur","Turkey","2024",8.44,79.46,NA,NA,NA
"tur","Turkey","2025",8.15,79.66,NA,NA,NA
"tuv","Tuvalu","1915",NA,NA,NA,NA,NA
"tuv","Tuvalu","1916",NA,NA,NA,NA,NA
"tuv","Tuvalu","1917",NA,NA,NA,NA,NA
"tuv","Tuvalu","1918",NA,NA,NA,NA,NA
"tuv","Tuvalu","1919",NA,NA,NA,NA,NA
"tuv","Tuvalu","1920",NA,NA,NA,NA,NA
"tuv","Tuvalu","1921",NA,NA,NA,NA,NA
"tuv","Tuvalu","1922",NA,NA,NA,NA,NA
"tuv","Tuvalu","1923",NA,NA,NA,NA,NA
"tuv","Tuvalu","1924",NA,NA,NA,NA,NA
"tuv","Tuvalu","1925",NA,NA,NA,NA,NA
"tuv","Tuvalu","1926",NA,NA,NA,NA,NA
"tuv","Tuvalu","1927",NA,NA,NA,NA,NA
"tuv","Tuvalu","1928",NA,NA,NA,NA,NA
"tuv","Tuvalu","1929",NA,NA,NA,NA,NA
"tuv","Tuvalu","1930",NA,NA,NA,NA,NA
"tuv","Tuvalu","1931",NA,NA,NA,NA,NA
"tuv","Tuvalu","1932",NA,NA,NA,NA,NA
"tuv","Tuvalu","1933",NA,NA,NA,NA,NA
"tuv","Tuvalu","1934",NA,NA,NA,NA,NA
"tuv","Tuvalu","1935",NA,NA,NA,NA,NA
"tuv","Tuvalu","1936",NA,NA,NA,NA,NA
"tuv","Tuvalu","1937",NA,NA,NA,NA,NA
"tuv","Tuvalu","1938",NA,NA,NA,NA,NA
"tuv","Tuvalu","1939",NA,NA,NA,NA,NA
"tuv","Tuvalu","1940",NA,NA,NA,NA,NA
"tuv","Tuvalu","1941",NA,NA,NA,NA,NA
"tuv","Tuvalu","1942",NA,NA,NA,NA,NA
"tuv","Tuvalu","1943",NA,NA,NA,NA,NA
"tuv","Tuvalu","1944",NA,NA,NA,NA,NA
"tuv","Tuvalu","1945",NA,NA,NA,NA,NA
"tuv","Tuvalu","1946",NA,NA,NA,NA,NA
"tuv","Tuvalu","1947",NA,NA,NA,NA,NA
"tuv","Tuvalu","1948",NA,NA,NA,NA,NA
"tuv","Tuvalu","1949",NA,NA,NA,NA,NA
"tuv","Tuvalu","1950",254.91,46.99,NA,NA,NA
"tuv","Tuvalu","1951",250.63,47.3,NA,NA,NA
"tuv","Tuvalu","1952",241.98,47.75,NA,NA,NA
"tuv","Tuvalu","1953",233.61,48.18,NA,NA,NA
"tuv","Tuvalu","1954",225.33,48.66,NA,NA,NA
"tuv","Tuvalu","1955",214.78,49.14,NA,NA,NA
"tuv","Tuvalu","1956",204.67,49.6,NA,NA,NA
"tuv","Tuvalu","1957",194.97,50.05,NA,NA,NA
"tuv","Tuvalu","1958",186,50.51,NA,NA,NA
"tuv","Tuvalu","1959",177.72,50.98,NA,NA,NA
"tuv","Tuvalu","1960",169.64,51.44,NA,NA,NA
"tuv","Tuvalu","1961",161.73,51.9,NA,NA,NA
"tuv","Tuvalu","1962",154.31,52.33,NA,NA,NA
"tuv","Tuvalu","1963",147.43,52.76,NA,NA,NA
"tuv","Tuvalu","1964",140.74,53.16,NA,NA,NA
"tuv","Tuvalu","1965",134.29,53.56,NA,NA,NA
"tuv","Tuvalu","1966",128.15,53.97,NA,NA,NA
"tuv","Tuvalu","1967",122.38,54.35,NA,NA,NA
"tuv","Tuvalu","1968",116.85,54.73,NA,NA,NA
"tuv","Tuvalu","1969",111.39,55.12,NA,NA,NA
"tuv","Tuvalu","1970",106.05,55.51,NA,NA,NA
"tuv","Tuvalu","1971",100.68,55.83,NA,NA,NA
"tuv","Tuvalu","1972",95.37,54.25,NA,NA,NA
"tuv","Tuvalu","1973",90.17,56.36,NA,NA,NA
"tuv","Tuvalu","1974",84.91,56.58,NA,NA,NA
"tuv","Tuvalu","1975",80.09,56.79,NA,NA,NA
"tuv","Tuvalu","1976",75.82,57,NA,NA,NA
"tuv","Tuvalu","1977",71.93,57.19,NA,NA,NA
"tuv","Tuvalu","1978",68.63,57.37,NA,NA,NA
"tuv","Tuvalu","1979",65.73,57.58,NA,NA,NA
"tuv","Tuvalu","1980",63.13,57.76,NA,NA,NA
"tuv","Tuvalu","1981",60.96,57.97,NA,NA,NA
"tuv","Tuvalu","1982",59.11,58.08,NA,NA,NA
"tuv","Tuvalu","1983",57.53,58.27,NA,NA,NA
"tuv","Tuvalu","1984",56.23,58.53,NA,NA,NA
"tuv","Tuvalu","1985",55.28,58.74,NA,NA,NA
"tuv","Tuvalu","1986",54.61,59.1,NA,NA,NA
"tuv","Tuvalu","1987",54.1,59.46,NA,NA,NA
"tuv","Tuvalu","1988",53.66,59.93,NA,NA,NA
"tuv","Tuvalu","1989",53.23,60.34,NA,NA,NA
"tuv","Tuvalu","1990",52.77,60.81,NA,NA,NA
"tuv","Tuvalu","1991",52.17,61.28,NA,NA,NA
"tuv","Tuvalu","1992",51.5,61.71,NA,NA,NA
"tuv","Tuvalu","1993",50.67,62.1,NA,NA,NA
"tuv","Tuvalu","1994",49.67,62.65,NA,NA,NA
"tuv","Tuvalu","1995",48.58,62.87,NA,NA,NA
"tuv","Tuvalu","1996",47.33,63.09,NA,NA,NA
"tuv","Tuvalu","1997",45.98,63.28,NA,NA,NA
"tuv","Tuvalu","1998",44.59,63.69,NA,NA,NA
"tuv","Tuvalu","1999",43.25,64.02,NA,NA,NA
"tuv","Tuvalu","2000",42.11,61.5,NA,NA,NA
"tuv","Tuvalu","2001",41.18,64.74,NA,NA,NA
"tuv","Tuvalu","2002",40.33,65.07,NA,NA,NA
"tuv","Tuvalu","2003",39.55,65.32,NA,NA,NA
"tuv","Tuvalu","2004",38.71,65.54,NA,NA,NA
"tuv","Tuvalu","2005",37.75,65.73,NA,NA,NA
"tuv","Tuvalu","2006",36.61,65.96,NA,NA,NA
"tuv","Tuvalu","2007",35.34,66.11,NA,NA,NA
"tuv","Tuvalu","2008",34,66.3,NA,NA,NA
"tuv","Tuvalu","2009",32.64,66.47,NA,NA,NA
"tuv","Tuvalu","2010",31.31,66.6,NA,NA,NA
"tuv","Tuvalu","2011",30.07,66.76,NA,NA,NA
"tuv","Tuvalu","2012",28.98,66.9,NA,NA,NA
"tuv","Tuvalu","2013",27.89,67.05,NA,NA,NA
"tuv","Tuvalu","2014",26.92,67.2,NA,NA,NA
"tuv","Tuvalu","2015",25.97,67.36,NA,NA,NA
"tuv","Tuvalu","2016",25.12,67.5,NA,NA,NA
"tuv","Tuvalu","2017",24.32,67.65,NA,NA,NA
"tuv","Tuvalu","2018",23.52,67.79,NA,NA,NA
"tuv","Tuvalu","2019",22.72,67.94,NA,NA,NA
"tuv","Tuvalu","2020",21.96,68.05,NA,NA,NA
"tuv","Tuvalu","2021",21.21,68.23,NA,NA,NA
"tuv","Tuvalu","2022",21.1,68.55,NA,NA,NA
"tuv","Tuvalu","2023",20.62,68.75,NA,NA,NA
"tuv","Tuvalu","2024",20.15,68.95,NA,NA,NA
"tuv","Tuvalu","2025",19.7,69.14,NA,NA,NA
"tza","Tanzania","1915",402.72,33.46,NA,NA,NA
"tza","Tanzania","1916",401.74,33.48,NA,NA,NA
"tza","Tanzania","1917",400.77,33.5,NA,NA,NA
"tza","Tanzania","1918",399.8,12.96,NA,NA,NA
"tza","Tanzania","1919",398.82,33.54,NA,NA,NA
"tza","Tanzania","1920",397.85,33.56,NA,NA,NA
"tza","Tanzania","1921",396.88,33.58,NA,NA,NA
"tza","Tanzania","1922",395.9,33.6,NA,NA,NA
"tza","Tanzania","1923",394.93,33.62,NA,NA,NA
"tza","Tanzania","1924",393.95,33.64,NA,NA,NA
"tza","Tanzania","1925",392.98,33.66,NA,NA,NA
"tza","Tanzania","1926",392.01,33.68,NA,NA,NA
"tza","Tanzania","1927",391.03,33.7,NA,NA,NA
"tza","Tanzania","1928",390.06,33.72,NA,NA,NA
"tza","Tanzania","1929",389.09,33.74,NA,NA,NA
"tza","Tanzania","1930",388.11,33.76,NA,NA,NA
"tza","Tanzania","1931",386.25,33.78,NA,NA,NA
"tza","Tanzania","1932",384.4,33.79,NA,NA,NA
"tza","Tanzania","1933",382.54,33.81,NA,NA,NA
"tza","Tanzania","1934",380.69,33.83,NA,NA,NA
"tza","Tanzania","1935",378.85,33.85,NA,NA,NA
"tza","Tanzania","1936",377,33.87,NA,NA,NA
"tza","Tanzania","1937",375.17,33.89,NA,NA,NA
"tza","Tanzania","1938",373.33,33.91,NA,NA,NA
"tza","Tanzania","1939",371.51,33.93,NA,NA,NA
"tza","Tanzania","1940",369.69,33.95,NA,NA,NA
"tza","Tanzania","1941",367.87,34.06,NA,NA,NA
"tza","Tanzania","1942",353.92,34.19,NA,NA,NA
"tza","Tanzania","1943",340.49,34.3,NA,NA,NA
"tza","Tanzania","1944",327.58,34.43,NA,NA,NA
"tza","Tanzania","1945",315.15,34.54,NA,NA,NA
"tza","Tanzania","1946",303.19,36.39,NA,NA,NA
"tza","Tanzania","1947",291.68,38.26,NA,NA,NA
"tza","Tanzania","1948",280.61,40.11,NA,NA,NA
"tza","Tanzania","1949",269.96,41.98,NA,NA,NA
"tza","Tanzania","1950",259.71,43.84,NA,NA,NA
"tza","Tanzania","1951",257.5,44.18,NA,NA,NA
"tza","Tanzania","1952",255.53,44.31,NA,NA,NA
"tza","Tanzania","1953",253.43,44.35,NA,NA,NA
"tza","Tanzania","1954",251.5,44.55,NA,NA,NA
"tza","Tanzania","1955",249.84,44.68,NA,NA,NA
"tza","Tanzania","1956",248.19,44.78,NA,NA,NA
"tza","Tanzania","1957",246.33,44.88,NA,NA,NA
"tza","Tanzania","1958",244.95,44.99,NA,NA,NA
"tza","Tanzania","1959",243.2,45.15,NA,NA,NA
"tza","Tanzania","1960",241.58,45.32,NA,NA,NA
"tza","Tanzania","1961",239.83,45.48,NA,NA,NA
"tza","Tanzania","1962",237.98,45.71,NA,NA,NA
"tza","Tanzania","1963",235.83,45.92,NA,NA,NA
"tza","Tanzania","1964",233.32,46.14,NA,NA,NA
"tza","Tanzania","1965",230.68,46.43,NA,NA,NA
"tza","Tanzania","1966",227.82,46.93,NA,NA,NA
"tza","Tanzania","1967",224.79,47.33,NA,NA,NA
"tza","Tanzania","1968",221.57,48.11,NA,NA,NA
"tza","Tanzania","1969",218.29,48.77,NA,NA,NA
"tza","Tanzania","1970",215,49.43,NA,NA,NA
"tza","Tanzania","1971",211.5,50.13,NA,NA,NA
"tza","Tanzania","1972",207.79,50.84,NA,NA,NA
"tza","Tanzania","1973",203.91,51.51,NA,NA,NA
"tza","Tanzania","1974",199.87,52.13,NA,NA,NA
"tza","Tanzania","1975",195.6,52.76,NA,NA,NA
"tza","Tanzania","1976",191.31,53.4,NA,NA,NA
"tza","Tanzania","1977",187.1,53.94,NA,NA,NA
"tza","Tanzania","1978",183.26,54.44,NA,NA,NA
"tza","Tanzania","1979",180.05,55.04,NA,NA,NA
"tza","Tanzania","1980",178.12,55.4,NA,NA,NA
"tza","Tanzania","1981",177.42,55.72,NA,NA,NA
"tza","Tanzania","1982",177.54,55.97,NA,NA,NA
"tza","Tanzania","1983",177.96,56.27,NA,NA,NA
"tza","Tanzania","1984",178.09,56.45,NA,NA,NA
"tza","Tanzania","1985",177.51,56.61,NA,NA,NA
"tza","Tanzania","1986",175.84,56.56,NA,NA,NA
"tza","Tanzania","1987",173.48,56.44,NA,NA,NA
"tza","Tanzania","1988",170.71,56.2,NA,NA,NA
"tza","Tanzania","1989",168,55.79,NA,NA,NA
"tza","Tanzania","1990",165.6,55.26,NA,NA,NA
"tza","Tanzania","1991",163.57,54.75,NA,NA,NA
"tza","Tanzania","1992",161.83,54.13,NA,NA,NA
"tza","Tanzania","1993",160.12,53.7,NA,NA,NA
"tza","Tanzania","1994",158.24,53.22,NA,NA,NA
"tza","Tanzania","1995",155.91,52.91,NA,NA,NA
"tza","Tanzania","1996",152.8,52.71,NA,NA,NA
"tza","Tanzania","1997",148.64,52.61,NA,NA,NA
"tza","Tanzania","1998",143.4,52.65,NA,NA,NA
"tza","Tanzania","1999",137.02,52.98,NA,NA,NA
"tza","Tanzania","2000",129.73,53.44,NA,NA,NA
"tza","Tanzania","2001",121.92,54.03,NA,NA,NA
"tza","Tanzania","2002",113.95,54.65,NA,NA,NA
"tza","Tanzania","2003",106.52,55.31,NA,NA,NA
"tza","Tanzania","2004",99.87,55.91,NA,NA,NA
"tza","Tanzania","2005",93.9,56.53,NA,NA,NA
"tza","Tanzania","2006",88.77,57.34,NA,NA,NA
"tza","Tanzania","2007",83.81,58.53,NA,NA,NA
"tza","Tanzania","2008",79.64,59.6,NA,NA,NA
"tza","Tanzania","2009",75.38,60.34,NA,NA,NA
"tza","Tanzania","2010",71.93,61.06,NA,NA,NA
"tza","Tanzania","2011",68.42,61.72,NA,NA,NA
"tza","Tanzania","2012",65.33,62.67,NA,NA,NA
"tza","Tanzania","2013",62.67,63.72,NA,NA,NA
"tza","Tanzania","2014",59.92,64.51,NA,NA,NA
"tza","Tanzania","2015",58.11,65.07,NA,NA,NA
"tza","Tanzania","2016",56.05,65.53,NA,NA,NA
"tza","Tanzania","2017",54.09,66.02,NA,NA,NA
"tza","Tanzania","2018",52.11,66.67,NA,NA,NA
"tza","Tanzania","2019",50.47,67.2,NA,NA,NA
"tza","Tanzania","2020",48.72,66.61,NA,NA,NA
"tza","Tanzania","2021",46.94,66.41,NA,NA,NA
"tza","Tanzania","2022",43.5,66.99,NA,NA,NA
"tza","Tanzania","2023",40.68,67.81,NA,NA,NA
"tza","Tanzania","2024",40.17,68.34,NA,NA,NA
"tza","Tanzania","2025",41.5,68.59,NA,NA,NA
"uga","Uganda","1915",495.91,28.39,NA,NA,NA
"uga","Uganda","1916",494.71,28.44,NA,NA,NA
"uga","Uganda","1917",493.51,28.48,NA,NA,NA
"uga","Uganda","1918",492.31,11.03,NA,NA,NA
"uga","Uganda","1919",491.12,28.58,NA,NA,NA
"uga","Uganda","1920",489.92,28.63,NA,NA,NA
"uga","Uganda","1921",488.72,28.67,NA,NA,NA
"uga","Uganda","1922",487.52,28.72,NA,NA,NA
"uga","Uganda","1923",490.62,28.45,NA,NA,NA
"uga","Uganda","1924",493.82,28.18,NA,NA,NA
"uga","Uganda","1925",495.53,27.91,NA,NA,NA
"uga","Uganda","1926",498.68,27.63,NA,NA,NA
"uga","Uganda","1927",501.86,27.36,NA,NA,NA
"uga","Uganda","1928",496.21,27.69,NA,NA,NA
"uga","Uganda","1929",492.07,28.02,NA,NA,NA
"uga","Uganda","1930",486.5,28.35,NA,NA,NA
"uga","Uganda","1931",479.13,28.69,NA,NA,NA
"uga","Uganda","1932",470.48,29.02,NA,NA,NA
"uga","Uganda","1933",463.34,29.36,NA,NA,NA
"uga","Uganda","1934",454.91,29.7,NA,NA,NA
"uga","Uganda","1935",447.91,30.04,NA,NA,NA
"uga","Uganda","1936",439.72,30.38,NA,NA,NA
"uga","Uganda","1937",432.95,30.72,NA,NA,NA
"uga","Uganda","1938",424.96,31.11,NA,NA,NA
"uga","Uganda","1939",417.07,31.51,NA,NA,NA
"uga","Uganda","1940",409.36,31.92,NA,NA,NA
"uga","Uganda","1941",401.72,32.39,NA,NA,NA
"uga","Uganda","1942",394.19,32.87,NA,NA,NA
"uga","Uganda","1943",386.79,33.35,NA,NA,NA
"uga","Uganda","1944",379.51,33.84,NA,NA,NA
"uga","Uganda","1945",358.2,34.32,NA,NA,NA
"uga","Uganda","1946",338.07,36.85,NA,NA,NA
"uga","Uganda","1947",319.06,39.39,NA,NA,NA
"uga","Uganda","1948",301.1,41.94,NA,NA,NA
"uga","Uganda","1949",284.13,44.5,NA,NA,NA
"uga","Uganda","1950",268.1,47.08,NA,NA,NA
"uga","Uganda","1951",265.14,47.33,NA,NA,NA
"uga","Uganda","1952",259.45,47.23,NA,NA,NA
"uga","Uganda","1953",253.95,47.52,NA,NA,NA
"uga","Uganda","1954",249.29,47.87,NA,NA,NA
"uga","Uganda","1955",244.54,48.03,NA,NA,NA
"uga","Uganda","1956",240.02,48.05,NA,NA,NA
"uga","Uganda","1957",235.24,48.24,NA,NA,NA
"uga","Uganda","1958",230.68,48.5,NA,NA,NA
"uga","Uganda","1959",226.49,48.75,NA,NA,NA
"uga","Uganda","1960",222.9,48.97,NA,NA,NA
"uga","Uganda","1961",219.15,49.19,NA,NA,NA
"uga","Uganda","1962",215.64,49.26,NA,NA,NA
"uga","Uganda","1963",211.99,49.33,NA,NA,NA
"uga","Uganda","1964",208.76,49.73,NA,NA,NA
"uga","Uganda","1965",205.42,50.57,NA,NA,NA
"uga","Uganda","1966",202.15,50.56,NA,NA,NA
"uga","Uganda","1967",198.79,50.65,NA,NA,NA
"uga","Uganda","1968",195.89,51.11,NA,NA,NA
"uga","Uganda","1969",193.34,51.65,NA,NA,NA
"uga","Uganda","1970",192.04,51.95,NA,NA,NA
"uga","Uganda","1971",191.69,52.13,NA,NA,NA
"uga","Uganda","1972",192.54,52.16,NA,NA,NA
"uga","Uganda","1973",194.53,52.52,NA,NA,NA
"uga","Uganda","1974",197.72,52.83,NA,NA,NA
"uga","Uganda","1975",201.81,52.82,NA,NA,NA
"uga","Uganda","1976",206.43,52.96,NA,NA,NA
"uga","Uganda","1977",211.04,53.06,NA,NA,NA
"uga","Uganda","1978",215.11,52.8,NA,NA,NA
"uga","Uganda","1979",217.85,52.65,NA,NA,NA
"uga","Uganda","1980",219.83,50.84,NA,NA,NA
"uga","Uganda","1981",218.18,50.88,NA,NA,NA
"uga","Uganda","1982",213.71,50.98,NA,NA,NA
"uga","Uganda","1983",207.76,51.04,NA,NA,NA
"uga","Uganda","1984",201.92,50.66,NA,NA,NA
"uga","Uganda","1985",197.47,50.29,NA,NA,NA
"uga","Uganda","1986",194.2,49.63,NA,NA,NA
"uga","Uganda","1987",191.78,50.29,NA,NA,NA
"uga","Uganda","1988",189.49,49.76,NA,NA,NA
"uga","Uganda","1989",186.66,49.1,NA,NA,NA
"uga","Uganda","1990",183.05,48.51,NA,NA,NA
"uga","Uganda","1991",178.91,48.06,NA,NA,NA
"uga","Uganda","1992",174.54,47.94,NA,NA,NA
"uga","Uganda","1993",170.65,47.8,NA,NA,NA
"uga","Uganda","1994",167.59,47.87,NA,NA,NA
"uga","Uganda","1995",165.42,47.97,NA,NA,NA
"uga","Uganda","1996",163.25,48.07,NA,NA,NA
"uga","Uganda","1997",160.55,48.38,NA,NA,NA
"uga","Uganda","1998",156.91,48.69,NA,NA,NA
"uga","Uganda","1999",152.08,49.11,NA,NA,NA
"uga","Uganda","2000",146.11,49.58,NA,NA,NA
"uga","Uganda","2001",139.25,50.34,NA,NA,NA
"uga","Uganda","2002",131.57,51.03,NA,NA,NA
"uga","Uganda","2003",123.46,51.78,NA,NA,NA
"uga","Uganda","2004",115.11,52.57,NA,NA,NA
"uga","Uganda","2005",107.06,53.92,NA,NA,NA
"uga","Uganda","2006",99.56,55.45,NA,NA,NA
"uga","Uganda","2007",92.83,56.51,NA,NA,NA
"uga","Uganda","2008",86.76,57.57,NA,NA,NA
"uga","Uganda","2009",81.52,58.54,NA,NA,NA
"uga","Uganda","2010",76.29,59.33,NA,NA,NA
"uga","Uganda","2011",71.61,60.35,NA,NA,NA
"uga","Uganda","2012",66.68,61.42,NA,NA,NA
"uga","Uganda","2013",62.32,62.44,NA,NA,NA
"uga","Uganda","2014",58.8,63.21,NA,NA,NA
"uga","Uganda","2015",55.7,63.88,NA,NA,NA
"uga","Uganda","2016",52.44,64.03,NA,NA,NA
"uga","Uganda","2017",49.89,65.01,NA,NA,NA
"uga","Uganda","2018",47.42,65.71,NA,NA,NA
"uga","Uganda","2019",45.32,66.23,NA,NA,NA
"uga","Uganda","2020",43.73,66.08,NA,NA,NA
"uga","Uganda","2021",42.22,65.92,NA,NA,NA
"uga","Uganda","2022",41.84,66.91,NA,NA,NA
"uga","Uganda","2023",40.89,67.12,NA,NA,NA
"uga","Uganda","2024",39.93,67.34,NA,NA,NA
"uga","Uganda","2025",39.01,67.55,NA,NA,NA
"ukr","Ukraine","1915",350.38,37.03,NA,NA,NA
"ukr","Ukraine","1916",349.54,37.07,NA,NA,NA
"ukr","Ukraine","1917",348.69,34.98,NA,NA,NA
"ukr","Ukraine","1918",347.84,30.76,NA,NA,NA
"ukr","Ukraine","1919",347,32.91,NA,NA,NA
"ukr","Ukraine","1920",346.15,29.81,NA,NA,NA
"ukr","Ukraine","1921",326.56,33.34,NA,NA,NA
"ukr","Ukraine","1922",306.61,34.33,NA,NA,NA
"ukr","Ukraine","1923",288.4,43.84,NA,NA,NA
"ukr","Ukraine","1924",270.83,46.54,NA,NA,NA
"ukr","Ukraine","1925",253.82,45.62,NA,NA,NA
"ukr","Ukraine","1926",236.46,49.07,NA,NA,NA
"ukr","Ukraine","1927",234.07,48.15,NA,NA,NA
"ukr","Ukraine","1928",231.69,49.9,NA,NA,NA
"ukr","Ukraine","1929",228.41,47.91,NA,NA,NA
"ukr","Ukraine","1930",226.05,47.9,NA,NA,NA
"ukr","Ukraine","1931",223.7,49.01,NA,NA,NA
"ukr","Ukraine","1932",220.51,39.66,NA,NA,NA
"ukr","Ukraine","1933",218.21,9.72,NA,NA,NA
"ukr","Ukraine","1934",215.91,42.74,NA,NA,NA
"ukr","Ukraine","1935",212.77,53.37,NA,NA,NA
"ukr","Ukraine","1936",210.52,54.17,NA,NA,NA
"ukr","Ukraine","1937",208.29,52.87,NA,NA,NA
"ukr","Ukraine","1938",205.21,54.26,NA,NA,NA
"ukr","Ukraine","1939",203,54.09,NA,NA,NA
"ukr","Ukraine","1940",204.16,53.92,NA,NA,NA
"ukr","Ukraine","1941",473.07,26.97,NA,NA,NA
"ukr","Ukraine","1942",554.25,21.14,NA,NA,NA
"ukr","Ukraine","1943",576.88,19.74,NA,NA,NA
"ukr","Ukraine","1944",416.65,31.34,NA,NA,NA
"ukr","Ukraine","1945",338.86,38.52,NA,NA,NA
"ukr","Ukraine","1946",158.46,59.98,NA,NA,NA
"ukr","Ukraine","1947",240.88,49.11,NA,NA,NA
"ukr","Ukraine","1948",138.72,62.9,NA,NA,NA
"ukr","Ukraine","1949",119.11,65.99,NA,NA,NA
"ukr","Ukraine","1950",95.17,68.16,NA,NA,NA
"ukr","Ukraine","1951",92.49,68.34,NA,NA,NA
"ukr","Ukraine","1952",86.9,68.53,NA,NA,NA
"ukr","Ukraine","1953",81.92,68.72,NA,NA,NA
"ukr","Ukraine","1954",77.53,68.92,NA,NA,NA
"ukr","Ukraine","1955",73.18,69.15,NA,NA,NA
"ukr","Ukraine","1956",68.88,69.34,NA,NA,NA
"ukr","Ukraine","1957",65.13,69.51,NA,NA,NA
"ukr","Ukraine","1958",61.92,69.74,NA,NA,NA
"ukr","Ukraine","1959",62.23,69.91,NA,NA,NA
"ukr","Ukraine","1960",53.56,71.08,NA,NA,NA
"ukr","Ukraine","1961",52.07,71.13,NA,NA,NA
"ukr","Ukraine","1962",49.98,70.98,NA,NA,NA
"ukr","Ukraine","1963",47.98,71.45,NA,NA,NA
"ukr","Ukraine","1964",46.06,72.09,NA,NA,NA
"ukr","Ukraine","1965",44.22,71.7,NA,NA,NA
"ukr","Ukraine","1966",42.45,71.83,NA,NA,NA
"ukr","Ukraine","1967",37.04,71.53,NA,NA,NA
"ukr","Ukraine","1968",32.3,71.53,NA,NA,NA
"ukr","Ukraine","1969",28.88,71.17,NA,NA,NA
"ukr","Ukraine","1970",25.69,70.92,NA,NA,NA
"ukr","Ukraine","1971",20.6,71.04,NA,NA,NA
"ukr","Ukraine","1972",22.3,70.95,NA,NA,NA
"ukr","Ukraine","1973",21.8,71.1,NA,NA,NA
"ukr","Ukraine","1974",23.5,71.01,NA,NA,NA
"ukr","Ukraine","1975",24.4,70.6,NA,NA,NA
"ukr","Ukraine","1976",25.3,70.62,NA,NA,NA
"ukr","Ukraine","1977",24.4,70.26,NA,NA,NA
"ukr","Ukraine","1978",24.5,69.99,NA,NA,NA
"ukr","Ukraine","1979",23.2,69.79,NA,NA,NA
"ukr","Ukraine","1980",22.3,69.77,NA,NA,NA
"ukr","Ukraine","1981",21.6,69.76,NA,NA,NA
"ukr","Ukraine","1982",21,69.97,NA,NA,NA
"ukr","Ukraine","1983",20.6,70.12,NA,NA,NA
"ukr","Ukraine","1984",20.4,69.81,NA,NA,NA
"ukr","Ukraine","1985",20,70.31,NA,NA,NA
"ukr","Ukraine","1986",18.9,71.66,NA,NA,NA
"ukr","Ukraine","1987",18.4,71.4,NA,NA,NA
"ukr","Ukraine","1988",18.6,71.32,NA,NA,NA
"ukr","Ukraine","1989",16.5,70.96,NA,NA,NA
"ukr","Ukraine","1990",16.2,70.58,NA,NA,NA
"ukr","Ukraine","1991",17.5,69.91,NA,NA,NA
"ukr","Ukraine","1992",17.4,69.23,NA,NA,NA
"ukr","Ukraine","1993",18.3,68.62,NA,NA,NA
"ukr","Ukraine","1994",18.1,67.93,NA,NA,NA
"ukr","Ukraine","1995",18.5,66.98,NA,NA,NA
"ukr","Ukraine","1996",18.2,67.29,NA,NA,NA
"ukr","Ukraine","1997",17.7,67.88,NA,NA,NA
"ukr","Ukraine","1998",16.3,68.72,NA,NA,NA
"ukr","Ukraine","1999",16.3,68.35,NA,NA,NA
"ukr","Ukraine","2000",15.4,67.98,NA,NA,NA
"ukr","Ukraine","2001",15.3,68.24,NA,NA,NA
"ukr","Ukraine","2002",14.1,68.13,NA,NA,NA
"ukr","Ukraine","2003",13,68.25,NA,NA,NA
"ukr","Ukraine","2004",12.4,67.99,NA,NA,NA
"ukr","Ukraine","2005",12.8,67.81,NA,NA,NA
"ukr","Ukraine","2006",12.5,68.44,NA,NA,NA
"ukr","Ukraine","2007",13.41,68.09,NA,NA,NA
"ukr","Ukraine","2008",12.86,68.29,NA,NA,NA
"ukr","Ukraine","2009",12.3,70.05,NA,NA,NA
"ukr","Ukraine","2010",11.73,70.82,NA,NA,NA
"ukr","Ukraine","2011",11.18,71.45,NA,NA,NA
"ukr","Ukraine","2012",10.67,71.56,NA,NA,NA
"ukr","Ukraine","2013",10.22,71.77,NA,NA,NA
"ukr","Ukraine","2014",9.82,71.69,NA,NA,NA
"ukr","Ukraine","2015",9.48,72.48,NA,NA,NA
"ukr","Ukraine","2016",9.18,72.87,NA,NA,NA
"ukr","Ukraine","2017",8.9,73.82,NA,NA,NA
"ukr","Ukraine","2018",8.63,73.91,NA,NA,NA
"ukr","Ukraine","2019",8.37,73.84,NA,NA,NA
"ukr","Ukraine","2020",7.03,71.89,NA,NA,NA
"ukr","Ukraine","2021",7.28,70.95,NA,NA,NA
"ukr","Ukraine","2022",9.31,67.92,NA,NA,NA
"ukr","Ukraine","2023",7.37,72.33,NA,NA,NA
"ukr","Ukraine","2024",7.21,74.74,NA,NA,NA
"ukr","Ukraine","2025",7,74.89,NA,NA,NA
"ury","Uruguay","1915",277.89,32.65,NA,NA,NA
"ury","Uruguay","1916",254.05,32.65,NA,NA,NA
"ury","Uruguay","1917",232.25,32.64,NA,NA,NA
"ury","Uruguay","1918",212.32,30.36,NA,NA,NA
"ury","Uruguay","1919",194.1,32.63,NA,NA,NA
"ury","Uruguay","1920",177.45,32.63,NA,NA,NA
"ury","Uruguay","1921",162.22,32.63,NA,NA,NA
"ury","Uruguay","1922",138.36,32.62,NA,NA,NA
"ury","Uruguay","1923",156.65,32.62,NA,NA,NA
"ury","Uruguay","1924",164.08,32.61,NA,NA,NA
"ury","Uruguay","1925",177.18,32.61,NA,NA,NA
"ury","Uruguay","1926",136.56,33.92,NA,NA,NA
"ury","Uruguay","1927",160.37,35.21,NA,NA,NA
"ury","Uruguay","1928",149.27,36.51,NA,NA,NA
"ury","Uruguay","1929",136.56,37.81,NA,NA,NA
"ury","Uruguay","1930",149.27,39.11,NA,NA,NA
"ury","Uruguay","1931",167.81,40.41,NA,NA,NA
"ury","Uruguay","1932",147.41,41.71,NA,NA,NA
"ury","Uruguay","1933",136.53,43.01,NA,NA,NA
"ury","Uruguay","1934",141.94,44.31,NA,NA,NA
"ury","Uruguay","1935",152.9,45.6,NA,NA,NA
"ury","Uruguay","1936",134.72,46.9,NA,NA,NA
"ury","Uruguay","1937",141.92,48.19,NA,NA,NA
"ury","Uruguay","1938",147.36,49.49,NA,NA,NA
"ury","Uruguay","1939",117.09,50.8,NA,NA,NA
"ury","Uruguay","1940",124.05,52.09,NA,NA,NA
"ury","Uruguay","1941",118.82,53.4,NA,NA,NA
"ury","Uruguay","1942",136.46,54.69,NA,NA,NA
"ury","Uruguay","1943",110.2,56,NA,NA,NA
"ury","Uruguay","1944",90.32,57.3,NA,NA,NA
"ury","Uruguay","1945",87.18,58.6,NA,NA,NA
"ury","Uruguay","1946",84.15,59.91,NA,NA,NA
"ury","Uruguay","1947",98.41,61.22,NA,NA,NA
"ury","Uruguay","1948",82.64,62.51,NA,NA,NA
"ury","Uruguay","1949",68.75,63.82,NA,NA,NA
"ury","Uruguay","1950",66.63,65.12,NA,NA,NA
"ury","Uruguay","1951",63.67,65.93,NA,NA,NA
"ury","Uruguay","1952",61.53,66.59,NA,NA,NA
"ury","Uruguay","1953",60.28,67.23,NA,NA,NA
"ury","Uruguay","1954",59.96,67.4,NA,NA,NA
"ury","Uruguay","1955",60.52,67.46,NA,NA,NA
"ury","Uruguay","1956",61.62,68.17,NA,NA,NA
"ury","Uruguay","1957",62.91,67.83,NA,NA,NA
"ury","Uruguay","1958",63.93,68.1,NA,NA,NA
"ury","Uruguay","1959",64.19,67.51,NA,NA,NA
"ury","Uruguay","1960",63.49,68.32,NA,NA,NA
"ury","Uruguay","1961",62.19,68.97,NA,NA,NA
"ury","Uruguay","1962",60.7,68.97,NA,NA,NA
"ury","Uruguay","1963",59.35,68.83,NA,NA,NA
"ury","Uruguay","1964",58.35,68.66,NA,NA,NA
"ury","Uruguay","1965",57.78,68.44,NA,NA,NA
"ury","Uruguay","1966",57.39,68.74,NA,NA,NA
"ury","Uruguay","1967",56.91,68.03,NA,NA,NA
"ury","Uruguay","1968",56.21,67.76,NA,NA,NA
"ury","Uruguay","1969",55.18,67.92,NA,NA,NA
"ury","Uruguay","1970",53.96,68.47,NA,NA,NA
"ury","Uruguay","1971",53.13,68.45,NA,NA,NA
"ury","Uruguay","1972",53.23,68.29,NA,NA,NA
"ury","Uruguay","1973",54.02,68.7,NA,NA,NA
"ury","Uruguay","1974",54.89,68.88,NA,NA,NA
"ury","Uruguay","1975",55.22,69.31,NA,NA,NA
"ury","Uruguay","1976",54.43,69.39,NA,NA,NA
"ury","Uruguay","1977",52.1,69.47,NA,NA,NA
"ury","Uruguay","1978",48.48,70.06,NA,NA,NA
"ury","Uruguay","1979",44.11,70.5,NA,NA,NA
"ury","Uruguay","1980",39.64,70.6,NA,NA,NA
"ury","Uruguay","1981",35.76,71.33,NA,NA,NA
"ury","Uruguay","1982",32.91,71.97,NA,NA,NA
"ury","Uruguay","1983",30.94,72.02,NA,NA,NA
"ury","Uruguay","1984",29.54,71.83,NA,NA,NA
"ury","Uruguay","1985",28.47,72.27,NA,NA,NA
"ury","Uruguay","1986",27.44,72.4,NA,NA,NA
"ury","Uruguay","1987",26.24,72.55,NA,NA,NA
"ury","Uruguay","1988",24.97,72.66,NA,NA,NA
"ury","Uruguay","1989",23.83,73,NA,NA,NA
"ury","Uruguay","1990",22.9,73.17,NA,NA,NA
"ury","Uruguay","1991",22.2,73.41,NA,NA,NA
"ury","Uruguay","1992",21.71,73.48,NA,NA,NA
"ury","Uruguay","1993",21.34,73.34,NA,NA,NA
"ury","Uruguay","1994",20.96,73.62,NA,NA,NA
"ury","Uruguay","1995",20.48,73.68,NA,NA,NA
"ury","Uruguay","1996",19.86,73.93,NA,NA,NA
"ury","Uruguay","1997",19.08,74.13,NA,NA,NA
"ury","Uruguay","1998",18.27,74.14,NA,NA,NA
"ury","Uruguay","1999",17.54,74.36,NA,NA,NA
"ury","Uruguay","2000",16.99,74.77,NA,NA,NA
"ury","Uruguay","2001",16.55,75.01,NA,NA,NA
"ury","Uruguay","2002",16.17,75,NA,NA,NA
"ury","Uruguay","2003",15.74,74.97,NA,NA,NA
"ury","Uruguay","2004",15.15,75.23,NA,NA,NA
"ury","Uruguay","2005",14.36,75.54,NA,NA,NA
"ury","Uruguay","2006",13.49,75.92,NA,NA,NA
"ury","Uruguay","2007",12.63,75.69,NA,NA,NA
"ury","Uruguay","2008",11.85,76.19,NA,NA,NA
"ury","Uruguay","2009",11.21,76.51,NA,NA,NA
"ury","Uruguay","2010",10.71,76.53,NA,NA,NA
"ury","Uruguay","2011",10.32,76.42,NA,NA,NA
"ury","Uruguay","2012",9.98,76.55,NA,NA,NA
"ury","Uruguay","2013",9.66,76.78,NA,NA,NA
"ury","Uruguay","2014",9.29,77.08,NA,NA,NA
"ury","Uruguay","2015",8.87,77.14,NA,NA,NA
"ury","Uruguay","2016",8.38,77.29,NA,NA,NA
"ury","Uruguay","2017",7.84,77.34,NA,NA,NA
"ury","Uruguay","2018",7.28,77.45,NA,NA,NA
"ury","Uruguay","2019",6.72,77.53,NA,NA,NA
"ury","Uruguay","2020",5.36,78.45,NA,NA,NA
"ury","Uruguay","2021",5.67,75.45,NA,NA,NA
"ury","Uruguay","2022",7.03,78.02,NA,NA,NA
"ury","Uruguay","2023",6.85,78.18,NA,NA,NA
"ury","Uruguay","2024",6.69,78.34,NA,NA,NA
"ury","Uruguay","2025",6.52,78.5,NA,NA,NA
"usa","USA","1915",172.1,55.19,NA,NA,NA
"usa","USA","1916",179.04,54.29,NA,NA,NA
"usa","USA","1917",180.24,54.09,NA,NA,NA
"usa","USA","1918",239.32,47.28,NA,NA,NA
"usa","USA","1919",168.84,55.39,NA,NA,NA
"usa","USA","1920",167.64,55.49,NA,NA,NA
"usa","USA","1921",145.53,58.3,NA,NA,NA
"usa","USA","1922",145.92,58.2,NA,NA,NA
"usa","USA","1923",150.11,57.6,NA,NA,NA
"usa","USA","1924",139.7,58.6,NA,NA,NA
"usa","USA","1925",130,58.61,NA,NA,NA
"usa","USA","1926",120.99,58.01,NA,NA,NA
"usa","USA","1927",112.59,59.51,NA,NA,NA
"usa","USA","1928",104.78,58.41,NA,NA,NA
"usa","USA","1929",97.51,58.61,NA,NA,NA
"usa","USA","1930",90.75,59.72,NA,NA,NA
"usa","USA","1931",84.44,60.42,NA,NA,NA
"usa","USA","1932",78.57,61.12,NA,NA,NA
"usa","USA","1933",73.12,61.08,NA,NA,NA
"usa","USA","1934",79.7,60.41,NA,NA,NA
"usa","USA","1935",75.31,61.07,NA,NA,NA
"usa","USA","1936",75.93,60.53,NA,NA,NA
"usa","USA","1937",73.57,61.23,NA,NA,NA
"usa","USA","1938",69.52,62.56,NA,NA,NA
"usa","USA","1939",62.87,63.26,NA,NA,NA
"usa","USA","1940",61.84,63.42,NA,NA,NA
"usa","USA","1941",60.31,63.98,NA,NA,NA
"usa","USA","1942",54.7,64.77,NA,NA,NA
"usa","USA","1943",53.65,64.48,NA,NA,NA
"usa","USA","1944",50.27,65.28,NA,NA,NA
"usa","USA","1945",48.18,65.78,NA,NA,NA
"usa","USA","1946",46.6,66.48,NA,NA,NA
"usa","USA","1947",42.75,66.89,NA,NA,NA
"usa","USA","1948",39.68,67.46,NA,NA,NA
"usa","USA","1949",39.6,67.84,NA,NA,NA
"usa","USA","1950",37.61,68.29,NA,NA,NA
"usa","USA","1951",36.61,68.38,NA,NA,NA
"usa","USA","1952",35.62,68.57,NA,NA,NA
"usa","USA","1953",34.68,68.95,NA,NA,NA
"usa","USA","1954",33.81,69.71,NA,NA,NA
"usa","USA","1955",33.02,69.86,NA,NA,NA
"usa","USA","1956",32.33,69.88,NA,NA,NA
"usa","USA","1957",31.71,69.7,NA,NA,NA
"usa","USA","1958",31.15,69.87,NA,NA,NA
"usa","USA","1959",30.6,70.02,NA,NA,NA
"usa","USA","1960",30.05,70.06,NA,NA,NA
"usa","USA","1961",29.49,70.35,NA,NA,NA
"usa","USA","1962",28.92,70.27,NA,NA,NA
"usa","USA","1963",28.33,70.15,NA,NA,NA
"usa","USA","1964",27.72,70.3,NA,NA,NA
"usa","USA","1965",27.08,70.37,NA,NA,NA
"usa","USA","1966",26.4,70.36,NA,NA,NA
"usa","USA","1967",25.67,70.52,NA,NA,NA
"usa","USA","1968",24.91,70.33,NA,NA,NA
"usa","USA","1969",24.09,70.61,NA,NA,NA
"usa","USA","1970",23.24,70.93,NA,NA,NA
"usa","USA","1971",22.37,71.28,NA,NA,NA
"usa","USA","1972",21.47,71.4,NA,NA,NA
"usa","USA","1973",20.57,71.66,NA,NA,NA
"usa","USA","1974",19.66,72.21,NA,NA,NA
"usa","USA","1975",18.78,72.73,NA,NA,NA
"usa","USA","1976",17.92,73.1,NA,NA,NA
"usa","USA","1977",17.1,73.39,NA,NA,NA
"usa","USA","1978",16.33,73.63,NA,NA,NA
"usa","USA","1979",15.63,73.92,NA,NA,NA
"usa","USA","1980",14.98,73.96,NA,NA,NA
"usa","USA","1981",14.39,74.27,NA,NA,NA
"usa","USA","1982",13.87,74.61,NA,NA,NA
"usa","USA","1983",13.42,74.77,NA,NA,NA
"usa","USA","1984",13.03,74.88,NA,NA,NA
"usa","USA","1985",12.7,74.91,NA,NA,NA
"usa","USA","1986",12.41,75.01,NA,NA,NA
"usa","USA","1987",12.14,75.12,NA,NA,NA
"usa","USA","1988",11.86,75.2,NA,NA,NA
"usa","USA","1989",11.55,75.42,NA,NA,NA
"usa","USA","1990",11.22,75.72,NA,NA,NA
"usa","USA","1991",10.87,75.86,NA,NA,NA
"usa","USA","1992",10.5,76.03,NA,NA,NA
"usa","USA","1993",10.13,75.92,NA,NA,NA
"usa","USA","1994",9.78,75.98,NA,NA,NA
"usa","USA","1995",9.46,76.08,NA,NA,NA
"usa","USA","1996",9.19,76.41,NA,NA,NA
"usa","USA","1997",8.95,76.75,NA,NA,NA
"usa","USA","1998",8.75,76.9,NA,NA,NA
"usa","USA","1999",8.58,76.92,NA,NA,NA
"usa","USA","2000",8.45,77.03,NA,NA,NA
"usa","USA","2001",8.33,77.07,NA,NA,NA
"usa","USA","2002",8.23,77.18,NA,NA,NA
"usa","USA","2003",8.14,77.35,NA,NA,NA
"usa","USA","2004",8.05,77.67,NA,NA,NA
"usa","USA","2005",7.96,77.73,NA,NA,NA
"usa","USA","2006",7.86,77.97,NA,NA,NA
"usa","USA","2007",7.74,78.22,NA,NA,NA
"usa","USA","2008",7.61,78.4,NA,NA,NA
"usa","USA","2009",7.48,78.63,NA,NA,NA
"usa","USA","2010",7.34,78.89,NA,NA,NA
"usa","USA","2011",7.21,78.93,NA,NA,NA
"usa","USA","2012",7.09,79.03,NA,NA,NA
"usa","USA","2013",6.98,79.08,NA,NA,NA
"usa","USA","2014",6.88,79.08,NA,NA,NA
"usa","USA","2015",6.79,78.99,NA,NA,NA
"usa","USA","2016",6.71,78.86,NA,NA,NA
"usa","USA","2017",6.62,78.98,NA,NA,NA
"usa","USA","2018",6.54,78.95,NA,NA,NA
"usa","USA","2019",6.45,78.93,NA,NA,NA
"usa","USA","2020",6.36,77.22,NA,NA,NA
"usa","USA","2021",6.28,77,NA,NA,NA
"usa","USA","2022",5.9,78,NA,NA,NA
"usa","USA","2023",5.82,79.53,NA,NA,NA
"usa","USA","2024",5.66,79.69,NA,NA,NA
"usa","USA","2025",5.51,79.83,NA,NA,NA
"uzb","Uzbekistan","1915",332.58,32.17,NA,NA,NA
"uzb","Uzbekistan","1916",329.67,32.18,NA,NA,NA
"uzb","Uzbekistan","1917",326.79,29.14,NA,NA,NA
"uzb","Uzbekistan","1918",323.94,19,NA,NA,NA
"uzb","Uzbekistan","1919",321.11,24.56,NA,NA,NA
"uzb","Uzbekistan","1920",318.31,20,NA,NA,NA
"uzb","Uzbekistan","1921",315.53,23.35,NA,NA,NA
"uzb","Uzbekistan","1922",312.78,24.27,NA,NA,NA
"uzb","Uzbekistan","1923",310.05,33.31,NA,NA,NA
"uzb","Uzbekistan","1924",307.34,35.86,NA,NA,NA
"uzb","Uzbekistan","1925",304.65,34.95,NA,NA,NA
"uzb","Uzbekistan","1926",302,38.21,NA,NA,NA
"uzb","Uzbekistan","1927",299.36,37.54,NA,NA,NA
"uzb","Uzbekistan","1928",296.74,39.08,NA,NA,NA
"uzb","Uzbekistan","1929",294.15,37.83,NA,NA,NA
"uzb","Uzbekistan","1930",291.59,37.14,NA,NA,NA
"uzb","Uzbekistan","1931",281.79,31.26,NA,NA,NA
"uzb","Uzbekistan","1932",269.89,23.13,NA,NA,NA
"uzb","Uzbekistan","1933",258.31,19.06,NA,NA,NA
"uzb","Uzbekistan","1934",247.04,39.58,NA,NA,NA
"uzb","Uzbekistan","1935",236.09,41.17,NA,NA,NA
"uzb","Uzbekistan","1936",225.43,42.88,NA,NA,NA
"uzb","Uzbekistan","1937",215.07,41.88,NA,NA,NA
"uzb","Uzbekistan","1938",204.99,43.61,NA,NA,NA
"uzb","Uzbekistan","1939",195.19,46.06,NA,NA,NA
"uzb","Uzbekistan","1940",185.67,43.55,NA,NA,NA
"uzb","Uzbekistan","1941",176.41,30.81,NA,NA,NA
"uzb","Uzbekistan","1942",167.42,26.55,NA,NA,NA
"uzb","Uzbekistan","1943",158.67,24.54,NA,NA,NA
"uzb","Uzbekistan","1944",150.18,34.15,NA,NA,NA
"uzb","Uzbekistan","1945",141.93,41.83,NA,NA,NA
"uzb","Uzbekistan","1946",133.91,50.87,NA,NA,NA
"uzb","Uzbekistan","1947",126.13,42.74,NA,NA,NA
"uzb","Uzbekistan","1948",118.57,51.01,NA,NA,NA
"uzb","Uzbekistan","1949",111.23,53.89,NA,NA,NA
"uzb","Uzbekistan","1950",104.11,56.27,NA,NA,NA
"uzb","Uzbekistan","1951",103.19,56.65,NA,NA,NA
"uzb","Uzbekistan","1952",101.38,57.11,NA,NA,NA
"uzb","Uzbekistan","1953",99.57,57.58,NA,NA,NA
"uzb","Uzbekistan","1954",97.77,58.08,NA,NA,NA
"uzb","Uzbekistan","1955",95.98,58.63,NA,NA,NA
"uzb","Uzbekistan","1956",94.17,59.23,NA,NA,NA
"uzb","Uzbekistan","1957",92.37,59.82,NA,NA,NA
"uzb","Uzbekistan","1958",90.57,60.59,NA,NA,NA
"uzb","Uzbekistan","1959",88.76,60.72,NA,NA,NA
"uzb","Uzbekistan","1960",86.96,61.07,NA,NA,NA
"uzb","Uzbekistan","1961",85.17,61.48,NA,NA,NA
"uzb","Uzbekistan","1962",83.38,61.87,NA,NA,NA
"uzb","Uzbekistan","1963",81.59,62.19,NA,NA,NA
"uzb","Uzbekistan","1964",79.82,62.61,NA,NA,NA
"uzb","Uzbekistan","1965",78.04,63.03,NA,NA,NA
"uzb","Uzbekistan","1966",76.23,63.43,NA,NA,NA
"uzb","Uzbekistan","1967",74.39,63.8,NA,NA,NA
"uzb","Uzbekistan","1968",72.57,64.17,NA,NA,NA
"uzb","Uzbekistan","1969",70.76,64.56,NA,NA,NA
"uzb","Uzbekistan","1970",69.01,64.85,NA,NA,NA
"uzb","Uzbekistan","1971",67.35,65.14,NA,NA,NA
"uzb","Uzbekistan","1972",65.81,65.31,NA,NA,NA
"uzb","Uzbekistan","1973",64.4,65.67,NA,NA,NA
"uzb","Uzbekistan","1974",68.34,65.87,NA,NA,NA
"uzb","Uzbekistan","1975",67.06,65.94,NA,NA,NA
"uzb","Uzbekistan","1976",65.87,66.21,NA,NA,NA
"uzb","Uzbekistan","1977",64.74,66.54,NA,NA,NA
"uzb","Uzbekistan","1978",63.6,66.62,NA,NA,NA
"uzb","Uzbekistan","1979",126.72,66.88,NA,NA,NA
"uzb","Uzbekistan","1980",117.84,67.47,NA,NA,NA
"uzb","Uzbekistan","1981",109.78,67.59,NA,NA,NA
"uzb","Uzbekistan","1982",102.4,67.68,NA,NA,NA
"uzb","Uzbekistan","1983",63.5,67.8,NA,NA,NA
"uzb","Uzbekistan","1984",89.61,67.98,NA,NA,NA
"uzb","Uzbekistan","1985",84.29,68.38,NA,NA,NA
"uzb","Uzbekistan","1986",79.77,69.08,NA,NA,NA
"uzb","Uzbekistan","1987",76.07,69.37,NA,NA,NA
"uzb","Uzbekistan","1988",54,69.3,NA,NA,NA
"uzb","Uzbekistan","1989",71.42,69.28,NA,NA,NA
"uzb","Uzbekistan","1990",70.62,69.31,NA,NA,NA
"uzb","Uzbekistan","1991",70.4,68.89,NA,NA,NA
"uzb","Uzbekistan","1992",70.32,68.18,NA,NA,NA
"uzb","Uzbekistan","1993",57.1,67.09,NA,NA,NA
"uzb","Uzbekistan","1994",70.07,66.23,NA,NA,NA
"uzb","Uzbekistan","1995",69.51,65.66,NA,NA,NA
"uzb","Uzbekistan","1996",68.58,65.24,NA,NA,NA
"uzb","Uzbekistan","1997",67.34,65.37,NA,NA,NA
"uzb","Uzbekistan","1998",65.72,65.39,NA,NA,NA
"uzb","Uzbekistan","1999",63.48,65.47,NA,NA,NA
"uzb","Uzbekistan","2000",60.66,65.11,NA,NA,NA
"uzb","Uzbekistan","2001",57.45,65.1,NA,NA,NA
"uzb","Uzbekistan","2002",53.94,64.99,NA,NA,NA
"uzb","Uzbekistan","2003",50.39,64.92,NA,NA,NA
"uzb","Uzbekistan","2004",46.82,64.81,NA,NA,NA
"uzb","Uzbekistan","2005",43.4,64.48,NA,NA,NA
"uzb","Uzbekistan","2006",40.15,65.02,NA,NA,NA
"uzb","Uzbekistan","2007",37,65.35,NA,NA,NA
"uzb","Uzbekistan","2008",34.04,65.72,NA,NA,NA
"uzb","Uzbekistan","2009",31.27,66.2,NA,NA,NA
"uzb","Uzbekistan","2010",28.72,66.48,NA,NA,NA
"uzb","Uzbekistan","2011",26.44,66.57,NA,NA,NA
"uzb","Uzbekistan","2012",24.36,66.69,NA,NA,NA
"uzb","Uzbekistan","2013",22.49,66.97,NA,NA,NA
"uzb","Uzbekistan","2014",20.82,67.15,NA,NA,NA
"uzb","Uzbekistan","2015",19.34,67.3,NA,NA,NA
"uzb","Uzbekistan","2016",18.02,67.56,NA,NA,NA
"uzb","Uzbekistan","2017",16.81,67.85,NA,NA,NA
"uzb","Uzbekistan","2018",15.78,68.12,NA,NA,NA
"uzb","Uzbekistan","2019",14.83,68.44,NA,NA,NA
"uzb","Uzbekistan","2020",13.95,67.47,NA,NA,NA
"uzb","Uzbekistan","2021",13.13,67.98,NA,NA,NA
"uzb","Uzbekistan","2022",13.96,68.76,NA,NA,NA
"uzb","Uzbekistan","2023",13.64,68.86,NA,NA,NA
"uzb","Uzbekistan","2024",13.31,68.96,NA,NA,NA
"uzb","Uzbekistan","2025",13.02,69.07,NA,NA,NA
"vct","St. Vincent and the Grenadines","1915",240.76,27.26,NA,NA,NA
"vct","St. Vincent and the Grenadines","1916",239.39,27.27,NA,NA,NA
"vct","St. Vincent and the Grenadines","1917",238.03,27.29,NA,NA,NA
"vct","St. Vincent and the Grenadines","1918",236.68,17.71,NA,NA,NA
"vct","St. Vincent and the Grenadines","1919",235.34,27.33,NA,NA,NA
"vct","St. Vincent and the Grenadines","1920",234,27.35,NA,NA,NA
"vct","St. Vincent and the Grenadines","1921",232.67,27.37,NA,NA,NA
"vct","St. Vincent and the Grenadines","1922",231.35,28.26,NA,NA,NA
"vct","St. Vincent and the Grenadines","1923",230.04,29.15,NA,NA,NA
"vct","St. Vincent and the Grenadines","1924",228.73,30.05,NA,NA,NA
"vct","St. Vincent and the Grenadines","1925",227.43,30.95,NA,NA,NA
"vct","St. Vincent and the Grenadines","1926",226.14,31.83,NA,NA,NA
"vct","St. Vincent and the Grenadines","1927",224.86,32.73,NA,NA,NA
"vct","St. Vincent and the Grenadines","1928",223.58,33.64,NA,NA,NA
"vct","St. Vincent and the Grenadines","1929",222.31,34.54,NA,NA,NA
"vct","St. Vincent and the Grenadines","1930",221.05,35.43,NA,NA,NA
"vct","St. Vincent and the Grenadines","1931",219.79,36.34,NA,NA,NA
"vct","St. Vincent and the Grenadines","1932",218.55,37.25,NA,NA,NA
"vct","St. Vincent and the Grenadines","1933",217.31,38.15,NA,NA,NA
"vct","St. Vincent and the Grenadines","1934",216.07,39.05,NA,NA,NA
"vct","St. Vincent and the Grenadines","1935",214.85,39.96,NA,NA,NA
"vct","St. Vincent and the Grenadines","1936",213.63,40.87,NA,NA,NA
"vct","St. Vincent and the Grenadines","1937",212.41,41.79,NA,NA,NA
"vct","St. Vincent and the Grenadines","1938",211.21,42.69,NA,NA,NA
"vct","St. Vincent and the Grenadines","1939",210.01,43.6,NA,NA,NA
"vct","St. Vincent and the Grenadines","1940",208.82,44.52,NA,NA,NA
"vct","St. Vincent and the Grenadines","1941",207.63,45.43,NA,NA,NA
"vct","St. Vincent and the Grenadines","1942",206.45,46.34,NA,NA,NA
"vct","St. Vincent and the Grenadines","1943",205.28,47.24,NA,NA,NA
"vct","St. Vincent and the Grenadines","1944",204.11,48.15,NA,NA,NA
"vct","St. Vincent and the Grenadines","1945",202.96,49.07,NA,NA,NA
"vct","St. Vincent and the Grenadines","1946",201.8,49.98,NA,NA,NA
"vct","St. Vincent and the Grenadines","1947",200.66,50.89,NA,NA,NA
"vct","St. Vincent and the Grenadines","1948",199.52,51.8,NA,NA,NA
"vct","St. Vincent and the Grenadines","1949",198.39,52.72,NA,NA,NA
"vct","St. Vincent and the Grenadines","1950",197.26,53.64,NA,NA,NA
"vct","St. Vincent and the Grenadines","1951",195.13,54.45,NA,NA,NA
"vct","St. Vincent and the Grenadines","1952",190.61,55.3,NA,NA,NA
"vct","St. Vincent and the Grenadines","1953",185.1,56.29,NA,NA,NA
"vct","St. Vincent and the Grenadines","1954",178.66,57.28,NA,NA,NA
"vct","St. Vincent and the Grenadines","1955",171.34,55.03,NA,NA,NA
"vct","St. Vincent and the Grenadines","1956",163.25,59.16,NA,NA,NA
"vct","St. Vincent and the Grenadines","1957",154.44,59.91,NA,NA,NA
"vct","St. Vincent and the Grenadines","1958",145.01,60.46,NA,NA,NA
"vct","St. Vincent and the Grenadines","1959",135.9,60.38,NA,NA,NA
"vct","St. Vincent and the Grenadines","1960",128.92,60.97,NA,NA,NA
"vct","St. Vincent and the Grenadines","1961",122.3,61.62,NA,NA,NA
"vct","St. Vincent and the Grenadines","1962",116.01,62.22,NA,NA,NA
"vct","St. Vincent and the Grenadines","1963",110.05,62.63,NA,NA,NA
"vct","St. Vincent and the Grenadines","1964",104.4,63.09,NA,NA,NA
"vct","St. Vincent and the Grenadines","1965",100.88,63.41,NA,NA,NA
"vct","St. Vincent and the Grenadines","1966",95.37,63.71,NA,NA,NA
"vct","St. Vincent and the Grenadines","1967",88.91,63.88,NA,NA,NA
"vct","St. Vincent and the Grenadines","1968",82.66,64.19,NA,NA,NA
"vct","St. Vincent and the Grenadines","1969",77.54,64.45,NA,NA,NA
"vct","St. Vincent and the Grenadines","1970",74.82,64.78,NA,NA,NA
"vct","St. Vincent and the Grenadines","1971",73.78,65.02,NA,NA,NA
"vct","St. Vincent and the Grenadines","1972",73.96,65.38,NA,NA,NA
"vct","St. Vincent and the Grenadines","1973",74.86,65.85,NA,NA,NA
"vct","St. Vincent and the Grenadines","1974",75.45,66.26,NA,NA,NA
"vct","St. Vincent and the Grenadines","1975",74.76,66.59,NA,NA,NA
"vct","St. Vincent and the Grenadines","1976",72.44,66.97,NA,NA,NA
"vct","St. Vincent and the Grenadines","1977",68.62,67.39,NA,NA,NA
"vct","St. Vincent and the Grenadines","1978",63.6,67.91,NA,NA,NA
"vct","St. Vincent and the Grenadines","1979",58.17,68.31,NA,NA,NA
"vct","St. Vincent and the Grenadines","1980",52.85,68.56,NA,NA,NA
"vct","St. Vincent and the Grenadines","1981",47.87,68.94,NA,NA,NA
"vct","St. Vincent and the Grenadines","1982",43.24,69.25,NA,NA,NA
"vct","St. Vincent and the Grenadines","1983",39.04,69.39,NA,NA,NA
"vct","St. Vincent and the Grenadines","1984",35.35,69.61,NA,NA,NA
"vct","St. Vincent and the Grenadines","1985",32.22,69.99,NA,NA,NA
"vct","St. Vincent and the Grenadines","1986",29.63,70.16,NA,NA,NA
"vct","St. Vincent and the Grenadines","1987",27.56,69.98,NA,NA,NA
"vct","St. Vincent and the Grenadines","1988",25.94,70.24,NA,NA,NA
"vct","St. Vincent and the Grenadines","1989",24.7,70.26,NA,NA,NA
"vct","St. Vincent and the Grenadines","1990",23.76,70.11,NA,NA,NA
"vct","St. Vincent and the Grenadines","1991",23.07,70.28,NA,NA,NA
"vct","St. Vincent and the Grenadines","1992",22.59,70.23,NA,NA,NA
"vct","St. Vincent and the Grenadines","1993",22.33,70.31,NA,NA,NA
"vct","St. Vincent and the Grenadines","1994",22.21,70.32,NA,NA,NA
"vct","St. Vincent and the Grenadines","1995",22.19,70.47,NA,NA,NA
"vct","St. Vincent and the Grenadines","1996",22.24,70.49,NA,NA,NA
"vct","St. Vincent and the Grenadines","1997",22.3,70.88,NA,NA,NA
"vct","St. Vincent and the Grenadines","1998",22.3,71.01,NA,NA,NA
"vct","St. Vincent and the Grenadines","1999",22.27,71.06,NA,NA,NA
"vct","St. Vincent and the Grenadines","2000",22.17,71.11,NA,NA,NA
"vct","St. Vincent and the Grenadines","2001",22.03,71.66,NA,NA,NA
"vct","St. Vincent and the Grenadines","2002",21.88,71.65,NA,NA,NA
"vct","St. Vincent and the Grenadines","2003",21.73,72.16,NA,NA,NA
"vct","St. Vincent and the Grenadines","2004",21.6,72.33,NA,NA,NA
"vct","St. Vincent and the Grenadines","2005",21.45,72.6,NA,NA,NA
"vct","St. Vincent and the Grenadines","2006",21.29,72.89,NA,NA,NA
"vct","St. Vincent and the Grenadines","2007",21.08,73.11,NA,NA,NA
"vct","St. Vincent and the Grenadines","2008",20.77,73.07,NA,NA,NA
"vct","St. Vincent and the Grenadines","2009",20.36,73.01,NA,NA,NA
"vct","St. Vincent and the Grenadines","2010",19.83,73.11,NA,NA,NA
"vct","St. Vincent and the Grenadines","2011",19.23,73.21,NA,NA,NA
"vct","St. Vincent and the Grenadines","2012",18.6,73.03,NA,NA,NA
"vct","St. Vincent and the Grenadines","2013",17.97,72.48,NA,NA,NA
"vct","St. Vincent and the Grenadines","2014",17.36,72.61,NA,NA,NA
"vct","St. Vincent and the Grenadines","2015",16.75,72.57,NA,NA,NA
"vct","St. Vincent and the Grenadines","2016",16.17,72.63,NA,NA,NA
"vct","St. Vincent and the Grenadines","2017",15.63,72.73,NA,NA,NA
"vct","St. Vincent and the Grenadines","2018",15.11,72.83,NA,NA,NA
"vct","St. Vincent and the Grenadines","2019",14.62,72.95,NA,NA,NA
"vct","St. Vincent and the Grenadines","2020",14.29,72.24,NA,NA,NA
"vct","St. Vincent and the Grenadines","2021",14.12,69.74,NA,NA,NA
"vct","St. Vincent and the Grenadines","2022",14.88,69.08,NA,NA,NA
"vct","St. Vincent and the Grenadines","2023",16.24,70.38,NA,NA,NA
"vct","St. Vincent and the Grenadines","2024",16.03,73.84,NA,NA,NA
"vct","St. Vincent and the Grenadines","2025",15.77,74.06,NA,NA,NA
"ven","Venezuela","1915",402.72,33.88,NA,NA,NA
"ven","Venezuela","1916",401.74,33.91,NA,NA,NA
"ven","Venezuela","1917",400.77,33.94,NA,NA,NA
"ven","Venezuela","1918",399.8,30.73,NA,NA,NA
"ven","Venezuela","1919",398.82,33.99,NA,NA,NA
"ven","Venezuela","1920",397.85,34.01,NA,NA,NA
"ven","Venezuela","1921",378.63,34.04,NA,NA,NA
"ven","Venezuela","1922",360.34,34.07,NA,NA,NA
"ven","Venezuela","1923",342.93,34.09,NA,NA,NA
"ven","Venezuela","1924",326.36,34.12,NA,NA,NA
"ven","Venezuela","1925",310.6,34.14,NA,NA,NA
"ven","Venezuela","1926",295.59,34.17,NA,NA,NA
"ven","Venezuela","1927",281.31,34.38,NA,NA,NA
"ven","Venezuela","1928",267.72,34.58,NA,NA,NA
"ven","Venezuela","1929",254.79,34.79,NA,NA,NA
"ven","Venezuela","1930",242.48,35,NA,NA,NA
"ven","Venezuela","1931",253.24,35.2,NA,NA,NA
"ven","Venezuela","1932",258.34,35.41,NA,NA,NA
"ven","Venezuela","1933",263.54,35.62,NA,NA,NA
"ven","Venezuela","1934",256.73,35.83,NA,NA,NA
"ven","Venezuela","1935",218.46,36.04,NA,NA,NA
"ven","Venezuela","1936",212.85,36.25,NA,NA,NA
"ven","Venezuela","1937",214.72,37.56,NA,NA,NA
"ven","Venezuela","1938",222.2,38.87,NA,NA,NA
"ven","Venezuela","1939",209.1,40.18,NA,NA,NA
"ven","Venezuela","1940",190.33,41.5,NA,NA,NA
"ven","Venezuela","1941",188.45,42.85,NA,NA,NA
"ven","Venezuela","1942",177.18,44.6,NA,NA,NA
"ven","Venezuela","1943",165.95,46.35,NA,NA,NA
"ven","Venezuela","1944",180.93,48.11,NA,NA,NA
"ven","Venezuela","1945",147.43,49.87,NA,NA,NA
"ven","Venezuela","1946",152.95,51.63,NA,NA,NA
"ven","Venezuela","1947",149.27,53.4,NA,NA,NA
"ven","Venezuela","1948",145.6,55.16,NA,NA,NA
"ven","Venezuela","1949",132.98,56.92,NA,NA,NA
"ven","Venezuela","1950",106.8,58.7,NA,NA,NA
"ven","Venezuela","1951",107.65,58.97,NA,NA,NA
"ven","Venezuela","1952",106.89,59.55,NA,NA,NA
"ven","Venezuela","1953",94.96,61.31,NA,NA,NA
"ven","Venezuela","1954",97.61,61.03,NA,NA,NA
"ven","Venezuela","1955",97.35,61.16,NA,NA,NA
"ven","Venezuela","1956",93.29,61.58,NA,NA,NA
"ven","Venezuela","1957",89.49,61.44,NA,NA,NA
"ven","Venezuela","1958",86,62.49,NA,NA,NA
"ven","Venezuela","1959",82.63,63.86,NA,NA,NA
"ven","Venezuela","1960",79.64,65.17,NA,NA,NA
"ven","Venezuela","1961",77.04,65.76,NA,NA,NA
"ven","Venezuela","1962",74.84,66.07,NA,NA,NA
"ven","Venezuela","1963",72.86,65.69,NA,NA,NA
"ven","Venezuela","1964",71.23,65.48,NA,NA,NA
"ven","Venezuela","1965",69.81,66.03,NA,NA,NA
"ven","Venezuela","1966",68.52,66.27,NA,NA,NA
"ven","Venezuela","1967",67.22,66.48,NA,NA,NA
"ven","Venezuela","1968",65.91,66.46,NA,NA,NA
"ven","Venezuela","1969",64.43,66.05,NA,NA,NA
"ven","Venezuela","1970",62.8,66.51,NA,NA,NA
"ven","Venezuela","1971",61,66.57,NA,NA,NA
"ven","Venezuela","1972",59.08,66.37,NA,NA,NA
"ven","Venezuela","1973",57.14,66.29,NA,NA,NA
"ven","Venezuela","1974",55.37,67.31,NA,NA,NA
"ven","Venezuela","1975",53.57,67.6,NA,NA,NA
"ven","Venezuela","1976",51.76,67.79,NA,NA,NA
"ven","Venezuela","1977",49.87,68.73,NA,NA,NA
"ven","Venezuela","1978",47.98,69.42,NA,NA,NA
"ven","Venezuela","1979",46.01,69.74,NA,NA,NA
"ven","Venezuela","1980",44.07,69.66,NA,NA,NA
"ven","Venezuela","1981",42.23,69.7,NA,NA,NA
"ven","Venezuela","1982",40.53,70.34,NA,NA,NA
"ven","Venezuela","1983",38.99,71.1,NA,NA,NA
"ven","Venezuela","1984",37.57,71.31,NA,NA,NA
"ven","Venezuela","1985",36.25,71.56,NA,NA,NA
"ven","Venezuela","1986",34.92,72.2,NA,NA,NA
"ven","Venezuela","1987",33.57,72.09,NA,NA,NA
"ven","Venezuela","1988",32.17,72.49,NA,NA,NA
"ven","Venezuela","1989",30.8,72.42,NA,NA,NA
"ven","Venezuela","1990",29.55,72.44,NA,NA,NA
"ven","Venezuela","1991",28.53,72.9,NA,NA,NA
"ven","Venezuela","1992",27.76,72.88,NA,NA,NA
"ven","Venezuela","1993",27.2,72.77,NA,NA,NA
"ven","Venezuela","1994",26.77,72.26,NA,NA,NA
"ven","Venezuela","1995",26.25,72.61,NA,NA,NA
"ven","Venezuela","1996",25.48,73.31,NA,NA,NA
"ven","Venezuela","1997",24.5,74.07,NA,NA,NA
"ven","Venezuela","1998",23.45,73.97,NA,NA,NA
"ven","Venezuela","1999",44.4,70.26,NA,NA,NA
"ven","Venezuela","2000",21.57,74.17,NA,NA,NA
"ven","Venezuela","2001",20.9,74.07,NA,NA,NA
"ven","Venezuela","2002",20.35,73.99,NA,NA,NA
"ven","Venezuela","2003",19.78,73.51,NA,NA,NA
"ven","Venezuela","2004",19.12,74.64,NA,NA,NA
"ven","Venezuela","2005",18.47,75.01,NA,NA,NA
"ven","Venezuela","2006",17.89,74.82,NA,NA,NA
"ven","Venezuela","2007",17.43,74.64,NA,NA,NA
"ven","Venezuela","2008",17.15,74.4,NA,NA,NA
"ven","Venezuela","2009",17.04,74.56,NA,NA,NA
"ven","Venezuela","2010",17.06,75.3,NA,NA,NA
"ven","Venezuela","2011",17.15,75.4,NA,NA,NA
"ven","Venezuela","2012",17.33,75.23,NA,NA,NA
"ven","Venezuela","2013",17.61,75.55,NA,NA,NA
"ven","Venezuela","2014",17.99,75.58,NA,NA,NA
"ven","Venezuela","2015",19.13,75.67,NA,NA,NA
"ven","Venezuela","2016",24.22,75.62,NA,NA,NA
"ven","Venezuela","2017",24.22,75.52,NA,NA,NA
"ven","Venezuela","2018",24.22,75.44,NA,NA,NA
"ven","Venezuela","2019",24.22,75.05,NA,NA,NA
"ven","Venezuela","2020",24.19,73.94,NA,NA,NA
"ven","Venezuela","2021",24.23,73.38,NA,NA,NA
"ven","Venezuela","2022",22.79,73.95,NA,NA,NA
"ven","Venezuela","2023",21.09,75.81,NA,NA,NA
"ven","Venezuela","2024",20.33,75.99,NA,NA,NA
"ven","Venezuela","2025",19.61,76.18,NA,NA,NA
"vnm","Vietnam","1915",405.19,32.27,NA,NA,NA
"vnm","Vietnam","1916",404.21,32.28,NA,NA,NA
"vnm","Vietnam","1917",403.23,32.28,NA,NA,NA
"vnm","Vietnam","1918",402.25,20.69,NA,NA,NA
"vnm","Vietnam","1919",401.27,32.29,NA,NA,NA
"vnm","Vietnam","1920",400.29,32.3,NA,NA,NA
"vnm","Vietnam","1921",399.31,32.3,NA,NA,NA
"vnm","Vietnam","1922",398.33,32.3,NA,NA,NA
"vnm","Vietnam","1923",397.35,32.31,NA,NA,NA
"vnm","Vietnam","1924",396.38,32.31,NA,NA,NA
"vnm","Vietnam","1925",395.4,32.32,NA,NA,NA
"vnm","Vietnam","1926",394.42,32.32,NA,NA,NA
"vnm","Vietnam","1927",393.44,32.33,NA,NA,NA
"vnm","Vietnam","1928",392.46,32.33,NA,NA,NA
"vnm","Vietnam","1929",391.48,32.33,NA,NA,NA
"vnm","Vietnam","1930",390.5,32.34,NA,NA,NA
"vnm","Vietnam","1931",382.69,32.51,NA,NA,NA
"vnm","Vietnam","1932",376.12,32.68,NA,NA,NA
"vnm","Vietnam","1933",368.47,32.86,NA,NA,NA
"vnm","Vietnam","1934",360.91,33.03,NA,NA,NA
"vnm","Vietnam","1935",354.54,33.2,NA,NA,NA
"vnm","Vietnam","1936",347.14,33.37,NA,NA,NA
"vnm","Vietnam","1937",328.33,34.74,NA,NA,NA
"vnm","Vietnam","1938",309.29,36.1,NA,NA,NA
"vnm","Vietnam","1939",292.03,37.47,NA,NA,NA
"vnm","Vietnam","1940",274.61,36.43,NA,NA,NA
"vnm","Vietnam","1941",258.79,35.49,NA,NA,NA
"vnm","Vietnam","1942",242.78,34.87,NA,NA,NA
"vnm","Vietnam","1943",228.3,33.32,NA,NA,NA
"vnm","Vietnam","1944",213.63,27.22,NA,NA,NA
"vnm","Vietnam","1945",200.35,17.08,NA,NA,NA
"vnm","Vietnam","1946",186.92,36.29,NA,NA,NA
"vnm","Vietnam","1947",174.76,42.35,NA,NA,NA
"vnm","Vietnam","1948",162.48,47.38,NA,NA,NA
"vnm","Vietnam","1949",151.39,50.41,NA,NA,NA
"vnm","Vietnam","1950",142.75,52.26,NA,NA,NA
"vnm","Vietnam","1951",139.66,52.6,NA,NA,NA
"vnm","Vietnam","1952",133.93,52.97,NA,NA,NA
"vnm","Vietnam","1953",128.78,53.3,NA,NA,NA
"vnm","Vietnam","1954",127.35,53.76,NA,NA,NA
"vnm","Vietnam","1955",115.06,56.43,NA,NA,NA
"vnm","Vietnam","1956",110.21,56.81,NA,NA,NA
"vnm","Vietnam","1957",105.5,57.2,NA,NA,NA
"vnm","Vietnam","1958",101.05,57.58,NA,NA,NA
"vnm","Vietnam","1959",96.78,57.98,NA,NA,NA
"vnm","Vietnam","1960",92.73,58.41,NA,NA,NA
"vnm","Vietnam","1961",89.11,58.73,NA,NA,NA
"vnm","Vietnam","1962",87.75,58.4,NA,NA,NA
"vnm","Vietnam","1963",89.76,58.03,NA,NA,NA
"vnm","Vietnam","1964",86.63,58.57,NA,NA,NA
"vnm","Vietnam","1965",86.04,57.42,NA,NA,NA
"vnm","Vietnam","1966",85.45,57.71,NA,NA,NA
"vnm","Vietnam","1967",84.88,57.86,NA,NA,NA
"vnm","Vietnam","1968",84.24,53.88,NA,NA,NA
"vnm","Vietnam","1969",83.49,55.98,NA,NA,NA
"vnm","Vietnam","1970",82.7,55.97,NA,NA,NA
"vnm","Vietnam","1971",81.9,56.58,NA,NA,NA
"vnm","Vietnam","1972",80.97,52.79,NA,NA,NA
"vnm","Vietnam","1973",79.92,56.14,NA,NA,NA
"vnm","Vietnam","1974",78.62,55.78,NA,NA,NA
"vnm","Vietnam","1975",77.22,62.3,NA,NA,NA
"vnm","Vietnam","1976",75.79,64.87,NA,NA,NA
"vnm","Vietnam","1977",74.22,65.28,NA,NA,NA
"vnm","Vietnam","1978",72.59,65.7,NA,NA,NA
"vnm","Vietnam","1979",70.91,65.92,NA,NA,NA
"vnm","Vietnam","1980",69.27,66.29,NA,NA,NA
"vnm","Vietnam","1981",67.72,66.56,NA,NA,NA
"vnm","Vietnam","1982",66.22,66.86,NA,NA,NA
"vnm","Vietnam","1983",64.8,67.13,NA,NA,NA
"vnm","Vietnam","1984",63.43,67.48,NA,NA,NA
"vnm","Vietnam","1985",62,67.77,NA,NA,NA
"vnm","Vietnam","1986",60.37,68.08,NA,NA,NA
"vnm","Vietnam","1987",58.5,68.37,NA,NA,NA
"vnm","Vietnam","1988",56.36,68.64,NA,NA,NA
"vnm","Vietnam","1989",54.07,68.88,NA,NA,NA
"vnm","Vietnam","1990",51.61,69.22,NA,NA,NA
"vnm","Vietnam","1991",49.05,69.51,NA,NA,NA
"vnm","Vietnam","1992",46.46,69.85,NA,NA,NA
"vnm","Vietnam","1993",43.93,70.16,NA,NA,NA
"vnm","Vietnam","1994",41.45,70.48,NA,NA,NA
"vnm","Vietnam","1995",39.06,70.81,NA,NA,NA
"vnm","Vietnam","1996",36.84,71.1,NA,NA,NA
"vnm","Vietnam","1997",34.77,71.31,NA,NA,NA
"vnm","Vietnam","1998",32.92,71.7,NA,NA,NA
"vnm","Vietnam","1999",31.27,71.97,NA,NA,NA
"vnm","Vietnam","2000",29.8,72.23,NA,NA,NA
"vnm","Vietnam","2001",28.53,72.39,NA,NA,NA
"vnm","Vietnam","2002",27.39,72.53,NA,NA,NA
"vnm","Vietnam","2003",26.45,72.62,NA,NA,NA
"vnm","Vietnam","2004",25.63,72.69,NA,NA,NA
"vnm","Vietnam","2005",24.95,72.77,NA,NA,NA
"vnm","Vietnam","2006",24.39,72.87,NA,NA,NA
"vnm","Vietnam","2007",23.92,72.92,NA,NA,NA
"vnm","Vietnam","2008",23.52,72.98,NA,NA,NA
"vnm","Vietnam","2009",23.18,73.08,NA,NA,NA
"vnm","Vietnam","2010",22.92,73.21,NA,NA,NA
"vnm","Vietnam","2011",22.67,73.33,NA,NA,NA
"vnm","Vietnam","2012",22.44,73.47,NA,NA,NA
"vnm","Vietnam","2013",22.22,73.6,NA,NA,NA
"vnm","Vietnam","2014",22.01,73.74,NA,NA,NA
"vnm","Vietnam","2015",21.81,73.88,NA,NA,NA
"vnm","Vietnam","2016",21.62,74.02,NA,NA,NA
"vnm","Vietnam","2017",21.44,74.16,NA,NA,NA
"vnm","Vietnam","2018",21.28,74.3,NA,NA,NA
"vnm","Vietnam","2019",21.13,74.46,NA,NA,NA
"vnm","Vietnam","2020",20.95,75.75,NA,NA,NA
"vnm","Vietnam","2021",20.69,73.99,NA,NA,NA
"vnm","Vietnam","2022",19.1,74.95,NA,NA,NA
"vnm","Vietnam","2023",18.62,75.11,NA,NA,NA
"vnm","Vietnam","2024",18.15,75.28,NA,NA,NA
"vnm","Vietnam","2025",17.69,75.44,NA,NA,NA
"vut","Vanuatu","1915",223.61,26.98,NA,NA,NA
"vut","Vanuatu","1916",222.36,27.02,NA,NA,NA
"vut","Vanuatu","1917",221.12,27.06,NA,NA,NA
"vut","Vanuatu","1918",219.88,27.1,NA,NA,NA
"vut","Vanuatu","1919",218.65,27.15,NA,NA,NA
"vut","Vanuatu","1920",217.43,27.19,NA,NA,NA
"vut","Vanuatu","1921",216.21,27.23,NA,NA,NA
"vut","Vanuatu","1922",215,27.27,NA,NA,NA
"vut","Vanuatu","1923",213.8,27.31,NA,NA,NA
"vut","Vanuatu","1924",212.6,27.35,NA,NA,NA
"vut","Vanuatu","1925",211.41,27.39,NA,NA,NA
"vut","Vanuatu","1926",210.23,27.43,NA,NA,NA
"vut","Vanuatu","1927",209.05,27.47,NA,NA,NA
"vut","Vanuatu","1928",207.89,27.52,NA,NA,NA
"vut","Vanuatu","1929",206.72,27.56,NA,NA,NA
"vut","Vanuatu","1930",205.57,27.6,NA,NA,NA
"vut","Vanuatu","1931",204.45,27.64,NA,NA,NA
"vut","Vanuatu","1932",203.35,27.68,NA,NA,NA
"vut","Vanuatu","1933",202.25,27.72,NA,NA,NA
"vut","Vanuatu","1934",201.15,27.76,NA,NA,NA
"vut","Vanuatu","1935",200.06,28.98,NA,NA,NA
"vut","Vanuatu","1936",198.98,30.21,NA,NA,NA
"vut","Vanuatu","1937",197.9,31.42,NA,NA,NA
"vut","Vanuatu","1938",196.83,32.65,NA,NA,NA
"vut","Vanuatu","1939",195.76,33.89,NA,NA,NA
"vut","Vanuatu","1940",194.7,35.12,NA,NA,NA
"vut","Vanuatu","1941",193.65,36.34,NA,NA,NA
"vut","Vanuatu","1942",192.6,37.54,NA,NA,NA
"vut","Vanuatu","1943",191.56,38.76,NA,NA,NA
"vut","Vanuatu","1944",190.52,39.99,NA,NA,NA
"vut","Vanuatu","1945",189.49,41.21,NA,NA,NA
"vut","Vanuatu","1946",188.46,42.45,NA,NA,NA
"vut","Vanuatu","1947",187.44,43.67,NA,NA,NA
"vut","Vanuatu","1948",186.43,44.9,NA,NA,NA
"vut","Vanuatu","1949",185.42,46.15,NA,NA,NA
"vut","Vanuatu","1950",184.42,47.4,NA,NA,NA
"vut","Vanuatu","1951",200.08,45.03,NA,NA,NA
"vut","Vanuatu","1952",179.4,48.1,NA,NA,NA
"vut","Vanuatu","1953",176,48.43,NA,NA,NA
"vut","Vanuatu","1954",172.7,48.8,NA,NA,NA
"vut","Vanuatu","1955",169.4,49.16,NA,NA,NA
"vut","Vanuatu","1956",166.06,49.55,NA,NA,NA
"vut","Vanuatu","1957",162.81,49.99,NA,NA,NA
"vut","Vanuatu","1958",159.46,50.44,NA,NA,NA
"vut","Vanuatu","1959",155.88,50.83,NA,NA,NA
"vut","Vanuatu","1960",152.11,51.37,NA,NA,NA
"vut","Vanuatu","1961",148.24,51.86,NA,NA,NA
"vut","Vanuatu","1962",144.21,52.4,NA,NA,NA
"vut","Vanuatu","1963",139.95,52.9,NA,NA,NA
"vut","Vanuatu","1964",135.5,53.42,NA,NA,NA
"vut","Vanuatu","1965",130.73,53.91,NA,NA,NA
"vut","Vanuatu","1966",126.03,54.47,NA,NA,NA
"vut","Vanuatu","1967",121.33,55.02,NA,NA,NA
"vut","Vanuatu","1968",116.45,55.56,NA,NA,NA
"vut","Vanuatu","1969",111.84,56.15,NA,NA,NA
"vut","Vanuatu","1970",107.28,56.73,NA,NA,NA
"vut","Vanuatu","1971",102.84,57.25,NA,NA,NA
"vut","Vanuatu","1972",98.69,57.69,NA,NA,NA
"vut","Vanuatu","1973",94.62,58.35,NA,NA,NA
"vut","Vanuatu","1974",90.91,59.06,NA,NA,NA
"vut","Vanuatu","1975",87.17,59.66,NA,NA,NA
"vut","Vanuatu","1976",83.48,60.21,NA,NA,NA
"vut","Vanuatu","1977",79.84,60.7,NA,NA,NA
"vut","Vanuatu","1978",75.88,61.22,NA,NA,NA
"vut","Vanuatu","1979",71.81,61.72,NA,NA,NA
"vut","Vanuatu","1980",67.55,62.09,NA,NA,NA
"vut","Vanuatu","1981",63.31,62.36,NA,NA,NA
"vut","Vanuatu","1982",59.06,62.65,NA,NA,NA
"vut","Vanuatu","1983",54.83,62.84,NA,NA,NA
"vut","Vanuatu","1984",50.85,62.95,NA,NA,NA
"vut","Vanuatu","1985",47.26,62.89,NA,NA,NA
"vut","Vanuatu","1986",44.08,63.09,NA,NA,NA
"vut","Vanuatu","1987",41.29,62.4,NA,NA,NA
"vut","Vanuatu","1988",38.94,63.14,NA,NA,NA
"vut","Vanuatu","1989",36.98,62.97,NA,NA,NA
"vut","Vanuatu","1990",35.3,63.13,NA,NA,NA
"vut","Vanuatu","1991",33.88,63.16,NA,NA,NA
"vut","Vanuatu","1992",32.66,63.1,NA,NA,NA
"vut","Vanuatu","1993",31.67,63.09,NA,NA,NA
"vut","Vanuatu","1994",30.84,63.23,NA,NA,NA
"vut","Vanuatu","1995",30.24,63.26,NA,NA,NA
"vut","Vanuatu","1996",29.74,63.32,NA,NA,NA
"vut","Vanuatu","1997",29.36,62.13,NA,NA,NA
"vut","Vanuatu","1998",29.06,63.46,NA,NA,NA
"vut","Vanuatu","1999",28.77,62.96,NA,NA,NA
"vut","Vanuatu","2000",28.5,63.57,NA,NA,NA
"vut","Vanuatu","2001",28.29,63.61,NA,NA,NA
"vut","Vanuatu","2002",28.14,63.64,NA,NA,NA
"vut","Vanuatu","2003",28.1,63.69,NA,NA,NA
"vut","Vanuatu","2004",28.14,63.72,NA,NA,NA
"vut","Vanuatu","2005",28.23,63.78,NA,NA,NA
"vut","Vanuatu","2006",28.41,63.91,NA,NA,NA
"vut","Vanuatu","2007",28.6,64.03,NA,NA,NA
"vut","Vanuatu","2008",28.78,64.13,NA,NA,NA
"vut","Vanuatu","2009",28.98,64.22,NA,NA,NA
"vut","Vanuatu","2010",29.13,64.41,NA,NA,NA
"vut","Vanuatu","2011",29.28,64.5,NA,NA,NA
"vut","Vanuatu","2012",29.34,64.67,NA,NA,NA
"vut","Vanuatu","2013",29.12,64.81,NA,NA,NA
"vut","Vanuatu","2014",28.76,64.84,NA,NA,NA
"vut","Vanuatu","2015",28.22,64.96,NA,NA,NA
"vut","Vanuatu","2016",27.59,65.14,NA,NA,NA
"vut","Vanuatu","2017",26.95,65.25,NA,NA,NA
"vut","Vanuatu","2018",26.35,65.35,NA,NA,NA
"vut","Vanuatu","2019",25.63,65.45,NA,NA,NA
"vut","Vanuatu","2020",25.17,65.85,NA,NA,NA
"vut","Vanuatu","2021",24.38,65.99,NA,NA,NA
"vut","Vanuatu","2022",22.73,66.03,NA,NA,NA
"vut","Vanuatu","2023",21.88,66.21,NA,NA,NA
"vut","Vanuatu","2024",21.11,66.4,NA,NA,NA
"vut","Vanuatu","2025",20.35,66.58,NA,NA,NA
"wsm","Samoa","1915",213.02,28.54,NA,NA,NA
"wsm","Samoa","1916",211.55,28.59,NA,NA,NA
"wsm","Samoa","1917",210.1,28.64,NA,NA,NA
"wsm","Samoa","1918",208.65,1.13,NA,NA,NA
"wsm","Samoa","1919",207.22,28.73,NA,NA,NA
"wsm","Samoa","1920",205.79,28.78,NA,NA,NA
"wsm","Samoa","1921",204.38,28.83,NA,NA,NA
"wsm","Samoa","1922",202.97,28.88,NA,NA,NA
"wsm","Samoa","1923",201.58,28.93,NA,NA,NA
"wsm","Samoa","1924",200.19,28.97,NA,NA,NA
"wsm","Samoa","1925",198.81,29.02,NA,NA,NA
"wsm","Samoa","1926",197.45,29.07,NA,NA,NA
"wsm","Samoa","1927",196.09,29.12,NA,NA,NA
"wsm","Samoa","1928",194.74,29.17,NA,NA,NA
"wsm","Samoa","1929",193.4,29.22,NA,NA,NA
"wsm","Samoa","1930",192.07,29.26,NA,NA,NA
"wsm","Samoa","1931",190.75,29.31,NA,NA,NA
"wsm","Samoa","1932",189.44,29.36,NA,NA,NA
"wsm","Samoa","1933",188.14,29.41,NA,NA,NA
"wsm","Samoa","1934",186.84,29.46,NA,NA,NA
"wsm","Samoa","1935",185.56,30.92,NA,NA,NA
"wsm","Samoa","1936",184.28,32.39,NA,NA,NA
"wsm","Samoa","1937",183.01,33.86,NA,NA,NA
"wsm","Samoa","1938",181.76,35.34,NA,NA,NA
"wsm","Samoa","1939",180.51,36.82,NA,NA,NA
"wsm","Samoa","1940",179.27,38.31,NA,NA,NA
"wsm","Samoa","1941",178.03,39.9,NA,NA,NA
"wsm","Samoa","1942",176.81,41.49,NA,NA,NA
"wsm","Samoa","1943",175.59,43.1,NA,NA,NA
"wsm","Samoa","1944",174.38,44.7,NA,NA,NA
"wsm","Samoa","1945",173.19,46.31,NA,NA,NA
"wsm","Samoa","1946",171.99,47.92,NA,NA,NA
"wsm","Samoa","1947",170.81,49.55,NA,NA,NA
"wsm","Samoa","1948",169.64,51.17,NA,NA,NA
"wsm","Samoa","1949",168.47,52.79,NA,NA,NA
"wsm","Samoa","1950",167.31,54.43,NA,NA,NA
"wsm","Samoa","1951",163.73,54.97,NA,NA,NA
"wsm","Samoa","1952",160.23,55.53,NA,NA,NA
"wsm","Samoa","1953",156.8,56.06,NA,NA,NA
"wsm","Samoa","1954",153.45,56.63,NA,NA,NA
"wsm","Samoa","1955",150.16,57.21,NA,NA,NA
"wsm","Samoa","1956",146.95,58.28,NA,NA,NA
"wsm","Samoa","1957",143.8,58.98,NA,NA,NA
"wsm","Samoa","1958",140.73,59.59,NA,NA,NA
"wsm","Samoa","1959",137.72,60.16,NA,NA,NA
"wsm","Samoa","1960",134.77,60.68,NA,NA,NA
"wsm","Samoa","1961",131.05,61.09,NA,NA,NA
"wsm","Samoa","1962",127.43,61.25,NA,NA,NA
"wsm","Samoa","1963",123.91,61.39,NA,NA,NA
"wsm","Samoa","1964",120.49,57.16,NA,NA,NA
"wsm","Samoa","1965",117.16,61.25,NA,NA,NA
"wsm","Samoa","1966",113.92,61.29,NA,NA,NA
"wsm","Samoa","1967",110.78,61.75,NA,NA,NA
"wsm","Samoa","1968",107.72,62.04,NA,NA,NA
"wsm","Samoa","1969",104.74,62.18,NA,NA,NA
"wsm","Samoa","1970",101.85,62.42,NA,NA,NA
"wsm","Samoa","1971",95.36,62.64,NA,NA,NA
"wsm","Samoa","1972",89.29,63.02,NA,NA,NA
"wsm","Samoa","1973",83.61,63.16,NA,NA,NA
"wsm","Samoa","1974",78.28,63.29,NA,NA,NA
"wsm","Samoa","1975",73.3,63.64,NA,NA,NA
"wsm","Samoa","1976",68.63,64.06,NA,NA,NA
"wsm","Samoa","1977",64.26,64.37,NA,NA,NA
"wsm","Samoa","1978",60.17,64.68,NA,NA,NA
"wsm","Samoa","1979",56.34,64.99,NA,NA,NA
"wsm","Samoa","1980",52.75,65.23,NA,NA,NA
"wsm","Samoa","1981",47.5,65.37,NA,NA,NA
"wsm","Samoa","1982",43.17,65.53,NA,NA,NA
"wsm","Samoa","1983",39.7,65.66,NA,NA,NA
"wsm","Samoa","1984",36.98,65.79,NA,NA,NA
"wsm","Samoa","1985",35.57,66,NA,NA,NA
"wsm","Samoa","1986",34.21,66.22,NA,NA,NA
"wsm","Samoa","1987",32.97,66.44,NA,NA,NA
"wsm","Samoa","1988",31.86,66.63,NA,NA,NA
"wsm","Samoa","1989",30.84,66.82,NA,NA,NA
"wsm","Samoa","1990",29.89,66.86,NA,NA,NA
"wsm","Samoa","1991",29,66.93,NA,NA,NA
"wsm","Samoa","1992",28.09,67.24,NA,NA,NA
"wsm","Samoa","1993",27.15,67.38,NA,NA,NA
"wsm","Samoa","1994",26.22,67.52,NA,NA,NA
"wsm","Samoa","1995",25.31,67.65,NA,NA,NA
"wsm","Samoa","1996",24.45,67.82,NA,NA,NA
"wsm","Samoa","1997",23.57,68.01,NA,NA,NA
"wsm","Samoa","1998",22.75,68.23,NA,NA,NA
"wsm","Samoa","1999",21.95,68.33,NA,NA,NA
"wsm","Samoa","2000",21.2,68.48,NA,NA,NA
"wsm","Samoa","2001",20.57,68.64,NA,NA,NA
"wsm","Samoa","2002",20.07,68.8,NA,NA,NA
"wsm","Samoa","2003",19.67,68.9,NA,NA,NA
"wsm","Samoa","2004",19.43,69,NA,NA,NA
"wsm","Samoa","2005",19.28,68.99,NA,NA,NA
"wsm","Samoa","2006",19.25,69.22,NA,NA,NA
"wsm","Samoa","2007",19.28,69.35,NA,NA,NA
"wsm","Samoa","2008",19.33,69.47,NA,NA,NA
"wsm","Samoa","2009",25.71,67.51,NA,NA,NA
"wsm","Samoa","2010",19.35,69.64,NA,NA,NA
"wsm","Samoa","2011",19.24,69.71,NA,NA,NA
"wsm","Samoa","2012",19.11,69.63,NA,NA,NA
"wsm","Samoa","2013",18.93,69.89,NA,NA,NA
"wsm","Samoa","2014",18.74,69.98,NA,NA,NA
"wsm","Samoa","2015",18.56,70.06,NA,NA,NA
"wsm","Samoa","2016",18.36,70.16,NA,NA,NA
"wsm","Samoa","2017",18.12,70.27,NA,NA,NA
"wsm","Samoa","2018",17.81,70.38,NA,NA,NA
"wsm","Samoa","2019",17.41,70.49,NA,NA,NA
"wsm","Samoa","2020",15.5,71.08,NA,NA,NA
"wsm","Samoa","2021",15.12,71.08,NA,NA,NA
"wsm","Samoa","2022",16.23,70.92,NA,NA,NA
"wsm","Samoa","2023",15.87,71.07,NA,NA,NA
"wsm","Samoa","2024",15.43,71.22,NA,NA,NA
"wsm","Samoa","2025",15.03,71.36,NA,NA,NA
"yem","Yemen","1915",524.58,28.79,NA,NA,NA
"yem","Yemen","1916",523.32,28.87,NA,NA,NA
"yem","Yemen","1917",522.05,28.95,NA,NA,NA
"yem","Yemen","1918",520.78,24.07,NA,NA,NA
"yem","Yemen","1919",519.51,29.12,NA,NA,NA
"yem","Yemen","1920",518.24,29.2,NA,NA,NA
"yem","Yemen","1921",516.98,29.28,NA,NA,NA
"yem","Yemen","1922",515.71,29.37,NA,NA,NA
"yem","Yemen","1923",514.44,29.45,NA,NA,NA
"yem","Yemen","1924",513.17,29.53,NA,NA,NA
"yem","Yemen","1925",511.9,29.62,NA,NA,NA
"yem","Yemen","1926",510.63,29.7,NA,NA,NA
"yem","Yemen","1927",509.37,29.78,NA,NA,NA
"yem","Yemen","1928",508.1,29.87,NA,NA,NA
"yem","Yemen","1929",506.83,29.95,NA,NA,NA
"yem","Yemen","1930",505.56,30.03,NA,NA,NA
"yem","Yemen","1931",503.36,30.11,NA,NA,NA
"yem","Yemen","1932",501.17,30.2,NA,NA,NA
"yem","Yemen","1933",498.97,30.28,NA,NA,NA
"yem","Yemen","1934",496.78,30.36,NA,NA,NA
"yem","Yemen","1935",494.6,30.45,NA,NA,NA
"yem","Yemen","1936",492.42,30.53,NA,NA,NA
"yem","Yemen","1937",490.24,30.61,NA,NA,NA
"yem","Yemen","1938",488.08,30.7,NA,NA,NA
"yem","Yemen","1939",485.91,30.78,NA,NA,NA
"yem","Yemen","1940",483.75,30.86,NA,NA,NA
"yem","Yemen","1941",481.59,30.96,NA,NA,NA
"yem","Yemen","1942",479.44,31.05,NA,NA,NA
"yem","Yemen","1943",477.3,31.16,NA,NA,NA
"yem","Yemen","1944",475.16,31.26,NA,NA,NA
"yem","Yemen","1945",473.02,31.36,NA,NA,NA
"yem","Yemen","1946",470.89,31.45,NA,NA,NA
"yem","Yemen","1947",468.76,31.56,NA,NA,NA
"yem","Yemen","1948",466.63,31.66,NA,NA,NA
"yem","Yemen","1949",464.52,31.76,NA,NA,NA
"yem","Yemen","1950",462.41,31.85,NA,NA,NA
"yem","Yemen","1951",461.73,32.28,NA,NA,NA
"yem","Yemen","1952",459.95,32.6,NA,NA,NA
"yem","Yemen","1953",458,32.95,NA,NA,NA
"yem","Yemen","1954",456.48,33.2,NA,NA,NA
"yem","Yemen","1955",454.63,33.36,NA,NA,NA
"yem","Yemen","1956",452.84,33.82,NA,NA,NA
"yem","Yemen","1957",450.98,34.41,NA,NA,NA
"yem","Yemen","1958",443.45,35.04,NA,NA,NA
"yem","Yemen","1959",436.59,35.71,NA,NA,NA
"yem","Yemen","1960",429.74,36.53,NA,NA,NA
"yem","Yemen","1961",422.67,37.13,NA,NA,NA
"yem","Yemen","1962",415.51,36.32,NA,NA,NA
"yem","Yemen","1963",407.84,36.9,NA,NA,NA
"yem","Yemen","1964",399.6,37.59,NA,NA,NA
"yem","Yemen","1965",390.17,38.22,NA,NA,NA
"yem","Yemen","1966",379.71,38.77,NA,NA,NA
"yem","Yemen","1967",368.23,39.43,NA,NA,NA
"yem","Yemen","1968",356.03,40.21,NA,NA,NA
"yem","Yemen","1969",343.23,40.95,NA,NA,NA
"yem","Yemen","1970",330.76,41.93,NA,NA,NA
"yem","Yemen","1971",318.47,44.34,NA,NA,NA
"yem","Yemen","1972",306.71,45.43,NA,NA,NA
"yem","Yemen","1973",295.59,46.58,NA,NA,NA
"yem","Yemen","1974",284.16,47.65,NA,NA,NA
"yem","Yemen","1975",272.47,48.68,NA,NA,NA
"yem","Yemen","1976",260.35,49.84,NA,NA,NA
"yem","Yemen","1977",247.83,50.91,NA,NA,NA
"yem","Yemen","1978",234.99,51.75,NA,NA,NA
"yem","Yemen","1979",222.04,52.6,NA,NA,NA
"yem","Yemen","1980",209.14,53.25,NA,NA,NA
"yem","Yemen","1981",196.66,53.96,NA,NA,NA
"yem","Yemen","1982",184.66,54.25,NA,NA,NA
"yem","Yemen","1983",173.43,55.49,NA,NA,NA
"yem","Yemen","1984",163.32,56.14,NA,NA,NA
"yem","Yemen","1985",154.62,56.71,NA,NA,NA
"yem","Yemen","1986",147.18,55.16,NA,NA,NA
"yem","Yemen","1987",140.82,57.68,NA,NA,NA
"yem","Yemen","1988",135.33,58.16,NA,NA,NA
"yem","Yemen","1989",130.51,58.59,NA,NA,NA
"yem","Yemen","1990",126.39,59.06,NA,NA,NA
"yem","Yemen","1991",122.79,59.51,NA,NA,NA
"yem","Yemen","1992",119.57,59.89,NA,NA,NA
"yem","Yemen","1993",116.73,60.29,NA,NA,NA
"yem","Yemen","1994",114.21,60.5,NA,NA,NA
"yem","Yemen","1995",111.93,61.14,NA,NA,NA
"yem","Yemen","1996",109.6,61.55,NA,NA,NA
"yem","Yemen","1997",106.84,62.03,NA,NA,NA
"yem","Yemen","1998",103.44,62.48,NA,NA,NA
"yem","Yemen","1999",99.39,63.02,NA,NA,NA
"yem","Yemen","2000",94.97,63.51,NA,NA,NA
"yem","Yemen","2001",90.26,64,NA,NA,NA
"yem","Yemen","2002",85.65,64.46,NA,NA,NA
"yem","Yemen","2003",81.18,64.87,NA,NA,NA
"yem","Yemen","2004",76.93,65.32,NA,NA,NA
"yem","Yemen","2005",72.97,65.78,NA,NA,NA
"yem","Yemen","2006",69.15,66.21,NA,NA,NA
"yem","Yemen","2007",65.57,66.54,NA,NA,NA
"yem","Yemen","2008",62.41,66.89,NA,NA,NA
"yem","Yemen","2009",60.09,67.24,NA,NA,NA
"yem","Yemen","2010",58.79,67.61,NA,NA,NA
"yem","Yemen","2011",58.54,67.76,NA,NA,NA
"yem","Yemen","2012",58.78,67.92,NA,NA,NA
"yem","Yemen","2013",58.39,68.43,NA,NA,NA
"yem","Yemen","2014",58.69,68.47,NA,NA,NA
"yem","Yemen","2015",60.68,68.16,NA,NA,NA
"yem","Yemen","2016",60.35,67.48,NA,NA,NA
"yem","Yemen","2017",60.15,67.29,NA,NA,NA
"yem","Yemen","2018",61.56,66.08,NA,NA,NA
"yem","Yemen","2019",61.49,67.74,NA,NA,NA
"yem","Yemen","2020",59.66,67.28,NA,NA,NA
"yem","Yemen","2021",62.06,66.35,NA,NA,NA
"yem","Yemen","2022",62.03,66.32,NA,NA,NA
"yem","Yemen","2023",60.06,67.15,NA,NA,NA
"yem","Yemen","2024",53.47,69.04,NA,NA,NA
"yem","Yemen","2025",52.07,69.27,NA,NA,NA
"zaf","South Africa","1915",386.76,37.77,NA,NA,NA
"zaf","South Africa","1916",385.83,37.83,NA,NA,NA
"zaf","South Africa","1917",384.89,37.9,NA,NA,NA
"zaf","South Africa","1918",383.96,12.55,NA,NA,NA
"zaf","South Africa","1919",383.02,38.03,NA,NA,NA
"zaf","South Africa","1920",382.09,38.1,NA,NA,NA
"zaf","South Africa","1921",381.15,38.16,NA,NA,NA
"zaf","South Africa","1922",380.22,38.23,NA,NA,NA
"zaf","South Africa","1923",379.28,38.29,NA,NA,NA
"zaf","South Africa","1924",378.35,38.36,NA,NA,NA
"zaf","South Africa","1925",377.41,38.42,NA,NA,NA
"zaf","South Africa","1926",376.48,38.49,NA,NA,NA
"zaf","South Africa","1927",375.54,38.55,NA,NA,NA
"zaf","South Africa","1928",374.61,38.62,NA,NA,NA
"zaf","South Africa","1929",373.67,38.69,NA,NA,NA
"zaf","South Africa","1930",372.74,38.75,NA,NA,NA
"zaf","South Africa","1931",366.41,39.4,NA,NA,NA
"zaf","South Africa","1932",360.2,40.04,NA,NA,NA
"zaf","South Africa","1933",354.03,40.7,NA,NA,NA
"zaf","South Africa","1934",347.97,41.36,NA,NA,NA
"zaf","South Africa","1935",341.92,42.01,NA,NA,NA
"zaf","South Africa","1936",336.01,42.66,NA,NA,NA
"zaf","South Africa","1937",330.09,43.33,NA,NA,NA
"zaf","South Africa","1938",324.31,43.99,NA,NA,NA
"zaf","South Africa","1939",318.53,44.65,NA,NA,NA
"zaf","South Africa","1940",312.87,45.31,NA,NA,NA
"zaf","South Africa","1941",307.23,45.99,NA,NA,NA
"zaf","South Africa","1942",301.69,46.66,NA,NA,NA
"zaf","South Africa","1943",296.16,47.31,NA,NA,NA
"zaf","South Africa","1944",290.74,47.98,NA,NA,NA
"zaf","South Africa","1945",285.34,48.67,NA,NA,NA
"zaf","South Africa","1946",280.04,49.34,NA,NA,NA
"zaf","South Africa","1947",274.75,50.02,NA,NA,NA
"zaf","South Africa","1948",269.56,50.69,NA,NA,NA
"zaf","South Africa","1949",264.39,51.37,NA,NA,NA
"zaf","South Africa","1950",259.31,52.06,NA,NA,NA
"zaf","South Africa","1951",251.36,52.28,NA,NA,NA
"zaf","South Africa","1952",242.46,52.43,NA,NA,NA
"zaf","South Africa","1953",232.46,52.74,NA,NA,NA
"zaf","South Africa","1954",221.32,52.87,NA,NA,NA
"zaf","South Africa","1955",209.85,53.04,NA,NA,NA
"zaf","South Africa","1956",198.63,53.28,NA,NA,NA
"zaf","South Africa","1957",188.1,53.48,NA,NA,NA
"zaf","South Africa","1958",178.88,53.64,NA,NA,NA
"zaf","South Africa","1959",171.47,53.79,NA,NA,NA
"zaf","South Africa","1960",166.15,53.93,NA,NA,NA
"zaf","South Africa","1961",162.7,54.18,NA,NA,NA
"zaf","South Africa","1962",159.79,54.39,NA,NA,NA
"zaf","South Africa","1963",157.3,54.63,NA,NA,NA
"zaf","South Africa","1964",155.24,54.93,NA,NA,NA
"zaf","South Africa","1965",153.3,55.19,NA,NA,NA
"zaf","South Africa","1966",151.56,55.46,NA,NA,NA
"zaf","South Africa","1967",149.67,55.77,NA,NA,NA
"zaf","South Africa","1968",147.68,56.07,NA,NA,NA
"zaf","South Africa","1969",145.45,56.38,NA,NA,NA
"zaf","South Africa","1970",142.75,56.69,NA,NA,NA
"zaf","South Africa","1971",139.87,57,NA,NA,NA
"zaf","South Africa","1972",136.9,57.31,NA,NA,NA
"zaf","South Africa","1973",133.78,57.63,NA,NA,NA
"zaf","South Africa","1974",130.48,57.98,NA,NA,NA
"zaf","South Africa","1975",123.7,58.3,NA,NA,NA
"zaf","South Africa","1976",117.19,58.59,NA,NA,NA
"zaf","South Africa","1977",111.11,58.82,NA,NA,NA
"zaf","South Africa","1978",105.45,59.07,NA,NA,NA
"zaf","South Africa","1979",100.03,59.31,NA,NA,NA
"zaf","South Africa","1980",95,59.52,NA,NA,NA
"zaf","South Africa","1981",90.21,59.8,NA,NA,NA
"zaf","South Africa","1982",85.77,60.2,NA,NA,NA
"zaf","South Africa","1983",81.7,60.54,NA,NA,NA
"zaf","South Africa","1984",77.9,61.28,NA,NA,NA
"zaf","South Africa","1985",74.41,61.92,NA,NA,NA
"zaf","South Africa","1986",71.14,62.12,NA,NA,NA
"zaf","South Africa","1987",68.08,62.8,NA,NA,NA
"zaf","South Africa","1988",65.28,63.52,NA,NA,NA
"zaf","South Africa","1989",62.9,63.77,NA,NA,NA
"zaf","South Africa","1990",60.91,64.18,NA,NA,NA
"zaf","South Africa","1991",59.56,64.3,NA,NA,NA
"zaf","South Africa","1992",58.88,63.59,NA,NA,NA
"zaf","South Africa","1993",59.08,64.27,NA,NA,NA
"zaf","South Africa","1994",60.07,63.42,NA,NA,NA
"zaf","South Africa","1995",61.74,62.93,NA,NA,NA
"zaf","South Africa","1996",63.76,61.78,NA,NA,NA
"zaf","South Africa","1997",65.63,59.48,NA,NA,NA
"zaf","South Africa","1998",67.83,58.02,NA,NA,NA
"zaf","South Africa","1999",69.97,57.16,NA,NA,NA
"zaf","South Africa","2000",71.52,55.58,NA,NA,NA
"zaf","South Africa","2001",73.1,54.75,NA,NA,NA
"zaf","South Africa","2002",74.31,53.67,NA,NA,NA
"zaf","South Africa","2003",75.72,52.71,NA,NA,NA
"zaf","South Africa","2004",77.66,52.22,NA,NA,NA
"zaf","South Africa","2005",78.84,52.1,NA,NA,NA
"zaf","South Africa","2006",79.2,52.28,NA,NA,NA
"zaf","South Africa","2007",75.26,53.18,NA,NA,NA
"zaf","South Africa","2008",68.86,54.25,NA,NA,NA
"zaf","South Africa","2009",60.32,55.66,NA,NA,NA
"zaf","South Africa","2010",51.98,57.07,NA,NA,NA
"zaf","South Africa","2011",45.61,58.67,NA,NA,NA
"zaf","South Africa","2012",41.45,60.13,NA,NA,NA
"zaf","South Africa","2013",39.26,61.29,NA,NA,NA
"zaf","South Africa","2014",37.63,61.82,NA,NA,NA
"zaf","South Africa","2015",36.35,62.26,NA,NA,NA
"zaf","South Africa","2016",35.21,62.7,NA,NA,NA
"zaf","South Africa","2017",34.61,63.2,NA,NA,NA
"zaf","South Africa","2018",33.88,64.42,NA,NA,NA
"zaf","South Africa","2019",33.05,65.14,NA,NA,NA
"zaf","South Africa","2020",26.69,64.24,NA,NA,NA
"zaf","South Africa","2021",32.89,61.37,NA,NA,NA
"zaf","South Africa","2022",34.64,60.52,NA,NA,NA
"zaf","South Africa","2023",33.79,61.91,NA,NA,NA
"zaf","South Africa","2024",26.93,65.83,NA,NA,NA
"zaf","South Africa","2025",26.47,65.95,NA,NA,NA
"zmb","Zambia","1915",397.77,34.65,NA,NA,NA
"zmb","Zambia","1916",396.81,34.69,NA,NA,NA
"zmb","Zambia","1917",395.84,34.72,NA,NA,NA
"zmb","Zambia","1918",394.88,13.44,NA,NA,NA
"zmb","Zambia","1919",393.92,34.78,NA,NA,NA
"zmb","Zambia","1920",392.96,34.81,NA,NA,NA
"zmb","Zambia","1921",392,34.84,NA,NA,NA
"zmb","Zambia","1922",391.04,34.88,NA,NA,NA
"zmb","Zambia","1923",390.07,34.91,NA,NA,NA
"zmb","Zambia","1924",389.11,34.94,NA,NA,NA
"zmb","Zambia","1925",388.15,34.97,NA,NA,NA
"zmb","Zambia","1926",387.19,35,NA,NA,NA
"zmb","Zambia","1927",386.23,35.03,NA,NA,NA
"zmb","Zambia","1928",385.27,35.06,NA,NA,NA
"zmb","Zambia","1929",384.31,35.1,NA,NA,NA
"zmb","Zambia","1930",383.34,35.13,NA,NA,NA
"zmb","Zambia","1931",380.78,35.16,NA,NA,NA
"zmb","Zambia","1932",378.24,35.19,NA,NA,NA
"zmb","Zambia","1933",375.7,35.22,NA,NA,NA
"zmb","Zambia","1934",373.16,35.25,NA,NA,NA
"zmb","Zambia","1935",370.64,35.29,NA,NA,NA
"zmb","Zambia","1936",368.11,35.32,NA,NA,NA
"zmb","Zambia","1937",365.61,35.35,NA,NA,NA
"zmb","Zambia","1938",363.11,35.38,NA,NA,NA
"zmb","Zambia","1939",360.62,35.41,NA,NA,NA
"zmb","Zambia","1940",358.13,35.44,NA,NA,NA
"zmb","Zambia","1941",355.66,35.65,NA,NA,NA
"zmb","Zambia","1942",353.18,35.86,NA,NA,NA
"zmb","Zambia","1943",350.72,36.06,NA,NA,NA
"zmb","Zambia","1944",348.27,36.27,NA,NA,NA
"zmb","Zambia","1945",328.49,36.49,NA,NA,NA
"zmb","Zambia","1946",309.83,38.58,NA,NA,NA
"zmb","Zambia","1947",292.23,40.68,NA,NA,NA
"zmb","Zambia","1948",275.62,42.78,NA,NA,NA
"zmb","Zambia","1949",259.95,44.89,NA,NA,NA
"zmb","Zambia","1950",245.16,47,NA,NA,NA
"zmb","Zambia","1951",243.07,47.21,NA,NA,NA
"zmb","Zambia","1952",238.81,47.42,NA,NA,NA
"zmb","Zambia","1953",234.27,47.73,NA,NA,NA
"zmb","Zambia","1954",230.05,48.1,NA,NA,NA
"zmb","Zambia","1955",225.75,48.3,NA,NA,NA
"zmb","Zambia","1956",221.53,48.55,NA,NA,NA
"zmb","Zambia","1957",217.07,48.72,NA,NA,NA
"zmb","Zambia","1958",212.76,48.86,NA,NA,NA
"zmb","Zambia","1959",208.48,49.2,NA,NA,NA
"zmb","Zambia","1960",204.46,49.56,NA,NA,NA
"zmb","Zambia","1961",200.79,49.87,NA,NA,NA
"zmb","Zambia","1962",197.25,50.13,NA,NA,NA
"zmb","Zambia","1963",194.36,50.35,NA,NA,NA
"zmb","Zambia","1964",191.89,50.66,NA,NA,NA
"zmb","Zambia","1965",190.24,51.21,NA,NA,NA
"zmb","Zambia","1966",189.28,51.74,NA,NA,NA
"zmb","Zambia","1967",188.64,52.3,NA,NA,NA
"zmb","Zambia","1968",187.33,52.78,NA,NA,NA
"zmb","Zambia","1969",185.01,53.18,NA,NA,NA
"zmb","Zambia","1970",181.44,53.5,NA,NA,NA
"zmb","Zambia","1971",176.49,53.87,NA,NA,NA
"zmb","Zambia","1972",170.72,54.27,NA,NA,NA
"zmb","Zambia","1973",164.97,54.62,NA,NA,NA
"zmb","Zambia","1974",159.91,54.92,NA,NA,NA
"zmb","Zambia","1975",156.33,55.13,NA,NA,NA
"zmb","Zambia","1976",154.58,55.38,NA,NA,NA
"zmb","Zambia","1977",154.31,55.48,NA,NA,NA
"zmb","Zambia","1978",154.76,55.53,NA,NA,NA
"zmb","Zambia","1979",155.45,55.59,NA,NA,NA
"zmb","Zambia","1980",156.41,55.63,NA,NA,NA
"zmb","Zambia","1981",157.12,55.69,NA,NA,NA
"zmb","Zambia","1982",158.01,55.63,NA,NA,NA
"zmb","Zambia","1983",159.93,55.6,NA,NA,NA
"zmb","Zambia","1984",163.15,55.4,NA,NA,NA
"zmb","Zambia","1985",167.11,55.15,NA,NA,NA
"zmb","Zambia","1986",171.31,54.75,NA,NA,NA
"zmb","Zambia","1987",175.27,54.19,NA,NA,NA
"zmb","Zambia","1988",178.24,53.87,NA,NA,NA
"zmb","Zambia","1989",180.23,53.03,NA,NA,NA
"zmb","Zambia","1990",181.5,51.94,NA,NA,NA
"zmb","Zambia","1991",182.17,50.73,NA,NA,NA
"zmb","Zambia","1992",181.93,49.6,NA,NA,NA
"zmb","Zambia","1993",180.44,48.74,NA,NA,NA
"zmb","Zambia","1994",177.46,47.74,NA,NA,NA
"zmb","Zambia","1995",174.06,46.82,NA,NA,NA
"zmb","Zambia","1996",170.86,46.15,NA,NA,NA
"zmb","Zambia","1997",168.18,45.74,NA,NA,NA
"zmb","Zambia","1998",165.31,45.45,NA,NA,NA
"zmb","Zambia","1999",161.62,45.28,NA,NA,NA
"zmb","Zambia","2000",155.86,45.34,NA,NA,NA
"zmb","Zambia","2001",146.89,45.2,NA,NA,NA
"zmb","Zambia","2002",136.12,45.94,NA,NA,NA
"zmb","Zambia","2003",125.44,46.62,NA,NA,NA
"zmb","Zambia","2004",115.2,47.67,NA,NA,NA
"zmb","Zambia","2005",106.21,48.73,NA,NA,NA
"zmb","Zambia","2006",98.52,49.95,NA,NA,NA
"zmb","Zambia","2007",93.25,51.85,NA,NA,NA
"zmb","Zambia","2008",88.67,54.08,NA,NA,NA
"zmb","Zambia","2009",83.58,55.68,NA,NA,NA
"zmb","Zambia","2010",79.01,56.54,NA,NA,NA
"zmb","Zambia","2011",76.85,57.45,NA,NA,NA
"zmb","Zambia","2012",74.71,58.55,NA,NA,NA
"zmb","Zambia","2013",71.06,59.48,NA,NA,NA
"zmb","Zambia","2014",68.29,60.19,NA,NA,NA
"zmb","Zambia","2015",67.68,60.8,NA,NA,NA
"zmb","Zambia","2016",65.3,61.39,NA,NA,NA
"zmb","Zambia","2017",64.63,61.86,NA,NA,NA
"zmb","Zambia","2018",65.37,62.52,NA,NA,NA
"zmb","Zambia","2019",64.09,63.18,NA,NA,NA
"zmb","Zambia","2020",61.11,62.77,NA,NA,NA
"zmb","Zambia","2021",57.24,61.61,NA,NA,NA
"zmb","Zambia","2022",53.96,62.19,NA,NA,NA
"zmb","Zambia","2023",52.23,63.35,NA,NA,NA
"zmb","Zambia","2024",53.57,64.04,NA,NA,NA
"zmb","Zambia","2025",57.7,64.26,NA,NA,NA
"zwe","Zimbabwe","1915",384.34,36.1,NA,NA,NA
"zwe","Zimbabwe","1916",383.41,36.14,NA,NA,NA
"zwe","Zimbabwe","1917",382.48,36.18,NA,NA,NA
"zwe","Zimbabwe","1918",381.55,18.3,NA,NA,NA
"zwe","Zimbabwe","1919",380.62,36.25,NA,NA,NA
"zwe","Zimbabwe","1920",379.69,36.29,NA,NA,NA
"zwe","Zimbabwe","1921",378.76,36.32,NA,NA,NA
"zwe","Zimbabwe","1922",377.83,36.36,NA,NA,NA
"zwe","Zimbabwe","1923",376.91,36.4,NA,NA,NA
"zwe","Zimbabwe","1924",375.98,36.44,NA,NA,NA
"zwe","Zimbabwe","1925",375.05,36.47,NA,NA,NA
"zwe","Zimbabwe","1926",374.12,36.51,NA,NA,NA
"zwe","Zimbabwe","1927",373.19,36.55,NA,NA,NA
"zwe","Zimbabwe","1928",372.26,36.58,NA,NA,NA
"zwe","Zimbabwe","1929",371.33,36.62,NA,NA,NA
"zwe","Zimbabwe","1930",370.4,36.66,NA,NA,NA
"zwe","Zimbabwe","1931",366.88,36.69,NA,NA,NA
"zwe","Zimbabwe","1932",363.38,36.73,NA,NA,NA
"zwe","Zimbabwe","1933",359.89,36.77,NA,NA,NA
"zwe","Zimbabwe","1934",356.42,36.8,NA,NA,NA
"zwe","Zimbabwe","1935",352.96,36.84,NA,NA,NA
"zwe","Zimbabwe","1936",349.51,36.88,NA,NA,NA
"zwe","Zimbabwe","1937",346.07,36.92,NA,NA,NA
"zwe","Zimbabwe","1938",342.64,36.95,NA,NA,NA
"zwe","Zimbabwe","1939",339.23,36.99,NA,NA,NA
"zwe","Zimbabwe","1940",335.83,37.03,NA,NA,NA
"zwe","Zimbabwe","1941",318.04,38.69,NA,NA,NA
"zwe","Zimbabwe","1942",300.98,40.35,NA,NA,NA
"zwe","Zimbabwe","1943",284.55,42.02,NA,NA,NA
"zwe","Zimbabwe","1944",268.79,43.69,NA,NA,NA
"zwe","Zimbabwe","1945",252.27,45.36,NA,NA,NA
"zwe","Zimbabwe","1946",236.75,47.03,NA,NA,NA
"zwe","Zimbabwe","1947",222.17,48.71,NA,NA,NA
"zwe","Zimbabwe","1948",208.48,50.39,NA,NA,NA
"zwe","Zimbabwe","1949",195.61,52.08,NA,NA,NA
"zwe","Zimbabwe","1950",183.53,53.78,NA,NA,NA
"zwe","Zimbabwe","1951",181.71,53.93,NA,NA,NA
"zwe","Zimbabwe","1952",178.13,54.08,NA,NA,NA
"zwe","Zimbabwe","1953",174.57,54.33,NA,NA,NA
"zwe","Zimbabwe","1954",170.86,54.4,NA,NA,NA
"zwe","Zimbabwe","1955",167.83,54.54,NA,NA,NA
"zwe","Zimbabwe","1956",164.73,54.76,NA,NA,NA
"zwe","Zimbabwe","1957",161.72,54.97,NA,NA,NA
"zwe","Zimbabwe","1958",158.23,55.12,NA,NA,NA
"zwe","Zimbabwe","1959",154.66,55.32,NA,NA,NA
"zwe","Zimbabwe","1960",150.94,55.54,NA,NA,NA
"zwe","Zimbabwe","1961",146.99,55.78,NA,NA,NA
"zwe","Zimbabwe","1962",142.85,55.96,NA,NA,NA
"zwe","Zimbabwe","1963",138.6,56.07,NA,NA,NA
"zwe","Zimbabwe","1964",134.22,56.34,NA,NA,NA
"zwe","Zimbabwe","1965",130.07,56.59,NA,NA,NA
"zwe","Zimbabwe","1966",126.28,56.84,NA,NA,NA
"zwe","Zimbabwe","1967",122.77,57.1,NA,NA,NA
"zwe","Zimbabwe","1968",119.83,57.31,NA,NA,NA
"zwe","Zimbabwe","1969",117.67,57.68,NA,NA,NA
"zwe","Zimbabwe","1970",116.02,58.04,NA,NA,NA
"zwe","Zimbabwe","1971",114.95,58.34,NA,NA,NA
"zwe","Zimbabwe","1972",114.29,58.67,NA,NA,NA
"zwe","Zimbabwe","1973",113.96,58.77,NA,NA,NA
"zwe","Zimbabwe","1974",113.86,59.08,NA,NA,NA
"zwe","Zimbabwe","1975",114.06,59.33,NA,NA,NA
"zwe","Zimbabwe","1976",114.26,58.95,NA,NA,NA
"zwe","Zimbabwe","1977",114.29,58.5,NA,NA,NA
"zwe","Zimbabwe","1978",113.76,56.84,NA,NA,NA
"zwe","Zimbabwe","1979",112.19,57.28,NA,NA,NA
"zwe","Zimbabwe","1980",109.55,60.4,NA,NA,NA
"zwe","Zimbabwe","1981",105.35,61,NA,NA,NA
"zwe","Zimbabwe","1982",99.89,61.48,NA,NA,NA
"zwe","Zimbabwe","1983",93.8,62.01,NA,NA,NA
"zwe","Zimbabwe","1984",87.77,62.51,NA,NA,NA
"zwe","Zimbabwe","1985",82.51,62.96,NA,NA,NA
"zwe","Zimbabwe","1986",78.52,63.41,NA,NA,NA
"zwe","Zimbabwe","1987",76.27,63.65,NA,NA,NA
"zwe","Zimbabwe","1988",75.62,63.57,NA,NA,NA
"zwe","Zimbabwe","1989",76.52,63.16,NA,NA,NA
"zwe","Zimbabwe","1990",78.89,62.38,NA,NA,NA
"zwe","Zimbabwe","1991",82.02,61.4,NA,NA,NA
"zwe","Zimbabwe","1992",86.02,59.81,NA,NA,NA
"zwe","Zimbabwe","1993",90.2,58,NA,NA,NA
"zwe","Zimbabwe","1994",93.87,56.17,NA,NA,NA
"zwe","Zimbabwe","1995",96.99,54.19,NA,NA,NA
"zwe","Zimbabwe","1996",98.9,52.47,NA,NA,NA
"zwe","Zimbabwe","1997",99.31,51.2,NA,NA,NA
"zwe","Zimbabwe","1998",98.54,49.7,NA,NA,NA
"zwe","Zimbabwe","1999",97.05,48.52,NA,NA,NA
"zwe","Zimbabwe","2000",95.51,47.5,NA,NA,NA
"zwe","Zimbabwe","2001",93.76,47.03,NA,NA,NA
"zwe","Zimbabwe","2002",92.62,46.58,NA,NA,NA
"zwe","Zimbabwe","2003",91.62,46.37,NA,NA,NA
"zwe","Zimbabwe","2004",92.38,46.35,NA,NA,NA
"zwe","Zimbabwe","2005",93.1,46.76,NA,NA,NA
"zwe","Zimbabwe","2006",94.99,47.37,NA,NA,NA
"zwe","Zimbabwe","2007",95.74,48.22,NA,NA,NA
"zwe","Zimbabwe","2008",94.48,48.92,NA,NA,NA
"zwe","Zimbabwe","2009",91.28,50.19,NA,NA,NA
"zwe","Zimbabwe","2010",86.43,52.32,NA,NA,NA
"zwe","Zimbabwe","2011",80.76,54.41,NA,NA,NA
"zwe","Zimbabwe","2012",72.16,56.04,NA,NA,NA
"zwe","Zimbabwe","2013",66.3,57.22,NA,NA,NA
"zwe","Zimbabwe","2014",62.74,57.98,NA,NA,NA
"zwe","Zimbabwe","2015",61.28,58.58,NA,NA,NA
"zwe","Zimbabwe","2016",58.66,59.23,NA,NA,NA
"zwe","Zimbabwe","2017",57.05,59.87,NA,NA,NA
"zwe","Zimbabwe","2018",54.84,60.64,NA,NA,NA
"zwe","Zimbabwe","2019",54.24,61.04,NA,NA,NA
"zwe","Zimbabwe","2020",53.35,60.87,NA,NA,NA
"zwe","Zimbabwe","2021",53.24,59.01,NA,NA,NA
"zwe","Zimbabwe","2022",54.29,59.14,NA,NA,NA
"zwe","Zimbabwe","2023",51.59,61.66,NA,NA,NA
"zwe","Zimbabwe","2024",51.11,61.82,NA,NA,NA
"zwe","Zimbabwe","2025",50.67,61.97,NA,NA,NA
