geo,name,1800,1801,1802,1803,1804,1805,1806,1807,1808,1809,1810,1811,1812,1813,1814,1815,1816,1817,1818,1819,1820,1821,1822,1823,1824,1825,1826,1827,1828,1829,1830,1831,1832,1833,1834,1835,1836,1837,1838,1839,1840,1841,1842,1843,1844,1845,1846,1847,1848,1849,1850,1851,1852,1853,1854,1855,1856,1857,1858,1859,1860,1861,1862,1863,1864,1865,1866,1867,1868,1869,1870,1871,1872,1873,1874,1875,1876,1877,1878,1879,1880,1881,1882,1883,1884,1885,1886,1887,1888,1889,1890,1891,1892,1893,1894,1895,1896,1897,1898,1899,1900,1901,1902,1903,1904,1905,1906,1907,1908,1909,1910,1911,1912,1913,1914,1915,1916,1917,1918,1919,1920,1921,1922,1923,1924,1925,1926,1927,1928,1929,1930,1931,1932,1933,1934,1935,1936,1937,1938,1939,1940,1941,1942,1943,1944,1945,1946,1947,1948,1949,1950,1951,1952,1953,1954,1955,1956,1957,1958,1959,1960,1961,1962,1963,1964,1965,1966,1967,1968,1969,1970,1971,1972,1973,1974,1975,1976,1977,1978,1979,1980,1981,1982,1983,1984,1985,1986,1987,1988,1989,1990,1991,1992,1993,1994,1995,1996,1997,1998,1999,2000,2001,2002,2003,2004,2005,2006,2007,2008,2009,2010,2011,2012,2013,2014,2015,2016,2017,2018,2019,2020,2021,2022
afg,Afghanistan,59822,59822,59822,59822,59822,59822,60001,60001,60001,60001,60001,60001,60001,60001,60001,60001,60180,60180,60180,60234,60342,60504,60721,60992,61265,61539,62002,62279,62558,62838,63119,63401,63685,63970,64256,64544,65028,65319,65612,65905,66200,66496,66794,67092,67393,67898,68202,68507,68814,69139,69485,69796,70127,70478,70830,71398,71755,72113,72473,72835,73199,73564,73931,74300,74671,75269,75644,76022,76401,76782,77165,77550,77937,78327,78717,79347,79743,80141,80540,80942,81346,81752,82159,82569,82981,83643,84059,84478,84899,85322,85747,86174,86604,87035,87726,88156,88580,88999,89406,89944,90617,91425,92370,93452,94813,95893,96972,98044,99115,101462,105192,110418,117261,125855,135474,145399,156049,167480,179890,187873,191411,190453,184946,174810,165727,156644,148054,139938,132266,126250,121800,118611,116810,116663,116164,115665,115166,114672,114175,114030,114234,114791,115697,117308,118587,119875,121178,122495,123824,125255,126792,124869,125413,125920,126583,126655,127253,127662,127885,128358,129179,130193,131308,132587,133967,135374,136799,138184,139597,155704,156757,157792,158626,159493,160389,161135,161478,161518,161192,160372,157262,149302,134459,121178,113968,110151,107178,103238,99702,97460,96478,93896,91784,97116,106230,113041,117417,120144,121820,122567,122731,119963,116191,116562,117491,115252,113120,111602,106190,101152,98590,95320,93295,92148,90252,88672,86617,84127,82306,80677,79117,77811,73040
ago,Angola,28998,28998,28998,28998,28998,28998,28998,28998,28998,28998,28998,28998,28998,28998,28998,28998,28998,28998,28998,29084,29256,29515,29864,30304,30750,31202,31662,32128,32600,33080,33567,34061,34562,35071,35587,36111,36642,37181,37729,38284,38847,39419,39999,40588,41185,41791,42406,43030,43663,44236,44746,45257,45704,46086,46471,46858,47249,47643,48041,48442,48847,49257,49670,50088,50509,50933,51361,51793,52228,52646,53046,53429,53793,54139,54487,54838,55190,55545,55901,56260,56621,56983,57348,57714,58083,58454,58827,59203,59581,59840,59981,60003,59905,59687,59469,59247,59021,58791,58554,58273,57949,57583,57175,56726,56271,55811,55346,54876,54401,53965,53569,53215,52903,52634,52365,52098,51831,51566,51235,51098,51158,51413,51864,52512,53168,53832,54505,55185,55873,56558,57240,57372,57488,57588,57681,57770,57851,57928,57997,58109,58260,58106,57990,57909,57643,57548,57445,57335,57042,56925,56818,59921,61503,63292,65006,66611,68105,69478,70722,71856,72872,73730,74301,74610,74778,74817,74712,74453,74054,73663,73401,73258,73589,74731,76236,78786,80917,82656,84584,86775,89188,91761,94556,97578,100926,109005,112879,116839,120610,124442,128120,131774,135252,138529,141668,144546,147169,148967,150119,150883,151187,150835,149911,148178,145572,142376,138607,134070,129187,124362,119497,114843,110262,106153,102912,100216,97997,96229,94613,93053,91357,89896,90017
alb,Albania,5396,5420,5444,5468,5493,5517,5541,5566,5591,5616,5641,5666,5691,5716,5741,5767,5792,5818,5844,5870,5896,5922,5949,5976,6002,6029,6057,6084,6111,6139,6166,6194,6222,6250,6278,6306,6335,6363,6392,6421,6449,6478,6508,6537,6566,6596,6626,6655,6685,6722,6766,6818,6878,6944,7012,7080,7148,7218,7287,7358,7430,7502,7574,7648,7722,7797,7872,7949,8026,8103,8182,8261,8340,8420,8501,8583,8665,8749,8833,8918,9003,9090,9177,9266,9355,9444,9535,9627,9719,9814,9910,10007,10107,10209,10311,10413,10516,10619,10722,10821,10918,11013,11104,11193,11281,11367,11452,11536,11619,11695,11764,11827,11885,11936,11987,12039,12091,12142,12191,12236,12279,12319,12356,12391,12425,12459,12493,12528,12562,12609,12563,12531,12510,12503,12495,12487,12479,12471,12463,12460,12461,12467,12477,12492,12506,12520,12535,12549,12564,12620,12717,12795,12782,12892,13029,13074,13040,12947,12881,12817,12646,12382,12038,11638,11205,10715,10259,9946,9726,9514,9233,8947,8705,8451,8200,8150,8000,7775,7571,6928,6366,5898,5523,5158,4831,4526,4232,3973,3743,3522,3322,3128,2939,2764,2613,2477,2310,2111,1909,1728,1557,1388,1228,1090,967,847,736,643,570,512,465,426,395,371,350,331,314,301,291,284,281,279,256
and,Andorra,,,,,,,,,,,,,,,,,,,,,,,,,,,,,,,,,,,,,,,,,,,,,,,,,,,,,,,,,,,,,,,,,,,,,,,,,,,,,,,,,,,,,,,,,,,,,,,,,,,,,,,,,,,,,,,,,,,,,,,,,,,,,,,,,,,,,,,,,,,,,,,,,,,,,,,10,11,7,6,5,7,8,10,9,10,10,11,11,12,12,11,12,13,13,15,14,16,15,16,16,16,16,15,14,11,9,7,9,12,10,8,9,11,10,9,8,8,8,8,7,7,7,7,6,6,6,5,5,5,5,5,5,5,4,4,4,4,3,3,3,2,2,2,2,2,2,2,1
are,UAE,781,781,781,781,781,781,781,781,781,781,781,781,781,781,781,781,781,781,781,781,781,781,781,781,781,781,781,781,781,781,781,781,781,781,781,781,781,781,781,781,781,781,781,781,781,781,781,781,781,781,781,781,780,780,779,779,778,778,777,777,776,776,775,775,774,774,773,773,772,773,774,776,779,784,788,792,796,800,805,809,813,818,822,826,831,835,840,844,849,853,858,862,867,871,876,881,885,890,894,898,902,906,910,914,918,921,924,928,931,934,938,942,947,952,957,962,967,973,978,984,990,996,1002,1008,1014,1020,1027,1033,1039,1045,1051,1058,1064,1070,1077,1083,1089,1096,1102,1109,1115,1122,1129,1135,1142,1149,1083,1016,955,899,851,893,906,912,912,910,918,925,969,1035,1071,1086,1078,1048,1004,948,915,876,833,809,811,818,826,832,834,826,814,832,876,913,941,952,940,919,898,875,859,840,815,794,777,752,727,699,679,640,606,597,581,572,576,587,597,610,619,611,609,654,744,842,920,937,910,878,841,800,754,712,666,624,621,618,576
arg,Argentina,5254,5112,4974,4839,4708,4581,4457,4337,4220,4106,4129,4152,4223,4340,4461,4585,4712,4843,4977,5105,5224,5336,5439,5533,5629,5726,5826,5926,6029,6136,6247,6363,6484,6610,6737,6868,7001,7136,7275,7441,7638,7867,8130,8427,8735,9055,9386,9729,10085,10412,10708,10971,11198,11389,11584,11781,11982,12187,12395,12645,12941,13284,13676,14120,14578,15050,15538,16042,16563,17098,17649,18216,18800,19401,20021,20661,21321,22003,22776,23504,24256,25108,25992,26907,27854,28834,29477,30137,30908,31606,32326,33494,34823,36099,37538,38909,39326,39742,40148,40582,41050,41683,41610,41573,41537,41500,41464,41428,41391,41251,41014,40683,40227,36918,36155,36745,37708,40194,45081,44728,43137,39773,39221,40393,43419,47065,47504,52411,47315,45465,42872,43831,41978,38370,44598,50618,46186,45814,51492,44423,45236,42981,44426,41482,42921,44404,39995,43428,38225,37627,39012,39058,38289,37477,35899,37608,34602,42987,38167,35815,33840,32072,30685,29363,27870,28076,28939,29235,31635,36080,36512,21812,39205,23225,40135,39702,38595,36737,34370,31790,29240,26883,24835,23142,21805,20812,20201,19996,20061,20189,20325,20274,19871,19286,18612,17796,16857,15950,15197,14637,14121,13547,13022,12535,12108,11803,11527,11256,11000,10772,10536,10222,9855,9470,9078,8671,8133,7436,6595,5778,5037,4410,5064
arm,Armenia,4897,4890,4884,4878,4871,4865,4859,4852,4846,4840,4833,4827,4821,4814,4808,4802,4796,4789,4783,4786,4797,4817,4846,4884,4923,4961,5000,5040,5079,5119,5159,5200,5241,5282,5323,5365,5407,5450,5493,5536,5579,5623,5667,5712,5757,5802,5848,5894,5940,5987,6034,6080,6126,6173,6220,6267,6315,6363,6412,6460,6510,6559,6609,6660,6711,6762,6813,6865,6918,6970,7023,7077,7131,7185,7240,7295,7351,7407,7463,7520,7578,7636,7694,7752,7811,7871,7931,7992,8052,8114,8176,8238,8301,8364,8428,8492,8557,8622,8688,8754,8821,8794,8767,8740,8713,8687,8660,8634,8607,8581,8555,8529,8503,8477,8451,8425,8399,8374,8350,8327,8303,8279,8256,8233,8210,8187,8163,8140,8117,8095,8072,7843,7621,7405,7195,6991,6793,6600,6413,6231,6054,5883,5716,5554,5396,5243,5094,4950,4809,4695,4605,4862,4990,5128,5289,5464,5698,5949,6144,6309,6405,6359,6166,5861,5492,5124,4799,4546,4383,4251,4150,4107,3233,3233,3258,5501,5657,5707,3776,5505,5471,5527,5453,5400,5342,5190,4961,4712,7902,4210,4096,3930,3594,3131,2664,2311,2035,1815,1618,1443,1289,1160,1071,1016,979,943,858,798,789,789,767,722,712,695,675,633,578,530,482,444,407,372,296
atg,Antigua and Barbuda,583,578,573,568,564,559,555,550,546,541,537,533,528,524,520,516,512,507,503,499,495,491,487,483,479,475,472,468,464,460,457,453,449,446,442,438,435,431,428,424,421,418,414,411,408,404,401,398,395,391,388,385,382,379,375,372,369,366,363,360,356,352,347,343,338,333,329,324,320,316,312,309,306,303,301,298,296,293,291,289,287,286,285,284,283,282,282,281,280,279,277,274,271,267,264,260,256,253,249,246,242,238,234,230,226,222,219,215,211,208,204,201,198,195,192,190,187,184,181,179,177,176,174,174,173,172,171,170,169,170,171,171,173,176,178,181,183,186,189,190,191,192,191,189,188,186,185,184,182,181,180,185,183,181,180,184,182,179,175,170,163,154,143,132,120,107,94,83,72,63,55,49,44,40,36,33,31,30,28,26,25,22,21,20,19,19,19,18,18,19,19,18,18,19,19,20,22,23,22,21,22,21,20,19,17,16,16,15,15,15,13,12,11,10,9,9,8,8,7,7,7,7,7
aus,Australia,1751,1796,1843,1891,1940,1990,2042,2095,2150,2205,2264,2323,2383,2445,2509,2574,2641,2709,2780,2836,2878,2905,2917,2914,2910,2907,2903,2900,2896,2907,2934,2976,3034,3108,3183,3261,3341,3422,3506,3601,3708,3828,3961,4108,4261,4419,4583,4754,4930,5161,5451,5805,6232,6739,7288,7881,8522,9216,9966,10656,11279,10878,10394,9843,9320,8826,8357,7914,7493,7084,6686,6323,7548,7392,8440,9774,8297,9164,9711,8504,8918,9088,11253,10222,11002,11715,11899,11146,11536,13897,11084,12407,11473,13047,11626,11421,13496,12429,16102,14556,12345,13171,13859,14722,10323,10484,10805,10653,10337,9544,10197,9240,10081,10285,10319,10002,10562,8344,9044,11029,11248,10727,8713,9941,9693,9060,9295,9747,9836,9522,9044,7804,7784,7800,8565,7977,8377,7670,7702,7782,7826,8296,8257,8192,6859,6382,6586,6217,5990,5661,5784,5863,5870,5831,5724,5640,5616,5622,5612,5571,5543,5573,5524,5378,5206,5011,4906,4926,5049,5208,5319,5498,5485,5095,4634,4195,3796,3495,3255,3057,2920,2871,2856,2827,2747,2703,2663,2567,2478,2392,2327,2224,2108,2004,1893,1802,1726,1665,1614,1572,1538,1503,1483,1473,1462,1467,1472,1491,1503,1467,1412,1354,1304,1258,1202,1171,1168,1169,1183,1171,1130,1111,1068
aut,Austria,17461,16913,16383,15869,15372,14890,14423,15270,14898,14209,14448,14768,14301,14702,15983,15035,14312,14558,14725,15467,15137,15300,16462,15285,16121,16621,16534,15416,16095,15045,20476,23340,21197,22782,23862,21952,20999,22612,21563,23017,22153,22913,22500,23922,21389,23102,23618,23509,23400,23296,24214,23506,23667,22362,27063,27751,24238,24207,25492,26075,24508,27466,26190,27303,26535,28837,29886,27381,27020,26555,27964,28406,30332,32871,29735,28052,28767,30307,29873,28714,30170,30438,31435,31347,30879,32149,31806,31321,32242,30847,34150,32366,34826,31537,34455,33430,32239,32288,32052,31665,33728,30851,32205,32385,31964,35495,31381,32801,31553,33392,30350,33329,29136,30522,27535,34842,30623,29587,30634,24684,24682,24710,24767,22354,19855,18253,19062,19503,18632,17369,15724,15647,16312,14153,13863,15250,14204,14096,11959,10777,11028,10395,11196,12215,14038,29227,12908,11785,10471,9957,8698,7368,6477,5945,5582,5647,5701,5732,5637,5515,5315,5116,4948,4758,4555,4300,4067,3898,3765,3621,3411,3206,3010,2748,2486,2222,1925,1695,1557,1471,1432,1412,1375,1292,1198,1117,1040,971,915,873,843,826,800,751,687,620,568,522,482,452,435,420,410,401,391,381,368,356,348,342,334,326,315,306,300,300,304,307,305,305,306,308,246
aze,Azerbaijan,11911,11886,11862,11838,11814,11789,11765,11741,11717,11693,11669,11646,11622,11598,11574,11551,11527,11503,11480,11477,11496,11536,11597,11680,11763,11846,11931,12015,12101,12187,12274,12361,12449,12538,12627,12716,12807,12898,12990,13082,13175,13269,13364,13459,13554,13651,13748,13846,13944,14043,14143,14244,14346,14448,14552,14655,14760,14865,14971,15079,15186,15294,15404,15514,15625,15736,15849,15962,16076,16191,16306,16423,16540,16658,16777,16897,17018,17139,17261,17385,17509,17634,17760,17887,18015,18143,18273,18403,18535,18667,18800,18935,19070,19206,19344,19482,19621,19761,19902,20044,20187,20175,20163,20151,20139,20127,20115,20103,20091,20079,20067,20055,20043,20031,20019,20007,19996,19984,19971,19958,19946,19934,19921,19909,19896,19884,19872,19859,19846,19834,19822,19417,19020,18631,18249,17874,17507,17146,16793,16446,16106,15772,15445,15125,14811,14502,14200,13904,13612,13383,13213,13967,14418,14966,15572,16231,16933,17639,18320,18930,19426,19765,19837,19663,19240,18535,17742,16787,15856,15157,14561,14089,13681,13344,13200,12720,12768,12789,13225,13441,13848,10526,9871,15685,9814,17064,10541,20931,21075,20823,20338,19989,19609,18943,18087,17060,15829,14477,13117,11854,10719,9680,8824,8218,7848,7565,7348,7214,7088,6921,6669,6400,6130,5792,5391,4915,4368,3711,3201,3001,2735,2435,1451
bdi,Burundi,15364,15364,15364,15364,15364,15364,15364,15364,15364,15364,15364,15364,15364,15364,15364,15364,15364,15364,15364,15411,15504,15646,15836,16075,16318,16564,16815,17069,17327,17588,17854,18124,18398,18676,18958,19245,19536,19831,20130,20435,20743,21057,21375,21698,22026,22359,22697,23040,23388,23697,23967,24175,24342,24466,24590,24715,24841,24968,25095,25222,25351,25480,25609,25740,25870,26002,26134,26267,26400,26540,26685,26837,26995,27159,27324,27490,27657,27825,27994,28164,28335,28506,28679,28853,29028,29205,29382,29560,29739,29847,29884,29850,29744,29568,29392,29215,29037,28857,28675,28472,28249,28007,27745,27465,27183,26899,26615,26329,26043,25775,25528,25302,25098,24913,24730,24548,24368,24188,24033,23969,23997,24116,24328,24632,24940,25251,25566,25885,26208,26529,26849,27165,27479,27792,28106,28426,28747,29073,29402,29759,30144,30558,31001,31475,31956,32443,31540,30648,29759,28967,28795,31839,31726,31651,31646,31606,31586,31549,31535,31642,30169,30374,29419,29806,30188,30978,29830,20614,35125,38539,39625,40608,53299,41240,41414,42410,43211,43603,43820,43981,43615,43723,43381,42224,41251,40592,40178,40160,40693,41520,42370,43269,44056,50665,42263,41748,43723,42254,40399,39966,39908,39335,39126,39154,39118,38973,38592,37907,37113,36414,35940,35120,33726,32353,31086,29826,28206,26559,25214,24239,23476,22715,21569
bel,Belgium,17094,17141,17188,17236,17283,17331,17379,17368,17415,17463,17512,17560,17608,17657,17706,17754,17803,17853,17902,17912,18005,18121,18259,18421,18584,18701,18819,18937,19057,19175,19294,19411,19528,19644,19760,17334,18089,19523,20224,19856,19699,18494,19858,18777,17243,18174,20605,21536,19270,20971,17664,18872,18984,18794,20866,23074,21031,21492,21328,22458,17325,21297,20306,22128,23014,25452,25822,21006,22151,21830,22871,28538,24869,21486,20930,23634,21888,21184,21292,22070,24837,22065,21506,21883,23372,21822,25434,22365,24210,24712,25465,25629,26531,26129,23336,25748,22861,22418,24063,26054,25704,22597,23273,24082,24298,23370,24612,22303,24748,23625,23533,26628,21600,21960,25157,24025,21966,27506,26149,22549,19778,19537,18241,16337,15191,16480,16904,16220,15682,18324,16976,14439,15134,14706,13167,13436,13776,13461,13358,13082,13934,13516,13495,12720,13258,15371,12216,10107,8789,8265,7691,7550,7440,7318,7066,6786,6370,6013,5713,5479,5230,5044,4866,4694,4583,4372,4110,3877,3661,3504,3393,3255,3037,2762,2497,2274,2118,2010,1916,1840,1772,1701,1613,1514,1428,1362,1324,1293,1262,1236,1217,1196,1150,1072,975,887,820,769,724,691,673,656,629,606,597,594,591,586,582,574,566,555,539,524,511,501,494,490,487,483,478,476,406
ben,Benin,8808,8808,8808,8808,8808,8808,8808,8808,8808,8808,8808,8808,8808,8808,8808,8808,8808,8808,8808,8820,8846,8885,8937,9002,9067,9133,9200,9266,9334,9402,9470,9539,9608,9678,9749,9820,9891,9963,10035,10108,10182,10256,10331,10406,10481,10558,10634,10712,10790,10861,10924,11002,11072,11136,11199,11263,11327,11392,11457,11532,11616,11711,11817,11933,12050,12168,12288,12408,12530,12654,12780,12909,13041,13175,13311,13447,13586,13725,13866,14002,14131,14255,14372,14483,14595,14708,14822,14936,15052,15165,15276,15386,15493,15597,15702,15807,15912,16015,16117,16226,16344,16470,16604,16747,16888,17028,17167,17303,17437,17568,17695,17818,17938,18056,18175,18294,18414,18535,18625,18744,18893,19072,19282,19523,19767,20014,20264,20517,20773,21028,21281,21564,21847,22129,22414,22703,22995,23291,23590,23913,24259,24362,24484,24625,24768,24910,25054,25198,25344,25472,25582,27803,27886,28081,28316,31563,31826,32114,32414,32724,33045,33472,33863,34152,34409,34602,34745,34803,34869,34951,35015,35101,35206,35244,35236,35227,35239,35276,35303,35502,35920,36386,36780,37067,37360,37643,37853,38030,38189,38238,38270,38345,38343,38358,39068,39370,38974,38836,38781,38639,38415,38277,38263,38412,38578,38668,38875,39024,38973,38980,39035,39106,39244,39441,39709,39912,40078,40196,40074,39723,39229,38680,37736
bfa,Burkina Faso,28372,28372,28372,28372,28372,28372,28372,28372,28372,28372,28372,28372,28372,28372,28372,28372,28372,28372,28372,28392,28432,28493,28573,28675,28776,28878,28980,29083,29186,29289,29393,29497,29601,29706,29811,29917,30023,30129,30236,30343,30450,30558,30666,30775,30884,30993,31103,31213,31323,31424,31516,31635,31744,31844,31944,32045,32145,32246,32348,32449,32551,32653,32756,32858,32961,33065,33168,33272,33376,33494,33625,33771,33931,34105,34279,34455,34631,34809,34987,35166,35346,35526,35708,35891,36074,36258,36443,36630,36817,37012,37216,37428,37649,37879,38109,38338,38566,38791,39012,39276,39583,39932,40327,40767,41204,41641,42074,42505,42934,43336,43709,44056,44376,44672,44969,45268,45568,45871,46125,46427,46779,47179,47628,48130,48635,49145,49661,50182,50707,51227,51744,52216,52682,53144,53608,54074,54547,55021,55499,56028,56606,57000,57443,57932,58427,58925,59426,59933,60444,60930,61391,62462,63372,64098,64670,70246,70742,71312,71848,72378,72911,73484,74067,74707,75465,76353,77184,78096,79094,79984,80657,81131,81208,80842,80171,79186,78015,77021,76546,76411,76477,76762,77193,77602,78136,78720,79141,79458,79947,80600,81644,83041,84603,86016,87394,88586,89480,90021,90391,90734,91056,91130,90826,90337,89508,88335,87080,85672,84138,82592,81172,79866,78609,77186,75587,73945,72081,70118,68248,66533,64937,63466,59668
bgd,Bangladesh,393224,394000,394776,395555,396335,397116,397899,398684,399470,400258,401076,401911,402792,403720,404694,405716,406785,407901,409065,410278,411538,412414,413291,415047,416810,418580,420358,422143,423936,425737,427545,429361,431185,433016,434855,436702,438557,440420,442291,444169,446056,447950,449853,451764,453683,455610,457545,459488,461440,463400,465368,466126,466882,467637,468389,469139,469887,470633,471377,472119,472858,473595,474330,475063,475793,476521,477247,477970,478691,479607,480719,482028,483533,485236,486940,488647,490356,494994,501112,505867,510645,515457,521809,526711,531676,538258,543275,546721,550190,555368,558898,562451,566018,569596,574861,578420,581949,583738,587191,588819,592100,593543,596648,597900,600826,601874,604615,601887,600838,597628,594181,590407,588056,583690,579333,576700,572436,568181,567394,564912,562424,559973,559192,556768,554328,553522,551064,540582,528676,520182,511924,506500,501141,498775,494860,492425,488403,485815,481665,477862,471368,465300,472762,479289,485893,492603,499392,506275,513254,521339,530574,537703,539666,540991,543622,598285,599690,600961,602911,605907,610813,617057,622678,626926,630351,634753,640901,650875,663889,679277,841740,1212237,706005,722450,733697,742788,750267,754231,753816,751524,747778,742086,734886,720337,701004,680649,656148,629044,600218,572807,545413,514159,482968,454954,431964,409141,385810,368260,351959,333574,316366,300160,284192,268158,252041,234904,217963,202587,187924,173389,159767,147568,137400,129435,122217,115052,108749,102420,96602,91820,86804,82081,74294
bgr,Bulgaria,17722,17697,17614,17589,17507,17482,17402,17377,17297,17273,17248,17168,17144,17065,17041,16962,16938,16913,16834,16830,16791,16827,16828,16903,16922,16998,17074,17094,17171,17192,17268,17289,17367,17387,17465,17543,17564,17642,17663,17742,17763,17842,17922,17943,18023,18044,18124,18145,18226,18237,18298,18349,18330,18361,18332,18363,18333,18364,18334,18365,18397,18367,18398,18367,18399,18368,18399,18430,18400,18478,18542,18716,18875,19148,19361,19640,19924,20144,20435,20661,20960,21191,21497,21734,22048,22366,22613,22940,23192,23530,23795,24147,24508,24792,25165,25454,25833,26126,26509,26787,27142,26368,25668,25676,25771,25773,25953,26224,26399,26567,26729,26984,27137,27285,27435,27685,27838,27990,28246,28434,28655,28911,29310,29637,29857,29965,30187,29725,29372,28855,28403,28131,27817,27461,27103,26743,26382,26018,26644,27275,27911,28554,29201,29853,30520,31202,31897,32610,30346,27369,22847,23281,23265,18020,18419,15948,14415,12451,10539,8968,7809,6896,6089,5531,5188,4944,4812,4768,4902,4935,4672,4393,4171,4127,4248,4231,4106,3956,3712,3462,3208,2974,2818,2694,2560,2400,2254,2137,2077,2066,2043,1973,1874,1771,1648,1520,1449,1366,1268,1250,1237,1171,1103,1053,1010,968,929,905,897,901,869,796,723,657,603,558,517,481,449,420,397,377,355
bhr,Bahrain,1183,1183,1183,1183,1183,1183,1183,1183,1183,1183,1183,1183,1183,1183,1183,1183,1183,1183,1183,1183,1183,1183,1183,1183,1183,1183,1183,1183,1183,1183,1183,1183,1183,1183,1183,1183,1183,1183,1183,1183,1183,1183,1183,1183,1183,1183,1183,1183,1183,1183,1183,1182,1182,1182,1182,1181,1181,1181,1181,1180,1180,1180,1180,1179,1179,1179,1178,1178,1178,1179,1182,1186,1191,1198,1205,1212,1219,1226,1233,1240,1247,1254,1262,1269,1276,1284,1291,1298,1306,1314,1321,1329,1336,1344,1352,1360,1367,1375,1382,1389,1396,1403,1410,1416,1423,1429,1434,1440,1446,1460,1485,1520,1566,1623,1681,1742,1805,1871,1939,1993,2033,2059,2070,2064,2059,2054,2049,2044,2039,2034,2029,1951,1873,1796,1719,1643,1533,1428,1323,1225,1130,1037,945,860,778,700,624,569,514,463,414,440,447,543,550,1805,655,1668,777,1532,728,1311,1239,1164,1090,1016,937,856,777,702,634,573,521,481,449,422,400,381,364,349,336,323,315,309,306,306,308,310,312,318,321,317,309,297,275,251,229,210,197,188,182,175,173,175,177,179,177,172,166,162,159,156,152,150,152,154,154,152,149,144,138,128,108
bhs,Bahamas,465,461,457,453,450,446,442,438,434,430,427,423,419,416,412,409,405,402,398,395,391,388,385,382,379,376,373,370,367,364,362,359,356,353,350,348,345,342,339,337,334,332,329,326,324,321,319,316,314,313,313,315,318,323,328,333,338,343,348,353,356,359,361,363,364,365,366,368,369,370,372,373,375,377,379,380,382,384,386,387,389,390,391,391,392,392,393,393,394,394,395,397,398,400,402,403,405,407,409,410,410,410,409,408,406,405,403,402,400,398,395,391,387,382,377,372,368,363,358,354,351,350,350,352,353,354,356,357,358,360,361,352,342,332,323,313,303,293,283,272,260,248,235,222,209,196,183,171,159,148,138,142,140,140,139,140,142,143,145,148,150,153,155,155,158,163,166,167,166,165,159,161,164,169,167,161,158,158,157,156,155,155,156,158,159,160,160,158,154,150,148,148,150,148,136,127,120,113,110,103,98,98,97,95,95,98,94,89,92,94,89,82,79,74,71,72,68,65,63,111,62,61,53
bih,Bosnia and Herzegovina,10780,10780,10780,10780,10780,10780,10780,10780,10780,10780,10780,10780,10780,10780,10780,10780,10780,10780,10780,10794,10820,10860,10914,10981,11049,11117,11185,11254,11324,11393,11464,11534,11605,11677,11749,11821,11894,11967,12041,12115,12190,12265,12340,12416,12493,12570,12647,12725,12804,12883,12962,13040,13119,13198,13278,13358,13439,13520,13602,13684,13767,13850,13934,14018,14103,14188,14274,14360,14447,14564,14711,14890,15100,15343,15590,15841,16096,16355,16618,16879,17137,17394,17647,17898,18153,18411,18672,18938,19207,19469,19723,19970,20209,20440,20672,20907,21142,21377,21613,21847,22081,22314,22545,22776,23005,23232,23459,23683,23906,24108,24290,24452,24594,24717,24840,24964,25088,25213,25341,25470,25599,25321,24962,24686,24329,24053,23699,23423,23071,22796,22523,22183,21944,21650,21453,21200,21042,20903,20703,20597,20427,20352,20209,20159,20040,20011,19992,19901,19899,19871,19983,20244,20184,20129,19813,19198,18364,17468,16688,16061,15413,14395,13360,12325,11318,10376,9472,8601,7818,7131,6497,5931,5435,4942,4478,4075,3723,3401,3120,2895,2739,2646,2559,2429,2259,2053,1853,1671,1509,1378,1240,1130,2384,2156,1388,619,519,532,525,473,426,402,390,382,373,358,336,323,311,293,271,244,229,219,206,198,195,191,187,179,169,159,152
blr,Belarus,17406,17406,17406,17406,17406,17406,17406,17406,17406,17406,17406,17406,17406,17406,17406,17406,17406,17406,17406,17438,17502,17599,17728,17891,18055,18221,18388,18557,18727,18899,19072,19247,19424,19602,19782,19964,20147,20332,20518,20706,20896,21088,21282,21477,21674,21873,22074,22276,22481,22687,22895,23107,23321,23537,23754,23974,24196,24420,24646,24874,25104,25336,25571,25807,26046,26287,26530,26776,27023,27273,27526,27780,28037,28297,28559,28823,29090,29359,29630,29904,30181,30460,30742,31027,31314,31603,31896,32191,32489,32789,33093,33399,33708,34020,34334,34648,34963,35278,35590,35899,36207,35807,35401,35102,34685,34258,33827,33503,33057,32609,32153,31812,31350,30891,30429,30077,29615,29149,28683,28215,27856,27387,26915,26445,26079,25609,25136,24663,24292,23812,23337,23875,24488,24947,25363,25735,26062,26485,26731,26938,27099,27368,27450,27486,27486,27602,27524,27402,27236,27193,26954,26047,24468,22894,21256,19624,18044,16541,15133,13813,12581,11456,10347,9157,7918,6877,6148,5646,5292,5012,4893,4893,4855,4213,4218,4242,3908,3954,3984,3984,3266,3175,4008,3091,3047,2986,2934,2831,2684,2548,2378,2232,2142,2048,1926,1795,1661,1526,1423,1346,1253,1151,1046,959,892,829,771,728,691,659,621,578,557,542,519,493,462,411,352,310,279,251,222
blz,Belize,516,512,509,505,501,498,494,491,487,484,480,477,474,470,467,464,460,457,454,450,447,444,441,438,435,433,430,427,424,421,418,415,413,410,407,405,402,399,396,394,391,389,386,383,381,378,376,373,371,368,366,364,361,359,357,355,353,350,348,346,343,340,337,333,330,326,323,319,316,313,311,310,310,310,311,311,311,312,312,313,314,315,317,319,322,324,326,329,331,334,337,340,343,347,351,355,359,363,367,370,373,374,376,376,376,377,377,378,378,379,380,381,383,385,387,389,391,393,395,397,398,400,403,405,407,409,411,414,416,418,421,420,420,419,419,418,418,417,417,416,415,413,411,409,407,405,403,400,398,398,399,393,336,326,411,388,301,431,370,325,331,320,423,348,346,318,343,405,302,283,274,188,426,419,412,405,400,396,391,385,378,370,363,353,338,321,305,290,275,263,252,238,222,209,197,187,181,177,174,171,169,166,163,160,156,154,152,148,145,142,137,134,131,128,124,118,113,108,103,94,85,80,86
bol,Bolivia,13451,13597,13744,13892,14043,14195,14348,14503,14660,14819,14981,15143,15307,15473,15640,15809,15980,16153,16328,16493,16649,16795,16931,17057,17184,17312,17441,17571,17701,17833,17966,18100,18234,18370,18507,18644,18783,18923,19064,19206,19349,19492,19638,19784,19931,20079,20229,20379,20531,20670,20797,20943,21077,21198,21320,21442,21565,21689,21813,21938,22064,22190,22317,22445,22573,22703,22832,22963,23094,23064,22877,22537,22045,21407,20786,20184,19599,19031,18480,18126,17969,18008,18242,18670,19108,19556,20014,20484,20964,21455,21958,22473,22999,23538,24089,24652,25225,25809,26403,26930,27386,27770,28079,28311,28539,28765,28988,29209,29426,29683,29982,30325,30713,31148,31589,32035,32488,32947,33367,33766,34146,34506,34844,35161,35481,35804,36129,36458,36788,37122,37459,37823,38191,38563,38938,39315,39697,40081,40469,40789,41036,40326,39548,38712,38009,37193,37094,36993,36893,36934,37119,37719,38013,38395,38825,39253,39713,40197,40902,41502,41796,41718,41613,41440,41235,44503,44188,43848,43531,43138,42687,42226,41700,41117,40524,39875,39262,38680,38104,37540,36990,36467,35920,35331,34702,34061,33378,32655,31898,31056,30176,29246,28233,27139,25973,24785,23648,22458,21289,20235,19162,18033,16994,16055,15162,14331,13633,12959,12248,11579,10946,10354,9777,9241,8748,8303,7919,7580,7262,6968,6721,6484,5951
bra,Brazil,42584,43857,45169,46520,47911,49344,50819,52339,53904,55516,57226,58938,60700,62516,64385,66311,68294,70336,72439,74391,76182,77804,79250,80510,81790,83090,84411,85753,87116,88501,89908,91337,92789,94264,95763,97285,98832,100403,101999,103620,105268,106941,108641,110368,112123,113905,115716,117555,119424,121307,123205,125131,127072,129027,131013,133029,135077,137155,139266,141409,143586,145795,148039,150317,152631,154980,157365,159786,162246,164858,167627,170559,173658,176929,180261,183657,187116,190640,194231,197889,201617,205415,209285,213228,217246,221339,225509,229758,234087,238749,243757,249123,254861,260983,267240,273640,280173,286828,293599,300337,307013,313636,320198,326687,333250,339896,346622,353421,360291,367237,374268,381383,388601,395933,403400,411006,418753,426644,434634,442707,450862,459101,467423,475830,484397,493103,501962,510977,520151,529485,538982,538039,538655,537602,536445,536971,535734,536161,534807,534050,535643,523869,514336,505228,494258,484855,481847,478865,475905,473257,470901,475120,479190,482932,485771,524600,525029,524718,524374,523037,521067,518688,515019,510192,503789,495225,485599,475294,464074,453700,445481,438133,430933,424191,416458,408889,402899,396394,388445,379097,368575,356915,344207,331089,317493,303670,290103,276855,263648,250595,237416,224081,210173,197229,185225,173799,162713,151941,141981,131906,121904,112438,103195,94129,86541,80510,74540,68832,63892,59967,56852,54273,51861,49731,48548,47908,49555,45063,44802,43702,41757,40107,37373
brb,Barbados,1175,1179,1183,1187,1191,1195,1200,1204,1208,1212,1217,1221,1225,1230,1234,1238,1243,1247,1251,1260,1273,1291,1313,1341,1368,1397,1426,1455,1485,1516,1547,1579,1612,1645,1679,1714,1750,1786,1823,1861,1899,1939,1979,2020,2061,2104,2148,2192,2238,2281,2324,2364,2403,2440,2478,2516,2555,2594,2634,2672,2706,2738,2767,2792,2818,2844,2871,2897,2924,2952,2979,3008,3036,3065,3095,3124,3154,3184,3215,3245,3277,3308,3341,3373,3406,3440,3473,3507,3541,3577,3612,3649,3687,3725,3764,3804,3843,3883,3924,3949,3959,3953,3931,3894,3857,3820,3784,2686,2800,2185,2297,2230,3493,2023,3322,1579,1960,2318,1632,2783,2132,3174,1492,2962,2424,2564,2607,1688,2805,2048,2000,2606,1753,2102,2313,2012,1831,2028,2088,1852,1735,2179,1717,1624,1705,1489,1623,1699,1584,1302,1265,1445,1565,1374,1084,1034,920,815,727,657,602,555,509,463,421,382,348,317,289,265,243,223,207,193,181,169,158,147,139,132,125,119,113,108,103,98,93,88,83,79,74,70,67,64,61,59,57,56,56,56,56,57,57,58,57,57,56,55,53,52,50,49,48,46,45,44,42,41,40,39,37,36,35
brn,Brunei,38,38,38,38,38,38,38,38,38,38,38,38,38,39,39,39,39,39,40,40,41,41,41,42,43,43,44,45,46,46,47,48,49,50,51,53,54,55,56,57,58,59,61,62,63,64,66,67,69,70,71,73,74,76,78,79,81,83,84,86,88,90,92,94,96,99,101,104,107,110,113,113,116,120,124,127,132,136,141,145,150,155,160,165,171,176,182,188,194,201,207,214,221,229,236,244,252,260,269,277,286,296,305,315,325,335,345,355,365,375,384,387,381,378,376,373,371,368,365,362,359,356,352,348,344,340,335,331,327,324,322,321,321,322,323,324,325,325,325,324,321,317,311,304,297,290,283,276,268,264,263,324,347,362,375,443,453,458,456,445,425,397,366,335,309,288,274,264,257,251,245,237,225,211,195,180,165,151,139,129,120,112,106,101,98,96,94,94,94,95,97,98,98,96,92,87,82,77,72,69,66,64,62,61,60,60,59,60,61,62,64,67,69,71,73,74,75,75,75,74,73,72,70
btn,Bhutan,7404,7397,7391,7385,7379,7373,7367,7360,7354,7348,7342,7336,7330,7324,7318,7312,7305,7299,7293,7280,7259,7232,7197,7155,7113,7072,7031,6990,6949,6909,6868,6828,6789,6749,6710,6671,6632,6593,6555,6517,6479,6441,6404,6366,6329,6292,6256,6219,6183,6147,6111,6079,6047,6015,5983,5951,5919,5888,5857,5825,5794,5764,5733,5703,5672,5642,5612,5582,5553,5523,5494,5465,5436,5407,5378,5349,5321,5293,5265,5237,5209,5181,5154,5126,5099,5072,5045,5018,4991,4965,4938,4912,4886,4860,4834,4808,4783,4757,4732,4707,4682,4657,4632,4607,4583,4559,4534,4510,4486,4467,4452,4441,4436,4434,4432,4431,4430,4428,4424,4421,4417,4413,4410,4406,4402,4399,4395,4391,4388,4384,4380,4366,4353,4339,4325,4311,4297,4283,4270,4221,4138,4025,3881,3709,3544,3386,3236,3092,2955,2860,2806,2709,2750,2796,2843,2890,2936,2982,3026,3068,3113,3155,3196,3237,3277,3312,3340,3362,3381,3376,3371,3363,3346,3555,3524,3499,3473,3437,3397,3358,3308,3250,3188,3119,3048,2972,2893,2813,2730,2645,2555,2456,2339,2131,1919,1766,1623,1491,1370,1266,1171,1083,1003,929,874,830,777,727,681,634,588,549,513,484,457,430,398,362,329,298,276,263,235
bwa,Botswana,1939,1932,1925,1917,1910,1903,1896,1889,1881,1874,1867,1860,1853,1846,1839,1832,1825,1818,1811,1804,1797,1791,1784,1777,1770,1764,1757,1750,1744,1737,1730,1724,1717,1711,1704,1698,1691,1685,1679,1672,1666,1659,1653,1647,1641,1634,1628,1622,1616,1614,1617,1624,1636,1653,1669,1686,1703,1720,1737,1755,1772,1790,1808,1826,1844,1863,1882,1900,1919,1939,1958,1978,1998,2018,2038,2058,2079,2100,2121,2142,2164,2185,2207,2229,2252,2274,2297,2320,2344,2367,2391,2415,2439,2463,2488,2513,2538,2562,2587,2615,2646,2681,2718,2760,2801,2843,2884,2926,2968,3010,3051,3092,3133,3174,3215,3257,3299,3342,3386,3434,3486,3543,3605,3672,3740,3809,3879,3951,4024,4098,4172,4220,4267,4314,4362,4409,4457,4506,4554,4602,4650,4696,4742,4788,4833,4632,4438,4253,4075,3910,3755,3826,3821,3831,3847,3853,3851,3850,3825,3787,3887,3818,3758,3720,3703,3689,3650,3581,3502,3411,3311,3220,3156,3138,3135,3123,3092,3042,2992,2940,2887,2832,2759,2672,2580,2484,2377,2253,2128,2057,2068,2169,2349,2595,2863,3124,3108,3280,3403,3487,3570,3582,3592,3681,3766,3710,3666,3738,3817,3716,3576,3543,3227,2973,2873,2725,2636,2435,2389,2326,2235,2131,2573
caf,Central African Republic,8583,8583,8583,8583,8583,8583,8583,8583,8583,8583,8583,8583,8583,8583,8583,8583,8583,8583,8583,8621,8699,8816,8975,9176,9381,9591,9805,10024,10249,10478,10712,10952,11197,11447,11703,11965,12232,12506,12785,13071,13364,13662,13968,14280,14600,14926,15260,15601,15950,16234,16451,16603,16686,16697,16708,16720,16731,16742,16754,16770,16790,16816,16846,16882,16917,16952,16987,17023,17058,17099,17145,17196,17252,17314,17376,17438,17500,17563,17626,17689,17752,17816,17880,17944,18008,18073,18138,18203,18269,18305,18312,18291,18240,18160,18079,17998,17917,17834,17749,17656,17555,17448,17333,17212,17088,16963,16835,16706,16575,16447,16320,16197,16077,15961,15845,15730,15615,15502,15387,15327,15323,15374,15481,15644,15809,15975,16142,16312,16482,16651,16819,16877,16931,16981,17030,17079,17127,17174,17221,17280,17353,17440,17538,17651,17764,17875,17987,17718,17502,17229,16833,17090,17121,17147,17167,17208,17254,17315,17368,17417,17656,17668,17693,17717,17769,17825,19238,19279,19377,19426,19406,19359,19296,19152,19032,18918,18875,18913,18973,19108,19303,19508,19725,19960,20216,20500,20808,21139,21443,21743,22128,22556,22947,23338,23783,24276,24716,25023,25293,25562,25825,25970,25952,25968,25929,25800,25646,25490,25375,25237,25166,25093,24883,24578,24045,23180,22530,22554,22556,22396,22343,22387,21618
can,Canada,4353,4461,4572,4685,4801,4921,5043,5168,5296,5427,5565,5703,5844,5989,6138,6290,6446,6605,6769,6954,7160,7390,7644,7924,8214,8515,8826,9150,9484,9834,10200,10582,10908,11285,11674,12036,12451,12879,13323,13738,14216,14714,15231,15769,16383,16961,17559,18179,18886,19520,20143,20747,21411,21988,22659,23270,23980,24626,25378,25957,26541,26942,27250,27458,27668,27880,28095,28311,28528,28765,29024,29304,29499,29713,29930,30148,30367,30473,30691,30889,31067,31224,31476,31828,32064,32422,32662,33027,33396,33638,33999,34780,35571,36373,37193,38031,38888,39764,40661,41723,42965,39174,31993,32307,26173,29750,33815,44702,59093,39635,51660,56225,49997,53203,52019,50234,55485,45663,47400,49973,59309,32904,33379,33322,30546,29930,33005,31627,31110,33401,33161,31142,26939,25614,25600,25772,24531,29717,25136,23770,23210,24430,22524,22003,21932,19929,20270,20182,18501,18184,17409,16965,16399,15840,15340,16332,16060,15962,15794,15557,15240,14726,14127,13490,12758,11684,10455,9487,8808,8358,8006,7603,7109,6631,6262,5988,5738,5479,5191,4932,4710,4463,4242,4063,3914,3775,3646,3527,3444,3428,3421,3283,3093,2942,2800,2665,2519,2363,2237,2155,2074,2029,2020,2020,2024,2025,2048,2101,2144,2151,2129,2105,2094,2074,2051,2017,1976,1962,1941,1897,1878,1873,1750
che,Switzerland,10689,10757,10825,10894,10963,11033,11103,11173,11244,11315,11388,11460,11533,11606,11679,11754,11828,11903,11979,12053,12126,12197,12267,12336,12405,12474,12544,12614,12685,12756,12827,12899,12971,13043,13116,13189,13262,13336,13411,13489,13572,13658,13750,13845,13941,14038,14135,14233,14332,14427,14518,14604,14685,14762,14840,14918,14997,15076,15155,15236,15317,15400,15485,15570,15656,15743,15829,15567,15309,15058,14815,14579,14350,14127,13908,13692,13480,14012,13844,12796,12670,13188,12143,11185,11098,11798,11383,11128,10534,11314,10882,11882,10464,11022,11315,11186,9925,10193,11237,10397,11463,10807,10028,10198,11145,10460,10283,9806,9071,9761,9204,10148,8125,8324,7896,7529,6912,7002,8578,7522,8245,6530,6034,5376,5465,5372,5171,5220,5218,4945,4801,4665,4800,4407,4329,4567,4363,4446,4126,4039,4602,4085,3859,3937,4152,4025,3923,3826,3551,3449,3189,3038,2921,2844,2747,2641,2579,2543,2502,2464,2450,2468,2509,2544,2540,2472,2359,2232,2110,1989,1868,1736,1583,1429,1290,1151,1017,914,839,785,754,729,710,692,677,669,665,662,666,669,660,645,627,595,555,526,506,487,466,452,440,417,394,383,374,366,358,352,350,352,354,355,356,357,359,362,362,358,352,344,337,332,330
chl,Chile,10806,10806,10806,10806,10806,10806,10806,10806,10806,10806,10806,10806,10806,10806,10806,10806,10806,10806,10806,10855,10954,11104,11307,11563,11825,12093,12367,12647,12933,13220,13507,13794,14081,14368,14661,14959,15264,15575,15892,16207,16521,16832,17142,17448,17760,18078,18402,18731,19066,19402,19738,20099,20460,20823,21192,21568,21950,22339,22735,23135,23539,23947,24360,24777,25201,25632,26071,26517,26971,27429,27891,28358,28830,29306,29791,30283,30783,31291,31808,32326,32845,33365,33887,34409,34939,35478,36024,36579,37143,37703,38260,38814,40481,42207,44006,45883,47839,49878,52004,54207,56490,58855,47340,46872,51420,45348,60286,55634,60118,60305,51762,65378,57062,57588,52000,52462,50428,56976,54637,66353,57740,61819,54107,64642,61592,60559,59738,54557,51904,55611,58957,59379,61135,68227,70472,68688,70142,68249,67989,65973,64776,60802,60377,61195,58144,60225,53361,54717,50451,54577,52771,52192,51066,50017,49060,48168,44594,42723,41918,39642,42526,37693,39238,36036,36342,33071,29709,26837,24692,23297,22512,22041,21595,20827,19424,17423,15201,13044,11196,9787,8776,7970,7225,6611,6253,6153,6173,6184,6108,5910,5591,5198,4749,4323,3977,3678,3446,3283,3137,2951,2722,2522,2385,2271,2170,2099,2066,2075,2105,2122,2106,2067,2022,1979,1941,1892,1816,1724,1651,1599,1548,1492,1252
chn,China,4760882,4783085,4805391,4827802,4850317,4872937,4895663,4918494,4941432,4964477,5003078,5041827,5085997,5135663,5185814,5236454,5287590,5339224,5391363,5441100,5488390,5533188,5575450,5615130,5655091,5695337,5735870,5776691,5817802,5851670,5878238,5897448,5909242,5913562,5917886,5922212,5926542,5930875,5935211,5938681,5941284,5943020,5943889,5943889,5943889,5943889,5943889,5943889,5943889,5933382,5912461,6065095,6209269,6343729,6480167,6618221,6758355,6581287,6388755,6224416,6068867,5920694,5763037,5630357,5499517,5455025,5394277,5350488,5290731,5255775,5213233,5195256,5201735,5216465,5231236,5246050,5260905,5275802,5290742,5306208,5322204,5338732,5355797,5373401,5391063,5408783,5426561,5444397,5462292,5482367,5504639,5529127,5555850,5584826,5613685,5642558,5671171,5699246,5726636,5754003,5780926,5807670,5834227,5860447,5885783,5910361,5934167,5957042,5978970,6006758,6040608,6080572,6127000,6180099,6233623,6287573,6341953,6396766,6451547,6496922,6532825,6559187,6575939,6583012,6590219,6597228,6604203,6611145,6618053,6628096,6641278,6555910,6473098,6394953,6316175,6238862,6160763,6123115,6065396,6026052,5986893,5991785,5995780,5999243,6002576,6005961,6009215,6012524,6015887,6037216,6076522,6314907,6660969,6831456,6719938,6824446,6223808,5945310,5525887,5460831,5413563,4207743,3388302,4173302,3890873,3265070,3377818,3383593,3552834,3497448,3320116,3098737,2800598,2555218,2452886,2133836,1860184,1635490,1461820,1376057,1333421,1306488,1324079,1275581,1225439,1261956,1323982,1399980,1417542,1423034,1463975,1357912,1183488,1087714,1004482,924438,850244,782104,719909,663657,625578,576054,517002,469931,430238,396143,365822,340664,320346,301837,280931,259258,247511,231597,212811,194088,178662,168878,147807,125692,106856,88271,76409
civ,Cote d'Ivoire,21703,21703,21703,21703,21703,21703,21703,21703,21703,21703,21703,21703,21703,21703,21703,21703,21703,21703,21703,21695,21680,21658,21628,21591,21554,21517,21480,21443,21406,21369,21333,21296,21260,21223,21187,21150,21114,21078,21041,21005,20969,20933,20897,20861,20826,20790,20754,20719,20683,20683,20720,20805,20926,21085,21245,21406,21568,21731,21896,22057,22215,22370,22522,22670,22819,22969,23120,23272,23424,23583,23748,23918,24094,24277,24461,24646,24832,25020,25210,25390,25562,25724,25878,26022,26166,26312,26459,26606,26754,26913,27085,27268,27464,27671,27879,28088,28296,28503,28708,28891,29054,29196,29317,29415,29510,29600,29686,29767,29843,29928,30021,30125,30239,30364,30489,30616,30741,30868,30978,31144,31368,31649,31990,32389,32794,33204,33619,34038,34462,34885,35306,35445,35575,35695,35815,35931,36045,36158,36267,36404,36568,36758,36976,37219,37462,37704,37942,37918,37893,37999,38238,37396,37931,36421,36831,52013,52403,52798,53212,53646,54376,60451,61067,61755,62503,63164,63811,64412,64948,65425,65781,66132,66406,66658,66807,66836,66753,67202,67765,68402,69344,70189,70958,71639,72260,72797,73371,73985,75047,77664,80789,83470,86185,88789,90968,93396,95760,97935,100076,101700,102570,102643,101936,100867,99295,97239,95213,92854,90375,87699,85549,83842,81982,79740,77442,75717,74767,73956,72466,70460,69249,68056,68047
cmr,Cameroon,30996,30996,30996,30996,30996,30996,30996,30996,30996,30996,30996,30996,30996,30996,30996,30996,30996,30996,30996,31079,31245,31496,31834,32258,32688,33124,33566,34013,34467,34926,35392,35864,36342,36827,37318,37815,38320,38830,39348,39873,40404,40943,41489,42042,42603,43171,43746,44330,44921,45440,45887,46233,46503,46697,46890,47085,47281,47477,47674,47875,48080,48290,48504,48722,48941,49161,49381,49603,49826,50060,50306,50563,50831,51111,51393,51676,51960,52247,52534,52824,53115,53408,53703,54000,54298,54598,54900,55203,55508,55703,55787,55760,55623,55375,55126,54877,54624,54367,54103,53782,53406,52974,52488,51949,51406,50863,50315,49767,49217,48706,48236,47807,47421,47076,46733,46393,46055,45719,45411,45263,45276,45449,45782,46276,46776,47280,47790,48305,48825,49347,49869,50296,50721,51145,51574,52004,52437,52875,53315,53801,54335,54917,55549,56230,56918,56877,56835,56792,56750,56735,56748,58804,58832,58853,57759,56924,56209,55638,55344,59215,59213,59552,60160,60876,61435,61668,61581,61057,60221,59236,58374,57888,57760,58033,58874,60064,61575,63066,64255,65254,65794,66147,66167,65190,63762,62820,62416,62364,62829,63948,65819,68322,71131,73990,76693,78999,80881,82426,83802,85010,85627,85649,85734,86057,86326,86535,86456,86376,85919,85552,84106,82427,80254,77789,75485,73517,72280,70936,69455,68152,66647,64977,60462
cod,"Congo, Dem. Rep.",88861,88861,88861,88861,88861,88861,88861,88861,88861,88861,88861,88861,88861,88861,88861,88861,88861,88861,88861,89139,89699,90545,91683,93115,94571,96049,97550,99074,100622,102195,103792,105414,107061,108734,110434,112159,113912,115692,117500,119337,121202,123096,125019,126973,128958,130973,133020,135098,137210,138928,140247,141149,141638,141708,141779,141849,141919,141990,142060,142295,142696,143264,144000,144904,145815,146731,147653,148581,149515,150493,151517,152587,153703,154866,156038,157219,158409,159608,160815,161932,162955,163884,164718,165456,166197,166942,167690,168441,169195,169622,169721,169493,168938,168056,167171,166286,165395,164488,163564,162464,161189,159745,158131,156352,154571,152784,150996,149204,147407,145732,144177,142746,141440,140259,139088,137925,136771,135623,134497,133886,133790,134210,135145,136592,138057,139536,141031,142541,144066,145574,147071,148816,150550,152274,154010,155770,157549,159345,161166,163130,165252,163950,163262,162193,161095,159964,159342,158174,156973,156012,155780,157196,158472,160395,162085,163684,165512,167753,170572,173739,176788,182817,186978,191038,196598,199080,199811,203477,206675,209406,212523,215408,217795,219572,233049,234266,235436,236302,237126,240014,244548,248312,251630,255451,260179,265970,272059,278107,283400,288145,292610,297927,303683,308397,314817,328419,339645,340441,337686,336832,336461,334792,332845,331364,328960,326325,325463,324434,323342,323164,322625,322643,322608,321510,319537,318262,316992,315677,314345,312418,310046,307593,292098
cog,"Congo, Rep.",5130,5130,5130,5130,5130,5130,5130,5130,5130,5130,5130,5130,5130,5130,5130,5130,5130,5130,5130,5147,5180,5230,5298,5383,5470,5558,5647,5738,5830,5924,6020,6117,6215,6315,6417,6520,6625,6731,6840,6950,7062,7175,7291,7408,7527,7648,7771,7896,8024,8126,8203,8258,8287,8290,8292,8295,8297,8300,8303,8315,8338,8371,8413,8467,8520,8574,8628,8682,8737,8796,8859,8925,8996,9071,9146,9222,9299,9376,9454,9531,9606,9680,9753,9824,9896,9969,10042,10115,10189,10239,10264,10265,10242,10194,10145,10097,10048,9998,9948,9886,9813,9729,9635,9530,9425,9320,9214,9108,9002,8903,8811,8727,8649,8580,8510,8441,8373,8305,8235,8200,8199,8234,8302,8406,8511,8618,8725,8834,8944,9054,9163,9276,9389,9501,9615,9729,9846,9963,10082,10210,10348,10497,10655,10824,10996,11170,10725,10285,9850,9553,9273,9251,9184,9093,8970,9387,9187,8972,8772,8612,8444,8296,8178,8088,8018,7972,7939,7912,7898,7906,7919,7956,8017,8056,8096,8129,8141,8106,8049,7981,7919,7837,7759,7693,7626,7579,7574,7630,7740,7917,8169,8502,8918,9403,9963,10563,11205,11842,12313,12605,12689,12737,12623,12186,11697,11211,10757,10377,10138,9996,10015,10052,9972,9791,9534,9232,8903,8615,8337,9202,7828,7604,8836
col,Colombia,20698,20698,20698,20698,20698,20698,20698,20698,20698,20698,20698,20698,20698,20698,20698,20698,20698,20698,20698,20839,21126,21563,22157,22912,23693,24500,25335,26198,27090,27896,28609,29225,29740,30148,30561,30980,31405,31836,32272,32668,33023,33335,33603,33828,34054,34281,34510,34741,34973,35350,35877,36575,37433,38457,39510,40591,41702,42843,44016,44861,45373,45547,45378,44860,44348,43842,43341,42846,42357,42114,42119,42374,42879,43638,44410,45195,45994,46808,47636,48478,49335,50208,51096,51999,52919,53855,54807,55776,56763,57766,58788,59827,60885,61961,63053,64163,65288,66424,67571,68772,70024,71332,72697,74118,75554,77007,78476,79960,81457,83038,84706,86466,88322,90282,92284,89244,86305,83460,80679,77994,75404,72900,70484,68152,65899,56415,72522,72012,64854,62639,53336,65846,71874,78302,62098,87466,86163,84797,89100,93454,81537,87776,91551,94840,94871,93485,94100,88174,86431,86272,80037,82976,75959,81065,73437,91955,91609,95432,94787,94062,93270,92394,91373,90189,88798,87129,84990,82562,79857,76794,73611,70383,67177,64099,61180,58470,55916,53487,51115,48902,46668,44449,42348,40282,38412,36757,35307,34066,33021,32127,31347,30567,29717,28800,27827,26779,25706,24651,23630,22689,21811,20969,20139,19317,18501,17689,16883,16107,15383,14692,14040,13468,12946,12439,11959,11496,11052,10645,10274,10009,9697,9382,9254
com,Comoros,859,859,859,859,859,859,859,859,859,859,859,859,859,859,859,859,859,859,859,859,860,861,862,864,866,868,870,871,873,875,877,879,880,882,884,886,888,890,892,894,895,897,899,901,903,905,907,909,911,913,916,921,927,933,939,946,952,959,965,972,978,985,992,998,1005,1012,1019,1026,1033,1040,1047,1054,1061,1068,1075,1082,1090,1097,1105,1112,1120,1127,1135,1142,1150,1158,1166,1174,1181,1189,1197,1206,1214,1222,1230,1238,1246,1255,1262,1274,1289,1308,1331,1358,1386,1413,1441,1469,1498,1527,1556,1586,1616,1647,1678,1710,1742,1775,1807,1835,1858,1876,1889,1898,1907,1915,1924,1933,1941,1950,1959,1968,1977,1986,1994,2003,2012,2021,2030,2039,2048,2058,2067,2076,2085,2094,2001,1911,1823,1742,1667,1813,1907,2018,2117,2212,2300,2384,2469,2556,2642,2585,2527,2466,2406,2347,2289,2128,1999,1897,2232,1679,2258,1698,2292,2447,2453,2460,2464,2471,2473,2470,2460,2442,2416,2388,2356,2326,2294,2260,2224,2183,2138,2087,2035,1989,1954,1922,1892,1865,1834,1805,1776,1741,1713,1692,1669,1642,1617,1596,1574,1552,1523,1490,1455,1416,1377,1340,1301,1264,1227,1192,1387
cpv,Cape Verde,946,946,946,946,946,946,946,946,946,946,946,946,946,946,946,946,946,946,946,948,952,958,967,977,987,998,1008,1019,1030,1041,1052,1063,1074,1086,1097,1109,1120,1132,1144,1156,1169,1181,1194,1206,1219,1232,1245,1258,1272,1285,1299,1316,1334,1351,1369,1387,1406,1424,1443,1463,1482,1502,1521,1541,1562,1582,1603,1625,1646,1668,1690,1712,1734,1757,1780,1804,1827,1851,1876,1900,1925,1951,1976,2002,2028,2055,2082,2109,2136,2164,2193,2221,2250,2279,2309,2339,2369,2399,2429,2460,2490,2520,2550,2580,2610,2640,2670,2700,2729,2746,2750,2740,2719,2685,2651,2617,2584,2552,2514,2489,2478,2480,2496,2525,2554,2584,2613,2643,2674,2709,2749,2791,2837,2889,2941,2995,2964,2923,2891,2832,2741,2638,2516,2368,2236,2110,1983,1870,1761,1669,1603,1554,1536,1522,1506,1632,1630,1645,1669,1691,1714,1726,1733,1742,1746,1744,1736,1724,1709,1688,1663,1635,1598,1545,1482,1422,1362,1305,1255,1215,1187,1174,1164,1150,1130,1096,1049,995,938,885,844,822,813,813,810,793,758,706,640,571,509,455,412,382,362,350,343,337,331,322,306,291,271,246,227,210,195,182,166,153,144,136,133
cri,Costa Rica,968,977,985,994,1002,1011,1020,1029,1037,1046,1056,1065,1074,1083,1093,1102,1112,1121,1131,1144,1160,1179,1202,1228,1254,1281,1309,1337,1366,1395,1423,1451,1480,1507,1536,1565,1594,1624,1655,1682,1706,1726,1742,1755,1767,1780,1793,1806,1819,1836,1856,1884,1915,1951,1988,2025,2063,2101,2141,2179,2216,2252,2287,2320,2354,2388,2423,2459,2495,2539,2593,2655,2727,2809,2894,2981,3071,3163,3259,3357,3459,3564,3673,3785,3901,4021,4144,4270,4401,4527,4593,4650,4701,4743,4786,4813,4855,4897,4938,4978,5018,5122,5210,5316,5405,5513,5623,5715,5826,5914,6014,6108,6198,6281,6366,6451,6538,6626,6707,6793,6884,6826,6770,6718,6664,6587,6531,6474,6415,6361,6311,6261,6236,6194,6150,6106,6082,6036,5987,5976,5954,5854,5764,5661,5577,5490,5398,5302,5179,5079,4979,5257,5576,5813,5935,6171,6078,5951,5819,5694,5606,5596,5695,5813,5841,5739,5558,5340,5060,4787,4527,4213,3859,3483,3123,2785,2474,2195,1964,1811,1728,1698,1715,1756,1790,1797,1763,1684,1588,1498,1423,1361,1308,1270,1243,1219,1192,1162,1122,1077,1033,983,926,880,851,832,822,818,819,809,783,756,730,700,673,650,627,605,583,550,511,479,484
cub,Cuba,3358,3606,3860,4145,4451,4765,5117,5477,5882,6296,6500,6668,6773,6768,6785,6802,6818,6835,6852,6933,7037,7187,7429,7717,8043,8520,8994,9527,10058,10536,10819,10964,11038,10968,10933,10898,10898,10863,10863,10863,10970,11114,11334,11556,11783,11977,12134,12333,12495,12701,12868,13085,13263,13487,13670,13901,14136,14328,14570,14752,15067,15273,15468,15548,15677,16108,16597,17042,17548,18074,18071,18190,18321,18575,18775,18352,17933,17570,17154,16716,16366,15943,15555,15098,14696,14551,14353,14206,14007,13844,16116,18514,21177,24015,27251,27955,28677,29415,30231,31337,20583,20825,21182,21655,22133,22549,23040,23538,24041,24556,25086,25629,26185,26669,27251,27846,28452,29071,29690,30191,30765,31213,31736,30502,29317,28177,27082,26028,25017,24008,23004,22012,21031,25802,18742,25518,20849,16654,16005,15705,15431,15181,14953,14745,11972,14945,8440,8877,8367,8317,7770,8886,8713,8884,7781,8727,8362,9358,9712,10202,10845,11731,12255,12542,12412,12061,11632,11172,10689,10190,9670,9132,8577,7944,7207,6398,5574,4805,4077,3540,3175,2900,2891,2958,2899,2817,2750,2706,2684,2615,2501,2317,2097,1908,1747,1623,1507,1447,1413,1350,1270,1184,1129,1075,993,910,835,787,789,810,807,800,780,749,724,704,675,640,625,599,561,526,497
cyp,Cyprus,1962,1962,1962,1962,1962,1963,1963,1963,1963,1963,1964,1964,1964,1964,1965,1965,1965,1965,1965,1966,1966,1966,1966,1966,1967,1967,1967,1967,1968,1968,1968,1968,1968,1969,1969,1969,1969,1969,1970,1970,1970,1970,1971,1971,1971,1971,1971,1972,1972,1972,1972,1972,1972,1973,1973,1973,1973,1973,1973,1973,1973,1973,1974,1974,1974,1974,1974,1974,1974,1974,1975,1975,1975,1975,1975,1975,1975,1975,1975,1980,1989,2004,2022,2046,2070,2094,2118,2143,2168,2194,2220,2248,2275,2304,2333,2362,2336,2318,2291,2271,2245,2226,2200,2182,2155,2135,2147,2150,2160,2162,2170,2169,2176,2173,2178,2175,2189,2202,2216,2230,2242,2255,2266,2277,2288,2299,2319,2340,2360,2388,2423,2456,2496,2543,2592,2641,2691,2742,2706,2659,2591,2526,2453,2362,2188,2009,1836,1678,1516,1361,1222,1233,1124,939,1092,653,627,592,601,551,529,492,931,1020,949,728,669,615,564,519,476,437,398,361,362,311,295,266,237,233,242,239,241,241,223,199,181,169,168,169,169,166,164,155,139,126,115,104,94,85,78,72,67,62,60,56,53,51,49,48,46,44,42,40,38,37,37,37,37,37,37,36,32
cze,Czech Republic,41672,41672,41672,41672,41672,41672,41672,41672,41672,41672,41672,41672,41672,41672,41672,41672,41672,41672,41672,41703,41765,41858,41982,42138,42294,42479,43029,43586,44151,44722,45301,45581,45863,46147,46432,46719,47008,47299,47591,47886,48182,48510,48841,49174,49509,49847,50186,50529,50873,51220,51569,51900,52234,52569,52907,53247,53589,53933,54279,54628,54979,55289,55600,55914,56229,56546,56865,57186,57509,57833,58159,58525,58893,59263,59635,60010,60388,60767,61149,61534,61920,62293,62667,63044,63424,63805,64189,64575,64963,65354,65747,66209,66674,67142,67611,66149,64694,63451,61997,60543,59090,58678,58242,57796,57333,56859,56364,55864,55352,54824,54295,53317,52510,51534,50557,49484,47926,46445,44683,43149,42406,41365,40680,40061,39241,38634,37785,36864,36122,35198,34289,33716,33134,32529,31909,31270,30612,29800,29071,28831,28276,27189,26037,25062,24327,22576,19386,17204,16682,16158,15663,14078,10874,8505,7087,6409,5806,5509,4833,3943,3618,3555,3904,4058,4109,4717,4201,4049,3946,4196,4007,4196,4224,4676,4930,4882,4706,4501,4052,3639,3486,2285,2116,2014,1945,1908,1846,1765,1698,1624,1560,1502,1386,1251,1080,888,743,649,582,527,493,472,456,444,436,434,428,426,425,412,393,370,351,343,343,347,352,354,349,335,315,293,291
deu,Germany,96250,97825,99426,101054,102708,104389,106097,107834,109599,111392,113245,115099,116983,118898,120844,122821,124832,126875,128952,130944,132851,134667,136392,138021,139670,141338,143026,149618,156519,163685,171127,178861,186889,195219,203923,213016,222512,232544,231090,223973,237209,240158,256751,233599,235494,239061,265186,240435,264419,243428,255578,248823,260222,250588,257627,254058,227126,277454,262989,296986,240149,253338,267353,282243,283759,319981,292650,306003,303740,292546,300375,335929,309558,319091,311988,257038,244820,244217,247893,241679,268598,253258,260211,267234,273206,265243,278332,259545,263171,275530,278589,273274,290563,286911,284406,302652,277639,300240,288036,300318,322771,296158,265587,300563,293078,311114,284874,274911,282225,272481,261950,311653,236671,243263,264905,236400,221127,236812,251824,228577,203167,209245,202823,206046,164232,159716,155143,146825,133034,148804,127503,125646,120038,118035,99658,164826,102485,100233,94682,118196,103910,101109,98187,95181,92254,89416,86667,83995,81400,79017,76815,71929,67156,63202,59927,56915,54505,53347,52687,52806,52238,50643,47327,45859,42287,38984,37731,35105,33060,30424,27565,25104,22449,20333,18177,16676,15478,14521,13653,12904,12378,11831,11126,10358,9639,9111,8797,8583,8343,7996,7577,6973,6322,5835,5377,4988,4790,4685,4502,4284,4109,3908,3696,3528,3392,3249,3098,3009,2947,2850,2789,2758,2733,2735,2777,2844,2937,2988,2949,2884,2799,2723,2666
dji,Djibouti,438,438,438,438,438,438,438,438,438,438,438,438,438,438,438,438,438,438,438,439,443,448,455,463,472,481,491,500,510,519,529,539,550,560,571,582,593,605,616,628,640,652,665,678,691,704,717,731,745,757,765,771,774,774,773,773,773,773,773,773,773,773,772,772,772,772,772,772,772,772,772,772,773,773,774,775,775,776,777,777,778,779,779,780,781,781,782,783,783,784,785,787,789,791,794,796,798,800,802,804,805,807,808,810,811,812,813,814,815,815,815,815,815,814,814,813,813,813,812,813,815,819,824,830,836,842,849,855,862,868,873,879,885,890,895,900,905,910,915,922,929,939,949,961,973,986,936,888,841,797,757,730,749,767,784,801,820,838,854,871,888,909,936,968,1006,1046,1085,1120,1150,1185,1226,1291,1318,1368,1435,1526,1637,1740,1847,1938,1995,1985,2025,2039,2041,2043,2061,2101,2157,2223,2321,2477,2613,2566,2495,2472,2410,2357,2343,2362,2378,2387,2388,2368,2309,2224,2134,2050,1970,1895,1828,1766,1711,1657,1609,1559,1519,1480,1439,1397,1356,1316,1217
dma,Dominica,,,,,,,,,,,,,,,,,,,,,,,,,,,,,,,,,,,,,,,,,,,,,,,,,,,,,,,,,,,,,,,,,,,,,,,,,,,,,,,,,,,,,,,,,,,,,,,,,,,,,,,,,,,,,,,,,,,,,,,,,,,,,,,,,,,,,,,,,,,,,,,,,,,,,,,334,328,378,337,330,391,423,396,439,408,352,322,289,259,233,174,166,154,134,126,118,104,93,82,73,64,56,50,45,50,39,36,35,35,34,32,31,30,30,29,28,28,28,28,27,25,24,22,21,22,22,22,22,21,21,22,22,23,23,24,24,25,26,26,27,29,30,31,32,33,34,34,32
dnk,Denmark,6926,6954,6983,7011,7039,7067,7096,7124,7152,7181,7209,7238,7291,7320,7349,7379,7408,7437,7467,7500,7537,7578,7624,7674,7723,7773,7724,7675,7626,7571,7513,7450,7383,7311,7240,7170,6742,6117,5868,6570,6709,6366,6415,5919,6074,6480,7491,7444,7508,7495,6645,6641,7332,7901,6792,5603,5881,7183,8200,6892,6720,5881,6162,6245,8397,8705,7901,7393,7444,7087,7315,6939,6692,6692,7352,8186,7727,7301,7554,7793,8784,7170,8583,7414,7698,7023,7553,7981,8698,8454,8618,8751,8857,9569,8584,8129,7433,7618,7534,8921,7641,8068,7124,7103,6836,7473,6801,6914,7835,6428,6427,6900,6247,6211,6491,6264,7275,7010,5729,6812,7085,5448,5915,6164,6323,5849,6156,6224,6169,5985,6063,6158,5581,5177,5045,5862,5482,5292,4849,4636,4121,4566,4103,3915,4299,4293,4031,3453,3083,2981,2641,2545,2443,2390,2293,2213,2123,2027,1944,1882,1853,1840,1817,1822,1807,1761,1718,1599,1426,1293,1208,1160,1110,1023,938,879,804,719,670,632,589,547,518,502,498,509,524,535,544,551,547,530,513,492,470,452,428,409,394,382,375,365,350,337,326,313,301,290,279,268,260,250,241,234,232,234,238,238,233,228,224,222,234
dom,Dominican Republic,3062,2983,2906,2831,2758,2687,2618,2551,2485,2421,2360,2299,2240,2182,2126,2071,2018,1966,1915,1881,1864,1863,1878,1909,1941,1974,2006,2040,2074,2108,2143,2179,2215,2252,2289,2328,2366,2406,2446,2486,2528,2570,2612,2656,2700,2745,2791,2837,2884,2938,2997,3064,3137,3218,3300,3385,3472,3561,3652,3746,3842,3941,4042,4146,4252,4362,4474,4588,4706,4827,4951,5077,5207,5340,5477,5617,5761,5908,6059,6214,6373,6536,6703,6875,7050,7231,7416,7605,7800,7999,8204,8414,8629,8850,9076,9307,9544,9785,10031,10290,10563,10849,11149,11464,11786,12116,12452,12796,13147,13493,13833,14169,14500,14825,15157,15497,15844,16199,16560,16970,17429,17942,18509,19135,19781,20449,21139,21853,22591,23319,24035,24544,25030,25489,25955,26427,26099,25848,25509,25276,24982,23828,22748,21737,20770,19844,18957,18110,17297,16513,15754,16479,17268,18092,18927,21246,22040,22777,23435,23994,24425,24721,24882,24926,24839,24666,24468,24186,23745,23288,22855,22376,21823,21240,20572,19834,19179,18561,17954,17403,16880,16357,15866,15471,15095,14627,14193,13816,13489,13215,12882,12465,12010,11530,11041,10515,10006,9498,9013,8661,8447,8234,8022,7843,7692,7548,7388,7287,7318,7417,7490,7520,7528,7523,7522,7510,7490,7458,7385,7250,7030,6799,6023
dza,Algeria,48568,48745,48923,49101,49281,49461,49641,49822,50004,50187,50371,50555,50739,50924,51110,51297,51484,51672,51861,52031,52182,52315,52428,52523,52618,52713,52808,52903,52998,53094,53190,53286,53382,53478,53575,53672,53768,53865,53963,54060,54158,54255,54353,54451,54550,54648,54747,54845,54944,55135,55418,55789,56254,56814,57381,57953,58531,59114,59704,60299,60900,61508,62121,62740,63366,63998,64636,65280,65931,66589,67252,67923,68600,69284,69975,70673,71377,72089,72808,73534,74267,75007,75755,76510,77273,78044,78822,79608,80401,81197,81995,82795,83597,84401,85210,86024,86838,87650,88459,89377,90411,91560,92830,94218,95611,97011,98414,99825,101237,102421,103375,104098,104594,104857,105120,105383,105646,105909,106186,106592,107128,107795,108594,109527,109469,109749,110024,109960,110224,110313,110878,111054,111027,111487,111602,111703,111452,111546,111626,111645,111598,111484,112357,113180,114006,111041,108151,105331,102584,99989,97535,105652,105947,106311,107028,108843,110719,112473,114380,126677,128669,131064,133695,136316,138959,141307,143202,145091,146776,147820,148163,147455,145932,143614,140841,137466,134350,131690,127617,122298,116134,107751,96608,84295,72575,62666,54716,49034,45336,42974,41269,40243,39847,39157,37930,35620,32651,29999,27746,26133,25052,24138,23336,22895,22769,22706,22698,22812,23067,23332,23544,23766,24174,24470,24655,24898,24937,24709,24191,23456,22565,21567,18308
ecu,Ecuador,8351,8351,8351,8351,8351,8351,8351,8351,8351,8351,8351,8351,8351,8351,8351,8351,8351,8351,8351,8379,8434,8518,8631,8773,8917,9064,9213,9365,9519,9676,9835,9997,10161,10329,10499,10672,10847,11026,11207,11392,11579,11770,11964,12160,12361,12564,12771,12981,13195,13397,13587,13771,13942,14100,14260,14422,14585,14751,14918,15087,15259,15432,15607,15784,15963,16144,16327,16512,16699,16889,17080,17274,17469,17667,17867,18069,18273,18480,18689,18900,19114,19330,19549,19770,19994,20220,20449,20680,20914,21150,21389,21631,21876,22123,22373,22624,22877,23129,23382,23651,23937,24240,24560,24899,25238,25578,25918,26259,26599,26917,27212,27485,27735,27964,28195,28428,28661,28897,29122,29336,29540,29735,29919,30092,30267,30443,30619,30796,30974,31252,31632,31834,32133,32530,32928,33327,33730,34133,34538,34999,34101,33252,32445,31679,30903,30117,29790,29464,29137,28786,28412,28915,29266,29648,29920,30494,28858,30520,33100,33462,33842,33722,33667,33600,33569,33589,33529,33550,33587,33614,33504,33165,32676,31998,31089,30069,29015,28061,27152,26257,25371,24447,23454,22450,21461,20504,19647,18859,18108,17406,16711,16003,15279,14514,13748,12957,12167,11410,10719,10086,9494,8973,8524,8139,7799,7494,7214,6952,6692,6437,6185,5947,5668,5326,5001,4725,4493,4313,4161,4014,3868,3722,3747
egy,Egypt,65578,66173,66775,67381,67994,68611,69235,69864,70499,71139,71791,72444,73102,73766,74436,75112,75795,76484,77178,77788,78311,78747,79095,79352,79611,79870,80131,80392,80654,80917,81180,81445,81710,81977,82244,82512,82781,83051,83321,83944,84928,86283,88019,90147,92327,94559,96845,99186,101585,103741,105646,107191,108465,109457,110459,111469,112489,113518,114557,115604,116662,117728,118805,119891,120987,122093,123209,124335,125471,126618,127774,128942,130119,131308,132507,133717,134938,136170,137413,138766,140233,141814,143512,145329,147170,149033,150920,152831,154766,156757,158805,160912,163078,165305,167557,169833,172121,174428,176739,179031,181300,183553,185774,187977,190172,192363,194545,196727,198897,200964,202935,204820,206609,208314,210031,211760,213503,215258,217244,219223,221195,223160,225117,227066,229031,231012,233008,235020,254487,257599,223923,247808,262257,254791,264055,253282,271599,248563,248932,242819,259727,253893,305039,319015,292365,309748,316166,322724,329407,336107,342813,337878,344980,352576,311753,394183,328860,374994,355470,350727,390808,382390,374284,366632,360154,353489,348887,346652,345155,344600,344408,344073,342987,339317,333634,327324,319554,310624,301932,293773,283849,271512,258964,246808,232941,218359,204952,193128,182708,172587,162639,153214,145507,137618,128557,119901,111883,104830,99002,93716,88679,84512,80806,77564,74672,72213,70210,68720,67356,65947,65508,65232,64896,64833,64265,63129,59835,56256,53936,51294,48769,46892,43445
eri,Eritrea,3736,3736,3736,3736,3736,3736,3736,3736,3736,3736,3736,3736,3736,3736,3736,3736,3736,3736,3736,3768,3831,3929,4062,4232,4409,4593,4785,4985,5194,5411,5637,5873,6119,6375,6641,6919,7208,7510,7824,8151,8492,8847,9217,9602,10003,10422,10858,11312,11785,12171,12466,12613,12662,12608,12554,12500,12446,12392,12338,12285,12231,12177,12123,12069,12015,11961,11907,11854,11800,11748,11699,11652,11607,11565,11522,11480,11437,11394,11351,11308,11265,11222,11179,11135,11092,11048,11005,10961,10917,10873,10829,10785,10740,10696,10651,10606,10560,10512,10463,10425,10398,10381,10374,10378,10380,10380,10378,10374,10368,10358,10345,10329,10309,10287,10265,10242,10218,10195,10231,10276,10329,10390,10460,10539,10618,10698,10778,10859,10940,11017,11091,11189,11284,11375,11467,11559,11652,11745,11839,11950,12080,12227,12393,12578,12766,12956,12714,12512,12271,12086,11879,11174,11332,11477,11578,11665,11736,11812,11884,11945,11988,12031,12115,12207,12289,12408,12520,12639,12699,12720,12753,12764,12734,12714,12743,12792,12850,12905,12946,13588,13705,13852,14019,14175,14294,14347,14344,14269,14142,13923,13591,13126,12014,10819,10221,9633,9381,9143,8603,8119,7712,7328,7071,6901,6823,6763,6594,6370,6130,5980,5809,5621,5443,5235,5042,4811,4587,4395,4222,4093,3985,3892,3822
esp,Spain,92937,93213,93490,93767,94046,94325,94606,94887,95169,95451,95736,96020,96306,96592,96879,97167,97455,97745,98035,98399,98838,99351,99941,100607,101277,101952,102632,103315,104004,104697,105395,106097,106805,107517,108234,108955,109682,110413,111149,111890,112636,113386,114142,114903,115668,116439,117215,117996,118782,114154,109668,105321,101111,97037,93128,89375,85773,82319,79000,86695,79246,76887,80340,87603,92540,93331,86184,87899,99467,92303,95956,95897,95849,95811,95774,95732,95695,95655,95617,93576,93499,93438,95405,101891,93366,96902,88707,101479,94291,95588,96888,98193,99501,100810,102136,103481,104843,106224,107623,109088,110626,100889,98756,89549,96150,90183,98021,89614,101300,101325,106562,115369,94265,100698,97796,99333,94620,99842,129638,102843,119909,111624,100070,99325,92826,90917,88032,83361,88505,84052,90686,87669,81020,78187,76297,74629,73728,87571,80958,85494,92839,92309,73864,70636,62127,58187,56338,49887,46012,46255,54274,45830,44301,42285,38901,39646,38878,38684,38326,37011,35576,33777,31863,30472,29600,28210,26397,25102,23682,22057,20464,19161,17970,16663,15622,14566,13521,12460,11264,10045,8863,7799,6941,6257,5702,5264,4862,4523,4245,3989,3744,3517,3305,3075,2806,2560,2375,2247,2140,2082,2087,2088,2076,2096,2123,2114,2095,2073,2066,1999,1882,1781,1671,1551,1464,1416,1364,1305,1233,1165,1116,1089,994
est,Estonia,2325,2325,2325,2325,2325,2325,2325,2325,2325,2325,2325,2325,2325,2325,2325,2325,2325,2325,2325,2330,2342,2359,2382,2410,2440,2469,2499,2529,2560,2591,2622,2654,2686,2718,2751,2784,2818,2852,2887,2922,2957,2993,3029,3066,3103,3140,3178,3217,3256,3295,3335,3375,3416,3457,3499,3541,3583,3627,3670,3715,3759,3780,3801,3834,3855,3876,3897,3931,3952,3974,3995,4030,4051,4073,4094,4130,4152,4174,4195,4232,4253,4276,4298,4335,4357,4379,4401,4439,4461,4484,4506,4544,4567,4590,4612,4651,4673,4694,4749,4786,4841,4825,4808,4790,4770,4750,4746,4723,4699,4674,4648,4621,4595,4567,4540,4511,4483,4472,4442,4402,4351,4291,4221,4141,4081,4002,3942,3866,3807,3731,3672,3596,3537,3461,3402,3327,3238,3133,3046,2959,2857,2770,2683,2583,2498,2401,2320,2241,2149,2078,1926,1698,1611,1477,1365,1281,1149,1027,936,867,884,790,709,687,694,570,533,514,535,509,554,553,511,494,510,500,503,488,480,490,488,482,474,471,468,448,440,444,445,436,413,377,342,303,262,232,208,186,165,150,140,130,119,110,104,99,94,90,85,79,72,65,57,51,46,43,40,37,35,32,30,28,33
eth,Ethiopia,224414,224414,224414,224414,224414,224414,224414,224414,224414,224414,224414,224566,224872,225333,225953,226734,227677,228785,230061,231507,233125,234917,236887,239037,241368,243885,246589,249483,252570,255852,259333,263015,266749,270537,274378,278273,282224,286231,290295,294416,298596,302836,307135,311496,315918,320404,324953,329566,334246,338991,343804,343652,343500,343349,343197,343045,342893,342742,342590,342438,342287,342135,341983,341831,341680,341528,341376,341224,341073,340921,340769,340617,340466,340314,340162,340010,339859,339707,339555,339403,339252,339100,338948,338796,338645,338493,338341,338189,338038,337886,337734,337582,337431,337279,337120,336938,336733,336492,336212,335873,335489,335045,334556,334007,333414,332762,332057,331308,330500,329655,328773,327862,326937,326005,325074,324143,323214,322284,321502,320720,319930,319148,318366,317584,316802,316020,315237,314455,313673,312891,312109,308950,305814,302693,299579,296480,293389,290312,287251,284196,281150,278118,275101,272091,269097,266117,257610,249312,240507,233707,228043,229899,230350,230044,229803,229418,229426,278604,274919,225549,229469,230466,232318,234555,237554,242882,270706,278811,288387,298109,307759,333605,343091,352394,361514,370591,379821,389473,397214,403204,407012,407042,410146,415702,420337,425479,431126,436069,440624,445208,450097,453738,455652,455211,451655,446017,440257,433523,424451,415149,404969,393953,381565,366823,351361,336309,321344,306603,292063,277040,263342,251221,238993,226697,216177,207906,200643,194080,188748,185220,181834,177737,166026
fin,Finland,8240,8398,8559,8723,8890,9060,9120,9181,9240,9301,9364,9424,9484,9542,9602,9661,9783,9875,9999,10084,10162,10267,10332,10423,10481,10539,10845,11160,11483,11752,12043,12314,12568,12759,12993,13233,13054,12876,12740,12580,12437,12310,12200,12144,12046,11947,12302,12709,13082,13450,13856,14209,14553,14935,15277,15624,15878,15860,15843,15808,15755,15685,15597,15493,15389,15287,15184,15543,27322,9733,9476,9895,12466,13474,13459,12903,12511,12546,15137,11902,14445,16244,15426,13779,14073,15532,15734,12536,13047,13383,13784,15773,17405,14462,13862,12411,13386,12508,13182,15445,17466,16780,14207,14185,13587,14748,14122,13543,14573,13130,13690,13198,12618,12825,12289,12454,13201,14424,16236,17158,13869,10872,11373,11437,12544,9801,9763,11451,10126,11586,8970,8670,8446,8989,9071,7937,7885,8018,7839,8342,9594,7642,6335,6613,8663,8252,6325,6307,5373,4806,4254,3881,3656,3486,3273,3205,3035,2840,2582,2374,2226,2068,1936,1836,1731,1609,1505,1427,1334,1213,1096,993,898,818,784,775,746,697,641,592,552,521,508,501,488,470,452,439,438,437,429,416,400,378,355,332,308,287,269,256,246,236,227,222,219,214,209,202,195,188,182,173,165,156,148,141,133,124,116,108,104,102,90
fji,Fiji,2740,2745,2749,2754,2759,2764,2769,2774,2778,2783,2788,2793,2798,2803,2808,2813,2818,2823,2828,2833,2837,2842,2847,2852,2857,2862,2867,2872,2877,2883,2888,2893,2898,2903,2908,2913,2918,2923,2928,2931,2932,2930,2926,2920,2913,2907,2901,2894,2888,2882,2875,2868,2860,2853,2845,2838,2830,2823,2816,2808,2801,2793,2786,2779,2771,2764,2757,2749,2742,2735,2728,2721,2713,2706,2699,2692,2685,2678,2671,2662,2653,2642,2631,2618,2605,2592,2579,2566,2554,2543,2534,2528,2524,2521,2519,2516,2513,2510,2507,2511,2524,2544,2573,2609,2646,2683,2719,2756,2793,2828,2861,2891,2919,2946,2972,2999,3026,3053,3081,3116,3159,3211,3271,3339,3409,3481,3449,3418,3386,3357,3329,3313,3298,3284,3270,3254,3237,3218,3199,3166,3121,2920,2722,2530,2351,2184,2030,1886,1753,1636,1533,1484,1511,1525,1518,1528,1508,1482,1452,1413,1367,1313,1277,1243,1196,1149,1113,1077,1048,1034,1020,1011,998,983,971,975,983,982,976,965,947,924,897,870,843,815,782,752,724,694,666,637,605,573,544,520,502,485,471,462,458,458,462,470,478,485,495,504,506,502,494,484,478,478,482,486,491,493,497,502,504,501,380
fra,France,237260,235203,232437,230397,228363,225636,223603,217157,210897,204813,198911,193180,187609,182198,176944,171843,166891,173801,180747,192978,176895,179386,194277,182787,194396,195648,195606,184406,204091,186604,186743,188163,198722,191997,227579,187551,176071,187155,196555,184699,180489,182508,188559,188473,177291,167399,192698,183930,189459,216213,171603,189385,192064,177522,216907,203295,196383,209205,207481,255710,179560,215413,191652,204755,197599,211887,189984,198150,217514,206862,227526,261056,193758,203207,184244,187515,183689,181359,191119,180587,197479,187936,191564,191615,201402,186490,194517,189176,188913,179661,196572,184994,196776,196082,178436,180111,160572,163740,180950,185754,177821,164228,156431,154927,160887,152291,159990,147311,145585,134240,128168,163030,124711,128732,121763,129532,127466,139655,170074,135982,128269,118846,91566,103666,92573,99923,105882,93683,101181,104590,88174,84498,85743,80893,78641,73799,74116,71939,71601,68481,92262,75426,77544,81537,84942,110671,79300,67666,53425,57855,47437,43322,39631,36364,33567,32657,30338,28299,26354,24719,23270,22127,21151,20411,19788,18885,18080,17287,16516,15911,15381,14989,14529,13767,12858,11834,10894,10366,9954,9600,9525,9418,9093,8543,8095,7880,7707,7503,7284,7070,6793,6448,6002,5444,4940,4616,4385,4179,4077,4051,4044,3992,3860,3723,3613,3523,3485,3446,3401,3364,3327,3282,3233,3207,3204,3192,3160,3137,3118,3098,3048,2985,2570
fsm,"Micronesia, Fed. Sts.",282,281,279,277,275,273,271,270,268,266,264,263,261,259,257,256,254,252,251,249,248,247,247,246,246,245,245,244,244,244,243,243,242,242,241,241,241,240,240,239,239,238,238,238,237,237,236,236,235,235,235,234,234,234,233,233,233,232,232,232,231,231,231,230,230,230,229,229,229,228,228,228,227,227,227,226,226,226,226,225,225,225,224,224,224,223,223,223,222,222,222,221,221,221,220,220,220,220,219,219,219,218,218,218,217,217,217,216,216,216,216,215,215,215,214,214,214,213,213,213,212,212,212,211,211,210,210,210,209,209,209,208,208,208,208,208,208,208,208,208,208,208,208,207,207,207,207,207,207,208,210,228,228,227,227,226,225,225,224,221,218,216,215,218,215,212,209,206,204,201,199,198,195,191,188,185,182,181,181,181,181,182,183,184,184,182,180,177,173,169,165,161,159,158,157,156,154,151,147,142,137,131,141,120,115,112,108,104,100,96,91,87,84,80,77,73,70,67,65,62,60,58,53
gab,Gabon,1820,1820,1820,1820,1820,1820,1820,1820,1820,1820,1820,1820,1820,1820,1820,1820,1820,1820,1820,1828,1843,1867,1899,1939,1980,2023,2066,2109,2154,2200,2247,2295,2343,2393,2444,2496,2549,2603,2659,2715,2773,2832,2892,2953,3016,3080,3146,3213,3281,3340,3390,3432,3463,3485,3507,3529,3551,3573,3595,3618,3640,3663,3686,3709,3732,3756,3779,3803,3826,3851,3877,3903,3931,3959,3988,4017,4046,4075,4105,4135,4164,4195,4225,4256,4287,4318,4349,4380,4412,4433,4444,4444,4434,4413,4392,4370,4349,4327,4305,4278,4246,4209,4168,4123,4077,4031,3985,3939,3893,3850,3810,3773,3739,3709,3679,3649,3619,3589,3559,3543,3540,3550,3574,3612,3650,3688,3726,3766,3805,3844,3883,3904,3925,3944,3964,3984,4004,4024,4044,4067,4093,4123,4156,4192,4229,4266,4160,4068,3965,3852,3732,3702,3625,3556,3497,3441,3392,3350,3320,3302,3285,3268,3251,3229,3207,3190,3178,3162,3150,3143,3147,3158,3170,3172,3246,3245,3246,3248,3253,3251,3253,3260,3264,3263,3263,3261,3262,3273,3287,3300,3308,3323,3348,3371,3391,3402,3415,3433,3454,3463,3470,3470,3458,3440,3419,3399,3385,3356,3334,3325,3304,3293,3254,3185,3137,3086,3000,2917,2827,2726,2592,2512,2548
gbr,UK,57268,57498,57724,57951,58379,58810,59041,59476,59912,60351,62598,64689,67697,71201,75663,80405,85444,90804,96495,101195,105529,109099,111835,113276,113946,114618,115689,116375,117062,118921,120742,122530,121254,119932,118626,117331,116050,114785,113533,112097,110488,108717,113629,112372,112864,108402,123054,123332,122185,123091,109166,116267,119060,118549,127172,118505,112983,120686,129827,127559,114599,122164,120854,134269,131701,130447,132543,123438,131788,132923,136950,132941,126681,123631,134108,135112,129115,123018,138853,127150,141227,119006,133077,127778,135612,128295,136262,135306,127876,137986,141708,143521,141576,148313,131417,151632,145498,147594,152207,154383,151241,145972,136226,131797,145058,130400,134543,125704,126559,118332,114054,139257,107874,117327,115989,124190,100607,103254,129842,102562,101856,87020,91498,77804,86705,85232,78020,78146,73823,85622,67320,71957,70249,66752,66132,61906,64365,62484,57352,51668,60844,64319,54035,51549,47618,44275,43229,43356,32647,31234,29993,27669,26026,25049,24083,23485,23137,23334,23453,23440,23721,24150,24307,24195,23983,23419,22469,21612,20883,20105,19290,18642,17473,15828,14424,13151,12018,11113,10621,10531,10356,9807,9195,8794,8541,8424,8312,8188,8032,7680,7279,6865,6397,5961,5611,5342,5158,5024,4879,4714,4525,4360,4259,4253,4296,4284,4273,4290,4278,4185,4072,3967,3852,3691,3549,3494,3457,3382,3263,3136,2986,2864,2536
geo,Georgia,9123,9104,9085,9066,9047,9028,9010,8991,8972,8953,8934,8916,8897,8878,8860,8841,8823,8804,8786,8784,8798,8828,8874,8937,9000,9064,9128,9192,9257,9323,9388,9455,9521,9589,9657,9725,9794,9863,9932,10003,10073,10145,10216,10289,10361,10434,10508,10582,10657,10732,10808,10884,10961,11038,11116,11194,11273,11353,11433,11513,11594,11676,11758,11841,11925,12008,12093,12179,12264,12351,12438,12525,12614,12702,12792,12882,12973,13064,13156,13249,13342,13437,13531,13626,13722,13819,13916,14015,14113,14213,14313,14414,14516,14618,14721,14825,14929,15034,15140,15246,15354,15342,15331,15320,15309,15297,15286,15275,15263,15252,15241,15229,15218,15207,15196,15184,15173,15162,15151,15140,15129,15118,15107,15096,15086,15075,15064,15053,15043,15031,15021,14457,13911,13384,12872,12378,11900,11437,10990,10557,10138,9734,9343,8964,8598,8245,7903,7573,7254,6957,6678,6861,6800,6776,6757,6791,6893,6978,7036,7056,7065,6999,6806,6571,6224,5770,5524,5423,5243,4955,4669,4536,4580,4466,4354,4299,6219,6010,4404,5745,5783,5648,5513,5414,5361,5318,5230,5074,4919,4843,4803,4658,4351,3991,3648,3332,3042,2765,2496,2227,1983,1760,1561,1394,1267,1161,1052,961,900,856,807,744,686,649,628,617,601,573,546,514,483,474,449
gha,Ghana,39926,39926,39926,39926,39926,39926,39926,39926,39926,39926,39926,39926,39926,39926,39926,39926,39926,39926,39926,39922,39912,39898,39880,39856,39833,39810,39787,39764,39740,39717,39694,39671,39648,39625,39601,39578,39555,39532,39509,39486,39463,39440,39417,39394,39371,39348,39325,39302,39279,39304,39377,39471,39613,39803,39994,40186,40379,40573,40768,40964,41161,41358,41557,41757,41958,42159,42362,42565,42770,42986,43214,43454,43706,43970,44236,44503,44772,45042,45314,45600,45900,46214,46543,46886,47232,47581,47932,48285,48641,49007,49382,49767,50162,50567,50973,51381,51787,52191,52592,52987,53377,53761,54140,54512,54878,55239,55592,55939,56279,56595,56892,57168,57427,57667,57909,58151,58393,58637,58925,59304,59779,60347,61013,61775,62547,63329,63170,62997,62643,62453,62254,61995,61537,61248,60962,60667,60181,59880,59576,59316,58905,58221,57589,57008,56433,55863,55300,54741,54189,53784,53525,54390,56103,57688,59097,62363,63657,64851,65956,67057,68020,69048,70129,71287,72340,73341,74473,75866,77508,79272,80908,82184,83039,83391,83310,82830,82074,81535,81643,82432,83884,85859,87684,89208,90410,90267,88770,86603,83805,80780,78116,76073,74434,73298,72303,71428,70515,69583,68744,67836,67139,66148,64971,63951,63089,62765,62243,61079,59837,58451,57019,55524,54101,52633,50930,49458,47720,45238,43437,42193,40743,39423,37482
gin,Guinea,15773,15773,15773,15773,15773,15726,15726,15726,15726,15726,15726,15726,15726,15726,15726,15678,15678,15678,15678,15683,15692,15706,15725,15748,15771,15746,15770,15793,15817,15840,15863,15887,15911,15934,15909,15933,15956,15980,16004,16027,16051,16075,16099,16123,16097,16121,16145,16169,16193,16228,16275,16371,16478,16597,16667,16788,16909,17031,17154,17282,17413,17549,17690,17781,17926,18073,18221,18370,18520,18675,18835,19000,19171,19288,19464,19642,19822,20003,20185,20370,20555,20743,20932,21059,21250,21444,21639,21835,22034,22225,22409,22585,22685,22845,23005,23165,23325,23483,23640,23802,23972,24148,24258,24448,24635,24820,25003,25182,25358,25538,25721,25907,26019,26216,26414,26613,26814,27015,27165,27366,27617,27834,28190,28598,29012,29433,29859,30292,30730,31155,31567,31855,32224,32580,32939,33302,33669,34040,34413,34820,35259,35621,36127,36666,37215,37771,37986,38201,38411,38624,38507,42195,42934,43659,44362,50200,50923,51640,52297,52893,53522,54124,54688,55209,55716,56242,56672,57164,57615,58169,58673,59230,59756,60180,60528,60711,60850,60905,60958,61148,61266,61335,61559,61848,62129,62444,62879,63388,63882,64171,64303,64678,65106,64973,64396,63509,62589,61591,59850,57973,56261,54383,52391,50657,49436,48554,47906,47525,47459,47542,47589,47547,47476,47409,47680,47830,47609,47400,46923,46437,45841,44995,40997
gmb,Gambia,2034,2034,2034,2034,2034,2034,2034,2034,2034,2034,2034,2034,2034,2034,2034,2034,2034,2034,2034,2035,2038,2041,2045,2051,2057,2062,2068,2073,2079,2085,2090,2096,2102,2108,2113,2119,2125,2131,2136,2142,2148,2154,2160,2166,2172,2178,2184,2190,2195,2203,2212,2223,2236,2251,2266,2281,2295,2310,2325,2341,2356,2371,2387,2402,2418,2434,2450,2466,2482,2499,2519,2540,2562,2587,2612,2636,2661,2687,2712,2738,2764,2791,2817,2844,2871,2898,2926,2954,2982,3009,3035,3061,3085,3108,3131,3155,3178,3201,3224,3246,3268,3290,3311,3332,3353,3373,3393,3412,3431,3449,3465,3481,3496,3511,3525,3539,3554,3568,3581,3600,3626,3658,3698,3744,3791,3838,3886,3935,3984,4033,4081,4133,4186,4238,4290,4343,4397,4452,4507,4566,4630,4699,4772,4850,4929,5009,5060,5130,5200,5274,5351,5593,5742,5871,6000,6131,6260,6314,6363,6415,6459,6871,6900,6933,6961,6978,6988,6990,6990,6999,7003,7017,7039,7066,7091,7102,7116,7128,7138,7155,7170,7190,7217,7233,7241,7251,7263,7275,7289,7304,7319,7338,7354,7349,7323,7273,7189,7094,7005,6897,6764,6638,6505,6369,6244,6137,6045,5958,5861,5762,5662,5553,5443,5314,5168,5008,4839,4675,4519,4380,4251,4138,3765
gnb,Guinea-Bissau,3678,3678,3678,3678,3678,3678,3678,3678,3678,3678,3678,3678,3678,3678,3678,3678,3678,3678,3678,3677,3676,3673,3669,3665,3661,3656,3652,3648,3643,3639,3635,3630,3626,3622,3617,3613,3609,3604,3600,3596,3592,3587,3583,3579,3574,3570,3566,3562,3557,3556,3558,3566,3577,3592,3606,3620,3635,3649,3664,3679,3695,3712,3730,3748,3767,3785,3804,3823,3842,3864,3887,3914,3943,3974,4006,4038,4070,4102,4135,4168,4201,4234,4268,4302,4336,4371,4405,4440,4476,4511,4547,4583,4620,4656,4693,4730,4767,4804,4840,4876,4911,4946,4980,5013,5046,5079,5111,5142,5172,5201,5229,5255,5280,5304,5328,5352,5376,5400,5419,5448,5487,5536,5596,5666,5737,5808,5881,5954,6029,6102,6176,6262,6327,6409,6473,6556,6638,6700,6783,6871,6943,7002,7067,7137,7207,7277,7347,7416,7486,7543,7586,7669,7658,7642,7630,7621,7616,7615,7618,7622,7631,7627,7591,7511,7347,6956,6473,6173,6118,6171,6136,6098,6049,6019,6517,7477,8392,9081,9345,9307,9339,9425,9460,9481,9472,9444,9317,9195,9087,8985,9547,9369,9291,9272,9282,9285,9248,9197,9111,8981,8843,8685,8539,8394,8200,7990,7779,7571,7314,7015,6735,6515,6313,6130,5946,5751,5560,5349,5147,4979,4839,4693,4503
gnq,Equatorial Guinea,1325,1325,1325,1325,1325,1325,1325,1325,1325,1325,1325,1325,1325,1325,1325,1325,1325,1325,1325,1328,1333,1341,1352,1366,1379,1393,1407,1421,1435,1450,1464,1479,1494,1509,1524,1539,1554,1570,1586,1601,1617,1634,1650,1666,1683,1700,1717,1734,1752,1768,1782,1796,1809,1820,1832,1843,1855,1866,1878,1890,1902,1913,1925,1937,1950,1962,1974,1986,1999,2012,2025,2039,2053,2068,2083,2098,2114,2129,2144,2160,2176,2191,2207,2223,2239,2256,2272,2289,2305,2316,2322,2322,2316,2305,2294,2283,2272,2261,2249,2235,2218,2199,2178,2154,2130,2106,2082,2058,2034,2012,1991,1972,1954,1938,1922,1907,1891,1876,1860,1851,1850,1855,1868,1887,1907,1927,1947,1968,1988,2009,2029,2049,2069,2088,2108,2128,2148,2168,2189,2224,2275,2342,2426,2528,2635,2746,2793,2840,2887,2905,2912,2948,2948,2944,2935,2923,2906,2885,2861,2840,2823,2809,2802,2801,2804,2813,2828,2846,2868,2853,2799,2717,2621,2570,2528,2511,2559,2384,2374,2447,2320,2387,2469,2564,2699,2891,3052,3242,3381,3500,3601,3691,3773,3852,3932,3999,4050,4093,4122,4136,4144,4157,4178,4202,4239,4280,4315,4343,4371,4394,4406,4409,4388,4368,4324,4276,4210,4130,4043,3952,3867,3768,3442
grc,Greece,16351,16374,16396,16418,16441,16463,16485,16508,16530,16553,16575,16598,16620,16643,16666,16688,16711,16734,16756,16806,16881,16984,17114,17272,17431,17592,17754,17917,18082,18249,18417,18586,18757,18930,19104,19280,19457,19636,19817,19999,20183,20369,20557,20747,20938,21131,21326,21522,21721,21921,22123,22330,22539,22750,22963,23178,23394,23613,23834,24057,24282,24510,24740,24972,25206,25443,25681,25922,26165,26416,26675,26941,27216,27498,27784,28072,28364,28659,28862,29067,29272,29479,29688,29899,30110,30223,30436,30651,30764,30979,31095,31314,31429,31544,31656,31875,31986,32094,32196,32271,32318,32342,32340,32309,32385,32343,32406,32355,32185,32120,31937,31753,28542,25654,23060,20728,18631,16746,15050,13537,12185,10977,13879,16138,17625,16053,13013,18665,17489,21693,19076,27888,25515,25866,23403,23985,24577,27051,21241,26648,21430,19342,17422,15662,14081,12659,11381,10233,9199,8280,6810,8543,9432,8866,9840,9336,8809,8301,7962,7822,7714,7455,7128,6776,6470,6219,5997,5832,5561,5108,4610,4202,3976,3891,3868,3790,3632,3444,3251,3059,2837,2591,2376,2201,2022,1830,1650,1490,1352,1237,1146,1085,1043,1008,975,938,898,853,802,750,703,657,610,569,532,502,478,460,451,447,439,427,414,405,399,398,395,380,357,334,316,299,304
grd,Grenada,560,555,551,547,543,539,535,531,528,524,520,516,512,509,505,501,497,494,490,487,484,482,480,478,476,475,473,471,470,468,466,465,463,462,460,458,457,455,453,452,450,449,447,446,444,442,441,439,438,436,433,430,426,421,417,412,408,404,400,397,396,397,399,403,407,411,415,419,423,426,429,432,433,434,435,436,438,439,440,442,446,450,456,464,471,479,486,494,502,509,516,522,528,533,538,544,549,554,560,564,567,569,569,568,568,567,566,565,565,563,561,557,553,548,543,538,534,529,524,522,521,523,526,532,537,543,549,555,561,566,571,574,577,579,581,583,585,587,589,587,582,574,562,547,533,518,505,491,478,469,463,391,417,434,446,463,470,471,465,449,423,389,351,314,278,248,224,203,187,174,163,155,150,145,141,136,130,122,115,109,103,94,87,86,84,82,83,81,75,69,65,60,55,49,45,42,40,38,35,32,31,30,29,29,29,29,29,29,30,31,31,32,32,33,33,34,34,34,34,34,33,32,29
gtm,Guatemala,10356,10491,10628,10767,10908,11050,11195,11341,11489,11639,11828,11981,12136,12293,12451,12610,12770,12932,13095,13259,13425,13483,13541,13657,13775,13893,14012,14132,14254,14376,14500,14624,14750,14877,15004,15133,15263,15394,15527,15692,15892,16126,16396,16704,17016,17335,17660,17991,18328,18646,18944,19235,19505,19754,20006,20261,20519,20781,21046,21314,21586,21861,22140,22422,22708,22997,23290,23587,23887,24195,24510,24831,25160,25497,25838,26183,26533,26888,27248,27601,27949,28291,28627,28956,29289,29625,29966,30310,30659,30913,31073,31138,31107,30978,30850,30721,30589,30455,30318,30267,30304,30429,30642,30943,31243,31540,31835,32128,32417,32705,32992,33279,33566,33854,34144,34437,34732,35028,35304,35582,35863,36147,36433,36721,37011,37303,37597,37894,38193,38583,39068,39306,39631,40042,40453,39907,39478,38929,38498,38017,37595,36889,36240,35641,35035,34421,33797,33165,32956,32761,32578,28887,37632,34837,26846,32079,29493,33507,39301,39036,38853,38753,41496,41314,41202,41098,41091,41015,40848,40631,40338,39998,39579,39160,38761,38329,43598,37229,36699,36146,35633,35058,41010,33490,32547,31460,30553,29853,29236,28599,27851,27055,26338,25660,24992,24335,23630,22921,22248,21522,20816,20232,19546,18718,17926,17130,16349,15685,15031,14399,13859,13364,12918,12440,11985,11631,11287,10856,10352,9791,9221,8704,8717
guy,Guyana,2957,2957,2957,2957,2957,2957,2957,2957,2957,2957,2957,2957,2957,2957,2957,2957,2957,2957,2957,2942,2912,2867,2807,2734,2663,2594,2527,2461,2397,2334,2274,2215,2157,2101,2046,1993,1941,1891,1841,1812,1802,1813,1843,1893,1944,1996,2050,2106,2163,2216,2264,2306,2344,2376,2409,2442,2476,2510,2544,2586,2635,2691,2754,2826,2900,2975,3053,3132,3214,3298,3384,3472,3563,3656,3752,3850,3951,4054,4160,4254,4335,4403,4458,4498,4538,4579,4621,4662,4704,4746,4789,4831,4874,4917,4836,4757,4679,4602,4527,4444,4353,4255,4151,4042,3957,3675,3945,5009,3874,4084,4582,4461,3700,3481,3302,3573,3687,3858,4321,3588,2851,3791,3622,3453,3230,3032,3124,3110,3652,2867,2883,2742,2764,3136,3464,2437,2413,2461,3561,2489,2119,1658,2012,3223,3152,2243,1906,1889,1915,1905,2584,2480,2509,2496,2474,2440,2394,2342,2286,2230,2171,2119,2070,2026,1990,1962,1940,1919,1901,1884,1873,1858,1845,1836,1822,1801,1779,1760,1740,1721,1698,1685,1681,1669,1647,1614,1574,1527,1477,1423,1363,1301,1251,1210,1170,1133,1094,1055,1016,975,932,890,848,808,773,740,711,683,658,636,616,598,580,564,550,533,517,501,485,481,470,450,456
hnd,Honduras,2315,2319,2323,2328,2332,2337,2341,2345,2350,2354,2359,2363,2368,2372,2377,2381,2386,2390,2395,2414,2448,2498,2564,2647,2732,2820,2911,3005,3102,3202,3305,3412,3522,3636,3753,3874,3999,4128,4261,4399,4541,4687,4839,4995,5156,5322,5494,5671,5854,6012,6143,6254,6336,6389,6442,6495,6549,6604,6658,6714,6769,6826,6882,6939,6997,7055,7113,7172,7232,7241,7202,7114,6979,6798,6621,6448,6280,6117,5957,5863,5833,5868,5968,6133,6302,6476,6656,6840,7029,7217,7406,7593,7780,7966,8156,8351,8549,8751,8956,9163,9371,9579,9788,9998,10211,10426,10645,10866,11090,11302,11503,11692,11868,12032,12199,12368,12538,12711,12874,13072,13308,13582,13896,14252,14616,14990,15373,15766,16168,16552,16914,17078,17159,17265,17317,17423,17471,17578,17626,17740,17808,17942,18026,18180,18272,18425,18518,18552,18587,18657,18763,19402,19600,19780,19914,19997,20031,19823,19606,19392,19183,20261,19999,19744,19490,19263,19002,18712,18436,18187,17936,17715,17514,17283,20424,16682,16439,16129,15782,15436,15060,14649,14213,13768,13321,12864,12435,12025,11628,11264,10939,10637,10372,10127,9878,9612,9343,9086,13880,8596,8322,8004,7668,7323,6988,6666,6362,6074,5807,5551,5308,5077,4864,4670,4490,4327,4178,4044,3921,3804,3684,3570,3254
hrv,Croatia,10668,10668,10668,10668,10668,10668,10668,10668,10668,10668,10668,10668,10668,10668,10668,10668,10668,10668,10668,10687,10724,10781,10857,10953,11049,11147,11245,11344,11444,11544,11646,11749,11852,11956,12062,12168,12275,12383,12492,12602,12713,12825,12938,13052,13167,13282,13399,13517,13636,13756,13878,14001,14125,14251,14377,14505,14634,14764,14895,15028,15161,15296,15432,15569,15708,15847,15988,16130,16274,16418,16564,16711,16860,17010,17161,17313,17467,17622,17779,17937,18097,18257,18420,18583,18748,18915,19083,19253,19424,19597,19771,19946,20124,20303,20482,20663,20843,21023,21202,21378,21553,21726,21897,22065,22232,22395,22557,22716,22873,23027,23181,23332,23484,23636,23788,23942,24096,24252,24406,24561,24717,24236,23760,23285,22812,22341,21874,21409,20945,20483,19949,19269,18603,17948,17304,16671,16051,15443,14847,14262,13688,13123,12573,12034,11505,10988,10482,9989,9508,9030,8511,7965,7315,7008,6632,6352,5978,5466,4931,4609,4261,3959,3737,3483,3245,3082,2952,2772,2585,2389,2252,2160,2130,2039,1953,1830,1782,1726,1727,1639,1645,1597,1490,1384,1282,1178,1092,993,902,813,740,782,594,543,526,524,526,521,477,421,391,366,341,318,302,294,282,268,262,258,247,232,221,212,203,193,186,181,178,175,170,165,135
hti,Haiti,9374,9548,9725,9906,10090,10278,10469,10664,10862,11064,11273,11483,11696,11914,12135,12361,12590,12824,13063,13279,13472,13641,13786,13906,14027,14149,14272,14396,14521,14647,14774,14903,15032,15163,15295,15428,15562,15697,15834,15972,16111,16251,16392,16534,16678,16823,16969,17117,17266,17421,17583,17762,17948,18141,18337,18534,18734,18935,19139,19345,19553,19764,19977,20192,20409,20629,20851,21075,21302,21531,21763,21997,22233,22472,22713,22957,23203,23452,23704,23959,24216,24476,24739,25004,25273,25544,25818,26095,26376,26659,26945,27234,27526,27821,28120,28422,28727,29035,29347,29690,30065,30409,30785,31193,31607,32027,32452,32883,33319,33770,34236,34716,35212,35725,36243,36770,37304,37846,38377,38890,39387,39867,40331,40776,41226,41681,42141,42607,43077,43549,44023,43157,42288,41416,40546,39675,38805,37935,37066,36191,35310,34424,33533,32639,31747,30856,29968,29083,28198,27346,26522,26593,26126,25737,43887,43245,42862,37986,42742,42836,35973,47333,47200,47034,46819,46532,46097,45641,45170,44676,44157,43640,43040,42393,41970,41770,41632,41549,41447,41328,41168,40956,40794,40467,40032,39673,39339,38948,38481,37960,37388,36440,35329,34263,33137,32014,30944,29923,28923,27957,27166,26316,25396,24658,24039,23456,22911,22406,21959,21569,35138,20711,20235,19683,19179,18744,18287,17837,17322,16829,16300,15748,14605
hun,Hungary,23279,23564,23853,24145,24441,24740,25043,25350,25660,25975,26297,26619,26945,27275,27609,27947,28289,28636,28987,29312,29613,29887,30135,30356,30578,30802,31028,31255,31484,31715,31947,32181,32417,32655,32894,33135,33377,33622,33868,34116,34366,34618,34872,35166,35464,35764,36067,36372,36680,36987,37292,37595,37897,43787,44252,45229,41645,43622,42386,43191,43723,44263,44809,45362,45921,40491,40994,41501,42016,42527,43034,43536,44033,44526,45024,45528,46037,46551,47073,47598,48130,48670,49214,49764,50321,50884,51452,52028,52610,53217,53849,54508,58280,51261,53134,52444,49353,49058,50079,46673,50133,46890,49944,46861,45568,54000,48551,50066,47806,51211,46940,50323,69407,49039,48247,64816,54037,53506,53964,41011,49273,48845,50485,47301,50051,43929,44047,49192,47443,48379,41548,44239,50282,36442,40223,41489,37493,35632,35027,31835,34624,30093,35296,29777,36663,45141,29550,25128,22322,21347,18829,15417,13155,12797,13589,13979,13152,11612,10060,8985,8105,7368,6673,6266,6079,5872,5791,5918,6058,6009,5824,5689,5760,5942,6422,6572,5968,5262,4651,4121,3665,3316,3071,2881,2771,2739,2657,2466,2271,2153,2128,2092,1941,1727,1554,1429,1306,1196,1112,1037,980,928,866,804,755,727,705,672,637,605,564,530,517,506,490,466,440,419,397,382,375,369,366
idn,Indonesia,250486,251141,251799,252458,253119,253781,254446,255112,255779,256449,257152,257897,258716,259609,260578,261624,262747,263948,265228,266587,268027,269549,271153,272840,274611,276467,278409,280438,282554,284759,287053,289438,291842,294267,296711,299176,301661,304167,306694,309242,311811,314454,317172,319966,322838,325789,328820,331933,335128,338408,341774,344865,348038,351292,354630,358052,361560,365155,368838,372610,376472,380570,384887,389350,393896,398404,402846,407321,411793,416233,420864,425397,430329,435217,440008,445121,450230,454860,459250,463437,467901,472842,478157,483591,489041,495327,501122,507107,512814,518631,524881,530901,536999,543338,549983,557090,563647,570543,577400,584856,592252,599324,606372,613120,619560,625682,631480,637199,642825,648383,653857,658967,664426,669869,675294,680776,685299,688278,692423,697934,705130,712091,718882,725749,732699,739727,746844,754042,749892,745605,742100,738312,735174,731849,728591,725186,721898,718461,761839,807129,855133,905750,886061,863118,835396,808427,784976,766870,750903,736266,721901,730820,737720,745070,751822,756403,816736,820130,822980,824994,827740,829152,828453,826238,822127,966922,801026,788362,772896,757124,741349,723576,706145,690619,673568,657221,642551,627666,614544,602302,588737,574185,559679,543547,524462,500153,473344,450891,431658,411729,390318,372335,354962,336832,321726,308192,295878,284197,271044,256526,243602,232434,221479,211038,230507,194820,189102,184387,178953,172067,165425,160640,155871,148459,140613,133506,126587,119844,113871,108758,104240,100012,93904
ind,India,3669581,3676817,3684067,3691331,3698610,3705903,3713211,3720533,3727869,3735220,3742851,3750568,3758637,3767061,3775841,3784980,3794480,3804342,3814569,3825163,3836126,3843865,3851626,3867147,3882731,3898377,3914087,3929860,3945696,3961596,3977561,3993589,4009683,4025841,4042064,4058352,4074706,4091126,4107613,4124165,4140785,4157471,4174224,4191045,4207934,4224891,4241917,4259010,4276173,4292971,4309402,4327507,4345253,4362636,4380088,4397609,4415199,4432859,4450588,4468387,4486256,4504195,4522206,4540287,4558439,4576663,4594959,4613327,4631768,4648527,4663595,4676960,4688610,4698533,4708477,4718441,4728425,4738429,4748453,4764929,4787930,4817532,4868197,4925772,4984081,5043035,5102938,5179041,5240418,5295448,5343895,5385514,5420369,5448215,5475949,5487547,5515228,5542379,5568893,5599470,5617418,5656149,5423000,5203903,4993640,4791873,4598253,4412527,4234213,4059171,3887530,3719587,3783547,3552921,3868361,3692292,3698243,3759342,4894809,4121978,3606621,3684865,3280279,3331146,3613987,3356441,3684064,3287306,3434497,3572596,3674916,3688978,3538850,3638484,4050445,3614203,3629794,3690989,3868106,3651119,3781317,3745544,3867395,3896218,3968187,3512213,3557740,3603756,3650241,3716955,3805173,3880653,3921548,3974480,4009686,4032763,4041613,4045001,4413062,4409198,4412830,4427803,4447227,4472396,4501933,4528571,4543120,4553175,4562505,4563507,4562240,4568999,4571138,4563027,4544165,4494874,4432150,4349057,4247194,4166065,4105135,4049568,3988403,3932955,3887789,3835066,3784147,3715673,3629352,3546310,3453190,3368921,3293909,3211236,3129548,3048704,2960818,2866776,2771450,2672618,2580226,2495874,2399430,2289959,2180321,2067015,1948998,1837705,1735934,1640665,1545622,1450269,1357472,1267937,1171964,1086043,1018079,947492,881716,819727,758144,709366,731370
irl,Ireland,39638,40241,40853,41474,42106,42746,43397,44057,44727,45408,46109,46811,47523,48246,48980,49725,50482,51250,52030,52763,53449,54085,54672,55207,55747,56292,56843,57399,57960,58488,58982,59441,59864,60252,60642,61035,61431,61828,62229,62308,62071,61520,60661,59497,58355,57235,83090,70170,91045,90941,56777,51102,50217,49376,48549,43749,39424,35527,32014,28903,26143,23692,21512,19572,17805,17675,16672,17200,16642,16106,16429,15501,16679,16399,15913,16051,15777,15302,16257,16991,19164,14742,15401,15840,14516,14946,14607,14650,14880,14188,14254,14149,15897,15253,15168,15447,13744,16181,16271,15830,15943,14465,14250,13525,14190,13296,12927,12730,13554,12680,13167,12981,11633,13466,11780,12602,11109,11918,11583,11813,10830,9466,8210,7488,7974,7159,7609,6958,6352,6366,6004,6014,6280,5572,5386,5887,6518,6419,5804,5708,5712,6545,6023,7520,7085,6233,5619,5924,3754,3580,3422,3208,3035,2877,2699,2724,2560,2455,2347,2236,2149,2032,1941,1900,1851,1769,1657,1541,1450,1405,1395,1405,1416,1412,1396,1345,1280,1222,1160,1096,1032,953,876,804,735,683,646,612,568,520,484,454,418,384,360,352,357,369,380,382,379,376,371,357,335,313,300,304,313,316,310,301,289,275,261,247,233,220,211,203,194,187,171
irn,Iran,126530,127096,127664,128235,128809,129385,129963,130544,131128,131714,132306,132898,133492,134089,134688,135291,135896,136503,137114,137727,138343,138962,139583,140208,140835,141465,142098,142733,143372,144013,144658,145305,145955,146608,147264,147923,148584,149249,149917,150587,151261,151938,152618,153300,153986,154675,155367,156062,156760,157503,158290,159204,160164,161171,162184,163204,164231,165263,166302,167348,168400,169458,170524,171596,172674,173759,174852,175951,177056,178083,179029,179894,180677,181378,182081,182786,183495,184206,184919,185636,186355,187077,187802,188529,189259,189992,190728,191467,192208,193232,194543,196145,198043,200241,202456,204687,206926,209169,211407,213593,215717,217781,219789,221733,223653,225559,227444,229308,231148,231591,230664,228395,224812,219938,215167,210499,205932,201466,196993,194656,194465,196434,200578,206919,213454,220195,227147,234317,241717,248495,254627,260081,264823,268822,272885,277002,281179,285418,289718,293545,296894,295405,293409,290921,288460,286016,283589,281188,278806,277519,277304,279221,281321,283727,286068,288604,291126,294429,298258,301182,300633,297257,295645,295244,294791,295336,296983,299340,283485,262221,250419,241305,203132,195490,190565,186837,190748,186281,181404,177492,172499,165707,161697,158145,152418,145975,138597,130018,120930,112193,104112,97725,90925,82469,72309,62541,54969,48732,44183,41060,38626,36503,34496,32371,30571,29241,28146,27298,26581,25847,25153,24700,24648,24718,24675,24241,23550,22723,21345,19049,17044,15806,14282
irq,Iraq,16417,16490,16563,16637,16711,16786,16861,16936,17011,17087,17163,17240,17317,17394,17471,17549,17627,17706,17785,17864,17944,18024,18105,18186,18268,18350,18432,18515,18598,18681,18765,18849,18933,19018,19104,19189,19275,19362,19449,19536,19623,19711,19800,19889,19978,20067,20157,20248,20338,20424,20505,20614,20719,20818,20918,21018,21119,21220,21322,21498,21752,22085,22499,22997,23506,24026,24557,25100,25656,26137,26543,26870,27116,27280,27444,27609,27775,27942,28110,28279,28449,28620,28792,28964,29138,29313,29488,29665,29842,30156,30611,31213,31965,32875,33808,34767,35750,36757,37788,38747,39631,40435,41157,41791,42429,43068,43711,44356,45003,45691,46423,47202,48030,48908,49802,50713,51639,52582,53462,54291,55067,55786,56451,57056,57669,58288,58912,59544,60181,60694,61083,61266,61324,61250,61178,61106,61032,60958,60883,61191,61890,62723,63955,65592,67271,68991,70757,72567,74422,76238,78009,75744,76441,75841,72356,64941,65228,57372,49968,48048,46723,46236,49604,52144,51953,51634,51272,50513,49749,49164,48419,47608,46701,45689,44680,43574,42404,41288,40263,39384,38592,37942,37457,37027,36867,36716,36308,36031,36104,36338,36743,36709,36533,36781,37447,37933,37953,38172,38417,38536,38587,38538,38352,38231,38331,38233,38000,37174,35879,35556,35954,36523,36741,36618,36431,35462,33897,32316,31148,30399,29613,28890,24870
isl,Iceland,692,692,692,692,692,692,692,692,692,692,692,692,692,692,692,692,692,692,692,691,690,689,687,684,681,679,676,674,671,664,657,649,642,635,628,621,614,608,601,686,648,506,423,662,407,442,967,663,486,631,656,718,462,381,448,497,504,572,625,700,965,803,776,541,608,616,720,622,646,811,549,652,942,559,577,658,587,475,541,450,526,714,1149,792,484,445,423,464,354,253,663,424,267,235,324,340,308,378,442,287,358,260,402,458,280,334,259,379,534,412,339,285,232,212,355,253,317,211,206,241,361,251,239,222,275,189,190,335,180,185,189,208,182,167,216,307,211,143,130,158,163,158,226,145,171,155,138,116,124,109,115,113,108,107,106,106,106,105,103,102,103,99,96,96,94,91,87,82,76,71,67,65,65,64,60,56,53,49,45,44,43,40,38,36,34,31,29,28,29,30,29,28,27,27,25,23,22,21,19,18,17,16,15,14,13,13,13,13,13,13,13,12,12,12,12,11,11,11,11,11,12,12,10
isr,Israel,3216,3216,3216,3216,3216,3216,3216,3215,3215,3215,3215,3215,3215,3215,3215,3215,3215,3215,3215,3215,3215,3215,3214,3214,3214,3214,3214,3214,3214,3214,3214,3214,3214,3214,3214,3214,3213,3213,3213,3213,3213,3213,3213,3213,3213,3213,3213,3213,3213,3218,3228,3243,3262,3288,3313,3339,3364,3390,3416,3450,3490,3537,3592,3655,3719,3783,3849,3917,3985,4042,4089,4125,4149,4162,4175,4188,4201,4214,4226,4247,4275,4310,4354,4405,4457,4509,4562,4615,4670,4725,4782,4840,4899,4959,5021,5083,5146,5209,5274,5340,5408,5317,5228,5142,5057,4974,4892,4811,4732,4649,4564,4476,4386,4294,4204,4116,4030,3945,3864,3798,3745,3705,3678,3225,2682,3587,2888,3199,2630,2502,1876,2390,2632,2550,2540,2092,2382,1996,2164,2033,2344,2293,2480,1873,1554,1613,1474,1424,1801,2836,2636,2220,2418,2259,2108,1927,2151,2295,2208,2153,2091,1986,1891,1857,1872,1911,1937,1939,1990,2097,2244,2399,2404,2411,2483,2448,2339,2130,1924,1809,1724,1646,1567,1544,1522,1464,1406,1330,1298,1293,1268,1234,1158,1075,1017,979,970,946,921,909,894,875,853,840,819,785,760,746,735,724,715,704,692,681,672,681,688,668,641,637,618,589,577
ita,Italy,162728,163217,163708,164200,164694,164698,165193,165690,166188,166688,167191,167694,168198,168704,169211,169214,169723,170233,170745,171376,172128,173002,173998,175118,176245,177379,177987,179133,180286,181447,182615,183790,184974,186165,187363,188570,189210,190429,191655,192889,194131,195381,196640,197906,199181,200464,201755,202443,203747,205059,206380,207674,208977,210288,211607,212934,214270,215614,216311,217681,219071,220483,221916,223162,224410,225670,226936,228210,229485,230727,231931,233096,234221,216937,215764,216343,203226,198375,201856,204309,212865,213829,218219,210627,198755,203097,209624,207163,202628,192719,196208,199509,193289,189979,190927,195742,188457,173492,179636,169753,185752,174728,185560,179418,173397,177796,174626,168593,184088,175664,164474,176522,150804,156200,143218,168329,175234,160620,244751,168088,169270,153830,144819,140907,136227,138970,146596,136643,137508,139192,125334,125502,125487,115988,115687,118476,115228,129144,126624,114015,116160,126046,127417,130957,114850,119254,117048,95784,81240,80671,77296,68484,61137,56269,53658,53201,51140,49781,48425,47543,46441,44880,43437,42116,41550,40193,37994,35926,34134,32584,30561,28569,26468,24067,21815,19372,16882,14816,13180,11790,10582,9644,8947,8277,7596,7009,6461,6027,5816,5635,5452,5259,5029,4719,4338,3996,3722,3509,3306,3134,2997,2847,2704,2594,2535,2477,2411,2367,2347,2313,2243,2154,2055,1945,1837,1741,1645,1540,1418,1290,1173,1081,1104
jam,Jamaica,3447,3497,3548,3600,3653,3706,3760,3815,3871,3928,3986,4044,4103,4163,4224,4286,4349,4412,4477,4526,4559,4577,4579,4565,4551,4537,4523,4509,4495,4481,4467,4454,4440,4426,4413,4399,4385,4372,4358,4353,4354,4364,4381,4406,4431,4456,4482,4507,4533,4563,4597,4636,4679,4727,4775,4824,4873,4923,4974,5027,5083,5142,5205,5270,5337,5404,5472,5541,5611,5685,5546,5413,5286,5165,5047,4932,4819,4709,4601,4491,5496,4880,3965,4393,4832,4670,4555,5088,4902,5343,5806,5461,5184,5402,5438,5829,5833,5938,5941,5841,6050,5743,5774,6741,7040,6092,7393,8458,6567,6754,6936,7389,7679,6840,6688,7084,7125,7537,7207,6693,7211,8321,7580,7441,7132,7783,7691,8046,7421,7701,6804,7605,6961,7561,6598,7035,6695,5976,6730,6300,5789,5332,4993,4713,5121,5346,5104,4941,4783,4662,5075,5721,5569,4973,5733,5300,4687,5462,5408,5284,5205,5068,4793,4603,4495,4380,4257,4132,3992,3838,3679,3522,3367,3203,3040,2888,2740,2632,2550,2470,2405,2350,2293,2237,2182,2123,2058,1989,1915,1841,1747,1681,1661,1631,1586,1529,1438,1356,1303,1225,1115,1034,998,970,951,926,907,867,821,797,754,712,686,654,616,592,566,525,487,457,434,414,423
jor,Jordan,3093,3106,3119,3131,3144,3157,3170,3183,3196,3209,3222,3235,3249,3262,3275,3288,3302,3315,3329,3347,3370,3397,3430,3467,3505,3543,3581,3620,3659,3699,3739,3780,3821,3862,3904,3947,3989,4033,4077,4121,4166,4211,4256,4303,4349,4397,4444,4493,4541,4575,4593,4587,4566,4530,4494,4458,4422,4387,4351,4317,4282,4248,4214,4180,4146,4113,4080,4047,4014,3990,3974,3965,3965,3973,3980,3988,3996,4003,4011,4018,4026,4034,4041,4049,4056,4064,4071,4079,4087,4094,4102,4109,4117,4124,4132,4139,4146,4152,4158,4172,4195,4227,4267,4316,4365,4414,4463,4511,4559,4559,4512,4421,4287,4111,3943,3781,3626,3477,3342,3249,3196,3184,3210,3274,3340,3407,3475,3545,3616,3671,3711,3733,3739,3729,3718,3708,3596,3497,3390,3328,3309,3374,3484,3639,3800,3968,4144,4327,4519,4696,4859,4996,5153,5304,5443,5449,5573,5680,5783,5870,5946,6009,6031,6013,5982,5970,5980,6013,6090,6159,6208,6243,6235,6166,6057,5935,5793,5640,5477,5317,5184,5060,4943,4852,4772,4703,4655,4603,4551,4506,4460,4451,4486,4534,4586,4615,4592,4501,4352,4200,4055,3928,3845,3800,3750,3703,3683,3838,3998,3990,3933,3849,3743,3595,3599,3757,3847,3839,3782,3711,3628,3545,3517
jpn,Japan,299535,301064,302600,304144,305695,307255,308823,310398,311982,313574,315182,316790,318406,320031,321664,323305,324954,326612,328279,329685,330831,331713,332331,332683,333036,333388,333741,334095,334448,334803,335157,335512,335867,336223,336579,336935,337292,337649,338007,338365,338723,339081,339441,339800,340160,340520,340880,341241,341603,342144,342865,343712,344742,345953,347169,348390,349614,350843,352076,353314,354555,355802,357052,358307,359567,360830,360932,362201,363474,363782,365500,367446,368424,370824,372026,374450,376890,378097,380561,381930,384707,386397,388233,391488,393477,396776,398799,400828,404188,406328,408562,410891,414689,417223,419755,422298,424827,427316,429763,432319,435009,437805,440722,442263,445266,448210,449577,452382,453596,456315,457455,455498,453600,451733,449880,448025,446187,444352,442594,441039,439655,471844,451599,449739,435510,397228,386361,408504,400730,419996,366272,396012,350741,369854,385700,323372,365283,327929,366940,340344,278895,259924,271100,278758,294104,310302,327379,345412,235362,241517,222594,177383,148836,127171,110159,107263,95821,84985,77901,72453,65801,59642,54437,50184,46667,44072,37648,35691,36696,34417,33021,32266,31555,30688,29201,26815,24313,22051,20030,18159,16448,14867,13541,12555,11698,10877,10059,9436,8993,8486,8030,7789,7610,7362,7205,6965,6646,6352,6028,5697,5433,5181,4901,4652,4432,4227,4073,3962,3833,3685,3534,3504,3240,3116,2981,2854,2731,2547,2360,2193,2045,1930,1887
kaz,Kazakhstan,32691,32691,32691,32691,32691,32691,32691,32691,32691,32691,32691,32691,32691,32691,32691,32691,32691,32691,32691,32751,32872,33053,33296,33602,33910,34222,34536,34853,35172,35495,35821,36150,36481,36816,37154,37495,37839,38186,38537,38890,39247,39607,39971,40338,40708,41081,41458,41839,42223,42610,43001,43384,43771,44161,44555,44952,45352,45756,46164,46576,46991,47409,47832,48258,49418,50602,51970,53211,54487,54973,55299,55791,56122,56622,56785,56957,57128,57297,57465,57632,57804,57977,58148,58316,58484,58658,58832,59005,59174,59343,59520,59694,59867,60038,60205,60377,60543,60701,61587,62287,63173,63113,63230,63141,63236,63132,63206,63075,63127,62980,63014,62651,62297,61933,61569,61207,60836,60662,60310,59954,59603,59243,58887,58526,58161,57802,57433,56695,56136,55398,54656,53347,52057,50774,49689,48435,47203,45985,44777,43591,41943,40483,38896,37340,35819,34329,33011,31579,30179,28986,27991,28730,29142,29521,30034,30728,31886,33398,34668,35329,35574,35430,34615,33413,31901,30266,28904,27730,26494,25400,25057,25230,25295,25129,24784,24554,25132,25057,24892,24756,24509,24371,24424,24235,24000,23709,23317,22896,22372,21683,20893,20132,19481,18830,18032,16986,15475,13847,12549,11418,10448,9644,9052,8817,8766,8695,8641,8577,8414,8013,7391,6741,6140,5569,5101,4713,4404,4162,4062,4093,4229,4295,3841
ken,Kenya,58444,58753,59065,59378,59693,60009,60327,60647,60969,61292,61618,61945,62274,62604,62936,63269,63605,63942,64281,64621,64964,65308,65655,66003,66353,66704,67058,67413,67771,68130,68491,68854,69219,69586,69955,70326,70699,71074,71451,71829,72210,72593,72978,73365,73754,74145,74538,74933,75330,75740,76163,76590,77031,77485,77941,78401,78863,79327,79795,80265,80738,81213,81692,82173,82657,83144,83634,84127,84622,85138,85674,86230,86807,87406,88008,88615,89225,89840,90459,91083,91710,92342,92978,93619,94264,94914,95568,96227,96890,97322,97522,97490,97226,96730,96234,95735,95231,94720,94199,93610,92955,92236,91450,90601,89747,88885,88019,87148,86269,85490,84812,84233,83754,83377,83002,82627,82252,81880,81518,81465,81724,82294,83182,85140,87141,89197,91562,93712,94232,94977,95382,95777,96123,96130,96419,96411,96693,96696,96689,96750,96903,95186,93570,92051,90557,89087,87639,86214,84813,83625,82641,78439,81119,80559,80035,79460,78926,80844,80264,79494,78775,78522,78726,79171,79838,81028,82425,83617,84697,85676,86415,87002,87203,86972,86555,85995,85365,84632,83918,83385,83002,82869,82985,83075,83746,84930,86729,89292,92388,96038,100149,104407,108442,111864,114489,116546,117884,118498,118621,117899,116266,114253,111631,108241,104720,100806,97325,94045,89162,84729,81529,78480,75821,72283,69017,65972,63342,61372,59173,57117,55853,54038,55710
kgz,Kyrgyz Republic,6141,6140,6139,6137,6136,6135,6134,6133,6132,6130,6129,6128,6127,6126,6125,6123,6122,6121,6120,6130,6151,6184,6229,6285,6341,6398,6455,6513,6572,6631,6691,6751,6811,6872,6934,6997,7059,7123,7187,7251,7317,7382,7449,7516,7583,7651,7720,7789,7859,7930,8001,8072,8144,8216,8289,8362,8437,8512,8587,8663,8740,8818,8896,8975,9054,9135,9216,9298,9380,9463,9547,9632,9717,9804,9890,9978,10067,10156,10246,10337,10429,10521,10615,10709,10804,10899,10996,11094,11192,11292,11392,11493,11595,11698,11801,11906,12012,12118,12226,12334,12444,12447,12452,12455,12459,12463,12467,12471,12475,12479,12483,12486,12491,12494,12498,12502,12506,12510,12515,12521,12526,12531,12536,12542,12547,12553,12558,12563,12569,12574,12579,12585,12400,12219,12040,11864,11690,11518,11350,11184,11020,10859,10699,10543,10388,10236,10087,9939,9793,9675,9585,10487,10608,10719,10815,10868,10983,11115,11393,11544,11633,11821,11906,11908,11787,11597,11385,11190,11057,11045,11154,10922,10703,10387,11371,11310,8840,11177,11075,9494,11209,11006,10896,10751,10654,10491,10261,9960,9524,9127,8871,8769,8720,8508,8170,7906,7473,6826,6284,5851,5414,5059,4836,4681,4598,4541,4511,4500,4451,4389,4329,4250,4139,4004,3868,3711,3502,3294,3176,3067,2906,2774,2280
khm,Cambodia,32772,32772,32772,32772,32772,32772,32772,32772,32772,32772,32772,32772,32772,32772,32772,32772,32772,32772,32772,32786,32816,32861,32920,32995,33069,33144,33219,33294,33370,33445,33521,33597,33673,33749,33825,33902,33978,34055,34132,34209,34287,34364,34442,34520,34598,34676,34755,34833,34912,34991,35070,35149,35227,35306,35385,35464,35543,35623,35702,35782,35862,35942,36023,36103,36184,36265,36346,36427,36508,36623,36772,36955,37172,37425,37678,37934,38191,38450,38711,38974,39238,39504,39772,40042,40314,40587,40863,41140,41419,41700,41983,42268,42554,42843,43132,43422,43709,43994,44276,44552,44822,45087,45347,45601,45849,46091,46327,46556,46779,46890,46891,46781,46565,46244,45925,45608,45292,44978,44667,44359,44052,43748,43445,43142,42843,42546,42250,41956,41663,41478,41399,41425,41557,41794,42031,42270,42511,42752,42995,43507,44300,45386,46775,48480,50247,52077,52272,52621,52776,52939,52758,53617,54200,55034,55830,56792,57649,58294,57980,56944,55939,55068,54187,53244,52891,52967,53422,53784,54101,54311,55307,60236,65307,68861,67479,61008,46879,36772,33052,37967,41095,41608,40652,41013,41833,42500,42856,43558,44320,44672,45046,45787,46376,47233,48029,47813,46577,44779,42275,39386,36089,32235,28668,25690,23237,21333,19790,18523,17342,16085,14869,13758,12866,12125,11490,10923,10356,9826,9349,8893,8451,8013,7662
kir,Kiribati,360,358,357,356,355,353,352,351,349,348,347,346,344,343,342,341,339,338,337,336,335,335,335,336,336,336,337,337,338,338,338,339,339,339,340,340,341,341,341,342,342,343,343,343,344,344,345,345,345,346,346,347,347,347,347,348,348,348,349,349,349,349,350,350,350,351,351,351,352,352,352,352,353,353,353,354,354,354,355,355,355,355,356,356,356,357,357,357,358,358,358,358,359,359,359,360,360,360,361,361,361,362,362,362,362,363,363,363,364,364,364,365,365,365,366,366,366,366,367,367,368,368,369,369,369,370,370,371,371,372,372,369,367,364,362,359,357,354,351,349,346,344,341,338,336,333,330,328,325,323,323,328,334,340,346,376,379,382,385,388,390,392,389,383,376,369,362,349,332,314,299,286,276,269,265,262,259,257,256,254,255,258,261,263,264,265,264,262,258,252,246,240,233,224,217,211,206,202,197,191,185,180,176,172,173,178,183,191,198,204,207,209,209,205,200,195,191,186,182,178,173,168,161
kna,St. Kitts and Nevis,,,,,,,,,,,,,,,,,,,,,,,,,,,,,,,,,,,,,,,,,,,,,,,,,,,,,,,,,,,,,,,,,,,,,,,,,,,,,,,,,,,,,,,,,,,,,,,,,,,,,,,,,,,,,,,,,,,,,,,,,,,,,,,,,,,,,,,,,,,,,,,,,,,,,,,241,241,230,225,225,220,243,297,331,343,304,297,242,195,173,151,134,117,100,86,69,73,86,61,79,54,62,73,69,64,61,59,57,53,48,44,40,36,34,32,30,28,26,25,24,24,23,23,23,22,20,19,17,16,15,15,14,14,13,13,13,12,12,12,11,11,11,10,10,10,9,9,8
kor,South Korea,173981,173981,173981,173981,173981,173981,173981,173981,173981,173981,173981,173981,173981,173981,173981,173981,173981,173981,173981,174000,174036,174091,174165,174257,174349,174441,174533,174625,174718,174810,174902,174995,175087,175180,175272,175365,175457,175550,175643,175735,175828,175921,176014,176107,176200,176293,176386,176479,176572,176685,176817,176778,176757,176756,176754,176753,176751,176749,176746,176744,176741,176738,176735,176731,176728,176724,176720,176715,176711,176685,176638,176570,176481,176371,176261,176150,176039,175929,175818,175707,175595,175484,175372,175261,175149,175037,174925,174812,174700,174587,174475,174362,174249,174136,174020,173893,173752,173593,173411,173256,173124,173019,172939,172883,175383,177351,179859,181803,184322,182957,182089,181722,181822,182390,182442,182471,182500,182529,182746,182474,182187,181947,181693,181493,179611,177180,175278,173383,171465,169373,167633,165562,163861,161463,158001,154013,150550,147087,143110,142160,142203,150140,159054,169051,179670,190957,202953,215696,229246,243049,257085,212686,189345,171142,156401,144032,137957,130561,125150,120624,116616,112830,108478,102875,96507,89712,82679,75676,68833,63381,59264,54992,50812,47233,44140,41048,38120,35690,33193,31352,30187,29178,27584,24780,21512,18452,16001,14102,12607,11483,10653,10089,9538,8794,8041,7366,6706,6094,5520,4990,4545,4059,3525,3122,2813,2508,2284,2177,2058,1913,1840,1808,1764,1679,1587,1519,1427,1290,1146,1025,930,860,799
kwt,Kuwait,1506,1506,1506,1506,1506,1506,1506,1506,1506,1506,1506,1506,1506,1506,1506,1506,1506,1506,1506,1506,1506,1506,1506,1506,1506,1506,1506,1506,1506,1506,1506,1506,1506,1506,1506,1506,1506,1506,1506,1506,1506,1506,1506,1506,1506,1506,1506,1506,1506,1506,1506,1506,1506,1507,1507,1508,1508,1508,1509,1509,1509,1510,1510,1511,1511,1511,1512,1512,1513,1515,1519,1525,1532,1542,1552,1561,1571,1581,1591,1601,1611,1621,1631,1641,1651,1662,1672,1682,1693,1704,1714,1725,1736,1746,1757,1768,1779,1790,1800,1810,1820,1830,1840,1849,1858,1867,1875,1884,1892,1901,1910,1920,1932,1944,1956,1969,1981,1993,2006,2018,2030,2042,2054,2067,2079,2092,2104,2117,2129,2142,2155,2168,2181,2194,2207,2220,2233,2246,2259,2273,2135,2003,1877,1756,1640,1527,1419,1314,1212,1128,1135,1145,1154,1162,1167,1184,1291,1464,1599,1720,1783,1841,1902,1973,1960,2020,2075,2140,2209,2267,2294,2285,2253,2210,2164,2119,2079,2034,1979,1913,1832,1725,1621,1528,1433,1325,1223,1124,1021,923,930,595,453,492,505,534,554,555,543,532,525,527,534,543,553,559,571,592,611,626,636,638,638,635,632,604,562,535,517,501,481,434,333
lao,Lao,7721,7721,7721,7721,7721,7721,7721,7721,7721,7721,7721,7721,7721,7721,7721,7721,7721,7721,7721,7735,7765,7809,7869,7944,8020,8096,8173,8251,8330,8409,8489,8570,8652,8734,8817,8901,8986,9072,9158,9245,9333,9422,9512,9603,9694,9786,9880,9974,10069,10165,10261,10346,10431,10516,10603,10690,10778,10866,10955,11045,11136,11227,11319,11412,11506,11600,11695,11791,11888,12018,12183,12384,12621,12896,13177,13464,13757,14057,14363,14676,14995,15322,15655,15996,16344,16700,17063,17435,17814,18201,18597,19002,19415,19838,20269,20707,21155,21609,22070,22395,22582,22630,22538,22305,22071,21835,21599,21362,21124,20839,20509,20137,19726,19276,18837,18408,17988,17577,17201,16832,16471,16117,15772,15433,15101,14777,14460,14149,13845,13616,13462,13380,13370,13429,13489,13548,13608,13668,13729,13948,14337,14541,14859,15380,15865,16413,16920,17496,18085,18452,18721,19913,19985,20103,20192,20288,20425,20548,20677,20935,21193,21515,21850,22171,22507,22850,23261,23545,23918,24300,24724,25111,25462,25884,26312,26673,27084,27192,27224,26799,26531,26364,26346,27843,27830,27810,27757,27664,27500,27304,27046,26723,26284,25724,24997,24108,23173,22244,21274,20406,19438,18348,17332,16418,15626,14854,14178,13594,12976,12342,11693,11062,10457,9872,9326,8882,8515,8161,7825,7516,7227,6939,6108
lbn,Lebanon,4758,4782,4806,4831,4855,4880,4905,4930,4955,4980,5005,5031,5056,5082,5108,5134,5160,5186,5212,5241,5272,5306,5342,5381,5419,5459,5498,5538,5578,5618,5659,5700,5741,5783,5824,5867,5909,5952,5995,6038,6082,6126,6170,6215,6260,6305,6350,6396,6443,6489,6536,6581,6626,6671,6716,6762,6808,6855,6902,6949,6996,7044,7092,7140,7189,7238,7288,7337,7387,7429,7463,7489,7507,7516,7525,7534,7544,7553,7562,7572,7581,7590,7600,7609,7618,7628,7637,7647,7656,7666,7675,7684,7694,7703,7713,7721,7730,7737,7744,7787,7869,7990,8152,8354,8560,8769,8982,9199,9419,9629,9827,10012,10186,10348,10512,10679,10849,11021,11200,11382,11567,11755,11946,12140,12337,12537,12741,12947,13157,13370,13587,13589,13587,13582,13573,13561,13544,13523,13498,13468,13434,12218,11078,10005,8994,8069,7165,6522,5934,5405,4930,5413,5366,5319,5270,5471,5188,5163,5126,5074,5029,5023,4956,4899,4840,4776,4728,4699,4683,4689,4711,4740,4781,4823,4851,4856,4826,5262,5686,5217,4745,4681,4542,4332,4137,3953,3764,3606,3474,3355,3213,3037,2863,2694,2524,2367,2238,2121,2000,1891,1784,1682,1576,1465,1352,1252,1165,1091,1033,992,967,951,932,923,974,1036,1023,968,909,846,781,724,577
lbr,Liberia,4653,4653,4653,4653,4653,4653,4653,4653,4653,4653,4653,4653,4653,4653,4653,4653,4653,4653,4653,4654,4658,4662,4669,4677,4685,4693,4701,4709,4717,4725,4733,4741,4750,4758,4766,4774,4782,4790,4799,4807,4815,4823,4832,4840,4848,4856,4865,4873,4881,4893,4908,4935,4966,5000,5034,5068,5103,5138,5173,5209,5247,5286,5326,5368,5410,5452,5495,5538,5581,5625,5672,5719,5768,5819,5870,5922,5974,6026,6079,6132,6186,6240,6295,6350,6406,6462,6518,6575,6633,6691,6749,6808,6867,6927,6987,7048,7108,7168,7228,7287,7345,7403,7459,7515,7571,7625,7678,7731,7783,7832,7879,7925,7968,8010,8052,8094,8136,8179,8208,8252,8311,8386,8476,8582,8689,8798,8907,9019,9131,9243,9354,9381,9404,9425,9445,9464,9483,9500,9517,9541,9571,9608,9651,9702,9751,9799,9757,9698,9638,9591,9556,10257,10561,11354,11687,11055,12558,13034,12091,13997,14486,12560,15395,17580,17994,18355,18659,18897,19098,19262,19365,19389,19513,19713,19893,20105,20362,20619,20903,21206,21471,21703,21947,22268,22726,23407,24334,25382,26524,27692,28749,26736,24561,24579,24179,22997,22169,21654,21773,22153,21831,21100,20142,19042,17735,16655,16115,15816,15499,15172,14870,14612,14606,14517,14507,13863,13576,13338,13067,12791,12478,12187,11705
lby,Libya,3707,3709,3711,3714,3716,3718,3720,3723,3725,3727,3730,3733,3736,3741,3747,3753,3760,3768,3776,3786,3796,3807,3819,3832,3846,3860,3876,3892,3909,3927,3946,3966,3986,4006,4026,4046,4066,4086,4107,4127,4148,4169,4190,4210,4232,4253,4274,4295,4317,4338,4360,4388,4416,4467,4518,4570,4623,4676,4729,4783,4838,4894,4950,5007,5064,5122,5181,5240,5300,5361,5422,5484,5547,5610,5674,5739,5805,5871,5938,6010,6088,6170,6259,6352,6447,6544,6642,6741,6842,6946,7053,7162,7275,7391,7509,7628,7749,7870,7993,8115,8236,8357,8478,8597,8717,8838,8958,9079,9200,9317,9429,9538,9644,9745,9848,9951,10056,10161,10255,10348,10441,10534,10626,10718,10811,10905,10999,11094,11190,11292,11401,11525,11657,11796,11936,12078,12222,12367,12513,12695,12912,13194,13517,13880,14254,14637,15031,15435,15850,16279,16723,16849,17216,17588,17941,18206,18408,17996,17596,17213,16837,16511,16287,16094,16643,16179,15528,14685,13725,12792,11888,11058,10290,9605,9148,8813,8525,8307,8144,8007,7801,7529,7308,7127,6931,6733,6498,6226,5921,5583,5237,4899,4587,4295,4035,3819,3635,3471,3321,3187,3069,3088,3153,3142,3117,3071,2986,2845,2687,2550,2469,2984,2161,1904,1848,1772,1669,1581,1503,1432,1367,1306,1155
lca,St. Lucia,425,422,420,417,415,412,409,407,404,402,399,397,395,392,390,387,385,382,380,378,375,373,371,368,366,364,362,359,357,355,353,351,348,346,344,342,340,338,336,334,332,330,328,326,323,321,320,318,316,314,314,314,316,318,320,322,324,326,328,330,333,336,340,344,348,352,356,360,364,368,373,378,383,389,394,400,406,412,418,423,426,429,431,432,433,434,435,435,436,438,441,444,449,454,459,465,471,476,482,486,488,488,486,482,479,475,472,468,465,462,460,459,458,458,458,459,459,459,459,460,461,463,466,470,474,478,482,485,489,494,498,502,507,511,516,521,526,531,536,540,544,548,552,555,559,562,565,569,572,575,578,602,622,619,612,769,774,773,765,747,719,681,636,589,540,493,447,404,364,328,295,267,245,225,208,194,181,170,160,151,142,134,127,121,115,110,105,101,96,92,88,85,82,79,76,74,71,68,64,61,57,54,51,48,46,45,44,43,43,43,43,43,44,45,46,47,48,49,50,51,51,52,49
lie,Liechtenstein,,,,,,,,,,,,,,,,,,,,,,,,,,,,,,,,,,,,,,,,,,,,,,,,,,,,,,,,,,,,,,,,,,,,,,,,,,,,,,,,,,,,,,,,,,,,,,,,,,,,,,,,,,,,,,,,,,,,,,,,,,,,,,,,,,,,,,,,,,,,,,,,,,,,,,,23,24,35,39,44,30,39,35,40,27,24,25,33,33,32,32,28,24,36,30,26,34,17,26,13,20,19,11,12,13,20,18,14,11,15,15,9,13,8,8,6,6,5,6,5,5,7,7,6,4,6,4,4,4,3,4,3,3,3,3,3,3,3,3,3,3,3,2,3,2,2,2,2
lka,Sri Lanka,23575,23147,22727,22314,21909,21511,21120,20737,20360,19990,19634,19277,18927,18584,18246,17915,17590,17270,16957,16774,16724,16805,17018,17364,17716,18076,18443,18817,19200,19589,19987,20393,20807,21230,21661,22100,22549,23007,23474,23951,24437,24933,25440,25956,26483,27021,27570,28130,28701,29069,29232,29214,28990,28558,28133,27714,27301,26894,26494,26382,26566,27054,27854,28975,30140,31352,32613,33924,35289,36469,37457,38242,38812,39159,39508,39860,40215,40574,40935,41317,41720,42144,42589,43055,43527,44004,44487,44974,45467,46018,46628,47299,48033,48832,49642,50464,51294,52132,52978,53851,54751,55679,57164,58517,60081,61675,63104,64748,66434,68065,69427,70944,71314,71606,71893,72180,72239,72530,72763,72943,73070,73144,71377,69584,67600,65853,64125,62415,60521,58834,57149,56690,56163,55364,54709,54003,55750,57536,59581,61603,63843,62432,61193,60116,59041,57966,56898,55835,54775,53802,52906,56177,53858,49432,48082,51197,37144,36359,35407,34111,32661,31472,30744,30375,30082,29593,28823,28196,27601,26937,26446,26053,25747,25449,24780,24019,23293,22313,21334,20398,19177,17914,16395,14554,12860,11381,10070,9068,8427,9569,8076,7971,7843,7590,7240,6899,6556,6211,5868,5632,5546,5540,5523,5447,10409,5162,4993,4766,4501,7802,4102,3955,3788,3571,3307,3042,2819,2635,2470,2326,2201,2088,1925
lso,Lesotho,3928,3928,3928,3928,3928,3928,3928,3928,3928,3928,3928,3928,3928,3928,3928,3928,3928,3928,3928,3917,3894,3860,3815,3760,3705,3651,3598,3545,3494,3443,3393,3343,3294,3246,3199,3152,3106,3061,3016,2972,2929,2886,2844,2803,2762,2722,2682,2643,2604,2579,2566,2565,2577,2602,2627,2652,2677,2702,2728,2754,2780,2807,2834,2861,2888,2915,2943,2971,3000,3028,3057,3086,3116,3145,3175,3205,3236,3267,3298,3329,3361,3393,3425,3458,3491,3524,3558,3592,3626,3660,3695,3730,3766,3802,3838,3874,3910,3946,3982,4023,4069,4120,4176,4237,4299,4360,4422,4484,4546,4607,4668,4729,4789,4848,4909,4970,5032,5095,5161,5234,5314,5401,5495,5597,5701,5806,5914,6023,6134,6246,6360,6443,6526,6609,6693,6778,6863,6950,7037,7124,7210,7083,6957,6831,6707,6586,6467,6349,6233,6114,5992,5400,5406,5375,5359,5346,5324,5659,5677,5731,5823,5962,6130,6319,6504,6687,6852,6977,7050,7088,7109,7141,7173,7192,7231,7267,7261,7196,7052,6857,6644,6420,6201,6003,5832,5676,5553,5483,5416,5305,5201,5156,5170,5228,5354,5549,5784,5994,6143,6234,6322,6425,6550,6664,6711,6724,6713,6579,6470,5866,5338,5176,5102,5047,5000,4905,4642,4510,4552,4588,4472,4312,5060
ltu,Lithuania,7926,7926,7926,7926,7926,7926,7926,7926,7926,7926,7926,7926,7926,7926,7926,7926,7926,7926,7926,7949,7996,8068,8163,8284,8407,8531,8657,8785,8915,9046,9180,9316,9453,9593,9735,9879,10025,10173,10323,10476,10631,10788,10947,11109,11273,11440,11609,11781,11955,12131,12311,12493,12678,12866,13057,13251,13447,13647,13849,14055,14263,14475,14689,14907,15128,15353,15580,15811,16046,16284,16525,16570,16563,16606,16648,16689,16680,16719,16760,16798,16784,16821,16856,16893,16873,16907,16940,16916,16946,16974,17003,16973,16999,17023,17044,17007,17023,17038,17047,16994,16996,16992,17045,17033,17079,17059,17097,17069,17099,16919,16664,16216,15708,15027,14429,13799,13247,12667,12157,11700,11382,11107,10960,10844,10773,10658,10496,10335,10129,9951,9759,9292,8784,8319,7869,7434,7013,6575,6183,5810,5455,5087,4764,4455,4157,3868,3569,3302,3047,2802,2543,2559,2572,2530,2525,2559,2495,2331,2209,2036,1921,1912,1983,1743,1531,1515,1464,1423,1448,1378,1268,1197,1169,1168,1197,1217,1206,1183,1156,1128,1096,1065,1046,1060,1066,1035,996,939,865,830,884,984,1036,966,819,690,588,511,466,437,404,361,325,306,293,278,263,246,230,213,191,174,165,160,156,155,148,135,121,109,99,91,78
lux,Luxembourg,619,619,619,619,619,619,619,619,619,619,619,619,619,619,619,619,619,619,619,622,630,641,656,676,696,716,737,759,782,801,816,829,837,842,847,852,857,862,866,872,877,883,889,895,901,908,914,920,927,933,939,944,949,954,959,964,968,973,978,982,983,984,983,980,978,975,973,970,968,967,968,970,974,980,986,992,997,1003,1009,1014,1001,987,973,957,941,926,911,896,881,868,856,847,840,834,825,819,813,806,800,792,785,777,781,825,901,862,855,784,872,834,777,888,807,766,770,727,771,840,1041,957,639,595,626,649,592,657,707,634,655,746,618,595,623,573,525,547,486,488,540,505,462,513,559,677,888,830,458,417,380,372,362,358,347,332,310,247,232,220,210,199,189,180,169,160,155,149,142,132,120,109,100,93,84,74,68,65,61,58,57,55,55,55,54,51,49,47,45,44,43,43,42,40,39,37,36,34,32,30,28,26,25,23,21,20,19,18,17,17,16,16,16,16,16,16,16,17,17,17,17,17,17,18,14
lva,Latvia,3926,3926,3926,3926,3926,3926,3926,3926,3926,3926,3926,3926,3926,3926,3926,3926,3926,3926,3926,3939,3965,4005,4057,4124,4191,4260,4330,4401,4473,4546,4621,4697,4774,4852,4932,5012,5095,5178,5263,5349,5437,5526,5617,5709,5802,5897,5994,6092,6192,6294,6397,6501,6606,6714,6823,6933,7046,7160,7276,7394,7514,7566,7593,7643,7694,7721,7771,7823,7849,7899,7950,7975,8025,8076,8127,8150,8201,8252,8273,8324,8374,8394,8444,8494,8512,8562,8610,8627,8676,8724,8739,8786,8833,8846,8892,8937,8947,8989,9029,9067,9104,9139,9171,9202,9195,9221,9245,9267,9287,9212,9052,8808,8452,8061,7687,7329,6988,6662,6351,6095,5864,5706,5593,5521,5449,5353,5258,5163,5069,4975,4881,4788,4695,4603,4511,4420,4397,4375,4353,4328,4299,4269,4235,4176,4140,4105,4069,4034,3999,3971,3596,3211,2883,2550,2339,2172,1945,1774,1657,1526,1331,1196,1250,1236,1039,873,812,850,906,868,898,810,801,787,915,997,984,875,799,708,722,733,747,771,776,729,693,675,661,657,675,696,691,646,579,515,449,390,341,308,292,274,256,246,233,222,217,213,206,189,166,146,134,125,118,111,103,95,85,77,70,65,61
mar,Morocco,43616,43775,43935,44095,44256,44418,44580,44743,44906,45070,45235,45400,45566,45732,45899,46067,46235,46404,46573,46727,46865,46987,47092,47182,47272,47362,47453,47543,47634,47725,47816,47907,47999,48090,48182,48274,48366,48458,48551,48643,48736,48829,48922,49015,49109,49203,49296,49390,49485,49660,49919,50258,50682,51191,51706,52225,52750,53280,53815,54356,54902,55454,56011,56574,57143,57717,58297,58883,59474,60072,60675,61285,61901,62523,63151,63786,64427,65074,65728,66389,67056,67730,68410,69098,69792,70493,71201,71917,72640,73364,74091,74820,75550,76283,77021,77762,78504,79244,79981,80819,81760,82806,83959,85223,86490,87762,89040,90321,91605,92684,93556,94218,94674,94918,95163,95410,95655,95900,96152,96519,97004,97609,98332,99176,100030,100887,101751,102625,103502,104526,105702,106943,108336,109887,111460,113053,114669,116305,117964,119587,121160,118158,115117,112025,108951,109108,109264,109422,109582,109993,110662,115064,117479,120035,122241,124182,125850,126831,127606,128051,128228,138165,137923,136785,135016,133312,131578,129649,127684,125866,124683,124017,123384,122481,120871,118858,116148,112525,108481,104454,100852,97498,93951,89728,84887,80073,75489,70810,66081,61725,58210,55732,53305,50242,47267,44639,42289,40191,38183,36026,34068,32386,30850,29460,28101,26793,25566,24400,23254,22295,21401,20536,19646,18686,17642,16614,15538,14631,13898,13127,12423,11788,10835
mco,Monaco,,,,,,,,,,,,,,,,,,,,,,,,,,,,,,,,,,,,,,,,,,,,,,,,,,,,,,,,,,,,,,,,,,,,,,,,,,,,,,,,,,,,,,,,,,,,,,,,,,,,,,,,,,,,,,,,,,,,,,,,,,,,,,,,,,,,,,,,,,,,,,,,,,,,,,,,,,,,,,,,,,,,,,,,,,,,,,,,,,,,,,,1,2,3,3,,1,2,2,3,3,2,2,2,2,2,2,2,2,2,2,2,2,2,2,2,1,1,1,1,1,1,1,1,1,1,1,1,1,1,1,1
mda,Moldova,6627,6614,6602,6590,6578,6565,6553,6541,6529,6517,6505,6493,6480,6468,6456,6444,6433,6421,6409,6409,6420,6444,6479,6526,6574,6622,6670,6719,6768,6818,6867,6918,6968,7019,7070,7122,7174,7226,7279,7332,7386,7440,7494,7549,7604,7659,7715,7772,7828,7886,7943,8000,8058,8116,8174,8233,8292,8352,8411,8472,8533,8594,8656,8718,8781,8844,8907,8972,9036,9101,9166,9232,9298,9365,9433,9500,9569,9637,9707,9776,9846,9917,9989,10060,10133,10205,10279,10353,10427,10502,10577,10653,10730,10807,10885,10963,11042,11121,11201,11281,11362,11315,11267,11219,11172,11125,11078,11031,10985,10939,10893,10847,10801,10756,10710,10665,10620,10575,10532,10489,10446,10403,10361,10318,10276,10234,10192,10150,10109,10067,10026,9877,9731,9587,9445,9305,9167,9031,8897,8766,8635,8507,8381,8258,8135,8014,7896,7779,7663,7574,7511,8653,8617,8608,8583,8544,8487,8398,8258,8064,7804,7441,6912,6318,5729,5281,5008,4778,4606,4502,4489,4560,4547,4544,4531,4481,4479,4395,4310,4244,4194,4139,4083,4056,4009,3859,3689,3534,3289,2972,2754,2641,2598,2587,2554,2464,2324,2228,2084,1846,1617,1413,1242,1121,1056,1001,951,927,921,922,911,872,828,789,781,781,754,707,660,620,581,552,595
mdg,Madagascar,27682,27842,28003,28164,28327,28490,28655,28820,28987,29154,29323,29493,29663,29834,30006,30179,30354,30529,30705,30940,31234,31589,32006,32486,32974,33468,33971,34480,34998,35523,36056,36597,37146,37704,38270,38844,39427,40018,40619,41229,41847,42475,43113,43760,44416,45083,45759,46446,47143,47734,48217,48561,48793,48910,49028,49146,49264,49383,49502,49621,49741,49860,49980,50101,50221,50342,50463,50584,50706,50838,50981,51134,51298,51472,51647,51823,51999,52176,52354,52532,52710,52889,53069,53249,53430,53612,53794,53977,54160,54224,54169,53996,53705,53297,52889,52484,52077,51668,51255,50868,50506,50169,49857,49569,49274,48974,48668,48356,48038,47734,47447,47175,46922,46687,46454,46220,45989,45757,45555,45507,45614,45878,46299,46878,47464,48057,48657,49264,49879,50490,51099,51704,52307,52905,53509,54122,54739,55365,55996,56682,57419,56814,56259,55753,55250,54752,54260,53769,53285,52871,52523,52502,52512,52566,52668,52769,52829,52868,52888,52839,52730,52587,52448,52356,52345,52368,52615,53107,53688,54391,55203,56318,57160,51625,53901,56156,58343,60489,62696,64973,67262,69466,71654,73738,75420,76775,77552,77938,78059,77792,77612,77422,77152,76959,76671,76135,75234,73834,71921,69749,67405,65186,63162,61326,59763,58425,57286,56282,55412,54730,54134,53365,52721,52422,52367,52604,53385,54353,55287,56281,57169,57839,39201
mdv,Maldives,617,617,616,615,614,613,612,611,610,609,608,607,606,605,604,603,603,602,601,600,601,602,604,607,609,612,615,617,620,623,626,628,631,634,637,639,642,645,648,651,653,656,659,662,665,668,671,674,677,680,682,685,687,689,691,693,695,697,700,702,704,706,708,711,713,715,717,719,722,724,726,728,731,733,735,737,740,742,744,746,749,751,753,756,758,760,763,765,767,770,772,774,777,779,781,784,786,789,791,793,796,798,801,803,806,808,810,813,815,816,816,814,811,806,802,797,793,788,785,784,785,789,795,803,812,820,829,838,847,855,863,870,877,883,889,895,902,908,914,917,918,915,909,900,892,883,875,866,858,854,853,954,988,1022,1063,1107,1152,1200,1247,1292,1342,1388,1413,1410,1397,1433,1446,1419,1440,1458,1457,1428,1391,1357,1321,1278,1237,1203,1170,1136,1102,1071,1045,1023,1001,976,949,917,880,838,791,739,684,627,568,509,450,391,335,285,239,202,173,152,151,123,114,110,109,107,103,97,92,85,79,73,68,62,57,52,48,44,51
mex,Mexico,106986,108364,109759,111172,112603,114053,115521,117009,118515,120041,121607,123172,124758,126364,127991,129639,131308,132999,134711,136003,136869,137306,137310,136877,136445,136014,135585,135157,134730,134655,134933,135568,136562,137916,139284,140665,142061,143470,144893,146286,147650,148982,150284,151553,152833,154123,155425,156738,158061,159579,161294,163168,165248,167537,169858,172211,174597,177015,179468,181598,183400,184868,185997,186779,187565,188354,189146,189942,190741,191837,193235,194940,196956,199288,201648,204036,206452,208896,211370,213872,216404,218965,221556,224177,226830,229513,232229,234976,237757,240708,243836,256134,269158,282967,260371,242168,250927,275121,272473,292935,274366,284844,273297,273097,272016,293769,286493,287824,283972,281194,297722,294431,289698,285280,280902,275780,271520,267356,262478,259262,256834,254393,253498,249393,257905,266669,252700,209350,256264,252115,248903,240248,238083,250520,246784,232537,253273,269989,251365,206107,263211,239874,271798,252542,256754,255369,257613,251131,239603,272007,269022,291655,285297,278717,272551,265879,274671,267984,261971,256492,252059,248388,245705,243577,242021,240175,238238,235993,233670,230947,227591,223574,219684,215517,210617,204808,198671,192280,186097,179044,170924,163477,156349,149221,142921,137403,131915,125641,119093,113403,108310,103593,99397,95296,90982,86517,82142,77756,73595,70101,66917,63772,60781,58011,55437,53027,50773,48701,46840,45106,43470,42020,40655,39267,37607,35605,33683,31995,30382,28548,27067,25592,23913
mhl,Marshall Islands,,,,,,,,,,,,,,,,,,,,,,,,,,,,,,,,,,,,,,,,,,,,,,,,,,,,,,,,,,,,,,,,,,,,,,,,,,,,,,,,,,,,,,,,,,,,,,,,,,,,,,,,,,,,,,,,,,,,,,,,,,,,,,,,,,,,,,,,,,,,,,,,,,,,,,,74,74,75,77,79,80,81,81,82,84,84,83,82,81,79,78,78,78,79,80,81,83,84,85,86,88,91,94,96,98,99,100,101,102,102,102,102,101,99,96,93,89,85,83,81,79,79,79,79,80,80,80,80,80,79,78,76,75,72,70,66,62,58,54,49,45,41,38,35,32,29,26,23
mkd,North Macedonia,5265,5263,5261,5259,5257,5255,5253,5251,5249,5247,5245,5243,5241,5239,5237,5235,5233,5231,5229,5236,5253,5278,5314,5358,5404,5449,5495,5541,5588,5635,5682,5730,5778,5827,5876,5926,5975,6026,6076,6128,6179,6231,6284,6336,6390,6444,6498,6552,6608,6663,6719,6778,6838,6898,6958,7019,7080,7142,7205,7268,7332,7396,7461,7526,7592,7659,7726,7794,7862,7931,8000,8070,8141,8212,8284,8357,8430,8504,8578,8653,8729,8806,8883,8960,9039,9118,9198,9279,9360,9442,9525,9608,9692,9777,9863,9949,10036,10124,10212,10302,10392,10396,10400,10404,10408,10412,10416,10420,10424,10428,10432,10436,10440,10444,10448,10452,10456,10459,10460,10461,10461,10461,10462,10462,10463,10463,10464,10464,10465,10465,10466,10724,10781,10831,10876,10916,10951,10981,11005,11026,11042,11053,11060,11064,11063,11059,11051,11040,11026,11013,11002,12663,11341,11846,10951,11388,10258,9916,8530,8486,8134,7382,7221,6832,6187,5756,5081,4862,4500,4308,4030,3715,3432,3263,3077,2949,2765,2669,2439,2347,2445,2325,2278,2172,2059,1984,1956,1821,1638,1451,1295,1179,1074,971,883,752,617,533,489,448,415,391,383,391,364,325,301,285,271,260,250,239,239,252,265,269,255,220,178,144,122,108,127
mli,Mali,30671,30671,30671,30671,30671,30671,30671,30671,30671,30671,30671,30671,30671,30671,30671,30671,30671,30671,30671,30685,30713,30755,30811,30881,30951,31022,31092,31163,31234,31305,31377,31448,31520,31591,31663,31736,31808,31880,31953,32026,32099,32172,32245,32318,32392,32466,32540,32614,32688,32761,32832,33104,33375,33645,33916,34188,34460,34734,35009,35285,35562,35839,36118,36398,36678,36960,37242,37526,37810,38111,38429,38763,39115,39484,39856,40230,40606,40985,41366,41749,42135,42523,42914,43307,43703,44101,44502,44905,45310,45728,46157,46598,47052,47519,47988,48457,48926,49394,49859,50379,50957,51593,52291,53050,53810,54572,55335,56097,56860,57589,58285,58947,59579,60179,60782,61391,62004,62621,62969,63393,63898,64014,64204,64468,64735,65003,65271,65541,65812,66071,66317,67341,68368,69394,70438,71495,72568,73657,74760,75942,77203,78546,79975,81490,83033,84605,86207,87838,89498,91225,93020,76226,95375,77401,96809,78144,77696,78167,97567,98849,100124,101166,102122,102942,102575,102380,102490,102553,112649,112453,112198,111949,111635,111122,110556,109904,109134,108349,107523,106759,106025,105128,103969,102618,101271,99928,98654,97390,96228,95173,94060,93588,93481,93262,93280,93157,92839,92708,92666,92802,92985,92961,92953,92990,93106,93307,93252,92956,92678,92443,92209,91858,91492,90855,90069,89453,88772,88142,87470,86719,85913,85222,74482
mlt,Malta,1776,1773,1770,1766,1763,1760,1757,1754,1751,1747,1744,1741,1738,1735,1732,1729,1726,1723,1719,1718,1719,1722,1728,1735,1742,1749,1757,1764,1771,1779,1786,1793,1801,1808,1816,1823,1831,1839,1846,1854,1862,1869,1877,1885,1893,1901,1908,1916,1924,1932,1940,1942,1943,1944,1946,1947,1949,1950,1951,1953,1954,1955,1957,1958,1960,1961,1962,1964,1965,1966,1968,1969,1971,1972,1973,1975,1976,1977,1979,1980,1982,1983,1984,1986,1987,1988,1990,1991,1993,1994,1995,1997,1998,2000,2001,2002,2004,2005,2007,2008,2009,1958,1908,1859,1811,1765,1719,1675,1632,1588,1542,1496,1449,1401,1354,1309,1266,1224,1183,1146,1112,1080,1052,1026,1000,975,951,928,905,883,863,843,825,809,792,776,760,744,729,715,701,688,676,664,652,641,630,619,608,596,584,532,513,635,699,642,568,510,455,408,380,342,306,276,246,218,192,178,166,154,148,146,139,133,129,126,122,115,109,104,98,91,89,88,82,77,72,69,68,66,63,59,56,53,48,44,44,43,40,37,35,32,29,29,28,27,27,26,27,27,27,28,28,28,28,29,29,29,28,27,26,27,26
mmr,Myanmar,100535,97870,95276,92750,90292,87898,85569,83300,81092,78943,76906,74867,72883,70951,69070,67240,65457,63722,62033,60745,59849,59336,59197,59424,59652,59880,60110,60340,60571,60803,61036,61269,61504,61740,61976,62213,62452,62691,62931,63172,63414,63657,63900,64145,64391,64637,64885,65133,65383,65633,65885,66051,66217,66384,66551,66719,66886,67054,67223,67391,67560,67729,67899,68069,68239,68409,68580,68751,68922,68865,68582,68076,67351,66408,65478,64562,63658,62766,61887,62040,63281,65671,69273,74159,79389,84987,90980,97395,104263,110641,116468,121676,126192,129938,133792,137751,141816,145988,150261,154157,157662,160753,163413,165623,167835,170052,172270,174487,176703,178674,180398,181877,183108,184097,185094,186091,187096,188101,189381,190715,192094,193522,195006,196536,198077,199634,201197,202776,204361,206087,207963,209761,211707,213802,215911,218037,220187,222355,224547,226878,229355,231993,255500,254870,261161,265215,261372,256758,252938,246805,239984,239077,231887,226811,222096,217489,213702,210380,207478,204830,202099,199233,196557,192800,187938,182687,176918,171452,167144,166187,165463,164624,163315,170691,168340,165813,163450,161185,158812,156758,154781,152545,150968,149924,148645,145887,141917,137471,132763,129077,126109,122916,119675,116410,112895,109190,105714,102293,98822,95645,92796,90593,88838,86156,82495,78713,75090,71677,98741,64368,61157,57979,55035,52511,50383,48622,47024,45355,43637,41910,40226,38581,37100
mne,Montenegro,1414,1414,1414,1414,1414,1414,1414,1414,1414,1414,1414,1414,1414,1414,1414,1414,1414,1414,1414,1419,1428,1441,1460,1483,1506,1530,1554,1578,1603,1628,1654,1680,1706,1733,1760,1788,1816,1845,1874,1903,1933,1964,1994,2026,2058,2090,2123,2156,2190,2225,2260,2295,2330,2367,2403,2441,2478,2517,2556,2595,2636,2677,2718,2760,2803,2846,2891,2935,2981,3027,3074,3122,3170,3219,3269,3320,3371,3424,3477,3531,3585,3641,3697,3755,3813,3872,3932,3993,4055,4118,4181,4246,4312,4379,4447,4515,4585,4654,4725,4795,4866,4937,5009,5080,5152,5224,5297,5369,5441,5489,5512,5510,5484,5433,5383,5333,5284,5235,5188,5141,5094,4920,4750,4585,4425,4269,4117,3982,3838,3697,3560,3421,3286,3155,3027,2904,2783,2666,2553,2443,2337,2242,2141,2043,1948,1856,1767,1680,1597,1522,1456,1571,1413,1445,1333,1301,1244,1187,1100,1084,1013,952,665,610,587,535,492,476,448,436,412,386,402,385,362,350,326,325,315,318,293,290,312,306,286,260,236,215,197,172,159,153,150,146,144,143,142,140,138,137,136,127,113,107,98,87,80,75,70,66,57,48,43,39,35,32,29,26,23,20,18,16,11
mng,Mongolia,7917,7929,7942,7954,7967,7979,7991,8004,8016,8029,8041,8054,8067,8079,8092,8104,8117,8130,8142,8155,8168,8180,8193,8205,8218,8230,8243,8255,8268,8281,8293,8306,8318,8331,8344,8357,8369,8382,8395,8408,8420,8433,8446,8459,8472,8485,8498,8511,8524,8537,8550,8562,8574,8585,8597,8609,8621,8633,8645,8657,8669,8681,8693,8705,8717,8729,8742,8754,8766,8778,8790,8803,8815,8828,8840,8853,8866,8878,8891,8903,8916,8929,8942,8954,8967,8980,8993,9005,9018,9031,9044,9057,9070,9083,9095,9108,9119,9130,9139,9151,9164,9180,9198,9218,9237,9255,9270,9285,9298,9306,9310,9311,9307,9300,9293,9286,9278,9271,9265,9259,9253,9247,9241,9234,9228,9221,9215,9209,9202,9195,9189,9182,9175,9169,9162,9155,9148,9141,9134,9126,9119,9112,9105,9097,9090,9083,8501,7919,7388,6880,6437,7203,7253,7340,7441,7607,8154,8761,9109,9439,9685,9637,9442,9728,10139,10219,10211,10071,9770,9759,10006,10151,10301,10500,9959,9319,8672,7986,7364,10082,9927,7953,9598,9797,9673,9512,9256,8971,8666,8275,7857,7381,6789,6150,5595,5127,4673,4229,3834,3504,3208,2914,2627,2351,2116,1938,1833,1786,1754,1708,1622,1550,1532,1532,1523,1487,1419,1332,1261,1206,1143,1074,741
moz,Mozambique,35413,35496,35580,35663,35747,35831,35915,35999,36084,36168,36253,36338,36424,36509,36595,36681,36767,36853,36940,37214,37683,38350,39224,40309,41424,42570,43747,44958,46201,47479,48793,50142,51530,52955,54420,55925,57472,59062,60696,62375,64101,65874,67696,69569,71493,73471,75503,77592,79738,81478,82801,83623,84003,83930,83857,83785,83712,83639,83567,83477,83371,83249,83110,82954,82799,82644,82489,82334,82180,82009,81822,81620,81401,81167,80933,80700,80468,80236,80004,79822,79687,79600,79561,79570,79579,79588,79596,79605,79613,79542,79391,79162,78854,78468,78083,77695,77303,76903,76497,76020,75474,74859,74178,73432,72680,71927,71169,70407,69643,68931,68275,67672,67126,66637,66149,65666,65185,64708,64292,64121,64195,64514,65081,65893,66717,67551,68395,69248,70111,70971,71826,70864,69855,68798,67708,66585,65425,64230,62997,61781,60572,59367,58163,56952,55692,54379,53011,51588,50109,48569,46966,46425,46322,48123,48000,47935,47865,51096,51067,51300,51862,77217,78394,79746,81857,58414,85930,88084,72671,101971,104119,105935,107885,110179,113033,116100,119710,123750,128655,134033,139816,143723,146007,148126,149746,150523,151033,151564,150743,149349,148382,147214,146089,144489,143242,142934,141794,139160,135564,131214,126728,122221,118196,114724,111365,108115,105081,100726,98167,96160,96788,95305,93407,91114,88474,85215,83490,82672,82162,80655,80166,79353,78922
mrt,Mauritania,6394,6394,6394,6394,6394,6394,6394,6394,6394,6394,6394,6394,6394,6394,6394,6394,6394,6394,6394,6382,6359,6323,6276,6217,6158,6101,6043,5987,5931,5875,5820,5765,5711,5658,5605,5552,5500,5448,5397,5347,5297,5247,5198,5149,5101,5053,5005,4959,4912,4879,4859,4848,4849,4864,4879,4894,4909,4924,4939,4954,4969,4984,4999,5014,5030,5045,5060,5076,5091,5107,5125,5144,5163,5184,5205,5226,5247,5268,5289,5312,5335,5360,5386,5413,5440,5467,5495,5522,5550,5579,5609,5641,5673,5707,5741,5776,5809,5843,5875,5910,5946,5984,6023,6064,6104,6144,6183,6221,6258,6291,6320,6344,6364,6381,6397,6413,6430,6446,6469,6504,6551,6609,6680,6764,6849,6934,7021,7108,7197,7285,7373,7459,7545,7630,7716,7802,7890,7979,8069,8166,8271,8237,8209,8188,8167,8146,8125,8104,8083,8075,8079,8201,8257,8303,8357,8998,9051,9097,9129,9153,9182,9221,9252,9275,9297,9309,9305,9276,9243,9253,9346,9506,9735,10003,10258,10438,10548,10579,10565,10490,10435,10407,10354,10246,10078,9824,9554,9324,9173,9131,9170,9262,9430,9755,10069,10286,10383,10329,10209,10034,9777,9446,9044,8589,8172,7807,7508,7265,7100,6976,6894,6853,6829,6780,6713,6635,6543,6446,6357,6261,6159,6070,9841
mus,Mauritius,1058,1088,1119,1151,1183,1217,1251,1287,1323,1361,1387,1412,1434,1451,1469,1486,1504,1523,1541,1558,1573,1585,1596,1605,1614,1623,1632,1641,1650,1664,1684,1710,1741,1779,1817,1856,1896,1936,1978,2031,2095,2173,2263,2368,2478,2593,2714,2840,2971,3117,3278,3456,3652,3867,4094,4335,4591,4861,5147,5386,5575,5710,5375,5006,4663,4343,4045,3768,3509,3272,3055,2855,3221,5010,3954,3922,3685,3585,3724,3396,3277,4084,4345,5136,4153,4336,3865,4645,4156,3324,4450,4281,5279,5509,4848,5384,7596,6087,4877,4491,5184,5691,5003,3946,3544,4896,4406,4103,4789,4206,3970,3805,4496,3588,3654,4271,3492,4621,5150,5499,5038,4617,4220,3983,3642,3292,3307,3874,3522,3757,5382,5549,4371,3559,3517,3830,3952,4360,4660,4547,4712,3881,4854,4227,4251,5833,4514,3439,6015,2692,2210,2551,2463,2982,2525,2875,2605,2556,2664,2772,2769,2662,2489,2336,2282,2338,2415,2414,2313,2132,1920,1769,1726,1729,1658,1470,1279,1149,1068,1014,966,896,790,687,622,596,577,559,545,526,508,488,482,486,488,488,488,475,439,413,389,354,334,322,313,306,290,273,257,241,232,229,227,217,207,200,196,202,208,212,218,223,209
mwi,Malawi,14228,14536,14851,15173,15502,15838,16182,16533,16891,17258,17640,18022,18413,18813,19220,19637,20063,20498,20943,21397,21861,22335,22819,23314,23819,24336,24864,25403,25954,26516,27091,27679,28279,28892,29519,30159,30813,31481,32163,32861,33573,34301,35045,35805,36582,37375,38185,39013,39859,40539,41049,41401,41576,41570,41565,41559,41553,41547,41542,41532,41517,41499,41476,41449,41422,41395,41368,41341,41314,41283,41247,41208,41164,41116,41068,41020,40972,40924,40876,40853,40854,40880,40931,41006,41081,41156,41232,41307,41383,41414,41398,41338,41232,41082,40931,40778,40622,40463,40299,40098,39859,39584,39273,38927,38576,38224,37868,37510,37149,36816,36511,36234,35987,35769,35552,35337,35122,34909,34684,34592,34632,34804,35110,35548,35993,36443,36898,37358,37824,38288,38749,39141,39528,39910,40296,40686,41078,41475,41874,42311,42787,43276,43803,44371,44946,45528,46118,46715,47320,47957,48625,47120,48236,49386,50215,51128,53463,54827,56202,59835,61306,62756,62943,63378,65979,67282,73878,84128,72025,73316,74127,81833,81980,81763,81231,80666,80119,79591,78899,78362,78637,79290,80757,83437,87087,91257,95226,98363,100826,102622,103510,103759,103204,102369,100988,98234,95869,94440,92667,89796,85387,79820,73894,68281,63481,60108,57950,56385,53901,51497,48968,45653,42078,38612,35941,34071,32215,30666,29239,28268,27406,26800,24225
mys,Malaysia,4742,4742,4742,4742,4742,4742,4742,4742,4742,4742,4742,4742,4742,4742,4742,4742,4742,4742,4742,4761,4801,4861,4942,5044,5148,5254,5363,5474,5587,5702,5820,5940,6063,6188,6316,6446,6580,6715,6854,6996,7140,7288,7438,7592,7749,7909,8072,8239,8409,8583,8761,8935,9113,9295,9480,9669,9862,10058,10259,10463,10672,10885,11101,11323,11548,11778,12013,12253,12497,12782,13111,13485,13906,14377,14864,15368,15889,16427,16984,17559,18154,18769,19405,20063,20743,21445,22172,22923,23699,24502,25333,26192,27080,27998,28947,29927,30937,31978,33049,34092,35101,36074,37010,37905,38814,39739,40681,41636,42608,43545,44448,45313,46143,46935,47741,48560,49394,50240,51147,52088,53062,54071,55116,56198,57301,58425,59571,60739,61930,63128,64335,63427,62305,61355,60206,59236,58062,57063,55859,54782,53648,52274,51034,49558,48255,46757,45434,43625,41889,40306,38864,39193,38223,37239,36341,36724,35809,34853,33621,32177,30644,29080,27555,26096,24682,23336,22097,20978,20115,19465,18876,18251,17569,16965,16307,15512,14744,14014,13326,12677,12105,11604,11125,10672,10248,9806,9375,8955,8578,8215,7931,7765,7615,7453,7294,7150,7002,6771,6385,5915,5419,4902,4434,4133,3945,3806,3737,3729,3804,3906,3939,3981,4051,4122,4222,4294,4289,4241,4168,4058,3954,3866,3531
nam,Namibia,3551,3504,3458,3412,3367,3322,3278,3235,3192,3150,3108,3067,3027,2987,2947,2908,2869,2831,2794,2757,2720,2684,2649,2614,2579,2545,2511,2478,2445,2413,2381,2349,2318,2287,2257,2227,2197,2168,2140,2111,2083,2056,2028,2002,1975,1949,1923,1898,1872,1856,1849,1852,1863,1884,1904,1925,1946,1968,1989,2011,2033,2056,2078,2101,2124,2148,2171,2195,2219,2243,2268,2293,2318,2343,2369,2395,2421,2448,2475,2502,2529,2557,2585,2613,2642,2671,2700,2730,2760,2790,2821,2852,2883,2914,2946,2978,3010,3043,3075,3111,3151,3195,3243,3295,3347,3400,3453,3507,3560,3613,3666,3719,3771,3824,3877,3931,3986,4041,4094,4152,4215,4284,4359,4439,4522,4605,4690,4777,4865,4954,5044,5024,5000,4974,4945,4913,4878,4841,4801,4757,4709,4543,4377,4212,4062,3900,3739,3581,3424,3270,3119,3133,3094,3057,3017,2970,2920,2871,2825,2781,2744,2716,2699,2685,2670,2657,2649,2646,2743,2848,2949,3064,3270,3399,3534,3671,3804,3913,3999,4012,3987,3936,3814,3701,3624,3544,3479,3449,3443,3468,3618,3761,3810,3861,3934,4012,4085,4180,4280,4339,4328,4267,4195,4146,4135,3952,3694,3499,3254,3144,3056,3127,3288,3200,3072,3159,3136,3075,3025,2908,2792,2703,2855
ner,Niger,18253,18253,18253,18253,18253,18253,18253,18253,18253,18253,18253,18258,18267,18281,18299,18322,18350,18382,18420,18462,18509,18560,18617,18678,18744,18815,18891,18972,19059,19150,19246,19347,19449,19551,19654,19757,19861,19965,20070,20176,20282,20389,20496,20604,20712,20821,20931,21041,21151,21262,21374,21443,21512,21602,21693,21783,21875,21966,22058,22154,22256,22362,22473,22588,22705,22822,22939,23057,23175,23299,23427,23562,23701,23846,23991,24138,24285,24433,24582,24732,24882,25033,25185,25338,25492,25646,25802,25958,26115,26272,26431,26591,26751,26912,27074,27234,27394,27551,27706,27896,28123,28386,28687,29025,29363,29700,30036,30371,30704,31018,31313,31589,31846,32086,32328,32570,32815,33061,33244,33469,33736,34045,34397,34793,35193,35598,36006,36420,36838,37252,37665,38073,38478,38881,39286,39696,40110,40528,40951,41410,41908,42446,43023,43640,44268,44903,44445,43983,43516,43048,42848,47907,49336,50500,51689,52659,53516,54288,55647,57049,58473,59878,61268,62680,64171,65684,67336,69255,71768,74310,77234,80152,87702,90716,93300,95399,97066,98314,99700,101786,104615,108371,113037,118273,123912,129331,133977,137796,140574,142329,143533,144086,143733,142533,140474,137996,135833,134243,133007,131951,130566,128280,124969,121119,116972,112934,109289,106306,103974,102308,101386,101172,101519,102446,104067,106042,108720,111837,115045,118335,121584,124291,80237
nga,Nigeria,201638,201638,201638,201638,201638,201638,201638,201638,201638,201638,201638,201638,201638,201638,201638,201638,201638,201638,201638,201790,202093,202548,203157,203919,204684,205452,206222,206996,207773,208552,209334,210119,210908,211699,212493,213290,214090,214893,215699,216508,217321,218136,218954,219775,220600,221427,222258,223092,223929,224772,225623,226858,228102,229356,230617,231884,233157,234437,235723,237036,238376,239743,241137,242560,243990,245429,246875,248328,249790,251312,252896,254542,256250,258022,259806,261601,263409,265228,267059,268957,270925,272964,275073,277254,279452,281666,283898,286146,288412,290651,292862,295045,297199,299324,301457,303584,305703,307809,309886,312147,314596,317234,320072,323097,326104,329085,332039,334963,337856,340738,343608,346474,349349,352243,355167,358104,361061,364041,366493,369462,372957,376987,381562,386699,391894,397156,402486,407885,413354,418810,424250,429684,435090,440478,445929,451446,457027,462675,468389,474464,480922,487745,494955,502559,510277,518110,516466,514867,513168,513483,512578,518224,508377,499382,490820,482169,474224,466184,432094,419304,406922,439537,352749,335296,392170,394679,423259,423365,447990,697317,695377,693819,690452,686935,685395,685134,684781,685274,688705,692691,696914,704115,714484,728976,742756,756119,770841,785438,799725,816625,833717,849597,866708,884943,901869,916059,924918,926607,923569,921403,921376,919040,915200,909499,902065,894310,887846,882280,880405,880440,882064,886075,889454,891754,893631,894575,894665,890164,881419,873031,862795,852298,834255
nic,Nicaragua,4549,4549,4549,4549,4549,4549,4549,4549,4549,4549,4549,4549,4549,4549,4549,4549,4549,4549,4549,4563,4593,4637,4697,4773,4849,4927,5006,5087,5169,5252,5336,5422,5509,5597,5687,5778,5871,5966,6061,6159,6258,6358,6460,6564,6670,6777,6885,6996,7108,7208,7293,7385,7462,7525,7589,7653,7718,7783,7848,7915,7981,8048,8116,8184,8253,8322,8392,8462,8533,8615,8707,8811,8926,9053,9182,9313,9445,9579,9716,9854,9993,10135,10279,10425,10572,10722,10874,11028,11184,11342,11502,11665,11830,11997,12166,12337,12509,12681,12855,13037,13227,13425,13632,13848,14065,14283,14502,14722,14943,15165,15389,15614,15842,16073,16307,16545,16785,17130,17442,17731,17992,18225,18052,17852,17651,17402,17205,17012,16768,16625,16527,15975,15516,15097,14630,14207,13781,13310,12880,12467,12033,11613,11173,10779,10343,9905,9329,8765,8214,7678,7159,5864,6911,6579,6079,5893,4956,5792,7022,15634,17042,17237,17434,17629,17803,17960,18127,18330,18537,18699,18875,18982,21843,18854,18642,18294,17818,17252,16600,15904,15198,14520,13901,13312,12765,12287,11852,11439,11052,10644,10200,9741,9256,8759,8252,7747,7263,6785,7385,5914,5543,5209,4908,4642,4397,4178,3987,3817,3661,3516,3380,3244,3106,2969,2833,2691,2547,2402,2260,2121,1988,1868,2024
nld,Netherlands,14669,14703,14737,14771,14806,14840,14875,14909,14944,14979,15112,15246,15414,15617,15823,16031,16242,16456,16672,16888,17104,17319,17533,17746,17962,18181,18402,18626,18853,19071,19280,19108,18928,18738,18549,18363,18179,17997,17816,17630,17438,18297,21370,18362,17962,18520,25521,23260,20491,19159,20625,21470,22458,21011,21479,24929,22599,25164,24453,29088,23882,25231,24050,24681,24494,26753,26181,24699,27096,23407,26807,30467,28781,26397,24511,28075,26243,25153,26695,25571,28719,25535,25107,26792,29191,26165,28944,25286,26750,27049,26556,27278,27554,26430,24855,26623,24984,23952,25565,24642,25692,26982,24128,23811,25458,23681,23386,21960,24068,20280,21535,25504,18945,19562,20235,19383,20478,20732,26821,22759,19069,18014,16713,15168,13522,13471,14395,14182,12723,14294,12436,12055,11325,10439,10469,9856,9890,9476,9628,8842,10381,11474,11072,12864,14850,22062,13370,9132,7927,7475,7261,6825,6537,6221,5885,5743,5518,5330,5186,5095,4976,4893,4826,4727,4653,4509,4317,4162,4026,3950,3825,3571,3288,2972,2684,2455,2280,2149,2051,1975,1929,1888,1812,1745,1716,1705,1698,1683,1647,1608,1592,1567,1511,1447,1390,1332,1282,1258,1255,1252,1246,1224,1182,1138,1080,1013,954,903,867,841,813,783,753,726,715,708,701,697,689,688,695,713,615
nor,Norway,5659,5649,5640,5630,5621,5611,5602,5593,5583,5574,5601,5628,5668,5720,5773,5826,5821,5816,5810,5810,5817,5831,5850,5875,5901,5926,5951,5836,5723,5607,5488,5366,5242,5116,4992,4872,4755,4845,4893,5910,5170,4167,4572,4398,4403,4500,5106,5698,5622,4696,4396,4465,4898,4533,4204,4518,4833,4769,4531,5105,5148,6879,7485,6649,5787,5607,5344,5979,6479,5764,5278,5686,5858,6064,6608,6530,6891,6390,5914,5239,5447,6047,7471,6445,6254,5847,5840,5849,6240,7005,6681,6129,6353,5709,6697,5863,5748,5596,5547,6381,5562,5530,4675,5035,4638,5057,4405,4230,4836,4575,4186,4276,4356,4131,4483,4238,4594,4364,4897,4531,4278,3561,3714,3424,3299,3304,3165,3315,3310,3606,3119,3117,3145,3100,2741,2964,2942,2943,2679,2651,2748,3108,3021,3064,3131,2877,2798,2484,2176,2071,2006,1857,1755,1701,1637,1607,1583,1542,1495,1454,1400,1364,1334,1308,1303,1288,1255,1212,1170,1134,1077,1021,973,904,833,761,684,616,570,542,519,505,504,505,508,517,528,534,538,533,511,477,435,396,366,344,329,316,303,294,288,274,257,247,239,229,222,216,210,205,198,188,180,172,165,159,154,146,137,130,123,117,108
npl,Nepal,63744,63648,63552,63456,63360,63264,63169,63074,62978,62883,62789,62694,62599,62505,62410,62316,62222,62128,62035,62007,62046,62151,62322,62561,62800,63040,63282,63524,63767,64011,64255,64501,64748,64996,65244,65494,65744,65996,66248,66502,66756,67012,67268,67525,67784,68043,68303,68564,68827,69090,69355,69582,69811,70040,70270,70501,70733,70965,71198,71432,71667,71902,72138,72375,72612,72851,73090,73329,73570,73829,74106,74402,74716,75049,75384,75720,76057,76396,76737,77079,77422,77767,78114,78462,78811,79162,79515,79869,80225,80529,80782,80982,81131,81226,81320,81410,81492,81569,81633,81761,81959,82222,82550,82945,83330,83703,84064,84414,84749,84958,85040,85000,84837,84555,84276,83996,83717,83437,83207,82975,82745,82513,82281,82051,81820,81590,81359,81130,80899,80674,80456,80183,79916,79654,79394,79132,78875,78613,78353,78851,80134,82236,84707,88018,91458,95033,98749,102610,106619,109922,112490,114721,116760,118656,120198,136904,138294,139594,140656,141321,142104,142942,143334,143142,142667,141906,140706,139620,138783,137827,136739,135862,134806,133310,132462,131987,131353,130413,129328,128067,126209,124262,122539,120802,118974,116601,113741,110727,107418,103733,100077,96406,92652,89574,86273,82286,77864,72976,68293,63890,59653,55493,51403,47874,44692,41445,38248,35394,32860,30592,28585,26872,25424,24096,22862,21664,20485,19379,18396,17603,16930,16392,14682
nru,Nauru,,,,,,,,,,,,,,,,,,,,,,,,,,,,,,,,,,,,,,,,,,,,,,,,,,,,,,,,,,,,,,,,,,,,,,,,,,,,,,,,,,,,,,,,,,,,,,,,,,,,,,,,,,,,,,,,,,,,,,,,,,,,,,,,,,,,,,,,,,,,,,,,,,,,,,,26,26,26,26,26,27,28,28,28,29,29,27,27,29,33,35,33,28,26,26,25,24,22,21,20,19,19,18,18,18,18,18,18,18,19,21,21,22,22,22,20,19,19,18,17,16,15,15,14,13,13,12,12,12,11,11,12,12,12,13,13,13,13,13,12,12,12,11,11,10,10,10,9
nzl,New Zealand,1961,1894,1830,1767,1707,1649,1593,1538,1486,1435,1388,1341,1295,1251,1209,1167,1128,1089,1052,1023,1001,987,980,980,980,980,980,980,980,974,960,940,914,882,851,821,793,765,738,720,712,713,722,741,759,779,799,819,840,863,890,920,954,877,807,742,682,627,577,535,501,473,450,732,852,829,798,842,889,982,987,918,1226,1428,1530,1933,1603,1459,1403,1984,1745,1787,1746,2196,1609,1905,2197,2139,1561,1817,1858,2253,2238,2250,2075,2339,2029,1908,2208,2814,2131,2043,2527,2517,2205,2149,1985,3129,2322,2141,2432,1989,1819,2190,1882,1914,1947,1848,1880,1778,2088,1983,1736,1863,1705,1933,1970,2058,1836,1712,1789,1760,1832,1849,1921,2050,2069,1975,2639,2187,1922,2123,1975,2126,2159,1947,1796,1699,1666,1832,1699,1686,1682,1676,1673,1677,1687,1695,1705,1715,1710,1693,1648,1582,1504,1418,1359,1336,1329,1315,1288,1278,1258,1197,1132,1067,1003,951,888,843,810,776,750,728,719,710,698,691,687,672,652,623,589,560,528,501,481,462,441,427,418,404,386,377,379,378,377,390,401,395,390,381,368,351,330,323,316,308,296,295,301,297,297
omn,Oman,5200,5215,5231,5246,5261,5277,5292,5307,5323,5338,5354,5370,5385,5401,5417,5433,5448,5464,5480,5496,5512,5528,5544,5560,5576,5592,5608,5624,5640,5656,5673,5689,5705,5722,5738,5755,5771,5788,5804,5821,5838,5854,5871,5888,5905,5922,5939,5956,5973,5990,6007,6018,6028,6039,6049,6059,6070,6080,6091,6101,6112,6122,6133,6143,6154,6164,6175,6186,6196,6207,6217,6228,6239,6249,6260,6271,6281,6292,6303,6313,6324,6335,6345,6356,6367,6378,6388,6399,6410,6421,6432,6442,6453,6464,6475,6485,6495,6504,6512,6530,6556,6594,6641,6699,6758,6817,6876,6936,6997,7046,7085,7112,7128,7132,7137,7141,7146,7150,7164,7177,7190,7204,7217,7230,7244,7257,7271,7284,7298,7312,7325,7339,7352,7366,7380,7394,7407,7421,7435,7449,7462,7476,7490,7504,7518,7532,7546,7560,7574,7616,7686,8047,8181,8323,8470,8620,8778,8951,9132,9245,8945,8686,8422,8226,8027,7822,7614,7401,7858,7584,7318,7063,6831,6622,6419,6275,6151,6017,5868,5699,5511,5293,5047,4760,4452,4130,3790,3443,3124,2825,2549,2296,2063,1852,1667,1499,1358,1241,1140,1052,967,888,824,770,729,694,665,649,655,681,718,761,809,862,910,945,972,988,985,959,919,870,798
pak,Pakistan,241043,241518,241994,242471,242950,243429,243909,244390,244871,245354,245856,246356,246874,247408,247959,248527,249113,249716,250336,250973,251628,252043,252459,253290,254124,254961,255801,256643,257488,258336,259187,260040,260897,261756,262618,263483,264350,265221,266094,266971,267850,268732,269617,270505,271395,272289,273186,274085,274988,275894,276802,277497,278193,278891,279591,280292,280995,281699,282405,283112,283821,284532,285244,285958,286674,287391,288109,288830,289552,290402,291380,292489,293728,295098,296474,297857,299246,300641,302042,303450,304864,306285,307712,309145,310585,312032,313484,314944,316410,317883,319362,320848,322341,323841,325340,326827,328295,329735,331143,332496,333808,335071,336285,337448,338560,339621,340636,341598,342505,343900,345799,348214,351164,354653,358175,361729,365324,382323,399207,418499,437884,460022,457300,455071,454155,451948,451079,448837,446644,445756,443497,440674,440444,440187,439925,439629,439320,438981,438612,438203,437790,445148,452640,460256,468000,475873,483877,492014,500287,509343,519235,500489,494724,489427,484107,478727,524377,517356,511307,505555,500119,495336,490057,484488,479650,475698,473139,471786,471433,470699,471543,474435,477668,482102,486954,492716,499608,507894,518005,528807,542315,561654,583719,602607,616421,625721,635688,646752,656095,663800,668305,669549,667570,658021,646754,636216,624623,612934,601434,591469,581507,574782,570722,563320,554193,545904,538289,536046,535151,532323,529870,526510,520233,510611,496176,478562,462333,448298,435006,422509,411548,399429,383828
pan,Panama,1154,1163,1171,1180,1188,1197,1205,1214,1223,1232,1241,1250,1259,1268,1277,1287,1296,1306,1315,1325,1334,1344,1354,1364,1373,1383,1394,1404,1414,1424,1434,1445,1455,1466,1477,1487,1498,1509,1520,1531,1542,1553,1565,1576,1588,1599,1611,1622,1634,1652,1675,1704,1739,1781,1823,1867,1911,1957,2003,2051,2100,2150,2202,2254,2308,2363,2419,2477,2536,2591,2641,2686,2726,2762,2797,2833,2870,2907,2944,2982,3021,3060,3099,3139,3180,3221,3262,3304,3347,3390,3434,3478,3523,3568,3614,3661,3707,3754,3801,3854,3914,3981,4054,4135,4217,4299,4383,4468,4553,4657,4782,4929,5097,5290,5491,5698,5877,6062,6256,6408,6518,6585,6609,6588,6566,6545,6524,6503,6481,6492,6536,6418,6350,6289,6248,6183,6137,6068,6017,5936,5868,5471,5094,4737,4404,4093,3802,3532,3279,3044,2825,2536,2490,2988,2890,3983,4105,4104,4099,4102,4106,4110,4111,4107,4087,4050,4006,3952,3880,3787,3676,3553,3421,3276,3134,3009,2894,2796,2711,2642,2585,2534,2486,2438,2387,2323,2262,2205,2151,2104,2061,2007,1962,1934,1913,1896,1884,1874,1859,1844,1819,1790,1758,1726,1705,1679,1641,1605,1577,1544,1506,1480,1456,1418,1381,1341,1301,1255,1206,1153,1107,1067,1051
per,Peru,19739,19774,19809,19844,19880,19915,19950,19986,20021,20057,20093,20128,20164,20200,20236,20272,20308,20344,20381,20427,20483,20550,20627,20715,20803,20891,20980,21069,21159,21426,21882,22533,23392,24467,25591,26767,27998,29284,30630,32038,33510,35050,36661,38346,40108,41952,43880,45896,48006,49415,50117,50111,49378,47904,46474,45087,43742,42436,41169,40209,39547,39176,39089,39278,39468,39659,39850,40043,40237,40496,40821,41215,41677,42209,42748,43294,43846,44406,44973,45548,46129,46718,47315,47919,48531,49150,49778,50413,51057,51668,52246,52790,53298,53771,54246,54723,55200,55674,56147,56660,57212,57808,58447,59128,59808,60485,61161,61834,62506,63174,63843,64514,65185,65862,66546,67237,67934,68637,69335,70083,70882,71734,72636,73595,74566,75549,76544,77551,78572,79615,80681,81759,82855,83979,85118,86272,87441,88619,89819,91049,92312,91519,90431,91608,92801,94011,95235,96477,97733,99197,100876,103166,105003,103437,101806,100311,99235,104211,103753,103420,103122,102742,102033,100853,99568,98137,96654,95302,94024,92787,108602,90047,88839,87395,85883,84362,83033,81884,80899,79960,78915,77603,75951,73982,71611,68860,65922,62916,59998,57101,54222,51324,48182,44869,41527,38177,34928,31854,29002,26421,24161,22025,20147,18635,17449,16492,15605,14733,13865,13082,12385,11743,11153,10588,10100,9675,9323,9056,8842,8693,8551,8333,7101
phl,Philippines,46261,45086,43942,42826,41738,40678,39645,38639,37657,36701,36590,36471,36632,37068,37509,37956,38408,38866,39329,39845,40415,41041,41724,42466,43221,43990,44773,45569,46380,47205,48044,48899,49769,50654,51555,52472,53405,54355,55322,56280,57229,58169,59098,60016,60948,61895,62856,63833,64824,65851,66915,67889,68897,69939,70997,72071,73161,74267,75390,76529,77685,78859,80049,81258,82484,83729,84992,86274,87575,88892,90226,91577,92945,94330,95735,97161,98608,100076,101565,102888,104043,105025,105831,106458,107089,107722,108359,109000,109644,110390,111241,112197,113260,114431,115611,116798,117985,119173,120356,121699,123208,124884,222868,128749,130781,132822,134873,136932,139002,141079,143178,145294,147434,149598,151796,154025,156281,158572,189088,163998,166864,169834,172912,176095,179339,182643,186001,189425,192911,196543,200335,196053,191282,187198,182524,178434,174340,169653,165543,160904,155758,151505,147395,143430,139558,135782,132098,128513,125005,121744,118692,132194,133033,133157,133449,133561,133500,132901,126147,126530,127267,127748,127543,127323,127016,126468,125637,124582,123688,123278,123543,124327,125220,126053,127049,128331,130003,132448,135441,137692,138853,139120,139452,139816,138958,136461,132666,128509,124100,118506,113015,108603,104396,100105,96199,93180,90503,88065,86297,84979,83753,83181,82692,81655,80480,79262,78579,78070,77560,77202,76481,74688,73629,73470,72747,71358,69961,68833,67700,66326,64878,63392,62689
plw,Palau,,,,,,,,,,,,,,,,,,,,,,,,,,,,,,,,,,,,,,,,,,,,,,,,,,,,,,,,,,,,,,,,,,,,,,,,,,,,,,,,,,,,,,,,,,,,,,,,,,,,,,,,,,,,,,,,,,,,,,,,,,,,,,,,,,,,,,,,,,,,,,,,,,,,,,,4,4,4,4,4,4,4,4,4,4,4,4,4,4,4,40,38,35,32,31,6,29,27,25,22,20,18,16,15,13,12,12,12,12,12,13,12,12,12,12,12,12,12,12,12,11,11,10,9,8,8,8,8,7,7,7,7,7,7,6,6,6,6,5,5,5,5,4,5,5,5,4,4
png,Papua New Guinea,9682,9682,9682,9682,9682,9682,9682,9682,9682,9682,9682,9682,9682,9682,9682,9682,9682,9682,9682,9682,9684,9686,9689,9693,9696,9700,9704,9707,9711,9715,9718,9722,9726,9729,9733,9737,9740,9744,9748,9751,9755,9759,9762,9766,9770,9773,9777,9781,9785,9788,9792,9860,9928,9996,10064,10133,10201,10269,10338,10406,10475,10543,10612,10681,10749,10818,10887,10956,11025,11094,11163,11232,11301,11370,11439,11509,11578,11647,11717,11786,11856,11925,11995,12065,12134,12204,12274,12344,12414,12484,12554,12624,12694,12764,12834,12903,12972,13039,13104,13167,13228,13287,13344,13399,13451,13501,13549,13594,13638,13549,13335,12999,12548,11987,11450,10936,10446,9977,9486,9112,8850,8694,8640,8683,8726,8768,8812,8855,8898,9021,9226,9467,9794,10212,10648,11101,11574,12066,12578,13112,13668,14248,14850,15478,16131,16812,16724,16637,16549,16358,16074,16177,16266,16365,16360,17438,17370,17260,17137,16961,16778,16621,16472,16304,16128,15950,15778,15594,15393,15204,14994,14771,14534,14236,13907,13561,13242,12944,12645,12363,12112,11927,11798,11734,11703,11692,11691,11696,11705,11707,11700,11684,11714,11810,11914,12015,12144,12320,12497,12675,12835,12978,13110,13227,13279,13286,13278,13234,13172,13092,13006,12921,12793,12648,12483,12284,12065,11812,11560,11306,11048,10765,10545
pol,Poland,99255,99987,100725,101469,102218,102972,103732,104498,105269,106046,106835,107623,108418,109218,110024,110836,111654,112478,113308,114145,114987,115836,116691,117553,118420,119295,120175,121062,121956,122856,123763,124677,125597,126524,127458,128399,129347,130302,131264,132233,133209,134192,135183,136181,137186,138199,139219,140247,141282,142489,143871,145384,147078,148956,150858,152785,154735,156711,158712,160739,162792,164870,166975,169108,171267,173454,175668,177911,180183,182565,185061,187673,190403,193255,196149,199087,202069,205095,208167,211285,214449,217661,220921,224229,227587,230996,232207,233416,234609,235449,235951,236098,235886,235358,234801,234215,233612,232980,232296,231544,230734,229834,228852,227833,226757,225625,224466,223263,222010,219142,216285,212657,213131,212834,212533,212235,211941,211643,211417,212313,214376,217646,196566,195599,194644,193689,192734,191791,186169,194766,188109,188514,193157,169293,190894,169822,193293,186471,194102,189005,183122,176546,169350,161611,154217,147172,140439,134016,127890,120825,121664,127443,102105,92843,86515,71716,68169,64268,58824,52049,45385,39377,34691,31183,28059,25165,22742,20944,19957,19483,19169,18795,18286,17841,17580,17494,17606,17418,16913,16622,16357,15821,15498,15399,14849,13947,12890,11851,11069,10344,9684,9258,8737,8076,7508,6679,5775,5045,4399,3888,3555,3339,3112,2924,2817,2758,2726,2696,2674,2607,2491,2326,2167,2037,1943,1878,1837,1849,1818,1728,1654,1614,1531
prk,North Korea,78312,78312,78312,78312,78312,78312,78312,78312,78312,78312,78312,78312,78312,78312,78312,78312,78312,78312,78312,78324,78347,78382,78429,78488,78547,78606,78665,78724,78783,78842,78901,78960,79020,79079,79138,79198,79257,79316,79376,79436,79495,79555,79614,79674,79734,79794,79854,79913,79973,80033,80093,80295,80497,80700,80902,81105,81308,81512,81715,81919,82123,82328,82533,82738,82943,83148,83354,83560,83766,83995,84245,84519,84815,85134,85454,85775,86096,86419,86743,87068,87393,87720,88048,88376,88706,89036,89368,89700,90034,90368,90704,91040,91378,91716,92052,92387,92714,93032,93338,93632,93909,94174,94426,94661,96310,97952,99620,101279,102971,102513,102348,102479,102891,103586,103991,104384,104778,105174,105389,105308,105201,105107,104991,104890,103818,102428,101343,100262,99167,98065,97256,97132,97291,97101,96232,94992,94026,93005,91614,91800,92297,92433,92529,101474,111023,121210,132087,143700,156105,169119,182758,120366,57013,52465,47121,47870,45529,47684,51369,47515,44281,43336,43032,45309,45520,43764,42650,42848,41064,37663,35348,32832,31126,27872,23553,21116,18878,17019,16096,15730,15437,15098,14647,14084,13641,13416,13508,13832,14581,15825,18011,20737,23888,27153,30394,32969,34244,33698,31822,28865,25021,21154,17557,14647,12818,11832,11341,11085,10880,10537,9668,8820,8235,7794,7389,7069,6772,6484,6248,5968,5691,5297,5773
prt,Portugal,22392,22597,22802,23010,23220,23431,23645,23860,24078,24297,24521,24744,24969,25197,25427,25658,25892,26128,26366,26588,26794,26983,27156,27312,27468,27626,27784,27944,28104,28266,28431,28597,28766,28937,29109,29282,29456,29631,29807,29966,30108,30233,30341,30432,30522,30613,30705,30796,30888,30991,31105,31230,31366,31513,31661,31810,31960,32110,32261,32433,32627,32842,33080,33340,33603,33867,34133,34402,34672,34934,35188,35432,35667,35893,36120,36349,36579,36811,37044,37296,37568,37859,38171,38503,38838,39175,39516,39860,40206,40544,40872,41191,41500,41799,42100,42400,42699,42996,43290,43589,43896,41845,39900,38055,36295,34617,33016,31489,30033,28609,27220,29244,31381,33634,30949,31023,32515,31173,44473,38885,35284,31837,31166,36354,31911,29169,32672,32532,34093,35731,34263,33849,35945,36953,35985,37877,35702,39414,35681,30833,33886,41538,37371,36598,33785,31586,31649,28208,28558,31215,26317,25482,28079,26420,24922,25966,25348,24897,24918,24681,24200,23505,22485,20737,19061,17663,16435,15582,14861,14110,12967,11577,10276,9145,8254,7614,7128,6474,5640,4931,4449,4042,3695,3383,3099,2792,2498,2282,2096,1916,1742,1594,1451,1310,1175,1062,997,958,916,874,835,766,689,624,559,509,471,438,419,401,385,372,349,324,310,310,315,313,306,295,277,255,230
pry,Paraguay,4846,4670,4500,4336,4179,4027,3880,3739,3603,3472,3350,3229,3111,2998,2889,2784,2683,2585,2491,2431,2405,2413,2454,2529,2605,2684,2765,2849,2935,3024,3116,3210,3307,3408,3511,3617,3727,3840,3956,4076,4199,4326,4457,4592,4731,4875,5022,5174,5331,5464,5571,5652,5707,5733,5760,5786,5813,5840,5867,5894,5922,5949,5977,6004,6032,6060,6088,6116,6145,6122,6049,5929,5762,5550,5346,5149,4960,4777,4601,4543,4608,4803,5136,5615,6139,6711,7337,8021,8769,9315,9651,9766,9649,9288,8941,8606,8283,7971,7670,7465,7355,7338,7412,7576,7742,7911,8081,8255,8430,8609,8790,8975,9164,9357,9554,9755,9961,10170,10384,10602,10823,11050,11280,11514,11753,11997,12246,12500,12760,13025,13297,13491,13689,13231,12777,12324,11874,11383,10935,10498,10072,9653,9091,8570,8078,7614,7176,6763,6374,6003,5651,5722,5810,5879,5930,5960,5973,6013,6054,6103,6162,6430,6520,6618,6714,6782,6822,6833,6829,6811,6792,6757,6722,6711,6713,6723,6736,6759,6779,6814,6873,6944,6968,6948,6906,6845,6748,6635,6519,6376,6223,6069,5905,5744,5589,5443,5300,5161,5017,4874,4729,4579,4415,4255,4107,3970,3847,3730,3615,3504,3390,3279,3182,3114,3073,3029,2959,2881,2786,2691,2599,2512,2634
pse,Palestine,3149,3149,3149,3149,3148,3148,3148,3148,3148,3148,3148,3148,3148,3148,3148,3148,3148,3148,3148,3147,3147,3147,3147,3147,3147,3147,3147,3147,3147,3147,3147,3147,3147,3147,3146,3146,3146,3146,3146,3146,3146,3147,3150,3153,3158,3164,3172,3181,3191,3202,3215,3230,3246,3265,3285,3307,3330,3356,3383,3413,3444,3477,3511,3545,3580,3616,3653,3690,3729,3768,3809,3842,3883,3925,3968,4012,4057,4103,4150,4199,4249,4300,4352,4406,4460,4515,4571,4628,4685,4743,4802,4863,4924,4986,5050,5116,5183,5251,5322,5394,5467,5531,5595,5661,5728,5796,5873,5951,6030,6110,6173,6276,6381,6458,6471,6419,6303,6189,6153,6196,6319,6444,6587,6747,6927,7111,7301,7496,7695,7900,8111,8120,8219,8403,8702,8948,9101,9101,9139,9193,9259,9247,9234,9239,9277,9333,9343,9304,9212,9120,8940,9038,9091,9139,9189,9231,9263,9279,9281,9273,9243,9173,9091,8971,8791,8544,8232,7848,7448,7077,6798,6606,6486,6400,6314,6204,5991,5765,5532,5318,5315,5121,4940,4781,4651,4550,4424,4290,4248,4233,4195,4167,4142,4102,4038,3968,3887,3804,3740,3681,3613,3547,3481,3390,3302,3227,3144,3048,2975,2930,2904,2865,2800,2732,2985,2643,2580,2484,2388,2301,2219,2147,2346
qat,Qatar,254,254,254,254,254,254,254,254,254,254,254,254,254,254,254,254,254,254,254,254,254,254,254,254,254,254,254,254,254,254,254,254,254,254,254,254,254,254,254,254,254,254,254,254,254,254,254,254,254,254,254,253,253,253,253,253,253,253,253,252,252,252,252,252,252,252,251,251,251,251,252,253,254,255,256,258,259,261,262,263,265,266,268,269,271,272,274,275,277,278,280,281,283,284,286,287,289,290,292,293,295,296,297,299,300,301,302,303,304,305,307,308,310,311,313,315,317,318,320,322,324,326,328,330,332,334,336,338,340,342,344,346,348,350,352,354,357,359,361,363,365,342,320,300,279,259,240,221,204,189,175,179,180,182,185,187,190,193,197,203,212,210,216,226,235,244,252,257,260,317,328,327,316,305,301,297,295,294,294,294,293,292,290,287,282,273,263,254,247,237,223,205,189,178,169,161,154,147,143,144,146,148,147,144,140,134,131,134,141,147,155,166,174,178,180,179,179,180,180,176,170,152,147
rou,Romania,48114,48476,48841,49208,49578,49951,50326,50705,51086,51470,51860,52250,52643,53039,53438,53839,54244,54652,55063,55477,55894,56315,56739,57165,57596,58029,58465,58905,59349,59795,60245,60698,61155,61615,62079,62546,63016,63490,63968,64449,64934,65423,65915,66411,66910,67414,67921,68432,68947,69457,69962,70451,70935,71413,71894,72878,73875,74886,75910,76950,78002,79070,80152,81247,82360,74168,81442,66610,70171,67157,55653,50155,70196,68124,76769,73271,71166,69399,82266,68370,85466,66170,74886,66195,67750,65071,70505,74829,77612,74936,83260,82955,96916,87104,91604,81633,93877,88300,91674,82296,82408,85074,89909,125452,122146,118928,115794,112743,109771,106801,103834,100873,97928,105980,99122,91267,93544,95880,98287,100953,103897,94990,99470,100835,99260,96118,98448,107510,95924,104098,94140,97517,101473,96500,102194,109125,100554,103516,107710,104574,112673,100147,107761,111702,98652,114725,100386,122676,86818,82259,69155,72720,64267,57437,52174,44081,47259,46537,37019,39927,31872,27508,22581,18519,15923,15064,16196,24346,31521,28895,24440,21176,18884,17436,17523,17799,16869,15925,15308,14739,13976,12882,11523,10322,10116,10589,11516,12514,12633,11954,10574,9097,8153,7541,7102,6726,6343,6057,5709,5245,4861,4584,4390,4311,4224,4067,3766,3415,3248,3142,2904,2578,2348,2158,1997,1895,1787,1690,1578,1458,1360,1281,1310
rus,Russia,430605,430605,430605,430605,430605,430605,430605,430605,430605,430605,430605,430794,431175,431748,432516,433480,434643,436006,437571,439339,441313,443495,445886,448489,451305,454337,457586,461054,464744,468657,472795,477161,481568,486015,490503,495033,499604,504218,508874,513574,518316,523103,527933,532809,537729,542695,547706,552764,557869,563021,568220,573402,578631,583908,589233,594606,600029,605501,607433,609380,611326,613272,615233,617210,619171,621164,623141,625134,775873,720112,655540,729806,792917,710626,717106,734701,774851,731293,851494,721922,826623,735149,885917,843501,761387,816623,757164,788457,777217,862502,924156,868707,989432,819756,869731,924017,915733,876879,949527,824679,873536,951255,910533,890591,834336,986430,907898,831695,909707,932962,1028447,907839,897944,888153,878472,868908,859416,850053,840895,831826,822850,813973,805201,796513,787914,779410,771007,762682,754467,746314,738283,730323,722438,714634,706945,699316,691754,684291,676933,669625,662401,655266,648192,641186,634282,627421,620671,613973,607363,600813,595478,468539,424623,381567,340458,300977,264650,233309,204465,178589,161465,144640,125387,107527,90708,79004,72661,69750,67753,68881,71551,72367,71826,69628,67719,65423,64558,63858,63215,62496,61650,61022,61111,61785,61768,60360,58799,57400,54565,50383,46344,42589,38916,35582,33488,32051,30389,28752,27409,26039,24924,24306,23764,23111,22126,20741,19441,18798,18583,18472,18428,18418,18459,18142,17257,15986,14458,12517,10725,9327,8182,7347,7768
rwa,Rwanda,18758,18758,18758,18758,18758,18758,18758,18758,18758,18758,18758,18758,18758,18758,18758,18758,18758,18758,18758,18820,18945,19133,19386,19705,20029,20359,20694,21035,21381,21733,22091,22454,22824,23199,23581,23969,24364,24765,25172,25587,26008,26436,26871,27313,27763,28219,28684,29156,29636,30029,30334,30551,30676,30709,30741,30774,30806,30839,30871,30904,30937,30970,31002,31035,31068,31101,31134,31167,31200,31233,31266,31299,31332,31365,31398,31432,31465,31498,31532,31584,31655,31746,31856,31985,32115,32245,32376,32508,32640,32706,32708,32644,32516,32323,32130,31937,31742,31545,31345,31130,30898,30651,30389,30112,29833,29552,29269,28983,28696,28431,28187,27966,27767,27591,27417,27242,27069,26898,26725,26654,26684,26817,27052,27390,27733,28079,28430,28784,29144,29501,29856,29757,29652,29629,29515,29399,29279,29162,29132,29034,28956,28897,28863,28940,28920,28636,28355,28078,27802,27592,27446,28324,29018,29713,30367,30939,31484,31325,31106,30871,30606,32202,32127,32128,32224,32513,33062,34040,35508,37342,39368,41426,43654,46371,49481,52673,55620,57700,58231,57328,55389,52973,50821,49364,48455,47619,46905,46527,46267,46559,48073,51293,56021,61798,117235,63589,58939,61334,62913,60696,57388,53680,48946,44169,39873,36087,32704,29797,27133,24841,22785,20865,19566,18565,17879,17350,16996,16744,16558,16305,15940,15638,15091
sau,Saudi Arabia,36635,36716,36798,36880,36962,37044,37127,37210,37292,37376,37459,37542,37626,37710,37794,37878,37962,38047,38132,38217,38302,38387,38473,38559,38645,38732,38818,38905,38992,39079,39167,39254,39342,39430,39518,39606,39695,39784,39873,39962,40051,40141,40230,40320,40410,40501,40591,40682,40773,40864,40955,40926,40897,40867,40837,40807,40776,40745,40714,40682,40650,40618,40585,40552,40519,40485,40451,40416,40381,40346,40310,40274,40238,40201,40164,40127,40089,40051,40013,39974,39935,39895,39855,39814,39774,39733,39691,39649,39607,39564,39521,39478,39434,39389,39344,39296,39244,39188,39126,39094,39092,39118,39174,39258,39336,39407,39472,39530,39580,39644,39723,39816,39925,40052,40177,40303,40428,40553,40826,41102,41379,41657,41937,42219,42502,42787,43074,43363,43652,43944,44238,44532,44828,45127,45427,45728,46033,46337,46644,46953,47263,47575,47889,48205,48521,48841,46479,44330,42091,39996,38028,39430,40012,40625,41230,41842,42453,43079,43751,44431,45179,45343,45576,45923,46396,46839,47280,47863,48422,49067,49259,48336,47578,46802,45983,45678,44579,43139,41612,40137,38728,37357,35986,34573,33130,31640,30111,28495,26891,25318,23768,22279,20878,19571,18327,17151,16089,15163,14343,13620,12963,12265,11490,10707,9942,9254,8842,8644,8374,8033,7715,7395,7044,6655,6255,5851,5467,5181,4973,4784,4617,4350,3997
sdn,Sudan,78292,78396,78499,78603,78707,78811,78915,79020,79124,79229,79336,79453,79582,79723,79877,80043,80222,80413,80617,80833,81062,81305,81560,81828,82109,82403,82710,83031,83365,83713,84074,84448,84825,85202,85582,85963,86346,86731,87118,87506,87896,88287,88681,89076,89473,89871,90272,90674,91078,91484,91892,91998,92104,92208,92312,92415,92517,92618,92719,92818,92916,93013,93110,93205,93299,93393,93485,93576,93667,93756,93844,93906,93992,94077,94161,94243,94325,94405,94484,94562,94639,94715,94789,94862,94934,95005,95075,95143,95210,95275,95340,95403,95464,95525,95582,95632,95673,95703,95718,95718,95701,95666,95617,95550,95468,95368,95251,95117,94967,94802,94626,94433,94240,94043,93845,93647,93444,93241,93428,93618,93805,93992,94178,94365,94554,94740,94925,95111,95297,95484,95669,95284,94893,94502,94113,93716,93318,92915,92514,92108,91701,87971,84350,80835,76488,72371,68472,64780,61286,57977,55145,57013,57604,58306,59123,59916,60668,61371,64779,65489,66235,67014,68162,69587,71149,72823,74575,76443,78200,80009,82006,84172,86182,87853,89548,91761,94390,97168,100392,103949,107640,111488,115505,157790,159274,159526,121588,121742,121082,120108,118835,117422,115856,114016,112127,110434,108762,106844,104891,103166,101555,99966,98144,96038,93727,91644,90741,91020,91480,91887,92106,91615,90234,89208,88601,88213,87655,86872,86237,85393,84074,82570,78807
sen,Senegal,22354,22354,22354,22354,22354,22354,22354,22354,22354,22354,22354,22354,22354,22354,22354,22354,22354,22354,22354,22342,22318,22282,22234,22175,22115,22056,21997,21938,21879,21820,21761,21703,21645,21587,21529,21471,21413,21356,21298,21241,21184,21127,21071,21014,20958,20901,20845,20789,20734,20714,20730,20774,20854,20971,21088,21206,21325,21444,21564,21693,21832,21981,22139,22307,22476,22647,22819,22992,23167,23357,23562,23784,24022,24276,24533,24793,25055,25321,25589,25849,26102,26347,26583,26812,27042,27274,27508,27744,27983,28212,28431,28641,28841,29031,29221,29411,29601,29788,29972,30153,30330,30503,30673,30839,31000,31158,31311,31460,31604,31739,31864,31981,32089,32191,32293,32395,32497,32599,32715,32890,33127,33424,33784,34511,35151,35907,36570,37355,37488,37726,37843,38024,38089,38259,38314,38480,38536,38707,38760,38842,38959,38624,38320,38049,37779,37510,37243,36979,36716,36513,36366,39166,39404,39668,39976,42286,42703,43214,43859,44685,45743,47005,48406,49832,51258,52626,53971,55205,56320,57366,58194,58822,59184,59253,58994,58446,57574,56526,55373,54262,53348,52643,51991,51208,50191,48851,47164,45424,43836,42678,42209,42289,42777,43677,44724,45795,46815,47632,48044,48004,47284,45698,43635,41393,39120,37017,35330,33763,32327,31282,30352,29384,28507,27588,26628,25528,24399,23432,22649,21968,21368,20831,17232
sgp,Singapore,521,521,521,521,521,521,521,521,521,521,521,521,521,521,521,521,521,521,521,523,512,503,498,493,487,498,508,519,530,541,552,564,576,588,600,613,626,639,652,666,680,694,709,724,739,754,770,787,803,820,837,854,871,889,907,926,944,964,983,1003,1024,1044,1065,1087,1109,1132,1155,1178,1202,1229,1260,1294,1332,1375,1418,1463,1509,1557,1606,1656,1709,1763,1818,1876,1935,1996,2059,2124,2191,2261,2332,2406,2483,2561,2643,2726,2813,2901,2992,3092,3200,3318,3445,3584,3727,3875,4029,4188,4353,4502,4636,4753,4852,4933,5015,5098,5183,5269,5358,5474,5620,5766,5942,6150,6365,6588,6818,7057,7304,7528,7729,7373,6765,6575,6766,6515,7208,6639,6983,5739,6528,7463,8544,9796,14821,11597,4468,4422,4181,3756,4562,4853,4968,4919,4725,4196,3916,3799,3682,3463,3156,2836,2563,2375,2238,2074,1916,1737,1527,1358,1236,1160,1112,1025,862,703,636,604,582,591,601,585,549,506,474,466,432,410,436,421,403,371,321,295,275,268,253,241,222,192,192,175,154,147,136,131,129,131,134,135,133,134,140,139,139,142,130,114,105,98,92,87,93
slb,Solomon Islands,1363,1363,1363,1363,1363,1363,1363,1363,1363,1363,1363,1363,1363,1363,1363,1363,1363,1363,1363,1366,1372,1381,1393,1408,1423,1438,1454,1470,1486,1502,1518,1534,1551,1568,1585,1602,1619,1637,1654,1672,1690,1708,1727,1746,1764,1783,1803,1822,1842,1862,1882,1898,1914,1930,1946,1962,1978,1995,2012,2028,2045,2062,2079,2097,2114,2132,2149,2167,2185,2203,2221,2240,2258,2277,2296,2314,2334,2353,2372,2392,2411,2431,2451,2471,2491,2511,2532,2552,2573,2594,2615,2637,2658,2679,2701,2723,2744,2766,2787,2808,2829,2849,2869,2889,2908,2927,2945,2964,2981,2993,2998,2996,2989,2975,2961,2948,2934,2921,2916,2883,2825,2742,2636,2507,2385,2269,2159,2054,1954,1876,1818,1779,1759,1757,1754,1751,1749,1746,1744,1745,1749,1758,1770,1786,1802,1658,1522,1393,1267,1152,1043,974,1015,1034,1047,1052,1044,1028,1005,964,961,944,924,902,880,854,827,798,766,735,705,674,644,615,591,631,544,525,509,496,485,477,472,468,466,464,463,462,462,461,460,458,455,454,454,456,456,455,456,458,459,461,464,467,469,471,474,476,474,472,470,467,465,462,459,453,444,433,423,412,402,393,387
sle,Sierra Leone,15601,15601,15601,15601,15601,15601,15601,15601,15601,15601,15601,15601,15601,15601,15601,15601,15601,15601,15601,15598,15594,15588,15580,15570,15559,15549,15539,15529,15518,15508,15498,15488,15478,15467,15457,15447,15437,15427,15417,15406,15396,15386,15376,15366,15356,15346,15336,15325,15315,15323,15347,15401,15473,15562,15652,15742,15833,15924,16016,16112,16211,16315,16422,16533,16645,16757,16871,16985,17100,17219,17342,17470,17602,17739,17877,18015,18155,18296,18438,18581,18725,18870,19017,19164,19313,19463,19614,19766,19919,20073,20229,20386,20544,20703,20863,21023,21183,21341,21498,21653,21805,21955,22103,22248,22390,22530,22667,22801,22932,23056,23173,23285,23391,23492,23593,23695,23797,23899,23984,24113,24286,24504,24768,25077,25390,25708,26029,26431,26841,27333,27744,28290,28756,29135,29607,29997,30480,30879,31376,31904,32371,32968,33500,34168,34747,35438,35400,35466,36030,36579,37114,38087,37860,37609,37647,37866,38093,36179,36298,42364,36662,35950,30430,37361,42221,42279,42312,42356,42327,42273,42242,42261,42289,42323,42431,42593,42656,42749,42882,43051,43197,43402,43689,44075,44538,45027,45607,46285,46978,47665,48396,49636,50117,49728,49440,48981,48197,47394,46725,45991,45117,44669,45110,45434,45027,44507,43920,42961,41734,40503,39224,37938,36724,35387,34975,35272,31539,30592,29702,28847,27993,27155,25369
slv,El Salvador,4664,4478,4299,4127,3962,3804,3652,3506,3366,3232,3260,3288,3372,3512,3658,3810,3969,4134,4306,4458,4590,4700,4787,4850,4913,4977,5042,5108,5175,5242,5311,5380,5450,5522,5594,5667,5741,5816,5892,5968,6046,6125,6205,6286,6368,6452,6536,6621,6708,6798,6892,7003,7118,7237,7359,7482,7608,7736,7866,7998,8132,8268,8407,8548,8691,8837,8985,9135,9288,9458,9645,9850,10073,10315,10564,10818,11078,11345,11618,11877,12122,12352,12566,12764,12965,13169,13376,13586,13800,14001,14190,14366,14528,14677,14827,14977,15128,15278,15429,15618,15848,16120,16435,16795,17159,17529,17904,18283,18668,19059,19456,19860,20272,20693,21122,21559,22006,22462,22888,23321,23759,24202,24652,25108,25571,26043,26524,27013,27511,27969,28387,27619,26731,25895,25072,24261,23388,22603,21830,21023,20314,19636,18983,18293,17669,17053,16311,15589,14887,14238,13635,15314,17408,15528,16673,16068,13696,17703,21596,21603,23234,23392,23561,23679,23784,23839,23787,23690,23509,23230,22909,22690,22502,22225,21910,21523,21060,20521,19928,19261,21989,17777,16870,15884,14946,14006,13126,12454,11898,11296,10703,10129,9584,9032,8496,7976,7444,6921,6472,6043,5568,5075,4573,4114,3704,3351,3064,2821,2621,2454,2315,2192,2082,1976,1883,1791,1677,1560,1467,1394,1327,1268,1173
smr,San Marino,,,,,,,,,,,,,,,,,,,,,,,,,,,,,,,,,,,,,,,,,,,,,,,,,,,,,,,,,,,,,,,,,,,,,,,,,,,,,,,,,,,,,,,,,,,,,,,,,,,,,,,,,,,,,,,,,,,,,,,,,,,,,,,,,,,,,,,,,,,,,,,,,,,,,,,4,4,4,4,4,4,3,3,3,3,3,3,3,4,4,4,5,3,4,4,5,4,5,3,5,5,6,6,3,6,6,3,2,2,2,3,3,4,3,5,3,3,3,3,2,2,2,2,2,2,2,2,2,1,1,1,1,1,1,1,1,1,1,1,1,1,1,,,,,,
som,Somalia,18801,18809,18817,18825,18834,18842,18850,18858,18866,18874,18882,18895,18914,18938,18968,19003,19043,19089,19141,19198,19261,19387,19514,19769,20027,20289,20554,20822,21094,21369,21648,21931,22218,22508,22802,23099,23401,23706,24016,24330,24647,24969,25295,25625,25960,26299,26642,26990,27343,27626,27841,27982,28053,28051,28049,28047,28045,28043,28041,28040,28038,28036,28034,28032,28030,28028,28026,28024,28022,28026,28036,28050,28071,28097,28123,28150,28176,28202,28228,28255,28281,28307,28334,28360,28387,28413,28440,28466,28493,28531,28580,28641,28714,28798,28882,28964,29045,29122,29196,29265,29331,29392,29448,29499,29546,29588,29626,29659,29687,29705,29714,29715,29707,29693,29679,29665,29650,29636,29623,29657,29739,29868,30046,30272,30499,30728,30959,31191,31424,31647,31857,31612,31349,31071,30788,30501,30208,29912,29613,29350,29122,28929,28769,28640,28503,28359,27530,26793,25986,25305,24586,26072,26302,26527,26767,27028,27307,27616,27938,28277,28651,29152,29429,29842,30292,30718,31190,31674,32193,32742,33329,33951,34599,35285,39850,40224,40777,38124,41199,46836,50947,51321,51478,52602,54075,56049,58150,59848,59462,63210,62143,60854,58936,57377,58110,59592,61027,63021,65370,67907,70440,73044,75792,78492,81140,83778,86080,87348,87756,87562,86817,85992,84758,83348,82601,82063,81557,81007,80885,80448,79977,79723,73955
srb,Serbia,17546,17546,17546,17546,17546,17546,17546,17546,17546,17546,17546,17546,17546,17546,17546,17546,17546,17546,17546,17538,17524,17503,17475,17440,17404,17369,17334,17299,17264,17229,17195,17160,17125,17091,17056,17022,16987,16953,16919,16885,16851,16817,16783,16749,16715,16681,16647,16614,16580,16547,16513,16482,16451,16420,16389,16359,16328,16297,16266,16236,16205,16175,16144,16114,16083,16053,16023,15993,15963,15933,15903,15873,15843,15813,15783,15753,15724,15694,15665,14898,14212,13598,13049,12559,12087,11633,11196,10776,10371,11795,11093,13094,15585,14106,13346,13108,14069,14274,13961,13315,13316,13008,13832,14050,12543,15736,13839,14508,15965,18606,14303,14417,14546,14692,14839,14988,15138,15290,15442,15595,15749,15905,16062,16221,16381,16544,16707,16872,17039,17208,17377,17550,17724,17898,18075,18254,18435,18617,18802,18988,19176,19365,19556,19750,19945,20142,20342,20543,20746,20908,21027,19633,19014,19186,18185,17048,15547,14037,13091,12691,12467,12240,11495,10886,10329,9893,9423,8784,8229,7728,7132,6458,6161,6015,5767,5579,5412,5191,4961,4739,4577,4321,4386,4509,4295,4117,3846,3651,3438,3086,2748,2526,2297,2117,1954,1774,1579,1366,1093,922,921,944,923,852,747,647,580,542,535,532,528,520,506,487,466,449,430,415,404,395,386,374,376
ssd,South Sudan,20106,20133,20159,20186,20213,20239,20266,20293,20320,20347,20374,20404,20437,20474,20513,20556,20602,20651,20703,20759,20818,20880,20945,21014,21086,21162,21241,21323,21409,21498,21591,21687,21784,21881,21978,22076,22175,22273,22373,22472,22572,22673,22774,22876,22977,23080,23183,23286,23390,23494,23599,23815,24032,24251,24471,24693,24916,25141,25367,25595,25824,26055,26287,26521,26757,26994,27232,27473,27714,27958,28203,28442,28690,28940,29192,29445,29700,29957,30215,30475,30737,31000,31265,31532,31801,32071,32344,32618,32894,33171,33451,33732,34015,34300,34586,34872,35157,35440,35720,35997,36269,36389,36508,36627,36746,36865,36984,37102,37221,37339,37457,37571,37690,37808,37925,38043,38160,38277,38259,38239,38221,38201,38183,38164,38145,38126,38107,38088,38070,38051,38032,38013,37994,37976,37957,37938,37918,37900,37881,37862,37844,37825,37807,37788,37769,37750,37732,37713,37694,37676,37864,37421,38308,39247,40186,40907,41546,42284,42891,43461,44054,44656,45309,45727,46437,47204,47447,47830,48306,48631,48921,49478,50106,50519,50912,51165,51402,51549,51913,52194,52464,52799,53203,58957,60880,62981,64761,65944,66508,66271,65194,64283,63664,62592,61513,60681,59928,58865,57316,55644,54154,52726,51272,49431,47374,45338,43323,41686,40656,40060,39465,39517,40063,40819,41736,41430,40437,38707,35652,33058,31854,31312,27961
stp,Sao Tome and Principe,413,412,410,408,406,404,403,401,399,398,396,394,392,391,389,387,386,384,382,381,381,381,381,382,383,384,386,387,388,389,390,391,392,393,394,395,396,397,398,400,401,402,403,404,405,406,407,408,410,411,412,413,414,415,416,418,419,420,421,422,423,425,426,427,428,429,430,432,433,434,435,436,438,439,440,441,442,444,445,446,447,449,450,451,452,454,455,456,457,459,460,461,462,464,465,466,467,469,470,474,482,493,507,525,543,563,582,603,624,640,650,656,655,649,643,637,631,625,619,614,611,610,610,612,613,615,616,618,620,621,621,621,620,618,616,615,613,611,610,608,605,602,599,595,591,587,584,580,576,573,572,610,600,584,570,559,524,491,458,424,385,470,562,614,654,676,615,470,495,465,245,252,260,268,276,285,295,307,319,332,345,360,373,387,403,419,490,453,471,489,507,521,531,537,537,532,522,508,492,474,454,434,412,389,366,343,321,299,279,259,241,224,207,190,172,156,141,127,116,108,101,97,101
sur,Suriname,1168,1168,1168,1168,1168,1168,1168,1168,1168,1168,1168,1168,1168,1168,1168,1168,1168,1168,1168,1168,1169,1170,1172,1174,1176,1178,1180,1182,1185,1187,1189,1191,1193,1195,1197,1200,1202,1204,1206,1208,1211,1213,1215,1217,1219,1222,1224,1226,1228,1230,1233,1235,1238,1241,1243,1246,1248,1251,1254,1256,1259,1262,1265,1267,1270,1273,1275,1278,1281,1283,1286,1289,1292,1294,1297,1300,1303,1305,1308,1311,1314,1317,1319,1322,1325,1328,1331,1333,1336,1339,1342,1345,1348,1351,1353,1356,1359,1361,1364,1366,1368,1370,1371,1372,1373,1374,1375,1375,1375,1385,1404,1434,1474,1524,1577,1631,1687,1745,1804,1856,1900,1936,1963,1981,2000,2018,1981,1949,1912,1877,1845,1777,1705,1638,1576,1510,1445,1386,1322,1258,1194,1134,1070,1007,949,889,831,774,723,673,627,682,685,687,689,691,692,692,692,690,688,686,700,703,691,692,695,696,695,689,677,650,433,411,389,369,380,344,388,265,304,290,410,429,419,421,343,228,599,584,568,548,526,502,476,452,431,411,392,376,361,350,339,328,318,307,297,287,277,268,260,252,245,238,231,225,219,213,207,201,196,190,198
svk,Slovak Republic,19244,19244,19244,19244,19244,19244,19244,19244,19244,19244,19244,19244,19244,19244,19244,19244,19244,19244,19244,19259,19287,19330,19388,19459,19532,19604,19677,19750,19823,19896,19970,20044,20119,20193,20268,20343,20419,20494,20570,20647,20723,20800,20877,20955,21032,21110,21189,21267,21346,21425,21505,21580,21655,21731,21807,21883,21960,22036,22113,22191,22268,22346,22424,22503,22581,22660,22740,22819,22899,22979,23059,23140,23221,23302,23383,23465,23547,23629,23712,23795,23878,23962,24045,24129,24214,24298,24383,24468,24554,24640,24726,24812,24899,24986,25073,25158,24998,24833,24668,24499,24325,24148,23968,23784,23596,23407,23213,23014,22816,22613,22408,22203,21998,21791,21586,21382,21178,20973,20776,20579,20381,20185,19769,19285,18876,18472,18001,17602,17210,16751,16363,16048,15800,15488,15177,14868,14625,14318,13952,13589,13228,13165,13101,13039,12976,12914,12853,12791,12730,12696,12690,13077,9680,8339,6772,6060,5554,6188,4772,4149,3573,3366,3008,3165,3109,3402,3087,2733,2517,2802,2862,2786,2925,3132,3041,3139,3239,2882,2948,2648,2378,1998,1894,1803,1710,1620,1545,1430,1337,1250,1177,1118,1042,967,879,780,711,663,619,577,543,504,470,454,447,441,428,416,414,421,419,409,388,367,356,349,346,345,340,333,324,312,312
svn,Slovenia,3847,3847,3847,3847,3847,3847,3847,3847,3847,3847,3847,3847,3847,3847,3847,3847,3847,3847,3847,3854,3868,3888,3915,3950,3985,4020,4055,4091,4127,4163,4200,4237,4274,4312,4350,4388,4427,4466,4505,4545,4585,4625,4666,4707,4748,4790,4832,4875,4918,4961,5005,5049,5094,5139,5185,5231,5277,5324,5372,5419,5467,5516,5565,5614,5664,5715,5765,5817,5868,5920,5973,6026,6080,6134,6188,6243,6298,6354,6411,6468,6525,6583,6642,6701,6760,6820,6881,6942,7004,7066,7129,7192,7256,7320,7385,7450,7515,7580,7644,7708,7771,7833,7895,7955,8015,8074,8133,8190,8247,8302,8357,8412,8467,8521,8576,8632,8687,8743,8799,8855,8911,8708,8478,8278,8079,7882,7659,7464,7271,7052,6861,6657,6455,6229,6030,5833,5614,5421,5229,5039,4829,4643,4459,4256,4076,3899,3724,3531,3360,3191,3003,2937,2682,2574,2363,2273,2128,1966,1724,1625,1556,1436,1394,1319,1258,1205,1167,1106,1036,969,897,850,819,807,752,745,711,712,667,629,599,541,499,457,419,382,353,324,299,269,240,216,193,173,159,145,133,122,112,104,99,93,87,82,78,76,74,73,74,74,71,69,66,62,59,56,53,51,49,46,44,42,31
swe,Sweden,15832,13601,11653,11293,11096,10814,13475,11224,14037,14630,13871,13048,12609,12348,12265,11331,11365,11554,11369,12476,11180,13201,10714,9619,10040,10305,11071,10461,13187,14315,12161,13290,12439,11976,12479,9962,11298,14160,12944,12958,11471,11584,12841,12454,12234,11740,13788,15070,11968,12925,12536,13497,14691,15261,13154,13678,15018,19117,15451,14601,12482,13894,17169,15435,15484,15452,14836,14211,16976,18629,15274,12827,13180,14052,16520,16868,17380,16839,16929,14819,15459,14869,15847,15205,14882,15159,14323,13605,12664,12864,14142,14329,13783,13539,13194,12093,12942,12388,11804,14514,13206,13459,11692,12026,11106,11579,10416,9984,10936,9317,9820,9519,9546,9051,9468,9915,9635,8890,10202,10169,9543,8306,7932,7313,8080,7327,7269,7903,7949,7440,7087,7339,6665,6352,6241,6145,6095,6262,5855,5406,5144,5240,4289,4339,4769,4457,3792,3659,3393,3391,3160,2854,2633,2507,2358,2299,2255,2202,2138,2077,2010,1963,1945,1939,1966,1954,1891,1816,1696,1559,1481,1448,1387,1291,1210,1118,1011,931,869,833,814,782,747,725,720,731,748,762,787,810,819,800,747,677,599,523,459,413,386,372,367,367,369,372,368,360,354,350,344,341,342,338,332,331,331,329,326,320,310,301,289,279,274
swz,Eswatini,1575,1567,1559,1550,1542,1534,1526,1518,1510,1502,1495,1487,1479,1471,1464,1456,1448,1441,1433,1426,1418,1411,1403,1396,1389,1381,1374,1367,1360,1353,1346,1339,1332,1325,1318,1311,1304,1297,1290,1284,1277,1270,1264,1257,1250,1244,1237,1231,1224,1222,1223,1228,1236,1249,1261,1274,1287,1300,1313,1326,1339,1353,1366,1380,1394,1408,1422,1436,1451,1465,1480,1495,1510,1525,1540,1556,1572,1587,1603,1619,1636,1652,1669,1685,1702,1720,1737,1754,1772,1790,1808,1826,1844,1863,1881,1900,1919,1938,1956,1978,2001,2027,2056,2087,2118,2150,2182,2213,2245,2277,2308,2339,2370,2401,2432,2464,2496,2528,2561,2597,2637,2680,2727,2777,2829,2881,2934,2989,3044,3100,3156,3210,3265,3321,3377,3435,3493,3552,3612,3673,3733,3639,3547,3456,3368,3282,3198,3117,3037,2963,2893,2936,2948,2954,2965,3201,3214,3230,3250,3269,3287,3304,3321,3343,3357,3367,3388,3402,3419,3448,3472,3487,3484,3461,3447,3429,3395,3348,3296,3236,3177,3103,3006,3224,2794,2691,2580,2475,2386,2342,2306,2302,2385,2530,2720,2871,3026,3221,3385,3531,3678,3787,3844,3906,3951,3975,3649,3517,3500,3321,2956,2524,2304,2209,2192,2049,1938,1953,1810,1697,1650,1526,1417
syc,Seychelles,170,169,167,166,164,163,161,160,158,157,156,154,153,152,150,149,148,146,145,144,143,142,141,140,139,139,138,137,136,136,135,134,134,133,132,131,131,130,129,129,128,127,127,126,125,125,124,123,123,122,121,121,120,120,119,119,118,118,117,117,117,116,116,115,115,114,114,113,113,112,112,111,111,111,110,110,109,109,108,108,107,107,107,106,106,105,105,104,104,104,104,104,105,106,107,108,109,110,111,113,114,115,116,118,119,120,122,123,125,126,127,127,128,128,128,128,128,128,128,128,128,128,128,127,127,127,127,127,127,127,127,128,128,129,130,131,132,133,134,135,135,135,134,133,132,131,130,129,128,128,128,137,140,141,143,147,148,150,153,155,159,163,165,168,169,169,166,162,156,147,138,128,119,110,102,95,83,71,65,60,54,50,42,37,36,34,32,30,29,28,26,26,25,24,24,23,22,21,20,20,20,20,20,20,20,21,22,22,23,24,23,24,25,24,24,24,25,25,25,25,24,23,22
syr,Syria,22709,22786,22862,22940,23017,23094,23172,23250,23329,23407,23486,23566,23645,23725,23805,23885,23965,24046,24127,24208,24290,24372,24454,24536,24619,24702,24785,24869,24953,25037,25121,25206,25291,25376,25462,25548,25634,25720,25807,25894,25981,26069,26157,26245,26333,26422,26511,26600,26690,26780,26870,26949,27027,27106,27184,27264,27343,27422,27502,27582,27662,27743,27824,27904,27986,28067,28148,28230,28312,28395,28477,28560,28643,28726,28810,28893,28977,29061,29146,29230,29315,29400,29486,29571,29657,29743,29829,29916,30003,30090,30177,30265,30352,30440,30528,30614,30698,30778,30856,30989,31179,31426,31731,32095,32458,32820,33181,33539,33897,34260,34631,35009,35396,35793,36195,36600,37010,37424,37861,38302,38748,39200,39656,40117,40584,41056,41532,42015,42502,42995,43493,43767,44041,44314,44588,44863,43636,42426,41232,40053,38888,38959,39027,39095,39162,39227,39291,39355,39416,39575,39830,40514,40671,40823,39646,38557,37471,36338,37049,35947,34962,34016,33288,32724,32227,31849,31442,31019,30497,29995,29477,28814,28107,27439,26778,26173,25563,24956,24269,23485,22689,24274,27535,20252,19650,19104,18632,18144,17574,16922,16297,15642,15013,14556,14142,13655,13115,12577,12097,11698,11345,11162,11054,10937,10882,10903,10956,11328,12045,12270,12118,12790,23494,27846,26488,20508,17306,9067,8631,8205,8771,9057,8794
tcd,Chad,23073,23175,23278,23382,23486,23590,23695,23800,23906,24012,24120,24227,24334,24443,24551,24660,24770,24880,24991,25102,25213,25325,25438,25551,25665,25779,25893,26008,26124,26240,26357,26474,26592,26710,26829,26948,27068,27188,27309,27430,27552,27675,27798,27921,28045,28170,28295,28421,28547,28654,28742,28822,28882,28923,28963,29004,29045,29086,29127,29168,29209,29250,29291,29332,29373,29415,29456,29497,29539,29586,29640,29699,29765,29836,29908,29980,30052,30124,30197,30269,30342,30415,30488,30561,30635,30708,30782,30856,30930,30942,30893,30782,30610,30377,30146,29914,29682,29449,29214,28998,28804,28629,28473,28337,28198,28054,27907,27755,27601,27443,27283,27122,26961,26798,26638,26478,26318,26160,25992,25912,25922,26019,26206,26481,26759,27040,27324,27610,27900,28186,28470,28753,29033,29311,29591,29872,30157,30445,30734,31052,31398,31772,32176,32610,33048,33493,33019,32444,31970,31519,30993,33963,34212,34479,34775,35067,35347,35629,35923,36219,36523,36852,37167,37472,37791,38322,38395,38698,38968,39364,39876,41015,41437,42987,43646,44270,44852,48523,49005,49391,49903,49322,48644,50367,52540,52946,53282,54925,56770,58260,59807,61189,63157,65467,66294,66868,68967,70783,71782,72789,73814,74659,75134,75558,76648,78171,79246,80044,80650,81022,81381,81504,81603,81595,81588,81283,80512,79387,78486,77923,77198,76471,73599
tgo,Togo,7929,7929,7929,7929,7929,7929,7929,7929,7929,7929,7929,7929,7929,7929,7929,7929,7929,7929,7929,7936,7949,7969,7997,8031,8065,8099,8134,8168,8203,8238,8273,8308,8343,8379,8415,8450,8486,8523,8559,8595,8632,8668,8705,8742,8780,8817,8855,8892,8930,8971,9016,9070,9128,9190,9252,9315,9378,9441,9505,9569,9633,9698,9764,9830,9896,9963,10030,10098,10166,10241,10322,10411,10506,10608,10712,10816,10921,11028,11135,11239,11340,11436,11529,11619,11708,11799,11890,11982,12075,12168,12263,12357,12453,12549,12646,12743,12839,12935,13030,13124,13216,13306,13396,13483,13569,13654,13737,13817,13897,13977,14059,14144,14231,14320,14410,14501,14592,14684,14765,14868,14993,15139,15308,15499,15693,15889,16087,16288,16491,16694,16895,16983,17066,17146,17225,17304,17382,17460,17537,17628,17733,17574,17429,17297,17166,17035,16904,16772,16642,16507,16369,16657,16865,17041,17205,18783,18950,19117,19268,19421,19587,19744,19920,20104,20248,20405,20625,20902,21217,21604,22014,22351,22639,22827,22956,23008,23023,22992,22874,22703,22534,22403,22318,22286,22319,22385,22474,22620,22758,22887,23027,23197,23326,23400,22918,22470,22459,22351,22219,22184,22157,22079,21967,21803,21560,21348,21233,21220,21174,21079,20986,20747,20334,19912,19505,19095,18730,18376,17977,17619,17278,16919,16668
tha,Thailand,50272,51394,52541,53714,54913,56139,57392,58672,59982,61321,62720,64120,65551,67014,68510,70039,71602,73200,74834,76215,77336,78191,78773,79073,79375,79678,79983,80288,80595,80902,81211,81521,81832,82145,82459,82773,83089,83407,83725,84045,84366,84688,85011,85336,85662,85989,86317,86646,86977,87330,87703,88137,88593,89071,89552,90035,90522,91010,91502,91996,92492,92992,93494,93998,94506,95016,95528,96044,96562,97128,97740,98401,99111,99870,100635,101406,102182,102965,103753,104547,105348,106155,106967,107786,108612,109443,110281,111125,111976,112881,113842,114859,115933,117066,118207,119350,120497,121643,122784,123999,125291,126660,128110,129638,131165,132689,134209,135724,137233,138855,140591,142448,144435,146557,148713,150896,153110,155356,157568,160038,162775,165786,169080,172669,176329,180066,183880,187775,191750,195768,199829,195210,190556,185868,180577,175870,171119,166352,169559,172934,182585,180365,178285,176333,174396,172489,170595,168726,166878,165263,163862,164490,164319,164252,163693,170944,169664,168257,166571,164920,163187,161619,160176,158516,156337,153586,150179,146270,141722,136515,130719,124596,118386,111989,105527,99161,92912,86830,81477,76997,73548,70144,66010,61750,57835,54318,51074,47949,44946,42502,40269,38061,36103,34149,32083,29951,28062,26299,24124,21598,19427,17904,16713,15749,14940,14262,13571,12872,12269,11623,11032,10573,10086,9480,8843,8228,7644,7112,6624,6162,5761,5429,5288
tjk,Tajikistan,5905,5892,5879,5866,5853,5840,5827,5814,5801,5788,5776,5763,5750,5737,5725,5712,5699,5687,5674,5672,5680,5699,5728,5768,5808,5849,5889,5930,5971,6013,6055,6097,6139,6182,6225,6268,6311,6355,6399,6444,6488,6534,6579,6625,6671,6717,6764,6811,6858,6906,6954,7001,7048,7096,7143,7192,7240,7289,7339,7388,7438,7488,7539,7590,7641,7693,7745,7798,7850,7903,7957,8010,8065,8119,8174,8229,8285,8341,8397,8454,8511,8569,8627,8685,8743,8803,8862,8922,8982,9043,9104,9166,9228,9290,9353,9416,9480,9544,9608,9673,9739,9804,9871,9937,10004,10072,10140,10209,10278,10347,10417,10488,10559,10630,10702,10774,10847,10920,10996,11072,11149,11227,11305,11383,11462,11542,11622,11703,11784,11866,11948,12060,12014,11969,11923,11878,11833,11788,11743,11699,11654,11610,11565,11521,11477,11433,11389,11345,11301,11307,11364,11980,12798,13664,14471,15231,15957,16653,17312,17914,18433,18822,19053,19135,19093,18974,18833,18719,18658,18649,18647,18587,18452,18122,17920,17852,17892,18877,19186,19687,20207,20745,21229,21636,21898,21918,21827,21711,21690,21982,22577,23487,24453,24985,24964,24421,23077,21441,19966,18355,16718,15309,14037,12785,11725,10920,10306,9918,9739,9739,9795,9826,9790,9789,9808,9771,9584,9225,8934,8770,8508,8189,6936
tkm,Turkmenistan,5931,5928,5925,5921,5918,5915,5912,5909,5906,5903,5900,5897,5894,5891,5887,5884,5881,5878,5875,5883,5901,5931,5972,6023,6075,6128,6181,6234,6288,6343,6398,6453,6509,6565,6622,6679,6737,6795,6854,6913,6973,7033,7094,7155,7217,7280,7343,7406,7470,7535,7600,7665,7731,7797,7864,7931,7999,8068,8137,8206,8277,8347,8419,8491,8564,8637,8711,8786,8861,8937,9013,9091,9168,9247,9326,9406,9487,9568,9650,9732,9816,9900,9985,10070,10156,10243,10331,10420,10509,10599,10690,10781,10874,10967,11061,11155,11251,11347,11444,11543,11641,11571,11502,11433,11364,11296,11228,11161,11094,11028,10961,10896,10830,10765,10701,10637,10573,10509,10447,10385,10324,10263,10202,10142,10082,10022,9963,9904,9845,9787,9729,9792,9783,9772,9760,9747,9732,9716,9699,9681,9661,9641,9619,9596,9572,9547,9521,9495,9467,9474,9516,9914,10175,10543,10920,11325,11765,12234,12706,13140,13491,13723,13814,13761,13581,13307,12982,12653,12363,12137,11984,11896,11809,11754,11763,11768,11775,11776,11582,11409,11285,11182,11289,11202,11162,11160,11177,11104,10911,10637,10308,10092,10064,10105,10059,9899,9611,9216,8729,8194,7647,7080,6532,6114,5801,5572,5423,5332,5314,5378,5515,5693,5873,6053,6197,6308,6370,6368,6288,6133,5943,5728,5073
tls,Timor-Leste,2464,2465,2466,2466,2467,2468,2469,2470,2470,2471,2472,2473,2473,2474,2475,2476,2477,2477,2478,2486,2500,2520,2548,2582,2617,2653,2689,2725,2762,2800,2838,2876,2915,2954,2994,3035,3076,3118,3160,3203,3246,3290,3335,3380,3426,3472,3519,3567,3615,3664,3714,3760,3807,3855,3903,3951,4001,4050,4101,4152,4204,4256,4309,4363,4417,4472,4528,4584,4641,4699,4757,4817,4877,4937,4999,5061,5124,5188,5252,5310,5360,5404,5440,5469,5498,5528,5557,5587,5616,5648,5683,5720,5759,5802,5844,5886,5930,5973,6016,6060,6103,6131,6159,6186,6214,6242,6270,6298,6326,6351,6374,6395,6413,6428,6443,6459,6474,6490,6513,6551,6604,6674,6759,6860,6963,7068,7174,7282,7391,7469,7515,7524,7502,7447,7392,7338,7285,7231,7178,7129,7084,7043,7006,6972,6939,6906,6873,6840,6807,6798,6814,5984,5988,5981,5969,5953,5934,5909,5876,5843,5810,5771,5721,5659,5585,5490,5392,5269,5145,5019,4926,4894,4952,5085,5014,5058,5136,5072,5001,4983,5091,5402,5699,5875,4653,6062,2836,5939,3948,5669,5365,5232,5082,4915,4742,4575,4405,4235,4073,3917,3767,3631,3511,3375,3225,3073,2923,2782,2652,2541,2438,2350,2271,2200,2131,2056,1977,1899,1826,1757,1701,1653,1231
ton,Tonga,348,345,342,340,337,334,331,329,326,323,321,318,316,313,311,308,306,303,301,298,296,294,291,289,287,284,282,280,278,275,273,271,269,267,264,262,260,258,256,254,252,250,248,246,244,242,240,238,237,235,233,232,230,229,228,226,225,224,222,221,220,218,217,216,215,213,212,211,210,208,207,206,205,204,202,201,200,199,198,197,195,194,193,192,191,190,189,188,186,185,184,183,182,181,180,179,178,177,176,175,175,175,176,177,178,180,181,182,183,184,185,186,186,186,186,186,187,187,187,187,188,189,190,191,192,194,195,196,198,199,201,202,204,206,207,209,211,212,214,216,219,223,227,232,237,243,248,254,259,265,271,278,283,289,286,284,282,279,276,271,266,256,246,235,225,214,203,193,188,173,159,146,135,126,120,114,110,107,105,102,100,98,95,92,89,85,81,77,73,70,68,65,64,62,60,58,56,54,53,52,50,48,48,47,47,46,44,43,42,40,39,38,37,36,35,34,33,32,30,29,28,27,26
tto,Trinidad and Tobago,305,322,340,359,380,401,424,448,473,500,530,559,591,624,660,697,736,778,822,860,891,915,932,941,950,959,969,978,987,997,975,954,933,915,894,873,882,890,899,907,916,925,934,943,952,961,970,980,989,1001,1016,1033,1053,1076,1100,1124,1148,1173,1199,1226,1253,1281,1311,1341,1372,1404,1436,1469,1503,1541,1583,1629,1679,1735,1792,1851,1912,1975,2040,2104,2166,2227,2286,2343,2401,2461,2522,2585,2649,2713,2777,2839,2901,2963,3026,3089,3154,3220,3287,3355,3425,3495,3567,3640,3713,3788,3864,3940,4017,3936,3853,3768,3681,3592,3506,3422,3340,3259,3180,3679,4208,3345,3338,3098,2940,3237,3506,2889,3132,3123,3122,3646,2640,3337,3256,2433,2402,3155,2492,2721,2834,2991,3402,2577,2199,2390,2274,2401,2242,2482,2384,2369,2760,2375,2266,2226,2175,1963,2133,2105,2081,2049,2002,1933,1849,1755,1655,1560,1490,1418,1363,1359,1375,1371,1341,1307,1286,1276,1275,1281,1283,1280,1265,1230,1181,1136,1094,1034,964,893,827,773,733,695,659,628,603,586,574,571,569,565,559,551,542,531,525,519,509,493,477,464,449,431,413,394,375,357,339,327,311,294,286
tun,Tunisia,14468,14533,14598,14664,14730,14796,14862,14929,14996,15063,15131,15199,15268,15336,15405,15474,15544,15614,15684,15765,15859,15964,16081,16210,16341,16472,16604,16738,16873,17008,17145,17283,17422,17562,17703,17845,17989,18134,18279,18426,18575,18724,18874,19026,19179,19333,19489,19646,19803,19971,20148,20344,20550,20766,20984,21205,21428,21653,21881,22111,22344,22579,22817,23057,23299,23544,23792,24042,24295,24550,24809,25069,25333,25600,25869,26141,26416,26693,26974,27258,27544,27834,28127,28423,28721,29023,29329,29637,29949,30261,30575,30890,31206,31523,31842,32164,32485,32807,33127,33489,33895,34344,34839,35379,35921,36467,37014,37565,38116,38583,38963,39257,39465,39585,39706,39826,39947,40068,40173,40326,40529,40781,41084,41437,41539,41521,41625,41600,41700,41734,41948,41837,41648,41641,41500,41481,41327,41301,41143,41083,40868,40759,40496,40333,39541,38873,38089,37427,36648,36022,35307,36062,36644,37166,37746,38277,42866,43092,37881,37695,37020,36694,48061,30062,44988,29170,42295,43699,41592,39502,37427,35448,33634,32093,30626,29216,27815,26285,24544,22865,21376,20250,19317,18382,17545,16773,16002,15128,14163,13193,12416,11764,11060,10319,9550,8704,7848,7037,6296,5633,5108,4709,4380,4144,3965,3815,3684,3587,3530,3512,3540,3620,3697,3741,3764,3769,3754,3723,3655,3549,3422,3281,3085
tur,Turkey,147063,147286,147509,147733,147956,148181,148405,148630,148855,149081,149313,149551,149802,150064,150339,150627,150927,151239,151564,151902,152252,152493,152734,153216,153699,154184,154671,155159,155649,156140,156633,157127,157623,158120,158619,159120,159622,160126,160631,161138,161647,162157,162668,163182,163697,164213,164732,165252,165773,166296,166821,167362,167905,168449,168995,169543,170093,170644,171198,171753,172310,172868,173429,173991,174555,175121,175689,176259,176830,177506,178287,179174,180168,181270,182380,183495,184618,185748,186884,188028,189178,190335,191500,192672,193850,195036,196230,197430,198638,199853,201076,202306,203544,204790,206037,207281,208516,209737,210942,212116,213261,214379,215475,216535,217572,218572,219548,220486,221398,221667,221303,220311,218714,216517,214341,212186,210051,207931,205819,204337,203480,203242,203621,204603,205596,206591,207590,208593,209593,211051,212967,210740,209557,208065,207156,205517,203806,202669,206641,210505,214260,217921,222128,210757,204607,198517,192489,186517,180600,175177,170201,179972,260315,296941,205585,280659,288327,218020,296825,289020,210827,278895,198585,268848,223734,254702,266914,274797,280941,265910,234543,235418,235486,228917,220982,210571,208252,204748,194602,185850,176498,167862,159210,150739,143070,135588,128177,120941,113966,107502,100556,94113,88022,82616,78343,73840,69833,65654,60896,56167,51282,47729,43307,38249,35218,33080,31127,29021,26896,25004,23250,21740,20570,19637,18940,18209,17281,16195,14798,13300,12089,11170,11152
tuv,Tuvalu,,,,,,,,,,,,,,,,,,,,,,,,,,,,,,,,,,,,,,,,,,,,,,,,,,,,,,,,,,,,,,,,,,,,,,,,,,,,,,,,,,,,,,,,,,,,,,,,,,,,,,,,,,,,,,,,,,,,,,,,,,,,,,,,,,,,,,,,,,,,,,,,,,,,,,,50,50,49,48,46,44,42,39,36,37,34,31,28,25,22,20,18,17,17,17,17,16,15,15,14,13,13,13,13,14,14,15,15,15,16,16,16,16,16,16,16,16,16,15,15,14,14,13,12,11,11,10,10,9,9,9,8,8,8,7,7,7,7,7,7,6,6,6,6,6,6,6,5
tza,Tanzania,52178,52196,52213,52230,52247,52264,52281,52299,52316,52333,52350,52367,52385,52402,52419,52436,52453,52471,52488,52712,53146,53795,54664,55757,56871,58007,59167,60349,61555,62785,64040,65320,66626,67957,69315,70701,72114,73555,75025,76524,78054,79613,81205,82827,84483,86171,87893,89650,91442,92870,93928,94600,94888,94784,94680,94577,94473,94370,94267,94163,94060,93957,93855,93752,93649,93547,93444,93342,93240,93138,93036,92934,92832,92731,92629,92528,92427,92325,92224,92179,92188,92253,92374,92550,92726,92903,93080,93257,93435,93425,93229,92849,92284,91537,90794,90051,89309,88563,87812,87122,86494,85925,85417,84966,84506,84033,83551,83059,82555,82108,81720,81393,81128,80924,80722,80521,80317,80116,79922,79965,80251,80780,81552,82573,83603,84649,85706,86774,87857,88935,90006,90864,91712,92546,93388,94238,95090,95953,96820,97776,98818,99948,97814,95796,93823,91888,89992,88134,86315,84704,83286,85755,87786,89830,91946,94283,96789,105032,107599,110175,112920,115705,118415,121035,123491,125787,127771,129620,131588,133866,136342,139026,141590,143967,146522,148703,150219,151742,153483,155424,158056,161407,165501,169955,173928,177006,179144,180653,182035,183156,184190,185588,187237,188533,190261,192721,194356,193346,190412,185879,179902,173232,166008,159125,153445,148573,144290,139055,134556,129524,125450,120912,116967,114714,113385,113211,111905,111027,109521,108822,107820,105694,98306
uga,Uganda,66604,66028,65457,64891,64330,63774,63222,62675,62133,61596,61068,60540,60017,59498,58983,58473,57968,57466,56970,56702,56666,56860,57286,57944,58609,59283,59964,60653,61350,62055,62767,63489,64218,64956,65702,66457,67220,67993,68774,69564,70363,71172,71989,72816,73653,74499,75355,76221,77097,77864,78522,79061,79487,79797,80109,80422,80736,81051,81368,81686,82005,82325,82647,82970,83294,83619,83946,84274,84603,84951,85317,85702,86105,86528,86952,87379,87807,88238,88671,89106,89543,89983,90424,90868,91314,91762,92212,92664,93119,93463,93696,93817,93827,93725,93618,93509,93392,93266,93128,92845,92419,91852,91145,90301,89451,88594,87733,86865,85991,85215,84540,83963,83489,83114,82740,82368,81996,81626,81265,81213,81470,82040,82924,84870,86876,88659,90739,92870,93386,94123,94526,94506,94153,94022,93604,93454,93030,92880,92442,92070,91781,91549,91380,91279,91173,87602,84168,80865,77686,74777,72114,72502,72629,72841,73170,73329,73521,73658,73844,74212,78849,79088,79648,80399,81239,82294,83551,85111,86921,88920,91375,94334,97681,101268,105402,110348,115789,121361,126756,131757,136151,138166,138208,137410,137210,138561,141375,145223,149216,152459,154932,156588,158032,159805,161970,164853,166794,167803,167527,165921,163206,159044,153605,147158,140171,133027,126045,119599,113552,108446,103318,98482,93151,88428,84682,81122,77354,74939,72980,71323,69974,69025,69265
ukr,Ukraine,86999,86999,86999,86999,86999,86999,86999,86999,86999,86999,86999,86999,86999,86999,86999,86999,86999,86999,86999,87158,87479,87963,88610,89423,90244,91072,91908,92751,93602,94461,95328,96203,97086,97977,98876,99783,100699,101623,102555,103497,104446,105405,106372,107348,108333,109327,110331,111343,112365,113396,114437,115505,116583,117672,118771,119879,120999,122128,123269,124419,125581,126754,127937,129131,130337,131554,132782,134022,135273,136536,137811,139097,140396,141707,143030,144365,145713,147073,148446,149832,151231,152643,154068,155506,156958,158423,159902,161395,162902,164423,165958,167507,169071,170649,172237,173831,175429,177018,178601,180174,181724,183263,184784,186291,187778,189246,190698,192128,193541,194931,196313,197688,199065,200439,201822,203213,204618,206026,207410,208808,210208,200131,189629,180004,170589,161342,151686,151531,151366,150593,150405,150207,149424,149222,149004,148184,147963,147739,146890,146642,148833,348033,411498,432230,315042,258574,122026,187197,108794,94381,76279,75697,70893,66378,62331,58550,55240,52885,50500,51929,45975,43930,40886,38155,34851,31301,29468,25856,22276,19058,17753,15481,17032,16602,17739,18538,20246,19804,19517,19435,19127,18721,18661,18640,17949,17061,16428,15754,15003,14025,13123,12739,12524,12171,11656,10838,10014,9350,8631,7831,7178,6717,6426,6317,6264,6145,6128,6181,6231,6196,5889,5596,5437,5207,4904,4634,4346,3969,3577,3234,2977,2834,2584
ury,Uruguay,440,440,440,440,440,440,440,440,440,440,440,440,440,440,440,440,440,440,440,443,448,456,467,481,495,510,525,541,557,573,590,608,626,644,663,683,703,724,745,767,790,813,838,862,888,914,941,969,998,1032,1074,1122,1178,1241,1309,1379,1454,1533,1616,1700,1784,1870,1956,2043,2133,2227,2326,2429,2537,2642,2744,2842,2937,3028,3122,3219,3318,3421,3527,3643,3770,3908,4058,4221,4390,4567,4750,4941,5139,5334,5524,5709,5889,6063,6241,6425,6613,6807,7005,7189,7359,7513,7652,7773,7895,8018,8142,8266,8390,8528,8680,8846,8272,7747,7254,6793,6361,5957,5576,5219,4883,4567,3984,4612,4940,5454,4299,5162,4913,4588,5109,5843,5212,4894,5158,5633,5032,5374,5658,4555,4887,4738,5505,4495,3725,3635,3548,4195,3562,2998,2942,2864,2820,2821,2866,3027,3140,3269,3375,3434,3435,3408,3370,3334,3291,3250,3218,3174,3119,3050,2949,2917,2983,3076,3208,3324,3318,3138,2859,2542,2209,1953,1786,1664,1579,1525,1476,1404,1356,1327,1270,1228,1209,1189,1175,1157,1120,1067,1005,947,899,860,835,806,765,724,676,624,579,544,517,497,480,465,447,428,400,357,310,268,234,211,250
usa,USA,38612,39344,40090,40850,41625,42414,43219,44038,44873,45724,46996,48282,49732,51354,53030,54760,56546,58391,60295,62212,64138,66073,68017,69967,71972,74035,76158,78341,80587,82885,85236,87642,90104,92623,95212,97874,100610,103423,106314,109345,112522,115852,119339,122991,126754,130633,134630,138749,142995,147367,151869,156601,161476,166499,171679,177019,182526,188204,194059,199816,205465,210995,216397,221658,227046,232566,238220,244011,249942,255976,262112,268353,274700,281154,287760,294521,301441,308523,315771,323194,330793,331743,332673,333510,335481,336208,336853,337448,337945,339353,339155,341184,342874,345660,347066,348395,351068,352273,353406,354494,356920,357918,347141,352260,374060,370217,380182,385581,365343,357126,379025,358315,351749,365997,352342,348425,367860,375827,506134,362202,364821,321305,326874,341201,322205,304239,287314,271296,256187,241539,227395,213708,200548,187948,206301,196307,199314,194476,185061,168768,167632,165314,151819,150975,143429,139377,136680,127131,119641,121142,116811,128962,129599,118797,120222,124057,123657,124097,122641,120735,119302,117467,114520,110585,106740,100609,93670,88448,84567,82347,81848,78493,71162,64753,60932,57824,54886,53469,52359,51467,51251,50322,49197,48008,46878,46402,45825,45219,45149,45325,45306,44317,42584,40742,38933,37245,35866,34854,34251,33922,33851,33645,33192,33070,33036,32898,33009,33084,32548,31455,30175,29092,28365,27797,27425,27133,26656,25951,25151,24454,23688,23162,21952
uzb,Uzbekistan,23070,23068,23067,23066,23065,23063,23062,23061,23059,23058,23057,23056,23055,23053,23052,23050,23049,23048,23047,23088,23172,23298,23468,23682,23898,24116,24336,24558,24782,25008,25237,25466,25699,25933,26170,26408,26649,26892,27138,27385,27635,27887,28141,28398,28657,28918,29182,29448,29717,29988,30261,30529,30800,31072,31348,31625,31905,32188,32472,32760,33050,33343,33638,33936,34237,34540,34846,35154,35465,35779,36096,36416,36738,37063,37392,37723,38057,38393,38733,39076,39422,39771,40123,40479,40837,41199,41563,41931,42302,42677,43054,43436,43820,44208,44600,44995,45392,45794,46199,46608,47021,47026,47031,47035,47040,47045,47049,47054,47058,47063,47067,47072,47077,47081,47087,47091,47095,47099,47117,47134,47152,47169,47187,47204,47221,47237,47256,47273,47289,47306,47325,46154,44611,43089,41587,40108,38649,37211,35792,34394,33017,31658,30320,28999,27699,26418,25154,23910,22683,21568,20552,23755,24436,25266,26054,26913,27793,28581,29413,30436,31520,32261,32692,32593,32171,31828,31092,30222,29457,28997,28986,29001,29015,29070,31566,31674,31800,31893,31851,64891,61940,58865,56096,35839,54013,52810,51737,50476,48893,47767,47931,48802,49055,48694,47923,47014,45471,43053,40031,36901,34146,31654,29363,26954,24865,23216,21857,20979,20244,19305,17983,16543,15377,14626,14100,13575,12944,12304,12108,12082,11909,11404,10905
vct,St. Vincent and the Grenadines,512,509,506,503,501,498,495,492,489,487,484,481,478,476,473,470,468,465,462,460,458,457,456,456,456,456,455,455,455,454,454,454,453,453,453,453,452,452,452,451,451,451,451,450,450,450,449,449,449,449,449,449,449,449,450,450,450,451,451,452,453,455,457,460,463,466,469,471,474,477,481,484,487,491,494,498,502,505,509,511,513,512,511,508,505,502,499,496,494,492,493,495,498,503,508,513,518,524,529,531,530,526,520,510,500,491,481,472,463,456,451,447,445,445,444,444,443,443,442,442,443,443,444,446,447,448,450,451,452,455,460,466,474,483,493,503,513,523,534,542,549,554,557,557,558,559,559,560,561,563,567,573,573,571,566,558,664,682,698,703,693,656,597,531,468,413,367,331,303,284,271,265,262,262,260,254,242,226,209,191,172,155,142,128,113,100,89,80,73,69,65,63,61,60,59,58,57,55,53,52,51,49,47,45,43,42,40,40,39,38,37,35,34,32,31,29,27,25,23,21,20,19,20
ven,Venezuela,17752,17365,16986,16615,16253,15898,15551,15212,14880,14555,14336,14114,13928,13774,13623,13473,13325,13178,13033,12972,12996,13106,13303,13587,13877,14173,14476,14785,15101,15458,15859,16304,16797,17340,17900,18478,19075,19691,20327,20880,21346,21721,22002,22185,22369,22554,22742,22930,23121,23326,23546,23813,24095,24395,24698,25005,25316,25630,25949,26271,26597,26928,27262,27600,27943,28290,28641,28996,29356,29754,30191,30669,31188,31750,32322,32904,33496,34099,34713,35312,35895,36462,37011,37543,38082,38629,39183,39746,40316,40897,41490,42093,42708,43334,43969,44610,45257,45909,46564,47186,47776,48330,48851,49334,49814,50291,50764,51235,51700,52126,52514,52865,53179,53457,53736,54017,54298,54581,54802,55059,55355,53130,51027,49040,47130,45296,43531,41836,40207,38673,37226,39353,40668,42058,41536,35831,35392,36195,37972,36334,33727,34153,32934,31724,35571,29810,31805,31923,32024,30164,25051,26443,27643,25738,27603,28628,29315,29231,29098,28754,28246,27860,27614,27421,27278,27176,27072,26969,26819,26544,26168,25714,25243,24829,24454,24118,23766,23385,22935,22427,21843,21228,20633,20068,19577,19122,18778,18419,17902,17300,16706,16202,15801,15502,15265,14975,14536,13999,13430,12914,12479,12146,11881,11603,11271,10945,10651,10409,10250,10188,10194,10230,10303,10440,10627,11253,14173,14010,13573,12747,11878,11322,9966
vnm,Vietnam,60864,62384,63942,65539,67175,68853,70572,72335,74141,75993,77938,79884,81879,83924,86020,88168,90370,92627,94940,96755,98060,98845,99099,98809,98520,98232,97945,97658,97373,97088,96804,96521,96239,95957,95677,95397,95118,94840,94562,94286,94010,93735,93461,93188,92915,92644,92373,92103,91833,92139,93034,94508,96601,99329,102134,105018,107983,111033,114168,117392,120706,124115,127620,131223,134929,138738,142656,146684,150826,154270,156994,158977,160194,160623,161053,161485,161917,162351,162786,163221,163659,164097,164536,164977,165418,165861,166305,166751,167197,167645,168094,168544,168995,169447,169892,170335,170766,171178,171567,173673,177579,183387,191196,201105,211491,222381,233798,245758,258285,268123,275169,279311,280447,278463,276492,274533,272586,270652,268803,266965,265138,263321,261516,259722,257944,256171,254409,252657,250915,249748,249153,244758,241684,238414,235146,232602,229331,218412,207177,197866,189056,181840,174871,169275,163055,157414,151180,145500,139253,133372,129095,121819,122747,127114,131566,123608,118405,121352,123662,121099,118107,107769,107238,118934,115864,113965,111301,109272,110265,116410,116912,118490,120972,123473,123628,122527,121730,120823,120216,119863,119318,119184,119311,119046,118130,116611,114391,111178,107177,102760,98106,93097,87510,81258,74440,67063,59952,53992,49155,45389,42861,41026,39791,38651,37592,36567,35344,34610,34392,34116,33797,33692,33826,34013,33951,33695,33259,32676,32143,31702,31186,30455,27352
vut,Vanuatu,485,482,479,477,474,471,469,466,464,461,458,456,453,451,448,446,443,441,438,437,436,436,437,439,441,443,444,446,448,450,452,454,456,458,459,461,463,465,467,469,471,473,475,477,479,481,483,485,487,489,491,492,494,495,497,498,499,501,502,503,505,506,508,509,510,512,513,515,516,517,519,520,522,523,525,526,527,529,530,532,533,535,536,537,539,540,542,543,545,546,548,549,551,552,554,555,557,558,560,561,562,564,566,567,568,570,572,573,575,574,570,565,557,547,537,527,518,509,500,493,487,482,478,476,473,470,468,465,463,458,452,445,436,426,416,406,397,388,379,371,366,362,360,359,359,358,358,357,357,358,360,402,371,376,381,386,390,414,416,417,417,416,414,412,408,404,399,394,387,381,375,368,362,355,349,342,335,327,318,308,297,286,275,263,251,240,231,222,214,207,201,196,192,189,186,183,182,181,180,180,181,182,184,186,189,193,197,203,210,218,226,233,239,242,242,241,239,235,231,226,222,216,211
wsm,Samoa,1110,1102,1094,1086,1079,1071,1064,1056,1049,1041,1034,1027,1019,1012,1005,998,991,984,977,970,963,956,950,943,936,930,923,917,910,904,898,891,885,879,872,866,860,854,848,842,836,830,824,819,813,807,802,796,790,784,776,767,758,747,737,727,716,706,697,687,677,668,659,650,641,632,623,614,606,597,589,581,573,565,557,549,542,534,527,519,512,505,498,491,484,477,471,464,458,451,445,439,433,427,421,415,409,404,398,394,392,392,393,396,398,401,404,407,410,411,411,409,406,401,396,391,386,381,377,376,379,386,397,412,427,444,460,478,496,512,526,538,547,554,561,568,575,582,590,597,604,612,619,626,634,641,649,656,664,673,684,690,692,694,695,633,620,607,593,580,567,554,541,528,623,500,485,469,452,435,417,397,378,359,342,325,309,293,278,265,253,241,231,222,213,205,197,188,180,173,166,160,155,151,148,145,141,136,132,127,122,118,114,111,109,107,107,107,108,146,113,114,115,115,113,112,110,109,107,104,102,99,96
yem,Yemen,59680,59680,59680,59680,59680,59680,59680,59680,59680,59680,59680,59680,59680,59680,59680,59680,59680,59680,59680,59702,59745,59810,59898,60007,60116,60225,60335,60445,60555,60665,60776,60887,60998,61109,61220,61331,61443,61555,61667,61780,61892,62005,62118,62231,62344,62458,62572,62686,62800,62914,63029,63114,63200,63286,63371,63457,63544,63630,63716,63802,63889,63975,64062,64149,64236,64323,64410,64497,64584,64672,64759,64847,64935,65024,65112,65201,65289,65378,65467,65556,65645,65734,65823,65912,66002,66092,66181,66271,66361,66451,66541,66631,66721,66812,66900,66986,67066,67140,67203,67356,67596,67924,68341,68849,69348,69841,70325,70802,71269,71735,72201,72668,73140,73616,74094,74575,75061,75547,76073,76602,77134,77670,78209,78751,79296,79844,80396,80952,81511,82072,82637,83052,83469,83885,84303,84723,85144,85565,85990,86413,86839,87265,87693,88124,88554,88985,89418,89852,90286,90933,91793,91083,92337,93836,95539,97089,98741,100343,100921,101985,103090,104249,105168,105729,106596,107275,107561,107581,121085,119191,117391,115832,114499,113056,111521,109994,108171,105941,103312,100956,98586,95751,92888,90221,87772,85818,84437,83391,82702,82161,81776,81667,81706,81877,81765,81234,79235,76906,74897,72591,70003,66925,64060,61731,59608,57483,55677,53894,52208,51137,50928,51690,52903,53555,54833,57592,57986,58341,60326,60853,59425,61914,60119
zaf,South Africa,20479,20554,20629,20705,20780,20856,20933,21009,21086,21163,21246,21330,21422,21520,21626,21739,21859,21987,22122,22265,22416,22669,22925,23437,23960,24496,25043,25602,26174,26759,27357,27968,28593,29232,29885,30553,31235,31933,32647,33376,34122,34884,35663,36460,37275,38107,38959,39829,40719,41525,42243,42931,43527,44028,44534,45047,45565,46088,46618,47154,47696,48244,48798,49359,49925,50499,51078,51665,52258,52857,53464,54077,54697,55324,55959,56600,57249,57905,58569,59240,59918,60604,61298,62000,62710,63428,64153,64887,65630,66380,67140,67907,68684,69469,70261,71059,71860,72661,73463,74356,75344,76428,77613,78899,80193,81496,82805,84124,85448,86765,88077,89381,90686,91988,93310,94647,96006,97381,98652,100048,101578,103240,105044,106986,108967,110980,113034,115121,117249,119393,121558,121944,122316,122648,122981,123282,123597,123870,124158,124381,124587,124736,124861,124924,124991,125024,125056,125049,125041,125163,125446,124997,124293,122595,119141,114798,110838,107230,104034,101221,99965,101083,102779,104519,106583,108602,110687,112729,114523,116002,116875,117438,117523,116920,115638,110837,105974,101118,96803,95726,92704,89671,87587,86323,85568,85358,85633,85623,83983,81397,78080,75373,73367,71852,71410,71725,72022,71319,70961,71546,71882,72166,72885,74198,77009,80802,83004,80698,77114,69019,58937,52376,48532,46697,45430,44272,42649,41600,41543,41542,40628,38868,39460
zmb,Zambia,13247,13449,13654,13863,14074,14289,14507,14729,14953,15182,15417,15652,15891,16134,16380,16630,16884,17142,17403,17669,17939,18212,18490,18773,19059,19350,19646,19945,20250,20559,20873,21191,21515,21843,22177,22515,22859,23208,23562,23922,24287,24658,25034,25416,25804,26198,26598,27004,27416,27754,28016,28181,28268,28275,28283,28290,28298,28305,28312,28318,28323,28325,28327,28326,28326,28326,28325,28325,28325,28327,28331,28338,28347,28358,28370,28381,28392,28404,28415,28437,28471,28516,28572,28640,28708,28775,28843,28911,28980,29024,29045,29042,29015,28965,28914,28862,28807,28749,28688,28594,28467,28308,28117,27895,27670,27443,27212,26980,26745,26519,26303,26096,25901,25716,25533,25350,25169,24988,24828,24762,24790,24914,25133,25446,25764,26086,26412,26742,27076,27408,27737,27949,28156,28359,28561,28766,28969,29175,29382,29613,29868,30150,30455,30787,31122,29883,28693,27550,26452,25442,24511,25157,25482,25826,26218,26615,27036,27438,28967,29421,29850,30319,30847,31418,32033,32722,33546,34439,35283,36001,36419,36481,36263,36061,35942,36176,36811,37734,38816,39934,41044,42227,43743,45703,48118,50912,53854,56639,59165,61452,63355,65052,66490,67455,67934,68219,68472,68687,68848,68715,67556,64917,61387,57831,54454,51608,49274,47884,46628,45063,43658,43397,43064,42230,41303,41052,39840,39666,40269,39801,38513,37822,35391
zwe,Zimbabwe,20019,20019,20019,20019,20019,20019,20019,20019,20019,20019,20019,20019,20019,20019,20019,20019,20019,20019,20019,19954,19826,19635,19382,19068,18760,18456,18158,17864,17575,17291,17011,16736,16465,16199,15937,15679,15426,15176,14931,14689,14452,14218,13988,13762,13539,13320,13104,12893,12684,12543,12470,12462,12521,12646,12772,12900,13029,13159,13290,13423,13557,13692,13829,13967,14106,14247,14389,14533,14678,14824,14972,15122,15273,15425,15579,15734,15891,16050,16210,16372,16535,16700,16867,17036,17206,17377,17551,17726,17903,18081,18262,18444,18628,18814,19001,19190,19378,19567,19754,19966,20203,20465,20752,21066,21381,21697,22015,22334,22654,22970,23285,23597,23908,24217,24530,24848,25169,25494,25826,26192,26592,27027,27499,28009,28527,29054,29591,30138,30695,31256,31823,32167,32508,32846,33185,33527,33869,34213,34557,34897,35230,34017,32816,31620,30442,29120,27852,26639,25477,24425,23474,24038,24130,24235,24311,24478,24643,24846,24975,25797,25877,25860,25831,25755,25667,25597,25567,25612,25735,26030,26512,27125,27865,28857,30003,31193,32338,33310,33977,34073,33841,34087,33922,32769,31225,29626,28243,27357,26942,27121,28055,29551,31223,32778,34118,35289,36313,37169,37773,38229,38609,38957,39267,39471,39904,40260,40957,41357,41268,40704,39366,37698,34323,31928,30323,29164,27784,26931,25764,25332,24956,23960,25773
